[2021-01-26 15:24:44] local.ERROR: syntax error, unexpected 'return' (T_RETURN), expecting ';' {"exception":"[object] (Symfony\\Component\\Debug\\Exception\\FatalThrowableError(code: 0): syntax error, unexpected 'return' (T_RETURN), expecting ';' at C:\\xampp\\htdocs\\Laravel Projects\\GSF\\app\\Http\\Controllers\\AccountController.php:32)
[stacktrace]
#0 C:\\xampp\\htdocs\\Laravel Projects\\GSF\\vendor\\composer\\ClassLoader.php(322): Composer\\Autoload\\includeFile('C:\\\\xampp\\\\htdocs...')
#1 [internal function]: Composer\\Autoload\\ClassLoader->loadClass('App\\\\Http\\\\Contro...')
#2 [internal function]: spl_autoload_call('App\\\\Http\\\\Contro...')
#3 C:\\xampp\\htdocs\\Laravel Projects\\GSF\\vendor\\laravel\\framework\\src\\Illuminate\\Container\\Container.php(788): ReflectionClass->__construct('App\\\\Http\\\\Contro...')
#4 C:\\xampp\\htdocs\\Laravel Projects\\GSF\\vendor\\laravel\\framework\\src\\Illuminate\\Container\\Container.php(667): Illuminate\\Container\\Container->build('App\\\\Http\\\\Contro...')
#5 C:\\xampp\\htdocs\\Laravel Projects\\GSF\\vendor\\laravel\\framework\\src\\Illuminate\\Container\\Container.php(615): Illuminate\\Container\\Container->resolve('App\\\\Http\\\\Contro...', Array)
#6 C:\\xampp\\htdocs\\Laravel Projects\\GSF\\vendor\\laravel\\framework\\src\\Illuminate\\Foundation\\Application.php(767): Illuminate\\Container\\Container->make('App\\\\Http\\\\Contro...', Array)
#7 C:\\xampp\\htdocs\\Laravel Projects\\GSF\\vendor\\laravel\\framework\\src\\Illuminate\\Routing\\Route.php(233): Illuminate\\Foundation\\Application->make('App\\\\Http\\\\Contro...')
#8 C:\\xampp\\htdocs\\Laravel Projects\\GSF\\vendor\\laravel\\framework\\src\\Illuminate\\Routing\\Route.php(833): Illuminate\\Routing\\Route->getController()
#9 C:\\xampp\\htdocs\\Laravel Projects\\GSF\\vendor\\laravel\\framework\\src\\Illuminate\\Routing\\Route.php(794): Illuminate\\Routing\\Route->controllerMiddleware()
#10 C:\\xampp\\htdocs\\Laravel Projects\\GSF\\vendor\\laravel\\framework\\src\\Illuminate\\Routing\\Router.php(693): Illuminate\\Routing\\Route->gatherMiddleware()
#11 C:\\xampp\\htdocs\\Laravel Projects\\GSF\\vendor\\laravel\\framework\\src\\Illuminate\\Routing\\Router.php(673): Illuminate\\Routing\\Router->gatherRouteMiddleware(Object(Illuminate\\Routing\\Route))
#12 C:\\xampp\\htdocs\\Laravel Projects\\GSF\\vendor\\laravel\\framework\\src\\Illuminate\\Routing\\Router.php(657): Illuminate\\Routing\\Router->runRouteWithinStack(Object(Illuminate\\Routing\\Route), Object(Illuminate\\Http\\Request))
#13 C:\\xampp\\htdocs\\Laravel Projects\\GSF\\vendor\\laravel\\framework\\src\\Illuminate\\Routing\\Router.php(623): Illuminate\\Routing\\Router->runRoute(Object(Illuminate\\Http\\Request), Object(Illuminate\\Routing\\Route))
#14 C:\\xampp\\htdocs\\Laravel Projects\\GSF\\vendor\\laravel\\framework\\src\\Illuminate\\Routing\\Router.php(612): Illuminate\\Routing\\Router->dispatchToRoute(Object(Illuminate\\Http\\Request))
#15 C:\\xampp\\htdocs\\Laravel Projects\\GSF\\vendor\\laravel\\framework\\src\\Illuminate\\Foundation\\Http\\Kernel.php(176): Illuminate\\Routing\\Router->dispatch(Object(Illuminate\\Http\\Request))
#16 C:\\xampp\\htdocs\\Laravel Projects\\GSF\\vendor\\laravel\\framework\\src\\Illuminate\\Routing\\Pipeline.php(30): Illuminate\\Foundation\\Http\\Kernel->Illuminate\\Foundation\\Http\\{closure}(Object(Illuminate\\Http\\Request))
#17 C:\\xampp\\htdocs\\Laravel Projects\\GSF\\vendor\\fideloper\\proxy\\src\\TrustProxies.php(57): Illuminate\\Routing\\Pipeline->Illuminate\\Routing\\{closure}(Object(Illuminate\\Http\\Request))
#18 C:\\xampp\\htdocs\\Laravel Projects\\GSF\\vendor\\laravel\\framework\\src\\Illuminate\\Pipeline\\Pipeline.php(163): Fideloper\\Proxy\\TrustProxies->handle(Object(Illuminate\\Http\\Request), Object(Closure))
#19 C:\\xampp\\htdocs\\Laravel Projects\\GSF\\vendor\\laravel\\framework\\src\\Illuminate\\Routing\\Pipeline.php(53): Illuminate\\Pipeline\\Pipeline->Illuminate\\Pipeline\\{closure}(Object(Illuminate\\Http\\Request))
#20 C:\\xampp\\htdocs\\Laravel Projects\\GSF\\vendor\\laravel\\framework\\src\\Illuminate\\Foundation\\Http\\Middleware\\TransformsRequest.php(21): Illuminate\\Routing\\Pipeline->Illuminate\\Routing\\{closure}(Object(Illuminate\\Http\\Request))
#21 C:\\xampp\\htdocs\\Laravel Projects\\GSF\\vendor\\laravel\\framework\\src\\Illuminate\\Pipeline\\Pipeline.php(163): Illuminate\\Foundation\\Http\\Middleware\\TransformsRequest->handle(Object(Illuminate\\Http\\Request), Object(Closure))
#22 C:\\xampp\\htdocs\\Laravel Projects\\GSF\\vendor\\laravel\\framework\\src\\Illuminate\\Routing\\Pipeline.php(53): Illuminate\\Pipeline\\Pipeline->Illuminate\\Pipeline\\{closure}(Object(Illuminate\\Http\\Request))
#23 C:\\xampp\\htdocs\\Laravel Projects\\GSF\\vendor\\laravel\\framework\\src\\Illuminate\\Foundation\\Http\\Middleware\\TransformsRequest.php(21): Illuminate\\Routing\\Pipeline->Illuminate\\Routing\\{closure}(Object(Illuminate\\Http\\Request))
#24 C:\\xampp\\htdocs\\Laravel Projects\\GSF\\vendor\\laravel\\framework\\src\\Illuminate\\Pipeline\\Pipeline.php(163): Illuminate\\Foundation\\Http\\Middleware\\TransformsRequest->handle(Object(Illuminate\\Http\\Request), Object(Closure))
#25 C:\\xampp\\htdocs\\Laravel Projects\\GSF\\vendor\\laravel\\framework\\src\\Illuminate\\Routing\\Pipeline.php(53): Illuminate\\Pipeline\\Pipeline->Illuminate\\Pipeline\\{closure}(Object(Illuminate\\Http\\Request))
#26 C:\\xampp\\htdocs\\Laravel Projects\\GSF\\vendor\\laravel\\framework\\src\\Illuminate\\Foundation\\Http\\Middleware\\ValidatePostSize.php(27): Illuminate\\Routing\\Pipeline->Illuminate\\Routing\\{closure}(Object(Illuminate\\Http\\Request))
#27 C:\\xampp\\htdocs\\Laravel Projects\\GSF\\vendor\\laravel\\framework\\src\\Illuminate\\Pipeline\\Pipeline.php(163): Illuminate\\Foundation\\Http\\Middleware\\ValidatePostSize->handle(Object(Illuminate\\Http\\Request), Object(Closure))
#28 C:\\xampp\\htdocs\\Laravel Projects\\GSF\\vendor\\laravel\\framework\\src\\Illuminate\\Routing\\Pipeline.php(53): Illuminate\\Pipeline\\Pipeline->Illuminate\\Pipeline\\{closure}(Object(Illuminate\\Http\\Request))
#29 C:\\xampp\\htdocs\\Laravel Projects\\GSF\\vendor\\laravel\\framework\\src\\Illuminate\\Foundation\\Http\\Middleware\\CheckForMaintenanceMode.php(62): Illuminate\\Routing\\Pipeline->Illuminate\\Routing\\{closure}(Object(Illuminate\\Http\\Request))
#30 C:\\xampp\\htdocs\\Laravel Projects\\GSF\\vendor\\laravel\\framework\\src\\Illuminate\\Pipeline\\Pipeline.php(163): Illuminate\\Foundation\\Http\\Middleware\\CheckForMaintenanceMode->handle(Object(Illuminate\\Http\\Request), Object(Closure))
#31 C:\\xampp\\htdocs\\Laravel Projects\\GSF\\vendor\\laravel\\framework\\src\\Illuminate\\Routing\\Pipeline.php(53): Illuminate\\Pipeline\\Pipeline->Illuminate\\Pipeline\\{closure}(Object(Illuminate\\Http\\Request))
#32 C:\\xampp\\htdocs\\Laravel Projects\\GSF\\vendor\\laravel\\framework\\src\\Illuminate\\Pipeline\\Pipeline.php(104): Illuminate\\Routing\\Pipeline->Illuminate\\Routing\\{closure}(Object(Illuminate\\Http\\Request))
#33 C:\\xampp\\htdocs\\Laravel Projects\\GSF\\vendor\\laravel\\framework\\src\\Illuminate\\Foundation\\Http\\Kernel.php(151): Illuminate\\Pipeline\\Pipeline->then(Object(Closure))
#34 C:\\xampp\\htdocs\\Laravel Projects\\GSF\\vendor\\laravel\\framework\\src\\Illuminate\\Foundation\\Http\\Kernel.php(116): Illuminate\\Foundation\\Http\\Kernel->sendRequestThroughRouter(Object(Illuminate\\Http\\Request))
#35 C:\\xampp\\htdocs\\Laravel Projects\\GSF\\public\\index.php(55): Illuminate\\Foundation\\Http\\Kernel->handle(Object(Illuminate\\Http\\Request))
#36 C:\\xampp\\htdocs\\Laravel Projects\\GSF\\server.php(21): require_once('C:\\\\xampp\\\\htdocs...')
#37 {main}
"} 
[2021-01-26 15:26:39] local.ERROR: Class 'App\Http\Controllers\User' not found {"userId":17,"exception":"[object] (Symfony\\Component\\Debug\\Exception\\FatalThrowableError(code: 0): Class 'App\\Http\\Controllers\\User' not found at C:\\xampp\\htdocs\\Laravel Projects\\GSF\\app\\Http\\Controllers\\AccountController.php:30)
[stacktrace]
#0 [internal function]: App\\Http\\Controllers\\AccountController->getcard('17')
#1 C:\\xampp\\htdocs\\Laravel Projects\\GSF\\vendor\\laravel\\framework\\src\\Illuminate\\Routing\\Controller.php(54): call_user_func_array(Array, Array)
#2 C:\\xampp\\htdocs\\Laravel Projects\\GSF\\vendor\\laravel\\framework\\src\\Illuminate\\Routing\\ControllerDispatcher.php(45): Illuminate\\Routing\\Controller->callAction('getcard', Array)
#3 C:\\xampp\\htdocs\\Laravel Projects\\GSF\\vendor\\laravel\\framework\\src\\Illuminate\\Routing\\Route.php(219): Illuminate\\Routing\\ControllerDispatcher->dispatch(Object(Illuminate\\Routing\\Route), Object(App\\Http\\Controllers\\AccountController), 'getcard')
#4 C:\\xampp\\htdocs\\Laravel Projects\\GSF\\vendor\\laravel\\framework\\src\\Illuminate\\Routing\\Route.php(176): Illuminate\\Routing\\Route->runController()
#5 C:\\xampp\\htdocs\\Laravel Projects\\GSF\\vendor\\laravel\\framework\\src\\Illuminate\\Routing\\Router.php(680): Illuminate\\Routing\\Route->run()
#6 C:\\xampp\\htdocs\\Laravel Projects\\GSF\\vendor\\laravel\\framework\\src\\Illuminate\\Routing\\Pipeline.php(30): Illuminate\\Routing\\Router->Illuminate\\Routing\\{closure}(Object(Illuminate\\Http\\Request))
#7 C:\\xampp\\htdocs\\Laravel Projects\\GSF\\app\\Http\\Middleware\\SwitchUser.php(22): Illuminate\\Routing\\Pipeline->Illuminate\\Routing\\{closure}(Object(Illuminate\\Http\\Request))
#8 C:\\xampp\\htdocs\\Laravel Projects\\GSF\\vendor\\laravel\\framework\\src\\Illuminate\\Pipeline\\Pipeline.php(163): App\\Http\\Middleware\\SwitchUser->handle(Object(Illuminate\\Http\\Request), Object(Closure))
#9 C:\\xampp\\htdocs\\Laravel Projects\\GSF\\vendor\\laravel\\framework\\src\\Illuminate\\Routing\\Pipeline.php(53): Illuminate\\Pipeline\\Pipeline->Illuminate\\Pipeline\\{closure}(Object(Illuminate\\Http\\Request))
#10 C:\\xampp\\htdocs\\Laravel Projects\\GSF\\vendor\\laravel\\framework\\src\\Illuminate\\Routing\\Middleware\\SubstituteBindings.php(41): Illuminate\\Routing\\Pipeline->Illuminate\\Routing\\{closure}(Object(Illuminate\\Http\\Request))
#11 C:\\xampp\\htdocs\\Laravel Projects\\GSF\\vendor\\laravel\\framework\\src\\Illuminate\\Pipeline\\Pipeline.php(163): Illuminate\\Routing\\Middleware\\SubstituteBindings->handle(Object(Illuminate\\Http\\Request), Object(Closure))
#12 C:\\xampp\\htdocs\\Laravel Projects\\GSF\\vendor\\laravel\\framework\\src\\Illuminate\\Routing\\Pipeline.php(53): Illuminate\\Pipeline\\Pipeline->Illuminate\\Pipeline\\{closure}(Object(Illuminate\\Http\\Request))
#13 C:\\xampp\\htdocs\\Laravel Projects\\GSF\\vendor\\laravel\\framework\\src\\Illuminate\\Auth\\Middleware\\Authenticate.php(43): Illuminate\\Routing\\Pipeline->Illuminate\\Routing\\{closure}(Object(Illuminate\\Http\\Request))
#14 C:\\xampp\\htdocs\\Laravel Projects\\GSF\\vendor\\laravel\\framework\\src\\Illuminate\\Pipeline\\Pipeline.php(163): Illuminate\\Auth\\Middleware\\Authenticate->handle(Object(Illuminate\\Http\\Request), Object(Closure))
#15 C:\\xampp\\htdocs\\Laravel Projects\\GSF\\vendor\\laravel\\framework\\src\\Illuminate\\Routing\\Pipeline.php(53): Illuminate\\Pipeline\\Pipeline->Illuminate\\Pipeline\\{closure}(Object(Illuminate\\Http\\Request))
#16 C:\\xampp\\htdocs\\Laravel Projects\\GSF\\vendor\\laravel\\framework\\src\\Illuminate\\Foundation\\Http\\Middleware\\VerifyCsrfToken.php(75): Illuminate\\Routing\\Pipeline->Illuminate\\Routing\\{closure}(Object(Illuminate\\Http\\Request))
#17 C:\\xampp\\htdocs\\Laravel Projects\\GSF\\vendor\\laravel\\framework\\src\\Illuminate\\Pipeline\\Pipeline.php(163): Illuminate\\Foundation\\Http\\Middleware\\VerifyCsrfToken->handle(Object(Illuminate\\Http\\Request), Object(Closure))
#18 C:\\xampp\\htdocs\\Laravel Projects\\GSF\\vendor\\laravel\\framework\\src\\Illuminate\\Routing\\Pipeline.php(53): Illuminate\\Pipeline\\Pipeline->Illuminate\\Pipeline\\{closure}(Object(Illuminate\\Http\\Request))
#19 C:\\xampp\\htdocs\\Laravel Projects\\GSF\\vendor\\laravel\\framework\\src\\Illuminate\\View\\Middleware\\ShareErrorsFromSession.php(49): Illuminate\\Routing\\Pipeline->Illuminate\\Routing\\{closure}(Object(Illuminate\\Http\\Request))
#20 C:\\xampp\\htdocs\\Laravel Projects\\GSF\\vendor\\laravel\\framework\\src\\Illuminate\\Pipeline\\Pipeline.php(163): Illuminate\\View\\Middleware\\ShareErrorsFromSession->handle(Object(Illuminate\\Http\\Request), Object(Closure))
#21 C:\\xampp\\htdocs\\Laravel Projects\\GSF\\vendor\\laravel\\framework\\src\\Illuminate\\Routing\\Pipeline.php(53): Illuminate\\Pipeline\\Pipeline->Illuminate\\Pipeline\\{closure}(Object(Illuminate\\Http\\Request))
#22 C:\\xampp\\htdocs\\Laravel Projects\\GSF\\vendor\\laravel\\framework\\src\\Illuminate\\Session\\Middleware\\StartSession.php(56): Illuminate\\Routing\\Pipeline->Illuminate\\Routing\\{closure}(Object(Illuminate\\Http\\Request))
#23 C:\\xampp\\htdocs\\Laravel Projects\\GSF\\vendor\\laravel\\framework\\src\\Illuminate\\Pipeline\\Pipeline.php(163): Illuminate\\Session\\Middleware\\StartSession->handle(Object(Illuminate\\Http\\Request), Object(Closure))
#24 C:\\xampp\\htdocs\\Laravel Projects\\GSF\\vendor\\laravel\\framework\\src\\Illuminate\\Routing\\Pipeline.php(53): Illuminate\\Pipeline\\Pipeline->Illuminate\\Pipeline\\{closure}(Object(Illuminate\\Http\\Request))
#25 C:\\xampp\\htdocs\\Laravel Projects\\GSF\\vendor\\laravel\\framework\\src\\Illuminate\\Cookie\\Middleware\\AddQueuedCookiesToResponse.php(37): Illuminate\\Routing\\Pipeline->Illuminate\\Routing\\{closure}(Object(Illuminate\\Http\\Request))
#26 C:\\xampp\\htdocs\\Laravel Projects\\GSF\\vendor\\laravel\\framework\\src\\Illuminate\\Pipeline\\Pipeline.php(163): Illuminate\\Cookie\\Middleware\\AddQueuedCookiesToResponse->handle(Object(Illuminate\\Http\\Request), Object(Closure))
#27 C:\\xampp\\htdocs\\Laravel Projects\\GSF\\vendor\\laravel\\framework\\src\\Illuminate\\Routing\\Pipeline.php(53): Illuminate\\Pipeline\\Pipeline->Illuminate\\Pipeline\\{closure}(Object(Illuminate\\Http\\Request))
#28 C:\\xampp\\htdocs\\Laravel Projects\\GSF\\vendor\\laravel\\framework\\src\\Illuminate\\Cookie\\Middleware\\EncryptCookies.php(66): Illuminate\\Routing\\Pipeline->Illuminate\\Routing\\{closure}(Object(Illuminate\\Http\\Request))
#29 C:\\xampp\\htdocs\\Laravel Projects\\GSF\\vendor\\laravel\\framework\\src\\Illuminate\\Pipeline\\Pipeline.php(163): Illuminate\\Cookie\\Middleware\\EncryptCookies->handle(Object(Illuminate\\Http\\Request), Object(Closure))
#30 C:\\xampp\\htdocs\\Laravel Projects\\GSF\\vendor\\laravel\\framework\\src\\Illuminate\\Routing\\Pipeline.php(53): Illuminate\\Pipeline\\Pipeline->Illuminate\\Pipeline\\{closure}(Object(Illuminate\\Http\\Request))
#31 C:\\xampp\\htdocs\\Laravel Projects\\GSF\\vendor\\laravel\\framework\\src\\Illuminate\\Pipeline\\Pipeline.php(104): Illuminate\\Routing\\Pipeline->Illuminate\\Routing\\{closure}(Object(Illuminate\\Http\\Request))
#32 C:\\xampp\\htdocs\\Laravel Projects\\GSF\\vendor\\laravel\\framework\\src\\Illuminate\\Routing\\Router.php(682): Illuminate\\Pipeline\\Pipeline->then(Object(Closure))
#33 C:\\xampp\\htdocs\\Laravel Projects\\GSF\\vendor\\laravel\\framework\\src\\Illuminate\\Routing\\Router.php(657): Illuminate\\Routing\\Router->runRouteWithinStack(Object(Illuminate\\Routing\\Route), Object(Illuminate\\Http\\Request))
#34 C:\\xampp\\htdocs\\Laravel Projects\\GSF\\vendor\\laravel\\framework\\src\\Illuminate\\Routing\\Router.php(623): Illuminate\\Routing\\Router->runRoute(Object(Illuminate\\Http\\Request), Object(Illuminate\\Routing\\Route))
#35 C:\\xampp\\htdocs\\Laravel Projects\\GSF\\vendor\\laravel\\framework\\src\\Illuminate\\Routing\\Router.php(612): Illuminate\\Routing\\Router->dispatchToRoute(Object(Illuminate\\Http\\Request))
#36 C:\\xampp\\htdocs\\Laravel Projects\\GSF\\vendor\\laravel\\framework\\src\\Illuminate\\Foundation\\Http\\Kernel.php(176): Illuminate\\Routing\\Router->dispatch(Object(Illuminate\\Http\\Request))
#37 C:\\xampp\\htdocs\\Laravel Projects\\GSF\\vendor\\laravel\\framework\\src\\Illuminate\\Routing\\Pipeline.php(30): Illuminate\\Foundation\\Http\\Kernel->Illuminate\\Foundation\\Http\\{closure}(Object(Illuminate\\Http\\Request))
#38 C:\\xampp\\htdocs\\Laravel Projects\\GSF\\vendor\\fideloper\\proxy\\src\\TrustProxies.php(57): Illuminate\\Routing\\Pipeline->Illuminate\\Routing\\{closure}(Object(Illuminate\\Http\\Request))
#39 C:\\xampp\\htdocs\\Laravel Projects\\GSF\\vendor\\laravel\\framework\\src\\Illuminate\\Pipeline\\Pipeline.php(163): Fideloper\\Proxy\\TrustProxies->handle(Object(Illuminate\\Http\\Request), Object(Closure))
#40 C:\\xampp\\htdocs\\Laravel Projects\\GSF\\vendor\\laravel\\framework\\src\\Illuminate\\Routing\\Pipeline.php(53): Illuminate\\Pipeline\\Pipeline->Illuminate\\Pipeline\\{closure}(Object(Illuminate\\Http\\Request))
#41 C:\\xampp\\htdocs\\Laravel Projects\\GSF\\vendor\\laravel\\framework\\src\\Illuminate\\Foundation\\Http\\Middleware\\TransformsRequest.php(21): Illuminate\\Routing\\Pipeline->Illuminate\\Routing\\{closure}(Object(Illuminate\\Http\\Request))
#42 C:\\xampp\\htdocs\\Laravel Projects\\GSF\\vendor\\laravel\\framework\\src\\Illuminate\\Pipeline\\Pipeline.php(163): Illuminate\\Foundation\\Http\\Middleware\\TransformsRequest->handle(Object(Illuminate\\Http\\Request), Object(Closure))
#43 C:\\xampp\\htdocs\\Laravel Projects\\GSF\\vendor\\laravel\\framework\\src\\Illuminate\\Routing\\Pipeline.php(53): Illuminate\\Pipeline\\Pipeline->Illuminate\\Pipeline\\{closure}(Object(Illuminate\\Http\\Request))
#44 C:\\xampp\\htdocs\\Laravel Projects\\GSF\\vendor\\laravel\\framework\\src\\Illuminate\\Foundation\\Http\\Middleware\\TransformsRequest.php(21): Illuminate\\Routing\\Pipeline->Illuminate\\Routing\\{closure}(Object(Illuminate\\Http\\Request))
#45 C:\\xampp\\htdocs\\Laravel Projects\\GSF\\vendor\\laravel\\framework\\src\\Illuminate\\Pipeline\\Pipeline.php(163): Illuminate\\Foundation\\Http\\Middleware\\TransformsRequest->handle(Object(Illuminate\\Http\\Request), Object(Closure))
#46 C:\\xampp\\htdocs\\Laravel Projects\\GSF\\vendor\\laravel\\framework\\src\\Illuminate\\Routing\\Pipeline.php(53): Illuminate\\Pipeline\\Pipeline->Illuminate\\Pipeline\\{closure}(Object(Illuminate\\Http\\Request))
#47 C:\\xampp\\htdocs\\Laravel Projects\\GSF\\vendor\\laravel\\framework\\src\\Illuminate\\Foundation\\Http\\Middleware\\ValidatePostSize.php(27): Illuminate\\Routing\\Pipeline->Illuminate\\Routing\\{closure}(Object(Illuminate\\Http\\Request))
#48 C:\\xampp\\htdocs\\Laravel Projects\\GSF\\vendor\\laravel\\framework\\src\\Illuminate\\Pipeline\\Pipeline.php(163): Illuminate\\Foundation\\Http\\Middleware\\ValidatePostSize->handle(Object(Illuminate\\Http\\Request), Object(Closure))
#49 C:\\xampp\\htdocs\\Laravel Projects\\GSF\\vendor\\laravel\\framework\\src\\Illuminate\\Routing\\Pipeline.php(53): Illuminate\\Pipeline\\Pipeline->Illuminate\\Pipeline\\{closure}(Object(Illuminate\\Http\\Request))
#50 C:\\xampp\\htdocs\\Laravel Projects\\GSF\\vendor\\laravel\\framework\\src\\Illuminate\\Foundation\\Http\\Middleware\\CheckForMaintenanceMode.php(62): Illuminate\\Routing\\Pipeline->Illuminate\\Routing\\{closure}(Object(Illuminate\\Http\\Request))
#51 C:\\xampp\\htdocs\\Laravel Projects\\GSF\\vendor\\laravel\\framework\\src\\Illuminate\\Pipeline\\Pipeline.php(163): Illuminate\\Foundation\\Http\\Middleware\\CheckForMaintenanceMode->handle(Object(Illuminate\\Http\\Request), Object(Closure))
#52 C:\\xampp\\htdocs\\Laravel Projects\\GSF\\vendor\\laravel\\framework\\src\\Illuminate\\Routing\\Pipeline.php(53): Illuminate\\Pipeline\\Pipeline->Illuminate\\Pipeline\\{closure}(Object(Illuminate\\Http\\Request))
#53 C:\\xampp\\htdocs\\Laravel Projects\\GSF\\vendor\\laravel\\framework\\src\\Illuminate\\Pipeline\\Pipeline.php(104): Illuminate\\Routing\\Pipeline->Illuminate\\Routing\\{closure}(Object(Illuminate\\Http\\Request))
#54 C:\\xampp\\htdocs\\Laravel Projects\\GSF\\vendor\\laravel\\framework\\src\\Illuminate\\Foundation\\Http\\Kernel.php(151): Illuminate\\Pipeline\\Pipeline->then(Object(Closure))
#55 C:\\xampp\\htdocs\\Laravel Projects\\GSF\\vendor\\laravel\\framework\\src\\Illuminate\\Foundation\\Http\\Kernel.php(116): Illuminate\\Foundation\\Http\\Kernel->sendRequestThroughRouter(Object(Illuminate\\Http\\Request))
#56 C:\\xampp\\htdocs\\Laravel Projects\\GSF\\public\\index.php(55): Illuminate\\Foundation\\Http\\Kernel->handle(Object(Illuminate\\Http\\Request))
#57 C:\\xampp\\htdocs\\Laravel Projects\\GSF\\server.php(21): require_once('C:\\\\xampp\\\\htdocs...')
#58 {main}
"} 
[2021-01-26 15:26:50] local.ERROR: Class 'App\Http\Controllers\User' not found {"userId":17,"exception":"[object] (Symfony\\Component\\Debug\\Exception\\FatalThrowableError(code: 0): Class 'App\\Http\\Controllers\\User' not found at C:\\xampp\\htdocs\\Laravel Projects\\GSF\\app\\Http\\Controllers\\AccountController.php:30)
[stacktrace]
#0 [internal function]: App\\Http\\Controllers\\AccountController->getcard('17')
#1 C:\\xampp\\htdocs\\Laravel Projects\\GSF\\vendor\\laravel\\framework\\src\\Illuminate\\Routing\\Controller.php(54): call_user_func_array(Array, Array)
#2 C:\\xampp\\htdocs\\Laravel Projects\\GSF\\vendor\\laravel\\framework\\src\\Illuminate\\Routing\\ControllerDispatcher.php(45): Illuminate\\Routing\\Controller->callAction('getcard', Array)
#3 C:\\xampp\\htdocs\\Laravel Projects\\GSF\\vendor\\laravel\\framework\\src\\Illuminate\\Routing\\Route.php(219): Illuminate\\Routing\\ControllerDispatcher->dispatch(Object(Illuminate\\Routing\\Route), Object(App\\Http\\Controllers\\AccountController), 'getcard')
#4 C:\\xampp\\htdocs\\Laravel Projects\\GSF\\vendor\\laravel\\framework\\src\\Illuminate\\Routing\\Route.php(176): Illuminate\\Routing\\Route->runController()
#5 C:\\xampp\\htdocs\\Laravel Projects\\GSF\\vendor\\laravel\\framework\\src\\Illuminate\\Routing\\Router.php(680): Illuminate\\Routing\\Route->run()
#6 C:\\xampp\\htdocs\\Laravel Projects\\GSF\\vendor\\laravel\\framework\\src\\Illuminate\\Routing\\Pipeline.php(30): Illuminate\\Routing\\Router->Illuminate\\Routing\\{closure}(Object(Illuminate\\Http\\Request))
#7 C:\\xampp\\htdocs\\Laravel Projects\\GSF\\app\\Http\\Middleware\\SwitchUser.php(22): Illuminate\\Routing\\Pipeline->Illuminate\\Routing\\{closure}(Object(Illuminate\\Http\\Request))
#8 C:\\xampp\\htdocs\\Laravel Projects\\GSF\\vendor\\laravel\\framework\\src\\Illuminate\\Pipeline\\Pipeline.php(163): App\\Http\\Middleware\\SwitchUser->handle(Object(Illuminate\\Http\\Request), Object(Closure))
#9 C:\\xampp\\htdocs\\Laravel Projects\\GSF\\vendor\\laravel\\framework\\src\\Illuminate\\Routing\\Pipeline.php(53): Illuminate\\Pipeline\\Pipeline->Illuminate\\Pipeline\\{closure}(Object(Illuminate\\Http\\Request))
#10 C:\\xampp\\htdocs\\Laravel Projects\\GSF\\vendor\\laravel\\framework\\src\\Illuminate\\Routing\\Middleware\\SubstituteBindings.php(41): Illuminate\\Routing\\Pipeline->Illuminate\\Routing\\{closure}(Object(Illuminate\\Http\\Request))
#11 C:\\xampp\\htdocs\\Laravel Projects\\GSF\\vendor\\laravel\\framework\\src\\Illuminate\\Pipeline\\Pipeline.php(163): Illuminate\\Routing\\Middleware\\SubstituteBindings->handle(Object(Illuminate\\Http\\Request), Object(Closure))
#12 C:\\xampp\\htdocs\\Laravel Projects\\GSF\\vendor\\laravel\\framework\\src\\Illuminate\\Routing\\Pipeline.php(53): Illuminate\\Pipeline\\Pipeline->Illuminate\\Pipeline\\{closure}(Object(Illuminate\\Http\\Request))
#13 C:\\xampp\\htdocs\\Laravel Projects\\GSF\\vendor\\laravel\\framework\\src\\Illuminate\\Auth\\Middleware\\Authenticate.php(43): Illuminate\\Routing\\Pipeline->Illuminate\\Routing\\{closure}(Object(Illuminate\\Http\\Request))
#14 C:\\xampp\\htdocs\\Laravel Projects\\GSF\\vendor\\laravel\\framework\\src\\Illuminate\\Pipeline\\Pipeline.php(163): Illuminate\\Auth\\Middleware\\Authenticate->handle(Object(Illuminate\\Http\\Request), Object(Closure))
#15 C:\\xampp\\htdocs\\Laravel Projects\\GSF\\vendor\\laravel\\framework\\src\\Illuminate\\Routing\\Pipeline.php(53): Illuminate\\Pipeline\\Pipeline->Illuminate\\Pipeline\\{closure}(Object(Illuminate\\Http\\Request))
#16 C:\\xampp\\htdocs\\Laravel Projects\\GSF\\vendor\\laravel\\framework\\src\\Illuminate\\Foundation\\Http\\Middleware\\VerifyCsrfToken.php(75): Illuminate\\Routing\\Pipeline->Illuminate\\Routing\\{closure}(Object(Illuminate\\Http\\Request))
#17 C:\\xampp\\htdocs\\Laravel Projects\\GSF\\vendor\\laravel\\framework\\src\\Illuminate\\Pipeline\\Pipeline.php(163): Illuminate\\Foundation\\Http\\Middleware\\VerifyCsrfToken->handle(Object(Illuminate\\Http\\Request), Object(Closure))
#18 C:\\xampp\\htdocs\\Laravel Projects\\GSF\\vendor\\laravel\\framework\\src\\Illuminate\\Routing\\Pipeline.php(53): Illuminate\\Pipeline\\Pipeline->Illuminate\\Pipeline\\{closure}(Object(Illuminate\\Http\\Request))
#19 C:\\xampp\\htdocs\\Laravel Projects\\GSF\\vendor\\laravel\\framework\\src\\Illuminate\\View\\Middleware\\ShareErrorsFromSession.php(49): Illuminate\\Routing\\Pipeline->Illuminate\\Routing\\{closure}(Object(Illuminate\\Http\\Request))
#20 C:\\xampp\\htdocs\\Laravel Projects\\GSF\\vendor\\laravel\\framework\\src\\Illuminate\\Pipeline\\Pipeline.php(163): Illuminate\\View\\Middleware\\ShareErrorsFromSession->handle(Object(Illuminate\\Http\\Request), Object(Closure))
#21 C:\\xampp\\htdocs\\Laravel Projects\\GSF\\vendor\\laravel\\framework\\src\\Illuminate\\Routing\\Pipeline.php(53): Illuminate\\Pipeline\\Pipeline->Illuminate\\Pipeline\\{closure}(Object(Illuminate\\Http\\Request))
#22 C:\\xampp\\htdocs\\Laravel Projects\\GSF\\vendor\\laravel\\framework\\src\\Illuminate\\Session\\Middleware\\StartSession.php(56): Illuminate\\Routing\\Pipeline->Illuminate\\Routing\\{closure}(Object(Illuminate\\Http\\Request))
#23 C:\\xampp\\htdocs\\Laravel Projects\\GSF\\vendor\\laravel\\framework\\src\\Illuminate\\Pipeline\\Pipeline.php(163): Illuminate\\Session\\Middleware\\StartSession->handle(Object(Illuminate\\Http\\Request), Object(Closure))
#24 C:\\xampp\\htdocs\\Laravel Projects\\GSF\\vendor\\laravel\\framework\\src\\Illuminate\\Routing\\Pipeline.php(53): Illuminate\\Pipeline\\Pipeline->Illuminate\\Pipeline\\{closure}(Object(Illuminate\\Http\\Request))
#25 C:\\xampp\\htdocs\\Laravel Projects\\GSF\\vendor\\laravel\\framework\\src\\Illuminate\\Cookie\\Middleware\\AddQueuedCookiesToResponse.php(37): Illuminate\\Routing\\Pipeline->Illuminate\\Routing\\{closure}(Object(Illuminate\\Http\\Request))
#26 C:\\xampp\\htdocs\\Laravel Projects\\GSF\\vendor\\laravel\\framework\\src\\Illuminate\\Pipeline\\Pipeline.php(163): Illuminate\\Cookie\\Middleware\\AddQueuedCookiesToResponse->handle(Object(Illuminate\\Http\\Request), Object(Closure))
#27 C:\\xampp\\htdocs\\Laravel Projects\\GSF\\vendor\\laravel\\framework\\src\\Illuminate\\Routing\\Pipeline.php(53): Illuminate\\Pipeline\\Pipeline->Illuminate\\Pipeline\\{closure}(Object(Illuminate\\Http\\Request))
#28 C:\\xampp\\htdocs\\Laravel Projects\\GSF\\vendor\\laravel\\framework\\src\\Illuminate\\Cookie\\Middleware\\EncryptCookies.php(66): Illuminate\\Routing\\Pipeline->Illuminate\\Routing\\{closure}(Object(Illuminate\\Http\\Request))
#29 C:\\xampp\\htdocs\\Laravel Projects\\GSF\\vendor\\laravel\\framework\\src\\Illuminate\\Pipeline\\Pipeline.php(163): Illuminate\\Cookie\\Middleware\\EncryptCookies->handle(Object(Illuminate\\Http\\Request), Object(Closure))
#30 C:\\xampp\\htdocs\\Laravel Projects\\GSF\\vendor\\laravel\\framework\\src\\Illuminate\\Routing\\Pipeline.php(53): Illuminate\\Pipeline\\Pipeline->Illuminate\\Pipeline\\{closure}(Object(Illuminate\\Http\\Request))
#31 C:\\xampp\\htdocs\\Laravel Projects\\GSF\\vendor\\laravel\\framework\\src\\Illuminate\\Pipeline\\Pipeline.php(104): Illuminate\\Routing\\Pipeline->Illuminate\\Routing\\{closure}(Object(Illuminate\\Http\\Request))
#32 C:\\xampp\\htdocs\\Laravel Projects\\GSF\\vendor\\laravel\\framework\\src\\Illuminate\\Routing\\Router.php(682): Illuminate\\Pipeline\\Pipeline->then(Object(Closure))
#33 C:\\xampp\\htdocs\\Laravel Projects\\GSF\\vendor\\laravel\\framework\\src\\Illuminate\\Routing\\Router.php(657): Illuminate\\Routing\\Router->runRouteWithinStack(Object(Illuminate\\Routing\\Route), Object(Illuminate\\Http\\Request))
#34 C:\\xampp\\htdocs\\Laravel Projects\\GSF\\vendor\\laravel\\framework\\src\\Illuminate\\Routing\\Router.php(623): Illuminate\\Routing\\Router->runRoute(Object(Illuminate\\Http\\Request), Object(Illuminate\\Routing\\Route))
#35 C:\\xampp\\htdocs\\Laravel Projects\\GSF\\vendor\\laravel\\framework\\src\\Illuminate\\Routing\\Router.php(612): Illuminate\\Routing\\Router->dispatchToRoute(Object(Illuminate\\Http\\Request))
#36 C:\\xampp\\htdocs\\Laravel Projects\\GSF\\vendor\\laravel\\framework\\src\\Illuminate\\Foundation\\Http\\Kernel.php(176): Illuminate\\Routing\\Router->dispatch(Object(Illuminate\\Http\\Request))
#37 C:\\xampp\\htdocs\\Laravel Projects\\GSF\\vendor\\laravel\\framework\\src\\Illuminate\\Routing\\Pipeline.php(30): Illuminate\\Foundation\\Http\\Kernel->Illuminate\\Foundation\\Http\\{closure}(Object(Illuminate\\Http\\Request))
#38 C:\\xampp\\htdocs\\Laravel Projects\\GSF\\vendor\\fideloper\\proxy\\src\\TrustProxies.php(57): Illuminate\\Routing\\Pipeline->Illuminate\\Routing\\{closure}(Object(Illuminate\\Http\\Request))
#39 C:\\xampp\\htdocs\\Laravel Projects\\GSF\\vendor\\laravel\\framework\\src\\Illuminate\\Pipeline\\Pipeline.php(163): Fideloper\\Proxy\\TrustProxies->handle(Object(Illuminate\\Http\\Request), Object(Closure))
#40 C:\\xampp\\htdocs\\Laravel Projects\\GSF\\vendor\\laravel\\framework\\src\\Illuminate\\Routing\\Pipeline.php(53): Illuminate\\Pipeline\\Pipeline->Illuminate\\Pipeline\\{closure}(Object(Illuminate\\Http\\Request))
#41 C:\\xampp\\htdocs\\Laravel Projects\\GSF\\vendor\\laravel\\framework\\src\\Illuminate\\Foundation\\Http\\Middleware\\TransformsRequest.php(21): Illuminate\\Routing\\Pipeline->Illuminate\\Routing\\{closure}(Object(Illuminate\\Http\\Request))
#42 C:\\xampp\\htdocs\\Laravel Projects\\GSF\\vendor\\laravel\\framework\\src\\Illuminate\\Pipeline\\Pipeline.php(163): Illuminate\\Foundation\\Http\\Middleware\\TransformsRequest->handle(Object(Illuminate\\Http\\Request), Object(Closure))
#43 C:\\xampp\\htdocs\\Laravel Projects\\GSF\\vendor\\laravel\\framework\\src\\Illuminate\\Routing\\Pipeline.php(53): Illuminate\\Pipeline\\Pipeline->Illuminate\\Pipeline\\{closure}(Object(Illuminate\\Http\\Request))
#44 C:\\xampp\\htdocs\\Laravel Projects\\GSF\\vendor\\laravel\\framework\\src\\Illuminate\\Foundation\\Http\\Middleware\\TransformsRequest.php(21): Illuminate\\Routing\\Pipeline->Illuminate\\Routing\\{closure}(Object(Illuminate\\Http\\Request))
#45 C:\\xampp\\htdocs\\Laravel Projects\\GSF\\vendor\\laravel\\framework\\src\\Illuminate\\Pipeline\\Pipeline.php(163): Illuminate\\Foundation\\Http\\Middleware\\TransformsRequest->handle(Object(Illuminate\\Http\\Request), Object(Closure))
#46 C:\\xampp\\htdocs\\Laravel Projects\\GSF\\vendor\\laravel\\framework\\src\\Illuminate\\Routing\\Pipeline.php(53): Illuminate\\Pipeline\\Pipeline->Illuminate\\Pipeline\\{closure}(Object(Illuminate\\Http\\Request))
#47 C:\\xampp\\htdocs\\Laravel Projects\\GSF\\vendor\\laravel\\framework\\src\\Illuminate\\Foundation\\Http\\Middleware\\ValidatePostSize.php(27): Illuminate\\Routing\\Pipeline->Illuminate\\Routing\\{closure}(Object(Illuminate\\Http\\Request))
#48 C:\\xampp\\htdocs\\Laravel Projects\\GSF\\vendor\\laravel\\framework\\src\\Illuminate\\Pipeline\\Pipeline.php(163): Illuminate\\Foundation\\Http\\Middleware\\ValidatePostSize->handle(Object(Illuminate\\Http\\Request), Object(Closure))
#49 C:\\xampp\\htdocs\\Laravel Projects\\GSF\\vendor\\laravel\\framework\\src\\Illuminate\\Routing\\Pipeline.php(53): Illuminate\\Pipeline\\Pipeline->Illuminate\\Pipeline\\{closure}(Object(Illuminate\\Http\\Request))
#50 C:\\xampp\\htdocs\\Laravel Projects\\GSF\\vendor\\laravel\\framework\\src\\Illuminate\\Foundation\\Http\\Middleware\\CheckForMaintenanceMode.php(62): Illuminate\\Routing\\Pipeline->Illuminate\\Routing\\{closure}(Object(Illuminate\\Http\\Request))
#51 C:\\xampp\\htdocs\\Laravel Projects\\GSF\\vendor\\laravel\\framework\\src\\Illuminate\\Pipeline\\Pipeline.php(163): Illuminate\\Foundation\\Http\\Middleware\\CheckForMaintenanceMode->handle(Object(Illuminate\\Http\\Request), Object(Closure))
#52 C:\\xampp\\htdocs\\Laravel Projects\\GSF\\vendor\\laravel\\framework\\src\\Illuminate\\Routing\\Pipeline.php(53): Illuminate\\Pipeline\\Pipeline->Illuminate\\Pipeline\\{closure}(Object(Illuminate\\Http\\Request))
#53 C:\\xampp\\htdocs\\Laravel Projects\\GSF\\vendor\\laravel\\framework\\src\\Illuminate\\Pipeline\\Pipeline.php(104): Illuminate\\Routing\\Pipeline->Illuminate\\Routing\\{closure}(Object(Illuminate\\Http\\Request))
#54 C:\\xampp\\htdocs\\Laravel Projects\\GSF\\vendor\\laravel\\framework\\src\\Illuminate\\Foundation\\Http\\Kernel.php(151): Illuminate\\Pipeline\\Pipeline->then(Object(Closure))
#55 C:\\xampp\\htdocs\\Laravel Projects\\GSF\\vendor\\laravel\\framework\\src\\Illuminate\\Foundation\\Http\\Kernel.php(116): Illuminate\\Foundation\\Http\\Kernel->sendRequestThroughRouter(Object(Illuminate\\Http\\Request))
#56 C:\\xampp\\htdocs\\Laravel Projects\\GSF\\public\\index.php(55): Illuminate\\Foundation\\Http\\Kernel->handle(Object(Illuminate\\Http\\Request))
#57 C:\\xampp\\htdocs\\Laravel Projects\\GSF\\server.php(21): require_once('C:\\\\xampp\\\\htdocs...')
#58 {main}
"} 
[2021-01-26 15:28:55] local.ERROR: Class 'PDF' not found {"userId":17,"exception":"[object] (Symfony\\Component\\Debug\\Exception\\FatalThrowableError(code: 0): Class 'PDF' not found at C:\\xampp\\htdocs\\Laravel Projects\\GSF\\app\\Http\\Controllers\\AccountController.php:35)
[stacktrace]
#0 [internal function]: App\\Http\\Controllers\\AccountController->getcard('17')
#1 C:\\xampp\\htdocs\\Laravel Projects\\GSF\\vendor\\laravel\\framework\\src\\Illuminate\\Routing\\Controller.php(54): call_user_func_array(Array, Array)
#2 C:\\xampp\\htdocs\\Laravel Projects\\GSF\\vendor\\laravel\\framework\\src\\Illuminate\\Routing\\ControllerDispatcher.php(45): Illuminate\\Routing\\Controller->callAction('getcard', Array)
#3 C:\\xampp\\htdocs\\Laravel Projects\\GSF\\vendor\\laravel\\framework\\src\\Illuminate\\Routing\\Route.php(219): Illuminate\\Routing\\ControllerDispatcher->dispatch(Object(Illuminate\\Routing\\Route), Object(App\\Http\\Controllers\\AccountController), 'getcard')
#4 C:\\xampp\\htdocs\\Laravel Projects\\GSF\\vendor\\laravel\\framework\\src\\Illuminate\\Routing\\Route.php(176): Illuminate\\Routing\\Route->runController()
#5 C:\\xampp\\htdocs\\Laravel Projects\\GSF\\vendor\\laravel\\framework\\src\\Illuminate\\Routing\\Router.php(680): Illuminate\\Routing\\Route->run()
#6 C:\\xampp\\htdocs\\Laravel Projects\\GSF\\vendor\\laravel\\framework\\src\\Illuminate\\Routing\\Pipeline.php(30): Illuminate\\Routing\\Router->Illuminate\\Routing\\{closure}(Object(Illuminate\\Http\\Request))
#7 C:\\xampp\\htdocs\\Laravel Projects\\GSF\\app\\Http\\Middleware\\SwitchUser.php(22): Illuminate\\Routing\\Pipeline->Illuminate\\Routing\\{closure}(Object(Illuminate\\Http\\Request))
#8 C:\\xampp\\htdocs\\Laravel Projects\\GSF\\vendor\\laravel\\framework\\src\\Illuminate\\Pipeline\\Pipeline.php(163): App\\Http\\Middleware\\SwitchUser->handle(Object(Illuminate\\Http\\Request), Object(Closure))
#9 C:\\xampp\\htdocs\\Laravel Projects\\GSF\\vendor\\laravel\\framework\\src\\Illuminate\\Routing\\Pipeline.php(53): Illuminate\\Pipeline\\Pipeline->Illuminate\\Pipeline\\{closure}(Object(Illuminate\\Http\\Request))
#10 C:\\xampp\\htdocs\\Laravel Projects\\GSF\\vendor\\laravel\\framework\\src\\Illuminate\\Routing\\Middleware\\SubstituteBindings.php(41): Illuminate\\Routing\\Pipeline->Illuminate\\Routing\\{closure}(Object(Illuminate\\Http\\Request))
#11 C:\\xampp\\htdocs\\Laravel Projects\\GSF\\vendor\\laravel\\framework\\src\\Illuminate\\Pipeline\\Pipeline.php(163): Illuminate\\Routing\\Middleware\\SubstituteBindings->handle(Object(Illuminate\\Http\\Request), Object(Closure))
#12 C:\\xampp\\htdocs\\Laravel Projects\\GSF\\vendor\\laravel\\framework\\src\\Illuminate\\Routing\\Pipeline.php(53): Illuminate\\Pipeline\\Pipeline->Illuminate\\Pipeline\\{closure}(Object(Illuminate\\Http\\Request))
#13 C:\\xampp\\htdocs\\Laravel Projects\\GSF\\vendor\\laravel\\framework\\src\\Illuminate\\Auth\\Middleware\\Authenticate.php(43): Illuminate\\Routing\\Pipeline->Illuminate\\Routing\\{closure}(Object(Illuminate\\Http\\Request))
#14 C:\\xampp\\htdocs\\Laravel Projects\\GSF\\vendor\\laravel\\framework\\src\\Illuminate\\Pipeline\\Pipeline.php(163): Illuminate\\Auth\\Middleware\\Authenticate->handle(Object(Illuminate\\Http\\Request), Object(Closure))
#15 C:\\xampp\\htdocs\\Laravel Projects\\GSF\\vendor\\laravel\\framework\\src\\Illuminate\\Routing\\Pipeline.php(53): Illuminate\\Pipeline\\Pipeline->Illuminate\\Pipeline\\{closure}(Object(Illuminate\\Http\\Request))
#16 C:\\xampp\\htdocs\\Laravel Projects\\GSF\\vendor\\laravel\\framework\\src\\Illuminate\\Foundation\\Http\\Middleware\\VerifyCsrfToken.php(75): Illuminate\\Routing\\Pipeline->Illuminate\\Routing\\{closure}(Object(Illuminate\\Http\\Request))
#17 C:\\xampp\\htdocs\\Laravel Projects\\GSF\\vendor\\laravel\\framework\\src\\Illuminate\\Pipeline\\Pipeline.php(163): Illuminate\\Foundation\\Http\\Middleware\\VerifyCsrfToken->handle(Object(Illuminate\\Http\\Request), Object(Closure))
#18 C:\\xampp\\htdocs\\Laravel Projects\\GSF\\vendor\\laravel\\framework\\src\\Illuminate\\Routing\\Pipeline.php(53): Illuminate\\Pipeline\\Pipeline->Illuminate\\Pipeline\\{closure}(Object(Illuminate\\Http\\Request))
#19 C:\\xampp\\htdocs\\Laravel Projects\\GSF\\vendor\\laravel\\framework\\src\\Illuminate\\View\\Middleware\\ShareErrorsFromSession.php(49): Illuminate\\Routing\\Pipeline->Illuminate\\Routing\\{closure}(Object(Illuminate\\Http\\Request))
#20 C:\\xampp\\htdocs\\Laravel Projects\\GSF\\vendor\\laravel\\framework\\src\\Illuminate\\Pipeline\\Pipeline.php(163): Illuminate\\View\\Middleware\\ShareErrorsFromSession->handle(Object(Illuminate\\Http\\Request), Object(Closure))
#21 C:\\xampp\\htdocs\\Laravel Projects\\GSF\\vendor\\laravel\\framework\\src\\Illuminate\\Routing\\Pipeline.php(53): Illuminate\\Pipeline\\Pipeline->Illuminate\\Pipeline\\{closure}(Object(Illuminate\\Http\\Request))
#22 C:\\xampp\\htdocs\\Laravel Projects\\GSF\\vendor\\laravel\\framework\\src\\Illuminate\\Session\\Middleware\\StartSession.php(56): Illuminate\\Routing\\Pipeline->Illuminate\\Routing\\{closure}(Object(Illuminate\\Http\\Request))
#23 C:\\xampp\\htdocs\\Laravel Projects\\GSF\\vendor\\laravel\\framework\\src\\Illuminate\\Pipeline\\Pipeline.php(163): Illuminate\\Session\\Middleware\\StartSession->handle(Object(Illuminate\\Http\\Request), Object(Closure))
#24 C:\\xampp\\htdocs\\Laravel Projects\\GSF\\vendor\\laravel\\framework\\src\\Illuminate\\Routing\\Pipeline.php(53): Illuminate\\Pipeline\\Pipeline->Illuminate\\Pipeline\\{closure}(Object(Illuminate\\Http\\Request))
#25 C:\\xampp\\htdocs\\Laravel Projects\\GSF\\vendor\\laravel\\framework\\src\\Illuminate\\Cookie\\Middleware\\AddQueuedCookiesToResponse.php(37): Illuminate\\Routing\\Pipeline->Illuminate\\Routing\\{closure}(Object(Illuminate\\Http\\Request))
#26 C:\\xampp\\htdocs\\Laravel Projects\\GSF\\vendor\\laravel\\framework\\src\\Illuminate\\Pipeline\\Pipeline.php(163): Illuminate\\Cookie\\Middleware\\AddQueuedCookiesToResponse->handle(Object(Illuminate\\Http\\Request), Object(Closure))
#27 C:\\xampp\\htdocs\\Laravel Projects\\GSF\\vendor\\laravel\\framework\\src\\Illuminate\\Routing\\Pipeline.php(53): Illuminate\\Pipeline\\Pipeline->Illuminate\\Pipeline\\{closure}(Object(Illuminate\\Http\\Request))
#28 C:\\xampp\\htdocs\\Laravel Projects\\GSF\\vendor\\laravel\\framework\\src\\Illuminate\\Cookie\\Middleware\\EncryptCookies.php(66): Illuminate\\Routing\\Pipeline->Illuminate\\Routing\\{closure}(Object(Illuminate\\Http\\Request))
#29 C:\\xampp\\htdocs\\Laravel Projects\\GSF\\vendor\\laravel\\framework\\src\\Illuminate\\Pipeline\\Pipeline.php(163): Illuminate\\Cookie\\Middleware\\EncryptCookies->handle(Object(Illuminate\\Http\\Request), Object(Closure))
#30 C:\\xampp\\htdocs\\Laravel Projects\\GSF\\vendor\\laravel\\framework\\src\\Illuminate\\Routing\\Pipeline.php(53): Illuminate\\Pipeline\\Pipeline->Illuminate\\Pipeline\\{closure}(Object(Illuminate\\Http\\Request))
#31 C:\\xampp\\htdocs\\Laravel Projects\\GSF\\vendor\\laravel\\framework\\src\\Illuminate\\Pipeline\\Pipeline.php(104): Illuminate\\Routing\\Pipeline->Illuminate\\Routing\\{closure}(Object(Illuminate\\Http\\Request))
#32 C:\\xampp\\htdocs\\Laravel Projects\\GSF\\vendor\\laravel\\framework\\src\\Illuminate\\Routing\\Router.php(682): Illuminate\\Pipeline\\Pipeline->then(Object(Closure))
#33 C:\\xampp\\htdocs\\Laravel Projects\\GSF\\vendor\\laravel\\framework\\src\\Illuminate\\Routing\\Router.php(657): Illuminate\\Routing\\Router->runRouteWithinStack(Object(Illuminate\\Routing\\Route), Object(Illuminate\\Http\\Request))
#34 C:\\xampp\\htdocs\\Laravel Projects\\GSF\\vendor\\laravel\\framework\\src\\Illuminate\\Routing\\Router.php(623): Illuminate\\Routing\\Router->runRoute(Object(Illuminate\\Http\\Request), Object(Illuminate\\Routing\\Route))
#35 C:\\xampp\\htdocs\\Laravel Projects\\GSF\\vendor\\laravel\\framework\\src\\Illuminate\\Routing\\Router.php(612): Illuminate\\Routing\\Router->dispatchToRoute(Object(Illuminate\\Http\\Request))
#36 C:\\xampp\\htdocs\\Laravel Projects\\GSF\\vendor\\laravel\\framework\\src\\Illuminate\\Foundation\\Http\\Kernel.php(176): Illuminate\\Routing\\Router->dispatch(Object(Illuminate\\Http\\Request))
#37 C:\\xampp\\htdocs\\Laravel Projects\\GSF\\vendor\\laravel\\framework\\src\\Illuminate\\Routing\\Pipeline.php(30): Illuminate\\Foundation\\Http\\Kernel->Illuminate\\Foundation\\Http\\{closure}(Object(Illuminate\\Http\\Request))
#38 C:\\xampp\\htdocs\\Laravel Projects\\GSF\\vendor\\fideloper\\proxy\\src\\TrustProxies.php(57): Illuminate\\Routing\\Pipeline->Illuminate\\Routing\\{closure}(Object(Illuminate\\Http\\Request))
#39 C:\\xampp\\htdocs\\Laravel Projects\\GSF\\vendor\\laravel\\framework\\src\\Illuminate\\Pipeline\\Pipeline.php(163): Fideloper\\Proxy\\TrustProxies->handle(Object(Illuminate\\Http\\Request), Object(Closure))
#40 C:\\xampp\\htdocs\\Laravel Projects\\GSF\\vendor\\laravel\\framework\\src\\Illuminate\\Routing\\Pipeline.php(53): Illuminate\\Pipeline\\Pipeline->Illuminate\\Pipeline\\{closure}(Object(Illuminate\\Http\\Request))
#41 C:\\xampp\\htdocs\\Laravel Projects\\GSF\\vendor\\laravel\\framework\\src\\Illuminate\\Foundation\\Http\\Middleware\\TransformsRequest.php(21): Illuminate\\Routing\\Pipeline->Illuminate\\Routing\\{closure}(Object(Illuminate\\Http\\Request))
#42 C:\\xampp\\htdocs\\Laravel Projects\\GSF\\vendor\\laravel\\framework\\src\\Illuminate\\Pipeline\\Pipeline.php(163): Illuminate\\Foundation\\Http\\Middleware\\TransformsRequest->handle(Object(Illuminate\\Http\\Request), Object(Closure))
#43 C:\\xampp\\htdocs\\Laravel Projects\\GSF\\vendor\\laravel\\framework\\src\\Illuminate\\Routing\\Pipeline.php(53): Illuminate\\Pipeline\\Pipeline->Illuminate\\Pipeline\\{closure}(Object(Illuminate\\Http\\Request))
#44 C:\\xampp\\htdocs\\Laravel Projects\\GSF\\vendor\\laravel\\framework\\src\\Illuminate\\Foundation\\Http\\Middleware\\TransformsRequest.php(21): Illuminate\\Routing\\Pipeline->Illuminate\\Routing\\{closure}(Object(Illuminate\\Http\\Request))
#45 C:\\xampp\\htdocs\\Laravel Projects\\GSF\\vendor\\laravel\\framework\\src\\Illuminate\\Pipeline\\Pipeline.php(163): Illuminate\\Foundation\\Http\\Middleware\\TransformsRequest->handle(Object(Illuminate\\Http\\Request), Object(Closure))
#46 C:\\xampp\\htdocs\\Laravel Projects\\GSF\\vendor\\laravel\\framework\\src\\Illuminate\\Routing\\Pipeline.php(53): Illuminate\\Pipeline\\Pipeline->Illuminate\\Pipeline\\{closure}(Object(Illuminate\\Http\\Request))
#47 C:\\xampp\\htdocs\\Laravel Projects\\GSF\\vendor\\laravel\\framework\\src\\Illuminate\\Foundation\\Http\\Middleware\\ValidatePostSize.php(27): Illuminate\\Routing\\Pipeline->Illuminate\\Routing\\{closure}(Object(Illuminate\\Http\\Request))
#48 C:\\xampp\\htdocs\\Laravel Projects\\GSF\\vendor\\laravel\\framework\\src\\Illuminate\\Pipeline\\Pipeline.php(163): Illuminate\\Foundation\\Http\\Middleware\\ValidatePostSize->handle(Object(Illuminate\\Http\\Request), Object(Closure))
#49 C:\\xampp\\htdocs\\Laravel Projects\\GSF\\vendor\\laravel\\framework\\src\\Illuminate\\Routing\\Pipeline.php(53): Illuminate\\Pipeline\\Pipeline->Illuminate\\Pipeline\\{closure}(Object(Illuminate\\Http\\Request))
#50 C:\\xampp\\htdocs\\Laravel Projects\\GSF\\vendor\\laravel\\framework\\src\\Illuminate\\Foundation\\Http\\Middleware\\CheckForMaintenanceMode.php(62): Illuminate\\Routing\\Pipeline->Illuminate\\Routing\\{closure}(Object(Illuminate\\Http\\Request))
#51 C:\\xampp\\htdocs\\Laravel Projects\\GSF\\vendor\\laravel\\framework\\src\\Illuminate\\Pipeline\\Pipeline.php(163): Illuminate\\Foundation\\Http\\Middleware\\CheckForMaintenanceMode->handle(Object(Illuminate\\Http\\Request), Object(Closure))
#52 C:\\xampp\\htdocs\\Laravel Projects\\GSF\\vendor\\laravel\\framework\\src\\Illuminate\\Routing\\Pipeline.php(53): Illuminate\\Pipeline\\Pipeline->Illuminate\\Pipeline\\{closure}(Object(Illuminate\\Http\\Request))
#53 C:\\xampp\\htdocs\\Laravel Projects\\GSF\\vendor\\laravel\\framework\\src\\Illuminate\\Pipeline\\Pipeline.php(104): Illuminate\\Routing\\Pipeline->Illuminate\\Routing\\{closure}(Object(Illuminate\\Http\\Request))
#54 C:\\xampp\\htdocs\\Laravel Projects\\GSF\\vendor\\laravel\\framework\\src\\Illuminate\\Foundation\\Http\\Kernel.php(151): Illuminate\\Pipeline\\Pipeline->then(Object(Closure))
#55 C:\\xampp\\htdocs\\Laravel Projects\\GSF\\vendor\\laravel\\framework\\src\\Illuminate\\Foundation\\Http\\Kernel.php(116): Illuminate\\Foundation\\Http\\Kernel->sendRequestThroughRouter(Object(Illuminate\\Http\\Request))
#56 C:\\xampp\\htdocs\\Laravel Projects\\GSF\\public\\index.php(55): Illuminate\\Foundation\\Http\\Kernel->handle(Object(Illuminate\\Http\\Request))
#57 C:\\xampp\\htdocs\\Laravel Projects\\GSF\\server.php(21): require_once('C:\\\\xampp\\\\htdocs...')
#58 {main}
"} 
[2021-01-26 15:34:19] local.ERROR: Class 'Barryvdh\DomPDF\ServiceProvider' not found {"exception":"[object] (Symfony\\Component\\Debug\\Exception\\FatalThrowableError(code: 0): Class 'Barryvdh\\DomPDF\\ServiceProvider' not found at C:\\xampp\\htdocs\\Laravel Projects\\GSF\\vendor\\laravel\\framework\\src\\Illuminate\\Foundation\\ProviderRepository.php:208)
[stacktrace]
#0 C:\\xampp\\htdocs\\Laravel Projects\\GSF\\vendor\\laravel\\framework\\src\\Illuminate\\Foundation\\ProviderRepository.php(144): Illuminate\\Foundation\\ProviderRepository->createProvider('Barryvdh\\\\DomPDF...')
#1 C:\\xampp\\htdocs\\Laravel Projects\\GSF\\vendor\\laravel\\framework\\src\\Illuminate\\Foundation\\ProviderRepository.php(61): Illuminate\\Foundation\\ProviderRepository->compileManifest(Array)
#2 C:\\xampp\\htdocs\\Laravel Projects\\GSF\\vendor\\laravel\\framework\\src\\Illuminate\\Foundation\\Application.php(584): Illuminate\\Foundation\\ProviderRepository->load(Array)
#3 C:\\xampp\\htdocs\\Laravel Projects\\GSF\\vendor\\laravel\\framework\\src\\Illuminate\\Foundation\\Bootstrap\\RegisterProviders.php(17): Illuminate\\Foundation\\Application->registerConfiguredProviders()
#4 C:\\xampp\\htdocs\\Laravel Projects\\GSF\\vendor\\laravel\\framework\\src\\Illuminate\\Foundation\\Application.php(210): Illuminate\\Foundation\\Bootstrap\\RegisterProviders->bootstrap(Object(Illuminate\\Foundation\\Application))
#5 C:\\xampp\\htdocs\\Laravel Projects\\GSF\\vendor\\laravel\\framework\\src\\Illuminate\\Foundation\\Http\\Kernel.php(162): Illuminate\\Foundation\\Application->bootstrapWith(Array)
#6 C:\\xampp\\htdocs\\Laravel Projects\\GSF\\vendor\\laravel\\framework\\src\\Illuminate\\Foundation\\Http\\Kernel.php(146): Illuminate\\Foundation\\Http\\Kernel->bootstrap()
#7 C:\\xampp\\htdocs\\Laravel Projects\\GSF\\vendor\\laravel\\framework\\src\\Illuminate\\Foundation\\Http\\Kernel.php(116): Illuminate\\Foundation\\Http\\Kernel->sendRequestThroughRouter(Object(Illuminate\\Http\\Request))
#8 C:\\xampp\\htdocs\\Laravel Projects\\GSF\\public\\index.php(55): Illuminate\\Foundation\\Http\\Kernel->handle(Object(Illuminate\\Http\\Request))
#9 C:\\xampp\\htdocs\\Laravel Projects\\GSF\\server.php(21): require_once('C:\\\\xampp\\\\htdocs...')
#10 {main}
"} 
[2021-01-26 15:36:34] local.ERROR: compact(): Undefined variable: data {"userId":17,"exception":"[object] (ErrorException(code: 0): compact(): Undefined variable: data at C:\\xampp\\htdocs\\Laravel Projects\\GSF\\app\\Http\\Controllers\\AccountController.php:35)
[stacktrace]
#0 [internal function]: Illuminate\\Foundation\\Bootstrap\\HandleExceptions->handleError(8, 'compact(): Unde...', 'C:\\\\xampp\\\\htdocs...', 35, Array)
#1 C:\\xampp\\htdocs\\Laravel Projects\\GSF\\app\\Http\\Controllers\\AccountController.php(35): compact('data', 'details')
#2 [internal function]: App\\Http\\Controllers\\AccountController->getcard('17')
#3 C:\\xampp\\htdocs\\Laravel Projects\\GSF\\vendor\\laravel\\framework\\src\\Illuminate\\Routing\\Controller.php(54): call_user_func_array(Array, Array)
#4 C:\\xampp\\htdocs\\Laravel Projects\\GSF\\vendor\\laravel\\framework\\src\\Illuminate\\Routing\\ControllerDispatcher.php(45): Illuminate\\Routing\\Controller->callAction('getcard', Array)
#5 C:\\xampp\\htdocs\\Laravel Projects\\GSF\\vendor\\laravel\\framework\\src\\Illuminate\\Routing\\Route.php(219): Illuminate\\Routing\\ControllerDispatcher->dispatch(Object(Illuminate\\Routing\\Route), Object(App\\Http\\Controllers\\AccountController), 'getcard')
#6 C:\\xampp\\htdocs\\Laravel Projects\\GSF\\vendor\\laravel\\framework\\src\\Illuminate\\Routing\\Route.php(176): Illuminate\\Routing\\Route->runController()
#7 C:\\xampp\\htdocs\\Laravel Projects\\GSF\\vendor\\laravel\\framework\\src\\Illuminate\\Routing\\Router.php(680): Illuminate\\Routing\\Route->run()
#8 C:\\xampp\\htdocs\\Laravel Projects\\GSF\\vendor\\laravel\\framework\\src\\Illuminate\\Routing\\Pipeline.php(30): Illuminate\\Routing\\Router->Illuminate\\Routing\\{closure}(Object(Illuminate\\Http\\Request))
#9 C:\\xampp\\htdocs\\Laravel Projects\\GSF\\app\\Http\\Middleware\\SwitchUser.php(22): Illuminate\\Routing\\Pipeline->Illuminate\\Routing\\{closure}(Object(Illuminate\\Http\\Request))
#10 C:\\xampp\\htdocs\\Laravel Projects\\GSF\\vendor\\laravel\\framework\\src\\Illuminate\\Pipeline\\Pipeline.php(163): App\\Http\\Middleware\\SwitchUser->handle(Object(Illuminate\\Http\\Request), Object(Closure))
#11 C:\\xampp\\htdocs\\Laravel Projects\\GSF\\vendor\\laravel\\framework\\src\\Illuminate\\Routing\\Pipeline.php(53): Illuminate\\Pipeline\\Pipeline->Illuminate\\Pipeline\\{closure}(Object(Illuminate\\Http\\Request))
#12 C:\\xampp\\htdocs\\Laravel Projects\\GSF\\vendor\\laravel\\framework\\src\\Illuminate\\Routing\\Middleware\\SubstituteBindings.php(41): Illuminate\\Routing\\Pipeline->Illuminate\\Routing\\{closure}(Object(Illuminate\\Http\\Request))
#13 C:\\xampp\\htdocs\\Laravel Projects\\GSF\\vendor\\laravel\\framework\\src\\Illuminate\\Pipeline\\Pipeline.php(163): Illuminate\\Routing\\Middleware\\SubstituteBindings->handle(Object(Illuminate\\Http\\Request), Object(Closure))
#14 C:\\xampp\\htdocs\\Laravel Projects\\GSF\\vendor\\laravel\\framework\\src\\Illuminate\\Routing\\Pipeline.php(53): Illuminate\\Pipeline\\Pipeline->Illuminate\\Pipeline\\{closure}(Object(Illuminate\\Http\\Request))
#15 C:\\xampp\\htdocs\\Laravel Projects\\GSF\\vendor\\laravel\\framework\\src\\Illuminate\\Auth\\Middleware\\Authenticate.php(43): Illuminate\\Routing\\Pipeline->Illuminate\\Routing\\{closure}(Object(Illuminate\\Http\\Request))
#16 C:\\xampp\\htdocs\\Laravel Projects\\GSF\\vendor\\laravel\\framework\\src\\Illuminate\\Pipeline\\Pipeline.php(163): Illuminate\\Auth\\Middleware\\Authenticate->handle(Object(Illuminate\\Http\\Request), Object(Closure))
#17 C:\\xampp\\htdocs\\Laravel Projects\\GSF\\vendor\\laravel\\framework\\src\\Illuminate\\Routing\\Pipeline.php(53): Illuminate\\Pipeline\\Pipeline->Illuminate\\Pipeline\\{closure}(Object(Illuminate\\Http\\Request))
#18 C:\\xampp\\htdocs\\Laravel Projects\\GSF\\vendor\\laravel\\framework\\src\\Illuminate\\Foundation\\Http\\Middleware\\VerifyCsrfToken.php(75): Illuminate\\Routing\\Pipeline->Illuminate\\Routing\\{closure}(Object(Illuminate\\Http\\Request))
#19 C:\\xampp\\htdocs\\Laravel Projects\\GSF\\vendor\\laravel\\framework\\src\\Illuminate\\Pipeline\\Pipeline.php(163): Illuminate\\Foundation\\Http\\Middleware\\VerifyCsrfToken->handle(Object(Illuminate\\Http\\Request), Object(Closure))
#20 C:\\xampp\\htdocs\\Laravel Projects\\GSF\\vendor\\laravel\\framework\\src\\Illuminate\\Routing\\Pipeline.php(53): Illuminate\\Pipeline\\Pipeline->Illuminate\\Pipeline\\{closure}(Object(Illuminate\\Http\\Request))
#21 C:\\xampp\\htdocs\\Laravel Projects\\GSF\\vendor\\laravel\\framework\\src\\Illuminate\\View\\Middleware\\ShareErrorsFromSession.php(49): Illuminate\\Routing\\Pipeline->Illuminate\\Routing\\{closure}(Object(Illuminate\\Http\\Request))
#22 C:\\xampp\\htdocs\\Laravel Projects\\GSF\\vendor\\laravel\\framework\\src\\Illuminate\\Pipeline\\Pipeline.php(163): Illuminate\\View\\Middleware\\ShareErrorsFromSession->handle(Object(Illuminate\\Http\\Request), Object(Closure))
#23 C:\\xampp\\htdocs\\Laravel Projects\\GSF\\vendor\\laravel\\framework\\src\\Illuminate\\Routing\\Pipeline.php(53): Illuminate\\Pipeline\\Pipeline->Illuminate\\Pipeline\\{closure}(Object(Illuminate\\Http\\Request))
#24 C:\\xampp\\htdocs\\Laravel Projects\\GSF\\vendor\\laravel\\framework\\src\\Illuminate\\Session\\Middleware\\StartSession.php(56): Illuminate\\Routing\\Pipeline->Illuminate\\Routing\\{closure}(Object(Illuminate\\Http\\Request))
#25 C:\\xampp\\htdocs\\Laravel Projects\\GSF\\vendor\\laravel\\framework\\src\\Illuminate\\Pipeline\\Pipeline.php(163): Illuminate\\Session\\Middleware\\StartSession->handle(Object(Illuminate\\Http\\Request), Object(Closure))
#26 C:\\xampp\\htdocs\\Laravel Projects\\GSF\\vendor\\laravel\\framework\\src\\Illuminate\\Routing\\Pipeline.php(53): Illuminate\\Pipeline\\Pipeline->Illuminate\\Pipeline\\{closure}(Object(Illuminate\\Http\\Request))
#27 C:\\xampp\\htdocs\\Laravel Projects\\GSF\\vendor\\laravel\\framework\\src\\Illuminate\\Cookie\\Middleware\\AddQueuedCookiesToResponse.php(37): Illuminate\\Routing\\Pipeline->Illuminate\\Routing\\{closure}(Object(Illuminate\\Http\\Request))
#28 C:\\xampp\\htdocs\\Laravel Projects\\GSF\\vendor\\laravel\\framework\\src\\Illuminate\\Pipeline\\Pipeline.php(163): Illuminate\\Cookie\\Middleware\\AddQueuedCookiesToResponse->handle(Object(Illuminate\\Http\\Request), Object(Closure))
#29 C:\\xampp\\htdocs\\Laravel Projects\\GSF\\vendor\\laravel\\framework\\src\\Illuminate\\Routing\\Pipeline.php(53): Illuminate\\Pipeline\\Pipeline->Illuminate\\Pipeline\\{closure}(Object(Illuminate\\Http\\Request))
#30 C:\\xampp\\htdocs\\Laravel Projects\\GSF\\vendor\\laravel\\framework\\src\\Illuminate\\Cookie\\Middleware\\EncryptCookies.php(66): Illuminate\\Routing\\Pipeline->Illuminate\\Routing\\{closure}(Object(Illuminate\\Http\\Request))
#31 C:\\xampp\\htdocs\\Laravel Projects\\GSF\\vendor\\laravel\\framework\\src\\Illuminate\\Pipeline\\Pipeline.php(163): Illuminate\\Cookie\\Middleware\\EncryptCookies->handle(Object(Illuminate\\Http\\Request), Object(Closure))
#32 C:\\xampp\\htdocs\\Laravel Projects\\GSF\\vendor\\laravel\\framework\\src\\Illuminate\\Routing\\Pipeline.php(53): Illuminate\\Pipeline\\Pipeline->Illuminate\\Pipeline\\{closure}(Object(Illuminate\\Http\\Request))
#33 C:\\xampp\\htdocs\\Laravel Projects\\GSF\\vendor\\laravel\\framework\\src\\Illuminate\\Pipeline\\Pipeline.php(104): Illuminate\\Routing\\Pipeline->Illuminate\\Routing\\{closure}(Object(Illuminate\\Http\\Request))
#34 C:\\xampp\\htdocs\\Laravel Projects\\GSF\\vendor\\laravel\\framework\\src\\Illuminate\\Routing\\Router.php(682): Illuminate\\Pipeline\\Pipeline->then(Object(Closure))
#35 C:\\xampp\\htdocs\\Laravel Projects\\GSF\\vendor\\laravel\\framework\\src\\Illuminate\\Routing\\Router.php(657): Illuminate\\Routing\\Router->runRouteWithinStack(Object(Illuminate\\Routing\\Route), Object(Illuminate\\Http\\Request))
#36 C:\\xampp\\htdocs\\Laravel Projects\\GSF\\vendor\\laravel\\framework\\src\\Illuminate\\Routing\\Router.php(623): Illuminate\\Routing\\Router->runRoute(Object(Illuminate\\Http\\Request), Object(Illuminate\\Routing\\Route))
#37 C:\\xampp\\htdocs\\Laravel Projects\\GSF\\vendor\\laravel\\framework\\src\\Illuminate\\Routing\\Router.php(612): Illuminate\\Routing\\Router->dispatchToRoute(Object(Illuminate\\Http\\Request))
#38 C:\\xampp\\htdocs\\Laravel Projects\\GSF\\vendor\\laravel\\framework\\src\\Illuminate\\Foundation\\Http\\Kernel.php(176): Illuminate\\Routing\\Router->dispatch(Object(Illuminate\\Http\\Request))
#39 C:\\xampp\\htdocs\\Laravel Projects\\GSF\\vendor\\laravel\\framework\\src\\Illuminate\\Routing\\Pipeline.php(30): Illuminate\\Foundation\\Http\\Kernel->Illuminate\\Foundation\\Http\\{closure}(Object(Illuminate\\Http\\Request))
#40 C:\\xampp\\htdocs\\Laravel Projects\\GSF\\vendor\\fideloper\\proxy\\src\\TrustProxies.php(57): Illuminate\\Routing\\Pipeline->Illuminate\\Routing\\{closure}(Object(Illuminate\\Http\\Request))
#41 C:\\xampp\\htdocs\\Laravel Projects\\GSF\\vendor\\laravel\\framework\\src\\Illuminate\\Pipeline\\Pipeline.php(163): Fideloper\\Proxy\\TrustProxies->handle(Object(Illuminate\\Http\\Request), Object(Closure))
#42 C:\\xampp\\htdocs\\Laravel Projects\\GSF\\vendor\\laravel\\framework\\src\\Illuminate\\Routing\\Pipeline.php(53): Illuminate\\Pipeline\\Pipeline->Illuminate\\Pipeline\\{closure}(Object(Illuminate\\Http\\Request))
#43 C:\\xampp\\htdocs\\Laravel Projects\\GSF\\vendor\\laravel\\framework\\src\\Illuminate\\Foundation\\Http\\Middleware\\TransformsRequest.php(21): Illuminate\\Routing\\Pipeline->Illuminate\\Routing\\{closure}(Object(Illuminate\\Http\\Request))
#44 C:\\xampp\\htdocs\\Laravel Projects\\GSF\\vendor\\laravel\\framework\\src\\Illuminate\\Pipeline\\Pipeline.php(163): Illuminate\\Foundation\\Http\\Middleware\\TransformsRequest->handle(Object(Illuminate\\Http\\Request), Object(Closure))
#45 C:\\xampp\\htdocs\\Laravel Projects\\GSF\\vendor\\laravel\\framework\\src\\Illuminate\\Routing\\Pipeline.php(53): Illuminate\\Pipeline\\Pipeline->Illuminate\\Pipeline\\{closure}(Object(Illuminate\\Http\\Request))
#46 C:\\xampp\\htdocs\\Laravel Projects\\GSF\\vendor\\laravel\\framework\\src\\Illuminate\\Foundation\\Http\\Middleware\\TransformsRequest.php(21): Illuminate\\Routing\\Pipeline->Illuminate\\Routing\\{closure}(Object(Illuminate\\Http\\Request))
#47 C:\\xampp\\htdocs\\Laravel Projects\\GSF\\vendor\\laravel\\framework\\src\\Illuminate\\Pipeline\\Pipeline.php(163): Illuminate\\Foundation\\Http\\Middleware\\TransformsRequest->handle(Object(Illuminate\\Http\\Request), Object(Closure))
#48 C:\\xampp\\htdocs\\Laravel Projects\\GSF\\vendor\\laravel\\framework\\src\\Illuminate\\Routing\\Pipeline.php(53): Illuminate\\Pipeline\\Pipeline->Illuminate\\Pipeline\\{closure}(Object(Illuminate\\Http\\Request))
#49 C:\\xampp\\htdocs\\Laravel Projects\\GSF\\vendor\\laravel\\framework\\src\\Illuminate\\Foundation\\Http\\Middleware\\ValidatePostSize.php(27): Illuminate\\Routing\\Pipeline->Illuminate\\Routing\\{closure}(Object(Illuminate\\Http\\Request))
#50 C:\\xampp\\htdocs\\Laravel Projects\\GSF\\vendor\\laravel\\framework\\src\\Illuminate\\Pipeline\\Pipeline.php(163): Illuminate\\Foundation\\Http\\Middleware\\ValidatePostSize->handle(Object(Illuminate\\Http\\Request), Object(Closure))
#51 C:\\xampp\\htdocs\\Laravel Projects\\GSF\\vendor\\laravel\\framework\\src\\Illuminate\\Routing\\Pipeline.php(53): Illuminate\\Pipeline\\Pipeline->Illuminate\\Pipeline\\{closure}(Object(Illuminate\\Http\\Request))
#52 C:\\xampp\\htdocs\\Laravel Projects\\GSF\\vendor\\laravel\\framework\\src\\Illuminate\\Foundation\\Http\\Middleware\\CheckForMaintenanceMode.php(62): Illuminate\\Routing\\Pipeline->Illuminate\\Routing\\{closure}(Object(Illuminate\\Http\\Request))
#53 C:\\xampp\\htdocs\\Laravel Projects\\GSF\\vendor\\laravel\\framework\\src\\Illuminate\\Pipeline\\Pipeline.php(163): Illuminate\\Foundation\\Http\\Middleware\\CheckForMaintenanceMode->handle(Object(Illuminate\\Http\\Request), Object(Closure))
#54 C:\\xampp\\htdocs\\Laravel Projects\\GSF\\vendor\\laravel\\framework\\src\\Illuminate\\Routing\\Pipeline.php(53): Illuminate\\Pipeline\\Pipeline->Illuminate\\Pipeline\\{closure}(Object(Illuminate\\Http\\Request))
#55 C:\\xampp\\htdocs\\Laravel Projects\\GSF\\vendor\\laravel\\framework\\src\\Illuminate\\Pipeline\\Pipeline.php(104): Illuminate\\Routing\\Pipeline->Illuminate\\Routing\\{closure}(Object(Illuminate\\Http\\Request))
#56 C:\\xampp\\htdocs\\Laravel Projects\\GSF\\vendor\\laravel\\framework\\src\\Illuminate\\Foundation\\Http\\Kernel.php(151): Illuminate\\Pipeline\\Pipeline->then(Object(Closure))
#57 C:\\xampp\\htdocs\\Laravel Projects\\GSF\\vendor\\laravel\\framework\\src\\Illuminate\\Foundation\\Http\\Kernel.php(116): Illuminate\\Foundation\\Http\\Kernel->sendRequestThroughRouter(Object(Illuminate\\Http\\Request))
#58 C:\\xampp\\htdocs\\Laravel Projects\\GSF\\public\\index.php(55): Illuminate\\Foundation\\Http\\Kernel->handle(Object(Illuminate\\Http\\Request))
#59 C:\\xampp\\htdocs\\Laravel Projects\\GSF\\server.php(21): require_once('C:\\\\xampp\\\\htdocs...')
#60 {main}
"} 
[2021-01-26 15:37:10] local.ERROR: Undefined variable: data {"userId":17,"exception":"[object] (ErrorException(code: 0): Undefined variable: data at C:\\xampp\\htdocs\\Laravel Projects\\GSF\\app\\Http\\Controllers\\AccountController.php:35)
[stacktrace]
#0 C:\\xampp\\htdocs\\Laravel Projects\\GSF\\app\\Http\\Controllers\\AccountController.php(35): Illuminate\\Foundation\\Bootstrap\\HandleExceptions->handleError(8, 'Undefined varia...', 'C:\\\\xampp\\\\htdocs...', 35, Array)
#1 [internal function]: App\\Http\\Controllers\\AccountController->getcard('17')
#2 C:\\xampp\\htdocs\\Laravel Projects\\GSF\\vendor\\laravel\\framework\\src\\Illuminate\\Routing\\Controller.php(54): call_user_func_array(Array, Array)
#3 C:\\xampp\\htdocs\\Laravel Projects\\GSF\\vendor\\laravel\\framework\\src\\Illuminate\\Routing\\ControllerDispatcher.php(45): Illuminate\\Routing\\Controller->callAction('getcard', Array)
#4 C:\\xampp\\htdocs\\Laravel Projects\\GSF\\vendor\\laravel\\framework\\src\\Illuminate\\Routing\\Route.php(219): Illuminate\\Routing\\ControllerDispatcher->dispatch(Object(Illuminate\\Routing\\Route), Object(App\\Http\\Controllers\\AccountController), 'getcard')
#5 C:\\xampp\\htdocs\\Laravel Projects\\GSF\\vendor\\laravel\\framework\\src\\Illuminate\\Routing\\Route.php(176): Illuminate\\Routing\\Route->runController()
#6 C:\\xampp\\htdocs\\Laravel Projects\\GSF\\vendor\\laravel\\framework\\src\\Illuminate\\Routing\\Router.php(680): Illuminate\\Routing\\Route->run()
#7 C:\\xampp\\htdocs\\Laravel Projects\\GSF\\vendor\\laravel\\framework\\src\\Illuminate\\Routing\\Pipeline.php(30): Illuminate\\Routing\\Router->Illuminate\\Routing\\{closure}(Object(Illuminate\\Http\\Request))
#8 C:\\xampp\\htdocs\\Laravel Projects\\GSF\\app\\Http\\Middleware\\SwitchUser.php(22): Illuminate\\Routing\\Pipeline->Illuminate\\Routing\\{closure}(Object(Illuminate\\Http\\Request))
#9 C:\\xampp\\htdocs\\Laravel Projects\\GSF\\vendor\\laravel\\framework\\src\\Illuminate\\Pipeline\\Pipeline.php(163): App\\Http\\Middleware\\SwitchUser->handle(Object(Illuminate\\Http\\Request), Object(Closure))
#10 C:\\xampp\\htdocs\\Laravel Projects\\GSF\\vendor\\laravel\\framework\\src\\Illuminate\\Routing\\Pipeline.php(53): Illuminate\\Pipeline\\Pipeline->Illuminate\\Pipeline\\{closure}(Object(Illuminate\\Http\\Request))
#11 C:\\xampp\\htdocs\\Laravel Projects\\GSF\\vendor\\laravel\\framework\\src\\Illuminate\\Routing\\Middleware\\SubstituteBindings.php(41): Illuminate\\Routing\\Pipeline->Illuminate\\Routing\\{closure}(Object(Illuminate\\Http\\Request))
#12 C:\\xampp\\htdocs\\Laravel Projects\\GSF\\vendor\\laravel\\framework\\src\\Illuminate\\Pipeline\\Pipeline.php(163): Illuminate\\Routing\\Middleware\\SubstituteBindings->handle(Object(Illuminate\\Http\\Request), Object(Closure))
#13 C:\\xampp\\htdocs\\Laravel Projects\\GSF\\vendor\\laravel\\framework\\src\\Illuminate\\Routing\\Pipeline.php(53): Illuminate\\Pipeline\\Pipeline->Illuminate\\Pipeline\\{closure}(Object(Illuminate\\Http\\Request))
#14 C:\\xampp\\htdocs\\Laravel Projects\\GSF\\vendor\\laravel\\framework\\src\\Illuminate\\Auth\\Middleware\\Authenticate.php(43): Illuminate\\Routing\\Pipeline->Illuminate\\Routing\\{closure}(Object(Illuminate\\Http\\Request))
#15 C:\\xampp\\htdocs\\Laravel Projects\\GSF\\vendor\\laravel\\framework\\src\\Illuminate\\Pipeline\\Pipeline.php(163): Illuminate\\Auth\\Middleware\\Authenticate->handle(Object(Illuminate\\Http\\Request), Object(Closure))
#16 C:\\xampp\\htdocs\\Laravel Projects\\GSF\\vendor\\laravel\\framework\\src\\Illuminate\\Routing\\Pipeline.php(53): Illuminate\\Pipeline\\Pipeline->Illuminate\\Pipeline\\{closure}(Object(Illuminate\\Http\\Request))
#17 C:\\xampp\\htdocs\\Laravel Projects\\GSF\\vendor\\laravel\\framework\\src\\Illuminate\\Foundation\\Http\\Middleware\\VerifyCsrfToken.php(75): Illuminate\\Routing\\Pipeline->Illuminate\\Routing\\{closure}(Object(Illuminate\\Http\\Request))
#18 C:\\xampp\\htdocs\\Laravel Projects\\GSF\\vendor\\laravel\\framework\\src\\Illuminate\\Pipeline\\Pipeline.php(163): Illuminate\\Foundation\\Http\\Middleware\\VerifyCsrfToken->handle(Object(Illuminate\\Http\\Request), Object(Closure))
#19 C:\\xampp\\htdocs\\Laravel Projects\\GSF\\vendor\\laravel\\framework\\src\\Illuminate\\Routing\\Pipeline.php(53): Illuminate\\Pipeline\\Pipeline->Illuminate\\Pipeline\\{closure}(Object(Illuminate\\Http\\Request))
#20 C:\\xampp\\htdocs\\Laravel Projects\\GSF\\vendor\\laravel\\framework\\src\\Illuminate\\View\\Middleware\\ShareErrorsFromSession.php(49): Illuminate\\Routing\\Pipeline->Illuminate\\Routing\\{closure}(Object(Illuminate\\Http\\Request))
#21 C:\\xampp\\htdocs\\Laravel Projects\\GSF\\vendor\\laravel\\framework\\src\\Illuminate\\Pipeline\\Pipeline.php(163): Illuminate\\View\\Middleware\\ShareErrorsFromSession->handle(Object(Illuminate\\Http\\Request), Object(Closure))
#22 C:\\xampp\\htdocs\\Laravel Projects\\GSF\\vendor\\laravel\\framework\\src\\Illuminate\\Routing\\Pipeline.php(53): Illuminate\\Pipeline\\Pipeline->Illuminate\\Pipeline\\{closure}(Object(Illuminate\\Http\\Request))
#23 C:\\xampp\\htdocs\\Laravel Projects\\GSF\\vendor\\laravel\\framework\\src\\Illuminate\\Session\\Middleware\\StartSession.php(56): Illuminate\\Routing\\Pipeline->Illuminate\\Routing\\{closure}(Object(Illuminate\\Http\\Request))
#24 C:\\xampp\\htdocs\\Laravel Projects\\GSF\\vendor\\laravel\\framework\\src\\Illuminate\\Pipeline\\Pipeline.php(163): Illuminate\\Session\\Middleware\\StartSession->handle(Object(Illuminate\\Http\\Request), Object(Closure))
#25 C:\\xampp\\htdocs\\Laravel Projects\\GSF\\vendor\\laravel\\framework\\src\\Illuminate\\Routing\\Pipeline.php(53): Illuminate\\Pipeline\\Pipeline->Illuminate\\Pipeline\\{closure}(Object(Illuminate\\Http\\Request))
#26 C:\\xampp\\htdocs\\Laravel Projects\\GSF\\vendor\\laravel\\framework\\src\\Illuminate\\Cookie\\Middleware\\AddQueuedCookiesToResponse.php(37): Illuminate\\Routing\\Pipeline->Illuminate\\Routing\\{closure}(Object(Illuminate\\Http\\Request))
#27 C:\\xampp\\htdocs\\Laravel Projects\\GSF\\vendor\\laravel\\framework\\src\\Illuminate\\Pipeline\\Pipeline.php(163): Illuminate\\Cookie\\Middleware\\AddQueuedCookiesToResponse->handle(Object(Illuminate\\Http\\Request), Object(Closure))
#28 C:\\xampp\\htdocs\\Laravel Projects\\GSF\\vendor\\laravel\\framework\\src\\Illuminate\\Routing\\Pipeline.php(53): Illuminate\\Pipeline\\Pipeline->Illuminate\\Pipeline\\{closure}(Object(Illuminate\\Http\\Request))
#29 C:\\xampp\\htdocs\\Laravel Projects\\GSF\\vendor\\laravel\\framework\\src\\Illuminate\\Cookie\\Middleware\\EncryptCookies.php(66): Illuminate\\Routing\\Pipeline->Illuminate\\Routing\\{closure}(Object(Illuminate\\Http\\Request))
#30 C:\\xampp\\htdocs\\Laravel Projects\\GSF\\vendor\\laravel\\framework\\src\\Illuminate\\Pipeline\\Pipeline.php(163): Illuminate\\Cookie\\Middleware\\EncryptCookies->handle(Object(Illuminate\\Http\\Request), Object(Closure))
#31 C:\\xampp\\htdocs\\Laravel Projects\\GSF\\vendor\\laravel\\framework\\src\\Illuminate\\Routing\\Pipeline.php(53): Illuminate\\Pipeline\\Pipeline->Illuminate\\Pipeline\\{closure}(Object(Illuminate\\Http\\Request))
#32 C:\\xampp\\htdocs\\Laravel Projects\\GSF\\vendor\\laravel\\framework\\src\\Illuminate\\Pipeline\\Pipeline.php(104): Illuminate\\Routing\\Pipeline->Illuminate\\Routing\\{closure}(Object(Illuminate\\Http\\Request))
#33 C:\\xampp\\htdocs\\Laravel Projects\\GSF\\vendor\\laravel\\framework\\src\\Illuminate\\Routing\\Router.php(682): Illuminate\\Pipeline\\Pipeline->then(Object(Closure))
#34 C:\\xampp\\htdocs\\Laravel Projects\\GSF\\vendor\\laravel\\framework\\src\\Illuminate\\Routing\\Router.php(657): Illuminate\\Routing\\Router->runRouteWithinStack(Object(Illuminate\\Routing\\Route), Object(Illuminate\\Http\\Request))
#35 C:\\xampp\\htdocs\\Laravel Projects\\GSF\\vendor\\laravel\\framework\\src\\Illuminate\\Routing\\Router.php(623): Illuminate\\Routing\\Router->runRoute(Object(Illuminate\\Http\\Request), Object(Illuminate\\Routing\\Route))
#36 C:\\xampp\\htdocs\\Laravel Projects\\GSF\\vendor\\laravel\\framework\\src\\Illuminate\\Routing\\Router.php(612): Illuminate\\Routing\\Router->dispatchToRoute(Object(Illuminate\\Http\\Request))
#37 C:\\xampp\\htdocs\\Laravel Projects\\GSF\\vendor\\laravel\\framework\\src\\Illuminate\\Foundation\\Http\\Kernel.php(176): Illuminate\\Routing\\Router->dispatch(Object(Illuminate\\Http\\Request))
#38 C:\\xampp\\htdocs\\Laravel Projects\\GSF\\vendor\\laravel\\framework\\src\\Illuminate\\Routing\\Pipeline.php(30): Illuminate\\Foundation\\Http\\Kernel->Illuminate\\Foundation\\Http\\{closure}(Object(Illuminate\\Http\\Request))
#39 C:\\xampp\\htdocs\\Laravel Projects\\GSF\\vendor\\fideloper\\proxy\\src\\TrustProxies.php(57): Illuminate\\Routing\\Pipeline->Illuminate\\Routing\\{closure}(Object(Illuminate\\Http\\Request))
#40 C:\\xampp\\htdocs\\Laravel Projects\\GSF\\vendor\\laravel\\framework\\src\\Illuminate\\Pipeline\\Pipeline.php(163): Fideloper\\Proxy\\TrustProxies->handle(Object(Illuminate\\Http\\Request), Object(Closure))
#41 C:\\xampp\\htdocs\\Laravel Projects\\GSF\\vendor\\laravel\\framework\\src\\Illuminate\\Routing\\Pipeline.php(53): Illuminate\\Pipeline\\Pipeline->Illuminate\\Pipeline\\{closure}(Object(Illuminate\\Http\\Request))
#42 C:\\xampp\\htdocs\\Laravel Projects\\GSF\\vendor\\laravel\\framework\\src\\Illuminate\\Foundation\\Http\\Middleware\\TransformsRequest.php(21): Illuminate\\Routing\\Pipeline->Illuminate\\Routing\\{closure}(Object(Illuminate\\Http\\Request))
#43 C:\\xampp\\htdocs\\Laravel Projects\\GSF\\vendor\\laravel\\framework\\src\\Illuminate\\Pipeline\\Pipeline.php(163): Illuminate\\Foundation\\Http\\Middleware\\TransformsRequest->handle(Object(Illuminate\\Http\\Request), Object(Closure))
#44 C:\\xampp\\htdocs\\Laravel Projects\\GSF\\vendor\\laravel\\framework\\src\\Illuminate\\Routing\\Pipeline.php(53): Illuminate\\Pipeline\\Pipeline->Illuminate\\Pipeline\\{closure}(Object(Illuminate\\Http\\Request))
#45 C:\\xampp\\htdocs\\Laravel Projects\\GSF\\vendor\\laravel\\framework\\src\\Illuminate\\Foundation\\Http\\Middleware\\TransformsRequest.php(21): Illuminate\\Routing\\Pipeline->Illuminate\\Routing\\{closure}(Object(Illuminate\\Http\\Request))
#46 C:\\xampp\\htdocs\\Laravel Projects\\GSF\\vendor\\laravel\\framework\\src\\Illuminate\\Pipeline\\Pipeline.php(163): Illuminate\\Foundation\\Http\\Middleware\\TransformsRequest->handle(Object(Illuminate\\Http\\Request), Object(Closure))
#47 C:\\xampp\\htdocs\\Laravel Projects\\GSF\\vendor\\laravel\\framework\\src\\Illuminate\\Routing\\Pipeline.php(53): Illuminate\\Pipeline\\Pipeline->Illuminate\\Pipeline\\{closure}(Object(Illuminate\\Http\\Request))
#48 C:\\xampp\\htdocs\\Laravel Projects\\GSF\\vendor\\laravel\\framework\\src\\Illuminate\\Foundation\\Http\\Middleware\\ValidatePostSize.php(27): Illuminate\\Routing\\Pipeline->Illuminate\\Routing\\{closure}(Object(Illuminate\\Http\\Request))
#49 C:\\xampp\\htdocs\\Laravel Projects\\GSF\\vendor\\laravel\\framework\\src\\Illuminate\\Pipeline\\Pipeline.php(163): Illuminate\\Foundation\\Http\\Middleware\\ValidatePostSize->handle(Object(Illuminate\\Http\\Request), Object(Closure))
#50 C:\\xampp\\htdocs\\Laravel Projects\\GSF\\vendor\\laravel\\framework\\src\\Illuminate\\Routing\\Pipeline.php(53): Illuminate\\Pipeline\\Pipeline->Illuminate\\Pipeline\\{closure}(Object(Illuminate\\Http\\Request))
#51 C:\\xampp\\htdocs\\Laravel Projects\\GSF\\vendor\\laravel\\framework\\src\\Illuminate\\Foundation\\Http\\Middleware\\CheckForMaintenanceMode.php(62): Illuminate\\Routing\\Pipeline->Illuminate\\Routing\\{closure}(Object(Illuminate\\Http\\Request))
#52 C:\\xampp\\htdocs\\Laravel Projects\\GSF\\vendor\\laravel\\framework\\src\\Illuminate\\Pipeline\\Pipeline.php(163): Illuminate\\Foundation\\Http\\Middleware\\CheckForMaintenanceMode->handle(Object(Illuminate\\Http\\Request), Object(Closure))
#53 C:\\xampp\\htdocs\\Laravel Projects\\GSF\\vendor\\laravel\\framework\\src\\Illuminate\\Routing\\Pipeline.php(53): Illuminate\\Pipeline\\Pipeline->Illuminate\\Pipeline\\{closure}(Object(Illuminate\\Http\\Request))
#54 C:\\xampp\\htdocs\\Laravel Projects\\GSF\\vendor\\laravel\\framework\\src\\Illuminate\\Pipeline\\Pipeline.php(104): Illuminate\\Routing\\Pipeline->Illuminate\\Routing\\{closure}(Object(Illuminate\\Http\\Request))
#55 C:\\xampp\\htdocs\\Laravel Projects\\GSF\\vendor\\laravel\\framework\\src\\Illuminate\\Foundation\\Http\\Kernel.php(151): Illuminate\\Pipeline\\Pipeline->then(Object(Closure))
#56 C:\\xampp\\htdocs\\Laravel Projects\\GSF\\vendor\\laravel\\framework\\src\\Illuminate\\Foundation\\Http\\Kernel.php(116): Illuminate\\Foundation\\Http\\Kernel->sendRequestThroughRouter(Object(Illuminate\\Http\\Request))
#57 C:\\xampp\\htdocs\\Laravel Projects\\GSF\\public\\index.php(55): Illuminate\\Foundation\\Http\\Kernel->handle(Object(Illuminate\\Http\\Request))
#58 C:\\xampp\\htdocs\\Laravel Projects\\GSF\\server.php(21): require_once('C:\\\\xampp\\\\htdocs...')
#59 {main}
"} 
[2021-01-26 15:37:20] local.ERROR: View [emails.receipt] not found. {"userId":17,"exception":"[object] (InvalidArgumentException(code: 0): View [emails.receipt] not found. at C:\\xampp\\htdocs\\Laravel Projects\\GSF\\vendor\\laravel\\framework\\src\\Illuminate\\View\\FileViewFinder.php:137)
[stacktrace]
#0 C:\\xampp\\htdocs\\Laravel Projects\\GSF\\vendor\\laravel\\framework\\src\\Illuminate\\View\\FileViewFinder.php(79): Illuminate\\View\\FileViewFinder->findInPaths('emails.receipt', Array)
#1 C:\\xampp\\htdocs\\Laravel Projects\\GSF\\vendor\\laravel\\framework\\src\\Illuminate\\View\\Factory.php(131): Illuminate\\View\\FileViewFinder->find('emails.receipt')
#2 C:\\xampp\\htdocs\\Laravel Projects\\GSF\\vendor\\barryvdh\\laravel-dompdf\\src\\PDF.php(132): Illuminate\\View\\Factory->make('emails.receipt', Object(App\\User), Array)
#3 C:\\xampp\\htdocs\\Laravel Projects\\GSF\\vendor\\barryvdh\\laravel-dompdf\\src\\Facade.php(31): Barryvdh\\DomPDF\\PDF->loadView('emails.receipt', Object(App\\User))
#4 C:\\xampp\\htdocs\\Laravel Projects\\GSF\\app\\Http\\Controllers\\AccountController.php(35): Barryvdh\\DomPDF\\Facade::__callStatic('loadView', Array)
#5 [internal function]: App\\Http\\Controllers\\AccountController->getcard('17')
#6 C:\\xampp\\htdocs\\Laravel Projects\\GSF\\vendor\\laravel\\framework\\src\\Illuminate\\Routing\\Controller.php(54): call_user_func_array(Array, Array)
#7 C:\\xampp\\htdocs\\Laravel Projects\\GSF\\vendor\\laravel\\framework\\src\\Illuminate\\Routing\\ControllerDispatcher.php(45): Illuminate\\Routing\\Controller->callAction('getcard', Array)
#8 C:\\xampp\\htdocs\\Laravel Projects\\GSF\\vendor\\laravel\\framework\\src\\Illuminate\\Routing\\Route.php(219): Illuminate\\Routing\\ControllerDispatcher->dispatch(Object(Illuminate\\Routing\\Route), Object(App\\Http\\Controllers\\AccountController), 'getcard')
#9 C:\\xampp\\htdocs\\Laravel Projects\\GSF\\vendor\\laravel\\framework\\src\\Illuminate\\Routing\\Route.php(176): Illuminate\\Routing\\Route->runController()
#10 C:\\xampp\\htdocs\\Laravel Projects\\GSF\\vendor\\laravel\\framework\\src\\Illuminate\\Routing\\Router.php(680): Illuminate\\Routing\\Route->run()
#11 C:\\xampp\\htdocs\\Laravel Projects\\GSF\\vendor\\laravel\\framework\\src\\Illuminate\\Routing\\Pipeline.php(30): Illuminate\\Routing\\Router->Illuminate\\Routing\\{closure}(Object(Illuminate\\Http\\Request))
#12 C:\\xampp\\htdocs\\Laravel Projects\\GSF\\app\\Http\\Middleware\\SwitchUser.php(22): Illuminate\\Routing\\Pipeline->Illuminate\\Routing\\{closure}(Object(Illuminate\\Http\\Request))
#13 C:\\xampp\\htdocs\\Laravel Projects\\GSF\\vendor\\laravel\\framework\\src\\Illuminate\\Pipeline\\Pipeline.php(163): App\\Http\\Middleware\\SwitchUser->handle(Object(Illuminate\\Http\\Request), Object(Closure))
#14 C:\\xampp\\htdocs\\Laravel Projects\\GSF\\vendor\\laravel\\framework\\src\\Illuminate\\Routing\\Pipeline.php(53): Illuminate\\Pipeline\\Pipeline->Illuminate\\Pipeline\\{closure}(Object(Illuminate\\Http\\Request))
#15 C:\\xampp\\htdocs\\Laravel Projects\\GSF\\vendor\\laravel\\framework\\src\\Illuminate\\Routing\\Middleware\\SubstituteBindings.php(41): Illuminate\\Routing\\Pipeline->Illuminate\\Routing\\{closure}(Object(Illuminate\\Http\\Request))
#16 C:\\xampp\\htdocs\\Laravel Projects\\GSF\\vendor\\laravel\\framework\\src\\Illuminate\\Pipeline\\Pipeline.php(163): Illuminate\\Routing\\Middleware\\SubstituteBindings->handle(Object(Illuminate\\Http\\Request), Object(Closure))
#17 C:\\xampp\\htdocs\\Laravel Projects\\GSF\\vendor\\laravel\\framework\\src\\Illuminate\\Routing\\Pipeline.php(53): Illuminate\\Pipeline\\Pipeline->Illuminate\\Pipeline\\{closure}(Object(Illuminate\\Http\\Request))
#18 C:\\xampp\\htdocs\\Laravel Projects\\GSF\\vendor\\laravel\\framework\\src\\Illuminate\\Auth\\Middleware\\Authenticate.php(43): Illuminate\\Routing\\Pipeline->Illuminate\\Routing\\{closure}(Object(Illuminate\\Http\\Request))
#19 C:\\xampp\\htdocs\\Laravel Projects\\GSF\\vendor\\laravel\\framework\\src\\Illuminate\\Pipeline\\Pipeline.php(163): Illuminate\\Auth\\Middleware\\Authenticate->handle(Object(Illuminate\\Http\\Request), Object(Closure))
#20 C:\\xampp\\htdocs\\Laravel Projects\\GSF\\vendor\\laravel\\framework\\src\\Illuminate\\Routing\\Pipeline.php(53): Illuminate\\Pipeline\\Pipeline->Illuminate\\Pipeline\\{closure}(Object(Illuminate\\Http\\Request))
#21 C:\\xampp\\htdocs\\Laravel Projects\\GSF\\vendor\\laravel\\framework\\src\\Illuminate\\Foundation\\Http\\Middleware\\VerifyCsrfToken.php(75): Illuminate\\Routing\\Pipeline->Illuminate\\Routing\\{closure}(Object(Illuminate\\Http\\Request))
#22 C:\\xampp\\htdocs\\Laravel Projects\\GSF\\vendor\\laravel\\framework\\src\\Illuminate\\Pipeline\\Pipeline.php(163): Illuminate\\Foundation\\Http\\Middleware\\VerifyCsrfToken->handle(Object(Illuminate\\Http\\Request), Object(Closure))
#23 C:\\xampp\\htdocs\\Laravel Projects\\GSF\\vendor\\laravel\\framework\\src\\Illuminate\\Routing\\Pipeline.php(53): Illuminate\\Pipeline\\Pipeline->Illuminate\\Pipeline\\{closure}(Object(Illuminate\\Http\\Request))
#24 C:\\xampp\\htdocs\\Laravel Projects\\GSF\\vendor\\laravel\\framework\\src\\Illuminate\\View\\Middleware\\ShareErrorsFromSession.php(49): Illuminate\\Routing\\Pipeline->Illuminate\\Routing\\{closure}(Object(Illuminate\\Http\\Request))
#25 C:\\xampp\\htdocs\\Laravel Projects\\GSF\\vendor\\laravel\\framework\\src\\Illuminate\\Pipeline\\Pipeline.php(163): Illuminate\\View\\Middleware\\ShareErrorsFromSession->handle(Object(Illuminate\\Http\\Request), Object(Closure))
#26 C:\\xampp\\htdocs\\Laravel Projects\\GSF\\vendor\\laravel\\framework\\src\\Illuminate\\Routing\\Pipeline.php(53): Illuminate\\Pipeline\\Pipeline->Illuminate\\Pipeline\\{closure}(Object(Illuminate\\Http\\Request))
#27 C:\\xampp\\htdocs\\Laravel Projects\\GSF\\vendor\\laravel\\framework\\src\\Illuminate\\Session\\Middleware\\StartSession.php(56): Illuminate\\Routing\\Pipeline->Illuminate\\Routing\\{closure}(Object(Illuminate\\Http\\Request))
#28 C:\\xampp\\htdocs\\Laravel Projects\\GSF\\vendor\\laravel\\framework\\src\\Illuminate\\Pipeline\\Pipeline.php(163): Illuminate\\Session\\Middleware\\StartSession->handle(Object(Illuminate\\Http\\Request), Object(Closure))
#29 C:\\xampp\\htdocs\\Laravel Projects\\GSF\\vendor\\laravel\\framework\\src\\Illuminate\\Routing\\Pipeline.php(53): Illuminate\\Pipeline\\Pipeline->Illuminate\\Pipeline\\{closure}(Object(Illuminate\\Http\\Request))
#30 C:\\xampp\\htdocs\\Laravel Projects\\GSF\\vendor\\laravel\\framework\\src\\Illuminate\\Cookie\\Middleware\\AddQueuedCookiesToResponse.php(37): Illuminate\\Routing\\Pipeline->Illuminate\\Routing\\{closure}(Object(Illuminate\\Http\\Request))
#31 C:\\xampp\\htdocs\\Laravel Projects\\GSF\\vendor\\laravel\\framework\\src\\Illuminate\\Pipeline\\Pipeline.php(163): Illuminate\\Cookie\\Middleware\\AddQueuedCookiesToResponse->handle(Object(Illuminate\\Http\\Request), Object(Closure))
#32 C:\\xampp\\htdocs\\Laravel Projects\\GSF\\vendor\\laravel\\framework\\src\\Illuminate\\Routing\\Pipeline.php(53): Illuminate\\Pipeline\\Pipeline->Illuminate\\Pipeline\\{closure}(Object(Illuminate\\Http\\Request))
#33 C:\\xampp\\htdocs\\Laravel Projects\\GSF\\vendor\\laravel\\framework\\src\\Illuminate\\Cookie\\Middleware\\EncryptCookies.php(66): Illuminate\\Routing\\Pipeline->Illuminate\\Routing\\{closure}(Object(Illuminate\\Http\\Request))
#34 C:\\xampp\\htdocs\\Laravel Projects\\GSF\\vendor\\laravel\\framework\\src\\Illuminate\\Pipeline\\Pipeline.php(163): Illuminate\\Cookie\\Middleware\\EncryptCookies->handle(Object(Illuminate\\Http\\Request), Object(Closure))
#35 C:\\xampp\\htdocs\\Laravel Projects\\GSF\\vendor\\laravel\\framework\\src\\Illuminate\\Routing\\Pipeline.php(53): Illuminate\\Pipeline\\Pipeline->Illuminate\\Pipeline\\{closure}(Object(Illuminate\\Http\\Request))
#36 C:\\xampp\\htdocs\\Laravel Projects\\GSF\\vendor\\laravel\\framework\\src\\Illuminate\\Pipeline\\Pipeline.php(104): Illuminate\\Routing\\Pipeline->Illuminate\\Routing\\{closure}(Object(Illuminate\\Http\\Request))
#37 C:\\xampp\\htdocs\\Laravel Projects\\GSF\\vendor\\laravel\\framework\\src\\Illuminate\\Routing\\Router.php(682): Illuminate\\Pipeline\\Pipeline->then(Object(Closure))
#38 C:\\xampp\\htdocs\\Laravel Projects\\GSF\\vendor\\laravel\\framework\\src\\Illuminate\\Routing\\Router.php(657): Illuminate\\Routing\\Router->runRouteWithinStack(Object(Illuminate\\Routing\\Route), Object(Illuminate\\Http\\Request))
#39 C:\\xampp\\htdocs\\Laravel Projects\\GSF\\vendor\\laravel\\framework\\src\\Illuminate\\Routing\\Router.php(623): Illuminate\\Routing\\Router->runRoute(Object(Illuminate\\Http\\Request), Object(Illuminate\\Routing\\Route))
#40 C:\\xampp\\htdocs\\Laravel Projects\\GSF\\vendor\\laravel\\framework\\src\\Illuminate\\Routing\\Router.php(612): Illuminate\\Routing\\Router->dispatchToRoute(Object(Illuminate\\Http\\Request))
#41 C:\\xampp\\htdocs\\Laravel Projects\\GSF\\vendor\\laravel\\framework\\src\\Illuminate\\Foundation\\Http\\Kernel.php(176): Illuminate\\Routing\\Router->dispatch(Object(Illuminate\\Http\\Request))
#42 C:\\xampp\\htdocs\\Laravel Projects\\GSF\\vendor\\laravel\\framework\\src\\Illuminate\\Routing\\Pipeline.php(30): Illuminate\\Foundation\\Http\\Kernel->Illuminate\\Foundation\\Http\\{closure}(Object(Illuminate\\Http\\Request))
#43 C:\\xampp\\htdocs\\Laravel Projects\\GSF\\vendor\\fideloper\\proxy\\src\\TrustProxies.php(57): Illuminate\\Routing\\Pipeline->Illuminate\\Routing\\{closure}(Object(Illuminate\\Http\\Request))
#44 C:\\xampp\\htdocs\\Laravel Projects\\GSF\\vendor\\laravel\\framework\\src\\Illuminate\\Pipeline\\Pipeline.php(163): Fideloper\\Proxy\\TrustProxies->handle(Object(Illuminate\\Http\\Request), Object(Closure))
#45 C:\\xampp\\htdocs\\Laravel Projects\\GSF\\vendor\\laravel\\framework\\src\\Illuminate\\Routing\\Pipeline.php(53): Illuminate\\Pipeline\\Pipeline->Illuminate\\Pipeline\\{closure}(Object(Illuminate\\Http\\Request))
#46 C:\\xampp\\htdocs\\Laravel Projects\\GSF\\vendor\\laravel\\framework\\src\\Illuminate\\Foundation\\Http\\Middleware\\TransformsRequest.php(21): Illuminate\\Routing\\Pipeline->Illuminate\\Routing\\{closure}(Object(Illuminate\\Http\\Request))
#47 C:\\xampp\\htdocs\\Laravel Projects\\GSF\\vendor\\laravel\\framework\\src\\Illuminate\\Pipeline\\Pipeline.php(163): Illuminate\\Foundation\\Http\\Middleware\\TransformsRequest->handle(Object(Illuminate\\Http\\Request), Object(Closure))
#48 C:\\xampp\\htdocs\\Laravel Projects\\GSF\\vendor\\laravel\\framework\\src\\Illuminate\\Routing\\Pipeline.php(53): Illuminate\\Pipeline\\Pipeline->Illuminate\\Pipeline\\{closure}(Object(Illuminate\\Http\\Request))
#49 C:\\xampp\\htdocs\\Laravel Projects\\GSF\\vendor\\laravel\\framework\\src\\Illuminate\\Foundation\\Http\\Middleware\\TransformsRequest.php(21): Illuminate\\Routing\\Pipeline->Illuminate\\Routing\\{closure}(Object(Illuminate\\Http\\Request))
#50 C:\\xampp\\htdocs\\Laravel Projects\\GSF\\vendor\\laravel\\framework\\src\\Illuminate\\Pipeline\\Pipeline.php(163): Illuminate\\Foundation\\Http\\Middleware\\TransformsRequest->handle(Object(Illuminate\\Http\\Request), Object(Closure))
#51 C:\\xampp\\htdocs\\Laravel Projects\\GSF\\vendor\\laravel\\framework\\src\\Illuminate\\Routing\\Pipeline.php(53): Illuminate\\Pipeline\\Pipeline->Illuminate\\Pipeline\\{closure}(Object(Illuminate\\Http\\Request))
#52 C:\\xampp\\htdocs\\Laravel Projects\\GSF\\vendor\\laravel\\framework\\src\\Illuminate\\Foundation\\Http\\Middleware\\ValidatePostSize.php(27): Illuminate\\Routing\\Pipeline->Illuminate\\Routing\\{closure}(Object(Illuminate\\Http\\Request))
#53 C:\\xampp\\htdocs\\Laravel Projects\\GSF\\vendor\\laravel\\framework\\src\\Illuminate\\Pipeline\\Pipeline.php(163): Illuminate\\Foundation\\Http\\Middleware\\ValidatePostSize->handle(Object(Illuminate\\Http\\Request), Object(Closure))
#54 C:\\xampp\\htdocs\\Laravel Projects\\GSF\\vendor\\laravel\\framework\\src\\Illuminate\\Routing\\Pipeline.php(53): Illuminate\\Pipeline\\Pipeline->Illuminate\\Pipeline\\{closure}(Object(Illuminate\\Http\\Request))
#55 C:\\xampp\\htdocs\\Laravel Projects\\GSF\\vendor\\laravel\\framework\\src\\Illuminate\\Foundation\\Http\\Middleware\\CheckForMaintenanceMode.php(62): Illuminate\\Routing\\Pipeline->Illuminate\\Routing\\{closure}(Object(Illuminate\\Http\\Request))
#56 C:\\xampp\\htdocs\\Laravel Projects\\GSF\\vendor\\laravel\\framework\\src\\Illuminate\\Pipeline\\Pipeline.php(163): Illuminate\\Foundation\\Http\\Middleware\\CheckForMaintenanceMode->handle(Object(Illuminate\\Http\\Request), Object(Closure))
#57 C:\\xampp\\htdocs\\Laravel Projects\\GSF\\vendor\\laravel\\framework\\src\\Illuminate\\Routing\\Pipeline.php(53): Illuminate\\Pipeline\\Pipeline->Illuminate\\Pipeline\\{closure}(Object(Illuminate\\Http\\Request))
#58 C:\\xampp\\htdocs\\Laravel Projects\\GSF\\vendor\\laravel\\framework\\src\\Illuminate\\Pipeline\\Pipeline.php(104): Illuminate\\Routing\\Pipeline->Illuminate\\Routing\\{closure}(Object(Illuminate\\Http\\Request))
#59 C:\\xampp\\htdocs\\Laravel Projects\\GSF\\vendor\\laravel\\framework\\src\\Illuminate\\Foundation\\Http\\Kernel.php(151): Illuminate\\Pipeline\\Pipeline->then(Object(Closure))
#60 C:\\xampp\\htdocs\\Laravel Projects\\GSF\\vendor\\laravel\\framework\\src\\Illuminate\\Foundation\\Http\\Kernel.php(116): Illuminate\\Foundation\\Http\\Kernel->sendRequestThroughRouter(Object(Illuminate\\Http\\Request))
#61 C:\\xampp\\htdocs\\Laravel Projects\\GSF\\public\\index.php(55): Illuminate\\Foundation\\Http\\Kernel->handle(Object(Illuminate\\Http\\Request))
#62 C:\\xampp\\htdocs\\Laravel Projects\\GSF\\server.php(21): require_once('C:\\\\xampp\\\\htdocs...')
#63 {main}
"} 
[2021-01-26 15:43:17] local.ERROR: Class 'App\Http\Controllers\App' not found {"userId":17,"exception":"[object] (Symfony\\Component\\Debug\\Exception\\FatalThrowableError(code: 0): Class 'App\\Http\\Controllers\\App' not found at C:\\xampp\\htdocs\\Laravel Projects\\GSF\\app\\Http\\Controllers\\AccountController.php:35)
[stacktrace]
#0 [internal function]: App\\Http\\Controllers\\AccountController->getcard('17')
#1 C:\\xampp\\htdocs\\Laravel Projects\\GSF\\vendor\\laravel\\framework\\src\\Illuminate\\Routing\\Controller.php(54): call_user_func_array(Array, Array)
#2 C:\\xampp\\htdocs\\Laravel Projects\\GSF\\vendor\\laravel\\framework\\src\\Illuminate\\Routing\\ControllerDispatcher.php(45): Illuminate\\Routing\\Controller->callAction('getcard', Array)
#3 C:\\xampp\\htdocs\\Laravel Projects\\GSF\\vendor\\laravel\\framework\\src\\Illuminate\\Routing\\Route.php(219): Illuminate\\Routing\\ControllerDispatcher->dispatch(Object(Illuminate\\Routing\\Route), Object(App\\Http\\Controllers\\AccountController), 'getcard')
#4 C:\\xampp\\htdocs\\Laravel Projects\\GSF\\vendor\\laravel\\framework\\src\\Illuminate\\Routing\\Route.php(176): Illuminate\\Routing\\Route->runController()
#5 C:\\xampp\\htdocs\\Laravel Projects\\GSF\\vendor\\laravel\\framework\\src\\Illuminate\\Routing\\Router.php(680): Illuminate\\Routing\\Route->run()
#6 C:\\xampp\\htdocs\\Laravel Projects\\GSF\\vendor\\laravel\\framework\\src\\Illuminate\\Routing\\Pipeline.php(30): Illuminate\\Routing\\Router->Illuminate\\Routing\\{closure}(Object(Illuminate\\Http\\Request))
#7 C:\\xampp\\htdocs\\Laravel Projects\\GSF\\app\\Http\\Middleware\\SwitchUser.php(22): Illuminate\\Routing\\Pipeline->Illuminate\\Routing\\{closure}(Object(Illuminate\\Http\\Request))
#8 C:\\xampp\\htdocs\\Laravel Projects\\GSF\\vendor\\laravel\\framework\\src\\Illuminate\\Pipeline\\Pipeline.php(163): App\\Http\\Middleware\\SwitchUser->handle(Object(Illuminate\\Http\\Request), Object(Closure))
#9 C:\\xampp\\htdocs\\Laravel Projects\\GSF\\vendor\\laravel\\framework\\src\\Illuminate\\Routing\\Pipeline.php(53): Illuminate\\Pipeline\\Pipeline->Illuminate\\Pipeline\\{closure}(Object(Illuminate\\Http\\Request))
#10 C:\\xampp\\htdocs\\Laravel Projects\\GSF\\vendor\\laravel\\framework\\src\\Illuminate\\Routing\\Middleware\\SubstituteBindings.php(41): Illuminate\\Routing\\Pipeline->Illuminate\\Routing\\{closure}(Object(Illuminate\\Http\\Request))
#11 C:\\xampp\\htdocs\\Laravel Projects\\GSF\\vendor\\laravel\\framework\\src\\Illuminate\\Pipeline\\Pipeline.php(163): Illuminate\\Routing\\Middleware\\SubstituteBindings->handle(Object(Illuminate\\Http\\Request), Object(Closure))
#12 C:\\xampp\\htdocs\\Laravel Projects\\GSF\\vendor\\laravel\\framework\\src\\Illuminate\\Routing\\Pipeline.php(53): Illuminate\\Pipeline\\Pipeline->Illuminate\\Pipeline\\{closure}(Object(Illuminate\\Http\\Request))
#13 C:\\xampp\\htdocs\\Laravel Projects\\GSF\\vendor\\laravel\\framework\\src\\Illuminate\\Auth\\Middleware\\Authenticate.php(43): Illuminate\\Routing\\Pipeline->Illuminate\\Routing\\{closure}(Object(Illuminate\\Http\\Request))
#14 C:\\xampp\\htdocs\\Laravel Projects\\GSF\\vendor\\laravel\\framework\\src\\Illuminate\\Pipeline\\Pipeline.php(163): Illuminate\\Auth\\Middleware\\Authenticate->handle(Object(Illuminate\\Http\\Request), Object(Closure))
#15 C:\\xampp\\htdocs\\Laravel Projects\\GSF\\vendor\\laravel\\framework\\src\\Illuminate\\Routing\\Pipeline.php(53): Illuminate\\Pipeline\\Pipeline->Illuminate\\Pipeline\\{closure}(Object(Illuminate\\Http\\Request))
#16 C:\\xampp\\htdocs\\Laravel Projects\\GSF\\vendor\\laravel\\framework\\src\\Illuminate\\Foundation\\Http\\Middleware\\VerifyCsrfToken.php(75): Illuminate\\Routing\\Pipeline->Illuminate\\Routing\\{closure}(Object(Illuminate\\Http\\Request))
#17 C:\\xampp\\htdocs\\Laravel Projects\\GSF\\vendor\\laravel\\framework\\src\\Illuminate\\Pipeline\\Pipeline.php(163): Illuminate\\Foundation\\Http\\Middleware\\VerifyCsrfToken->handle(Object(Illuminate\\Http\\Request), Object(Closure))
#18 C:\\xampp\\htdocs\\Laravel Projects\\GSF\\vendor\\laravel\\framework\\src\\Illuminate\\Routing\\Pipeline.php(53): Illuminate\\Pipeline\\Pipeline->Illuminate\\Pipeline\\{closure}(Object(Illuminate\\Http\\Request))
#19 C:\\xampp\\htdocs\\Laravel Projects\\GSF\\vendor\\laravel\\framework\\src\\Illuminate\\View\\Middleware\\ShareErrorsFromSession.php(49): Illuminate\\Routing\\Pipeline->Illuminate\\Routing\\{closure}(Object(Illuminate\\Http\\Request))
#20 C:\\xampp\\htdocs\\Laravel Projects\\GSF\\vendor\\laravel\\framework\\src\\Illuminate\\Pipeline\\Pipeline.php(163): Illuminate\\View\\Middleware\\ShareErrorsFromSession->handle(Object(Illuminate\\Http\\Request), Object(Closure))
#21 C:\\xampp\\htdocs\\Laravel Projects\\GSF\\vendor\\laravel\\framework\\src\\Illuminate\\Routing\\Pipeline.php(53): Illuminate\\Pipeline\\Pipeline->Illuminate\\Pipeline\\{closure}(Object(Illuminate\\Http\\Request))
#22 C:\\xampp\\htdocs\\Laravel Projects\\GSF\\vendor\\laravel\\framework\\src\\Illuminate\\Session\\Middleware\\StartSession.php(56): Illuminate\\Routing\\Pipeline->Illuminate\\Routing\\{closure}(Object(Illuminate\\Http\\Request))
#23 C:\\xampp\\htdocs\\Laravel Projects\\GSF\\vendor\\laravel\\framework\\src\\Illuminate\\Pipeline\\Pipeline.php(163): Illuminate\\Session\\Middleware\\StartSession->handle(Object(Illuminate\\Http\\Request), Object(Closure))
#24 C:\\xampp\\htdocs\\Laravel Projects\\GSF\\vendor\\laravel\\framework\\src\\Illuminate\\Routing\\Pipeline.php(53): Illuminate\\Pipeline\\Pipeline->Illuminate\\Pipeline\\{closure}(Object(Illuminate\\Http\\Request))
#25 C:\\xampp\\htdocs\\Laravel Projects\\GSF\\vendor\\laravel\\framework\\src\\Illuminate\\Cookie\\Middleware\\AddQueuedCookiesToResponse.php(37): Illuminate\\Routing\\Pipeline->Illuminate\\Routing\\{closure}(Object(Illuminate\\Http\\Request))
#26 C:\\xampp\\htdocs\\Laravel Projects\\GSF\\vendor\\laravel\\framework\\src\\Illuminate\\Pipeline\\Pipeline.php(163): Illuminate\\Cookie\\Middleware\\AddQueuedCookiesToResponse->handle(Object(Illuminate\\Http\\Request), Object(Closure))
#27 C:\\xampp\\htdocs\\Laravel Projects\\GSF\\vendor\\laravel\\framework\\src\\Illuminate\\Routing\\Pipeline.php(53): Illuminate\\Pipeline\\Pipeline->Illuminate\\Pipeline\\{closure}(Object(Illuminate\\Http\\Request))
#28 C:\\xampp\\htdocs\\Laravel Projects\\GSF\\vendor\\laravel\\framework\\src\\Illuminate\\Cookie\\Middleware\\EncryptCookies.php(66): Illuminate\\Routing\\Pipeline->Illuminate\\Routing\\{closure}(Object(Illuminate\\Http\\Request))
#29 C:\\xampp\\htdocs\\Laravel Projects\\GSF\\vendor\\laravel\\framework\\src\\Illuminate\\Pipeline\\Pipeline.php(163): Illuminate\\Cookie\\Middleware\\EncryptCookies->handle(Object(Illuminate\\Http\\Request), Object(Closure))
#30 C:\\xampp\\htdocs\\Laravel Projects\\GSF\\vendor\\laravel\\framework\\src\\Illuminate\\Routing\\Pipeline.php(53): Illuminate\\Pipeline\\Pipeline->Illuminate\\Pipeline\\{closure}(Object(Illuminate\\Http\\Request))
#31 C:\\xampp\\htdocs\\Laravel Projects\\GSF\\vendor\\laravel\\framework\\src\\Illuminate\\Pipeline\\Pipeline.php(104): Illuminate\\Routing\\Pipeline->Illuminate\\Routing\\{closure}(Object(Illuminate\\Http\\Request))
#32 C:\\xampp\\htdocs\\Laravel Projects\\GSF\\vendor\\laravel\\framework\\src\\Illuminate\\Routing\\Router.php(682): Illuminate\\Pipeline\\Pipeline->then(Object(Closure))
#33 C:\\xampp\\htdocs\\Laravel Projects\\GSF\\vendor\\laravel\\framework\\src\\Illuminate\\Routing\\Router.php(657): Illuminate\\Routing\\Router->runRouteWithinStack(Object(Illuminate\\Routing\\Route), Object(Illuminate\\Http\\Request))
#34 C:\\xampp\\htdocs\\Laravel Projects\\GSF\\vendor\\laravel\\framework\\src\\Illuminate\\Routing\\Router.php(623): Illuminate\\Routing\\Router->runRoute(Object(Illuminate\\Http\\Request), Object(Illuminate\\Routing\\Route))
#35 C:\\xampp\\htdocs\\Laravel Projects\\GSF\\vendor\\laravel\\framework\\src\\Illuminate\\Routing\\Router.php(612): Illuminate\\Routing\\Router->dispatchToRoute(Object(Illuminate\\Http\\Request))
#36 C:\\xampp\\htdocs\\Laravel Projects\\GSF\\vendor\\laravel\\framework\\src\\Illuminate\\Foundation\\Http\\Kernel.php(176): Illuminate\\Routing\\Router->dispatch(Object(Illuminate\\Http\\Request))
#37 C:\\xampp\\htdocs\\Laravel Projects\\GSF\\vendor\\laravel\\framework\\src\\Illuminate\\Routing\\Pipeline.php(30): Illuminate\\Foundation\\Http\\Kernel->Illuminate\\Foundation\\Http\\{closure}(Object(Illuminate\\Http\\Request))
#38 C:\\xampp\\htdocs\\Laravel Projects\\GSF\\vendor\\fideloper\\proxy\\src\\TrustProxies.php(57): Illuminate\\Routing\\Pipeline->Illuminate\\Routing\\{closure}(Object(Illuminate\\Http\\Request))
#39 C:\\xampp\\htdocs\\Laravel Projects\\GSF\\vendor\\laravel\\framework\\src\\Illuminate\\Pipeline\\Pipeline.php(163): Fideloper\\Proxy\\TrustProxies->handle(Object(Illuminate\\Http\\Request), Object(Closure))
#40 C:\\xampp\\htdocs\\Laravel Projects\\GSF\\vendor\\laravel\\framework\\src\\Illuminate\\Routing\\Pipeline.php(53): Illuminate\\Pipeline\\Pipeline->Illuminate\\Pipeline\\{closure}(Object(Illuminate\\Http\\Request))
#41 C:\\xampp\\htdocs\\Laravel Projects\\GSF\\vendor\\laravel\\framework\\src\\Illuminate\\Foundation\\Http\\Middleware\\TransformsRequest.php(21): Illuminate\\Routing\\Pipeline->Illuminate\\Routing\\{closure}(Object(Illuminate\\Http\\Request))
#42 C:\\xampp\\htdocs\\Laravel Projects\\GSF\\vendor\\laravel\\framework\\src\\Illuminate\\Pipeline\\Pipeline.php(163): Illuminate\\Foundation\\Http\\Middleware\\TransformsRequest->handle(Object(Illuminate\\Http\\Request), Object(Closure))
#43 C:\\xampp\\htdocs\\Laravel Projects\\GSF\\vendor\\laravel\\framework\\src\\Illuminate\\Routing\\Pipeline.php(53): Illuminate\\Pipeline\\Pipeline->Illuminate\\Pipeline\\{closure}(Object(Illuminate\\Http\\Request))
#44 C:\\xampp\\htdocs\\Laravel Projects\\GSF\\vendor\\laravel\\framework\\src\\Illuminate\\Foundation\\Http\\Middleware\\TransformsRequest.php(21): Illuminate\\Routing\\Pipeline->Illuminate\\Routing\\{closure}(Object(Illuminate\\Http\\Request))
#45 C:\\xampp\\htdocs\\Laravel Projects\\GSF\\vendor\\laravel\\framework\\src\\Illuminate\\Pipeline\\Pipeline.php(163): Illuminate\\Foundation\\Http\\Middleware\\TransformsRequest->handle(Object(Illuminate\\Http\\Request), Object(Closure))
#46 C:\\xampp\\htdocs\\Laravel Projects\\GSF\\vendor\\laravel\\framework\\src\\Illuminate\\Routing\\Pipeline.php(53): Illuminate\\Pipeline\\Pipeline->Illuminate\\Pipeline\\{closure}(Object(Illuminate\\Http\\Request))
#47 C:\\xampp\\htdocs\\Laravel Projects\\GSF\\vendor\\laravel\\framework\\src\\Illuminate\\Foundation\\Http\\Middleware\\ValidatePostSize.php(27): Illuminate\\Routing\\Pipeline->Illuminate\\Routing\\{closure}(Object(Illuminate\\Http\\Request))
#48 C:\\xampp\\htdocs\\Laravel Projects\\GSF\\vendor\\laravel\\framework\\src\\Illuminate\\Pipeline\\Pipeline.php(163): Illuminate\\Foundation\\Http\\Middleware\\ValidatePostSize->handle(Object(Illuminate\\Http\\Request), Object(Closure))
#49 C:\\xampp\\htdocs\\Laravel Projects\\GSF\\vendor\\laravel\\framework\\src\\Illuminate\\Routing\\Pipeline.php(53): Illuminate\\Pipeline\\Pipeline->Illuminate\\Pipeline\\{closure}(Object(Illuminate\\Http\\Request))
#50 C:\\xampp\\htdocs\\Laravel Projects\\GSF\\vendor\\laravel\\framework\\src\\Illuminate\\Foundation\\Http\\Middleware\\CheckForMaintenanceMode.php(62): Illuminate\\Routing\\Pipeline->Illuminate\\Routing\\{closure}(Object(Illuminate\\Http\\Request))
#51 C:\\xampp\\htdocs\\Laravel Projects\\GSF\\vendor\\laravel\\framework\\src\\Illuminate\\Pipeline\\Pipeline.php(163): Illuminate\\Foundation\\Http\\Middleware\\CheckForMaintenanceMode->handle(Object(Illuminate\\Http\\Request), Object(Closure))
#52 C:\\xampp\\htdocs\\Laravel Projects\\GSF\\vendor\\laravel\\framework\\src\\Illuminate\\Routing\\Pipeline.php(53): Illuminate\\Pipeline\\Pipeline->Illuminate\\Pipeline\\{closure}(Object(Illuminate\\Http\\Request))
#53 C:\\xampp\\htdocs\\Laravel Projects\\GSF\\vendor\\laravel\\framework\\src\\Illuminate\\Pipeline\\Pipeline.php(104): Illuminate\\Routing\\Pipeline->Illuminate\\Routing\\{closure}(Object(Illuminate\\Http\\Request))
#54 C:\\xampp\\htdocs\\Laravel Projects\\GSF\\vendor\\laravel\\framework\\src\\Illuminate\\Foundation\\Http\\Kernel.php(151): Illuminate\\Pipeline\\Pipeline->then(Object(Closure))
#55 C:\\xampp\\htdocs\\Laravel Projects\\GSF\\vendor\\laravel\\framework\\src\\Illuminate\\Foundation\\Http\\Kernel.php(116): Illuminate\\Foundation\\Http\\Kernel->sendRequestThroughRouter(Object(Illuminate\\Http\\Request))
#56 C:\\xampp\\htdocs\\Laravel Projects\\GSF\\public\\index.php(55): Illuminate\\Foundation\\Http\\Kernel->handle(Object(Illuminate\\Http\\Request))
#57 C:\\xampp\\htdocs\\Laravel Projects\\GSF\\server.php(21): require_once('C:\\\\xampp\\\\htdocs...')
#58 {main}
"} 
[2021-01-26 15:51:15] local.ERROR: Maximum execution time of 60 seconds exceeded {"userId":17,"exception":"[object] (Symfony\\Component\\Debug\\Exception\\FatalErrorException(code: 1): Maximum execution time of 60 seconds exceeded at C:\\xampp\\htdocs\\Laravel Projects\\GSF\\vendor\\dompdf\\dompdf\\src\\Helpers.php:536)
[stacktrace]
#0 {main}
"} 
[2021-01-26 15:53:10] local.ERROR: Maximum execution time of 60 seconds exceeded {"userId":17,"exception":"[object] (Symfony\\Component\\Debug\\Exception\\FatalErrorException(code: 1): Maximum execution time of 60 seconds exceeded at C:\\xampp\\htdocs\\Laravel Projects\\GSF\\vendor\\dompdf\\dompdf\\src\\FrameDecorator\\Inline.php:22)
[stacktrace]
#0 {main}
"} 
[2021-01-26 15:54:53] local.ERROR: Maximum execution time of 60 seconds exceeded {"userId":17,"exception":"[object] (Symfony\\Component\\Debug\\Exception\\FatalErrorException(code: 1): Maximum execution time of 60 seconds exceeded at C:\\xampp\\htdocs\\Laravel Projects\\GSF\\vendor\\dompdf\\dompdf\\src\\Helpers.php:536)
[stacktrace]
#0 {main}
"} 
