[2020-11-04 00:08:30] local.ERROR: syntax error, unexpected ')' (View: C:\xampp\htdocs\Laravel Projects\tlight\resources\views\admin\users\edit.blade.php) {"userId":1,"exception":"[object] (ErrorException(code: 0): syntax error, unexpected ')' (View: C:\\xampp\\htdocs\\Laravel Projects\\tlight\esources\\views\\admin\\users\\edit.blade.php) at C:\\xampp\\htdocs\\Laravel Projects\\tlight\\storage\\framework\\views\\31d4ba8ec9930b1bc7877c029decce6da06d27e0.php:27, Symfony\\Component\\Debug\\Exception\\FatalThrowableError(code: 0): syntax error, unexpected ')' at C:\\xampp\\htdocs\\Laravel Projects\\tlight\\storage\\framework\\views\\31d4ba8ec9930b1bc7877c029decce6da06d27e0.php:27)
[stacktrace]
#0 C:\\xampp\\htdocs\\Laravel Projects\\tlight\\vendor\\laravel\\framework\\src\\Illuminate\\View\\Engines\\PhpEngine.php(47): Illuminate\\View\\Engines\\CompilerEngine->handleViewException(Object(Symfony\\Component\\Debug\\Exception\\FatalThrowableError), 1)
#1 C:\\xampp\\htdocs\\Laravel Projects\\tlight\\vendor\\laravel\\framework\\src\\Illuminate\\View\\Engines\\CompilerEngine.php(59): Illuminate\\View\\Engines\\PhpEngine->evaluatePath('C:\\\\xampp\\\\htdocs...', Array)
#2 C:\\xampp\\htdocs\\Laravel Projects\\tlight\\vendor\\laravel\\framework\\src\\Illuminate\\View\\View.php(142): Illuminate\\View\\Engines\\CompilerEngine->get('C:\\\\xampp\\\\htdocs...', Array)
#3 C:\\xampp\\htdocs\\Laravel Projects\\tlight\\vendor\\laravel\\framework\\src\\Illuminate\\View\\View.php(125): Illuminate\\View\\View->getContents()
#4 C:\\xampp\\htdocs\\Laravel Projects\\tlight\\vendor\\laravel\\framework\\src\\Illuminate\\View\\View.php(90): Illuminate\\View\\View->renderContents()
#5 C:\\xampp\\htdocs\\Laravel Projects\\tlight\\vendor\\laravel\\framework\\src\\Illuminate\\Http\\Response.php(42): Illuminate\\View\\View->render()
#6 C:\\xampp\\htdocs\\Laravel Projects\\tlight\\vendor\\symfony\\http-foundation\\Response.php(205): Illuminate\\Http\\Response->setContent(Object(Illuminate\\View\\View))
#7 C:\\xampp\\htdocs\\Laravel Projects\\tlight\\vendor\\laravel\\framework\\src\\Illuminate\\Routing\\Router.php(748): Symfony\\Component\\HttpFoundation\\Response->__construct(Object(Illuminate\\View\\View))
#8 C:\\xampp\\htdocs\\Laravel Projects\\tlight\\vendor\\laravel\\framework\\src\\Illuminate\\Routing\\Router.php(720): Illuminate\\Routing\\Router::toResponse(Object(Illuminate\\Http\\Request), Object(Illuminate\\View\\View))
#9 C:\\xampp\\htdocs\\Laravel Projects\\tlight\\vendor\\laravel\\framework\\src\\Illuminate\\Routing\\Router.php(680): Illuminate\\Routing\\Router->prepareResponse(Object(Illuminate\\Http\\Request), Object(Illuminate\\View\\View))
#10 C:\\xampp\\htdocs\\Laravel Projects\\tlight\\vendor\\laravel\\framework\\src\\Illuminate\\Routing\\Pipeline.php(30): Illuminate\\Routing\\Router->Illuminate\\Routing\\{closure}(Object(Illuminate\\Http\\Request))
#11 C:\\xampp\\htdocs\\Laravel Projects\\tlight\\app\\Http\\Middleware\\SwitchUser.php(22): Illuminate\\Routing\\Pipeline->Illuminate\\Routing\\{closure}(Object(Illuminate\\Http\\Request))
#12 C:\\xampp\\htdocs\\Laravel Projects\\tlight\\vendor\\laravel\\framework\\src\\Illuminate\\Pipeline\\Pipeline.php(163): App\\Http\\Middleware\\SwitchUser->handle(Object(Illuminate\\Http\\Request), Object(Closure))
#13 C:\\xampp\\htdocs\\Laravel Projects\\tlight\\vendor\\laravel\\framework\\src\\Illuminate\\Routing\\Pipeline.php(53): Illuminate\\Pipeline\\Pipeline->Illuminate\\Pipeline\\{closure}(Object(Illuminate\\Http\\Request))
#14 C:\\xampp\\htdocs\\Laravel Projects\\tlight\\vendor\\laravel\\framework\\src\\Illuminate\\Auth\\Middleware\\EnsureEmailIsVerified.php(29): Illuminate\\Routing\\Pipeline->Illuminate\\Routing\\{closure}(Object(Illuminate\\Http\\Request))
#15 C:\\xampp\\htdocs\\Laravel Projects\\tlight\\vendor\\laravel\\framework\\src\\Illuminate\\Pipeline\\Pipeline.php(163): Illuminate\\Auth\\Middleware\\EnsureEmailIsVerified->handle(Object(Illuminate\\Http\\Request), Object(Closure))
#16 C:\\xampp\\htdocs\\Laravel Projects\\tlight\\vendor\\laravel\\framework\\src\\Illuminate\\Routing\\Pipeline.php(53): Illuminate\\Pipeline\\Pipeline->Illuminate\\Pipeline\\{closure}(Object(Illuminate\\Http\\Request))
#17 C:\\xampp\\htdocs\\Laravel Projects\\tlight\\vendor\\laravel\\framework\\src\\Illuminate\\Routing\\Middleware\\SubstituteBindings.php(41): Illuminate\\Routing\\Pipeline->Illuminate\\Routing\\{closure}(Object(Illuminate\\Http\\Request))
#18 C:\\xampp\\htdocs\\Laravel Projects\\tlight\\vendor\\laravel\\framework\\src\\Illuminate\\Pipeline\\Pipeline.php(163): Illuminate\\Routing\\Middleware\\SubstituteBindings->handle(Object(Illuminate\\Http\\Request), Object(Closure))
#19 C:\\xampp\\htdocs\\Laravel Projects\\tlight\\vendor\\laravel\\framework\\src\\Illuminate\\Routing\\Pipeline.php(53): Illuminate\\Pipeline\\Pipeline->Illuminate\\Pipeline\\{closure}(Object(Illuminate\\Http\\Request))
#20 C:\\xampp\\htdocs\\Laravel Projects\\tlight\\vendor\\laravel\\framework\\src\\Illuminate\\Auth\\Middleware\\Authenticate.php(43): Illuminate\\Routing\\Pipeline->Illuminate\\Routing\\{closure}(Object(Illuminate\\Http\\Request))
#21 C:\\xampp\\htdocs\\Laravel Projects\\tlight\\vendor\\laravel\\framework\\src\\Illuminate\\Pipeline\\Pipeline.php(163): Illuminate\\Auth\\Middleware\\Authenticate->handle(Object(Illuminate\\Http\\Request), Object(Closure))
#22 C:\\xampp\\htdocs\\Laravel Projects\\tlight\\vendor\\laravel\\framework\\src\\Illuminate\\Routing\\Pipeline.php(53): Illuminate\\Pipeline\\Pipeline->Illuminate\\Pipeline\\{closure}(Object(Illuminate\\Http\\Request))
#23 C:\\xampp\\htdocs\\Laravel Projects\\tlight\\vendor\\laravel\\framework\\src\\Illuminate\\Foundation\\Http\\Middleware\\VerifyCsrfToken.php(75): Illuminate\\Routing\\Pipeline->Illuminate\\Routing\\{closure}(Object(Illuminate\\Http\\Request))
#24 C:\\xampp\\htdocs\\Laravel Projects\\tlight\\vendor\\laravel\\framework\\src\\Illuminate\\Pipeline\\Pipeline.php(163): Illuminate\\Foundation\\Http\\Middleware\\VerifyCsrfToken->handle(Object(Illuminate\\Http\\Request), Object(Closure))
#25 C:\\xampp\\htdocs\\Laravel Projects\\tlight\\vendor\\laravel\\framework\\src\\Illuminate\\Routing\\Pipeline.php(53): Illuminate\\Pipeline\\Pipeline->Illuminate\\Pipeline\\{closure}(Object(Illuminate\\Http\\Request))
#26 C:\\xampp\\htdocs\\Laravel Projects\\tlight\\vendor\\laravel\\framework\\src\\Illuminate\\View\\Middleware\\ShareErrorsFromSession.php(49): Illuminate\\Routing\\Pipeline->Illuminate\\Routing\\{closure}(Object(Illuminate\\Http\\Request))
#27 C:\\xampp\\htdocs\\Laravel Projects\\tlight\\vendor\\laravel\\framework\\src\\Illuminate\\Pipeline\\Pipeline.php(163): Illuminate\\View\\Middleware\\ShareErrorsFromSession->handle(Object(Illuminate\\Http\\Request), Object(Closure))
#28 C:\\xampp\\htdocs\\Laravel Projects\\tlight\\vendor\\laravel\\framework\\src\\Illuminate\\Routing\\Pipeline.php(53): Illuminate\\Pipeline\\Pipeline->Illuminate\\Pipeline\\{closure}(Object(Illuminate\\Http\\Request))
#29 C:\\xampp\\htdocs\\Laravel Projects\\tlight\\vendor\\laravel\\framework\\src\\Illuminate\\Session\\Middleware\\StartSession.php(56): Illuminate\\Routing\\Pipeline->Illuminate\\Routing\\{closure}(Object(Illuminate\\Http\\Request))
#30 C:\\xampp\\htdocs\\Laravel Projects\\tlight\\vendor\\laravel\\framework\\src\\Illuminate\\Pipeline\\Pipeline.php(163): Illuminate\\Session\\Middleware\\StartSession->handle(Object(Illuminate\\Http\\Request), Object(Closure))
#31 C:\\xampp\\htdocs\\Laravel Projects\\tlight\\vendor\\laravel\\framework\\src\\Illuminate\\Routing\\Pipeline.php(53): Illuminate\\Pipeline\\Pipeline->Illuminate\\Pipeline\\{closure}(Object(Illuminate\\Http\\Request))
#32 C:\\xampp\\htdocs\\Laravel Projects\\tlight\\vendor\\laravel\\framework\\src\\Illuminate\\Cookie\\Middleware\\AddQueuedCookiesToResponse.php(37): Illuminate\\Routing\\Pipeline->Illuminate\\Routing\\{closure}(Object(Illuminate\\Http\\Request))
#33 C:\\xampp\\htdocs\\Laravel Projects\\tlight\\vendor\\laravel\\framework\\src\\Illuminate\\Pipeline\\Pipeline.php(163): Illuminate\\Cookie\\Middleware\\AddQueuedCookiesToResponse->handle(Object(Illuminate\\Http\\Request), Object(Closure))
#34 C:\\xampp\\htdocs\\Laravel Projects\\tlight\\vendor\\laravel\\framework\\src\\Illuminate\\Routing\\Pipeline.php(53): Illuminate\\Pipeline\\Pipeline->Illuminate\\Pipeline\\{closure}(Object(Illuminate\\Http\\Request))
#35 C:\\xampp\\htdocs\\Laravel Projects\\tlight\\vendor\\laravel\\framework\\src\\Illuminate\\Cookie\\Middleware\\EncryptCookies.php(66): Illuminate\\Routing\\Pipeline->Illuminate\\Routing\\{closure}(Object(Illuminate\\Http\\Request))
#36 C:\\xampp\\htdocs\\Laravel Projects\\tlight\\vendor\\laravel\\framework\\src\\Illuminate\\Pipeline\\Pipeline.php(163): Illuminate\\Cookie\\Middleware\\EncryptCookies->handle(Object(Illuminate\\Http\\Request), Object(Closure))
#37 C:\\xampp\\htdocs\\Laravel Projects\\tlight\\vendor\\laravel\\framework\\src\\Illuminate\\Routing\\Pipeline.php(53): Illuminate\\Pipeline\\Pipeline->Illuminate\\Pipeline\\{closure}(Object(Illuminate\\Http\\Request))
#38 C:\\xampp\\htdocs\\Laravel Projects\\tlight\\vendor\\laravel\\framework\\src\\Illuminate\\Pipeline\\Pipeline.php(104): Illuminate\\Routing\\Pipeline->Illuminate\\Routing\\{closure}(Object(Illuminate\\Http\\Request))
#39 C:\\xampp\\htdocs\\Laravel Projects\\tlight\\vendor\\laravel\\framework\\src\\Illuminate\\Routing\\Router.php(682): Illuminate\\Pipeline\\Pipeline->then(Object(Closure))
#40 C:\\xampp\\htdocs\\Laravel Projects\\tlight\\vendor\\laravel\\framework\\src\\Illuminate\\Routing\\Router.php(657): Illuminate\\Routing\\Router->runRouteWithinStack(Object(Illuminate\\Routing\\Route), Object(Illuminate\\Http\\Request))
#41 C:\\xampp\\htdocs\\Laravel Projects\\tlight\\vendor\\laravel\\framework\\src\\Illuminate\\Routing\\Router.php(623): Illuminate\\Routing\\Router->runRoute(Object(Illuminate\\Http\\Request), Object(Illuminate\\Routing\\Route))
#42 C:\\xampp\\htdocs\\Laravel Projects\\tlight\\vendor\\laravel\\framework\\src\\Illuminate\\Routing\\Router.php(612): Illuminate\\Routing\\Router->dispatchToRoute(Object(Illuminate\\Http\\Request))
#43 C:\\xampp\\htdocs\\Laravel Projects\\tlight\\vendor\\laravel\\framework\\src\\Illuminate\\Foundation\\Http\\Kernel.php(176): Illuminate\\Routing\\Router->dispatch(Object(Illuminate\\Http\\Request))
#44 C:\\xampp\\htdocs\\Laravel Projects\\tlight\\vendor\\laravel\\framework\\src\\Illuminate\\Routing\\Pipeline.php(30): Illuminate\\Foundation\\Http\\Kernel->Illuminate\\Foundation\\Http\\{closure}(Object(Illuminate\\Http\\Request))
#45 C:\\xampp\\htdocs\\Laravel Projects\\tlight\\vendor\\fideloper\\proxy\\src\\TrustProxies.php(57): Illuminate\\Routing\\Pipeline->Illuminate\\Routing\\{closure}(Object(Illuminate\\Http\\Request))
#46 C:\\xampp\\htdocs\\Laravel Projects\\tlight\\vendor\\laravel\\framework\\src\\Illuminate\\Pipeline\\Pipeline.php(163): Fideloper\\Proxy\\TrustProxies->handle(Object(Illuminate\\Http\\Request), Object(Closure))
#47 C:\\xampp\\htdocs\\Laravel Projects\\tlight\\vendor\\laravel\\framework\\src\\Illuminate\\Routing\\Pipeline.php(53): Illuminate\\Pipeline\\Pipeline->Illuminate\\Pipeline\\{closure}(Object(Illuminate\\Http\\Request))
#48 C:\\xampp\\htdocs\\Laravel Projects\\tlight\\vendor\\laravel\\framework\\src\\Illuminate\\Foundation\\Http\\Middleware\\TransformsRequest.php(21): Illuminate\\Routing\\Pipeline->Illuminate\\Routing\\{closure}(Object(Illuminate\\Http\\Request))
#49 C:\\xampp\\htdocs\\Laravel Projects\\tlight\\vendor\\laravel\\framework\\src\\Illuminate\\Pipeline\\Pipeline.php(163): Illuminate\\Foundation\\Http\\Middleware\\TransformsRequest->handle(Object(Illuminate\\Http\\Request), Object(Closure))
#50 C:\\xampp\\htdocs\\Laravel Projects\\tlight\\vendor\\laravel\\framework\\src\\Illuminate\\Routing\\Pipeline.php(53): Illuminate\\Pipeline\\Pipeline->Illuminate\\Pipeline\\{closure}(Object(Illuminate\\Http\\Request))
#51 C:\\xampp\\htdocs\\Laravel Projects\\tlight\\vendor\\laravel\\framework\\src\\Illuminate\\Foundation\\Http\\Middleware\\TransformsRequest.php(21): Illuminate\\Routing\\Pipeline->Illuminate\\Routing\\{closure}(Object(Illuminate\\Http\\Request))
#52 C:\\xampp\\htdocs\\Laravel Projects\\tlight\\vendor\\laravel\\framework\\src\\Illuminate\\Pipeline\\Pipeline.php(163): Illuminate\\Foundation\\Http\\Middleware\\TransformsRequest->handle(Object(Illuminate\\Http\\Request), Object(Closure))
#53 C:\\xampp\\htdocs\\Laravel Projects\\tlight\\vendor\\laravel\\framework\\src\\Illuminate\\Routing\\Pipeline.php(53): Illuminate\\Pipeline\\Pipeline->Illuminate\\Pipeline\\{closure}(Object(Illuminate\\Http\\Request))
#54 C:\\xampp\\htdocs\\Laravel Projects\\tlight\\vendor\\laravel\\framework\\src\\Illuminate\\Foundation\\Http\\Middleware\\ValidatePostSize.php(27): Illuminate\\Routing\\Pipeline->Illuminate\\Routing\\{closure}(Object(Illuminate\\Http\\Request))
#55 C:\\xampp\\htdocs\\Laravel Projects\\tlight\\vendor\\laravel\\framework\\src\\Illuminate\\Pipeline\\Pipeline.php(163): Illuminate\\Foundation\\Http\\Middleware\\ValidatePostSize->handle(Object(Illuminate\\Http\\Request), Object(Closure))
#56 C:\\xampp\\htdocs\\Laravel Projects\\tlight\\vendor\\laravel\\framework\\src\\Illuminate\\Routing\\Pipeline.php(53): Illuminate\\Pipeline\\Pipeline->Illuminate\\Pipeline\\{closure}(Object(Illuminate\\Http\\Request))
#57 C:\\xampp\\htdocs\\Laravel Projects\\tlight\\vendor\\laravel\\framework\\src\\Illuminate\\Foundation\\Http\\Middleware\\CheckForMaintenanceMode.php(62): Illuminate\\Routing\\Pipeline->Illuminate\\Routing\\{closure}(Object(Illuminate\\Http\\Request))
#58 C:\\xampp\\htdocs\\Laravel Projects\\tlight\\vendor\\laravel\\framework\\src\\Illuminate\\Pipeline\\Pipeline.php(163): Illuminate\\Foundation\\Http\\Middleware\\CheckForMaintenanceMode->handle(Object(Illuminate\\Http\\Request), Object(Closure))
#59 C:\\xampp\\htdocs\\Laravel Projects\\tlight\\vendor\\laravel\\framework\\src\\Illuminate\\Routing\\Pipeline.php(53): Illuminate\\Pipeline\\Pipeline->Illuminate\\Pipeline\\{closure}(Object(Illuminate\\Http\\Request))
#60 C:\\xampp\\htdocs\\Laravel Projects\\tlight\\vendor\\laravel\\framework\\src\\Illuminate\\Pipeline\\Pipeline.php(104): Illuminate\\Routing\\Pipeline->Illuminate\\Routing\\{closure}(Object(Illuminate\\Http\\Request))
#61 C:\\xampp\\htdocs\\Laravel Projects\\tlight\\vendor\\laravel\\framework\\src\\Illuminate\\Foundation\\Http\\Kernel.php(151): Illuminate\\Pipeline\\Pipeline->then(Object(Closure))
#62 C:\\xampp\\htdocs\\Laravel Projects\\tlight\\vendor\\laravel\\framework\\src\\Illuminate\\Foundation\\Http\\Kernel.php(116): Illuminate\\Foundation\\Http\\Kernel->sendRequestThroughRouter(Object(Illuminate\\Http\\Request))
#63 C:\\xampp\\htdocs\\Laravel Projects\\tlight\\public\\index.php(55): Illuminate\\Foundation\\Http\\Kernel->handle(Object(Illuminate\\Http\\Request))
#64 C:\\xampp\\htdocs\\Laravel Projects\\tlight\\server.php(21): require_once('C:\\\\xampp\\\\htdocs...')
#65 {main}
"} 
[2020-11-04 00:17:22] local.ERROR: syntax error, unexpected '$data' (T_VARIABLE) {"exception":"[object] (Symfony\\Component\\Debug\\Exception\\FatalThrowableError(code: 0): syntax error, unexpected '$data' (T_VARIABLE) at C:\\xampp\\htdocs\\Laravel Projects\\tlight\\app\\Http\\Controllers\\UserController.php:109)
[stacktrace]
#0 C:\\xampp\\htdocs\\Laravel Projects\\tlight\\vendor\\composer\\ClassLoader.php(322): Composer\\Autoload\\includeFile('C:\\\\xampp\\\\htdocs...')
#1 [internal function]: Composer\\Autoload\\ClassLoader->loadClass('App\\\\Http\\\\Contro...')
#2 [internal function]: spl_autoload_call('App\\\\Http\\\\Contro...')
#3 C:\\xampp\\htdocs\\Laravel Projects\\tlight\\vendor\\laravel\\framework\\src\\Illuminate\\Container\\Container.php(788): ReflectionClass->__construct('App\\\\Http\\\\Contro...')
#4 C:\\xampp\\htdocs\\Laravel Projects\\tlight\\vendor\\laravel\\framework\\src\\Illuminate\\Container\\Container.php(667): Illuminate\\Container\\Container->build('App\\\\Http\\\\Contro...')
#5 C:\\xampp\\htdocs\\Laravel Projects\\tlight\\vendor\\laravel\\framework\\src\\Illuminate\\Container\\Container.php(615): Illuminate\\Container\\Container->resolve('App\\\\Http\\\\Contro...', Array)
#6 C:\\xampp\\htdocs\\Laravel Projects\\tlight\\vendor\\laravel\\framework\\src\\Illuminate\\Foundation\\Application.php(767): Illuminate\\Container\\Container->make('App\\\\Http\\\\Contro...', Array)
#7 C:\\xampp\\htdocs\\Laravel Projects\\tlight\\vendor\\laravel\\framework\\src\\Illuminate\\Routing\\Route.php(233): Illuminate\\Foundation\\Application->make('App\\\\Http\\\\Contro...')
#8 C:\\xampp\\htdocs\\Laravel Projects\\tlight\\vendor\\laravel\\framework\\src\\Illuminate\\Routing\\Route.php(833): Illuminate\\Routing\\Route->getController()
#9 C:\\xampp\\htdocs\\Laravel Projects\\tlight\\vendor\\laravel\\framework\\src\\Illuminate\\Routing\\Route.php(794): Illuminate\\Routing\\Route->controllerMiddleware()
#10 C:\\xampp\\htdocs\\Laravel Projects\\tlight\\vendor\\laravel\\framework\\src\\Illuminate\\Routing\\Router.php(693): Illuminate\\Routing\\Route->gatherMiddleware()
#11 C:\\xampp\\htdocs\\Laravel Projects\\tlight\\vendor\\laravel\\framework\\src\\Illuminate\\Routing\\Router.php(673): Illuminate\\Routing\\Router->gatherRouteMiddleware(Object(Illuminate\\Routing\\Route))
#12 C:\\xampp\\htdocs\\Laravel Projects\\tlight\\vendor\\laravel\\framework\\src\\Illuminate\\Routing\\Router.php(657): Illuminate\\Routing\\Router->runRouteWithinStack(Object(Illuminate\\Routing\\Route), Object(Illuminate\\Http\\Request))
#13 C:\\xampp\\htdocs\\Laravel Projects\\tlight\\vendor\\laravel\\framework\\src\\Illuminate\\Routing\\Router.php(623): Illuminate\\Routing\\Router->runRoute(Object(Illuminate\\Http\\Request), Object(Illuminate\\Routing\\Route))
#14 C:\\xampp\\htdocs\\Laravel Projects\\tlight\\vendor\\laravel\\framework\\src\\Illuminate\\Routing\\Router.php(612): Illuminate\\Routing\\Router->dispatchToRoute(Object(Illuminate\\Http\\Request))
#15 C:\\xampp\\htdocs\\Laravel Projects\\tlight\\vendor\\laravel\\framework\\src\\Illuminate\\Foundation\\Http\\Kernel.php(176): Illuminate\\Routing\\Router->dispatch(Object(Illuminate\\Http\\Request))
#16 C:\\xampp\\htdocs\\Laravel Projects\\tlight\\vendor\\laravel\\framework\\src\\Illuminate\\Routing\\Pipeline.php(30): Illuminate\\Foundation\\Http\\Kernel->Illuminate\\Foundation\\Http\\{closure}(Object(Illuminate\\Http\\Request))
#17 C:\\xampp\\htdocs\\Laravel Projects\\tlight\\vendor\\fideloper\\proxy\\src\\TrustProxies.php(57): Illuminate\\Routing\\Pipeline->Illuminate\\Routing\\{closure}(Object(Illuminate\\Http\\Request))
#18 C:\\xampp\\htdocs\\Laravel Projects\\tlight\\vendor\\laravel\\framework\\src\\Illuminate\\Pipeline\\Pipeline.php(163): Fideloper\\Proxy\\TrustProxies->handle(Object(Illuminate\\Http\\Request), Object(Closure))
#19 C:\\xampp\\htdocs\\Laravel Projects\\tlight\\vendor\\laravel\\framework\\src\\Illuminate\\Routing\\Pipeline.php(53): Illuminate\\Pipeline\\Pipeline->Illuminate\\Pipeline\\{closure}(Object(Illuminate\\Http\\Request))
#20 C:\\xampp\\htdocs\\Laravel Projects\\tlight\\vendor\\laravel\\framework\\src\\Illuminate\\Foundation\\Http\\Middleware\\TransformsRequest.php(21): Illuminate\\Routing\\Pipeline->Illuminate\\Routing\\{closure}(Object(Illuminate\\Http\\Request))
#21 C:\\xampp\\htdocs\\Laravel Projects\\tlight\\vendor\\laravel\\framework\\src\\Illuminate\\Pipeline\\Pipeline.php(163): Illuminate\\Foundation\\Http\\Middleware\\TransformsRequest->handle(Object(Illuminate\\Http\\Request), Object(Closure))
#22 C:\\xampp\\htdocs\\Laravel Projects\\tlight\\vendor\\laravel\\framework\\src\\Illuminate\\Routing\\Pipeline.php(53): Illuminate\\Pipeline\\Pipeline->Illuminate\\Pipeline\\{closure}(Object(Illuminate\\Http\\Request))
#23 C:\\xampp\\htdocs\\Laravel Projects\\tlight\\vendor\\laravel\\framework\\src\\Illuminate\\Foundation\\Http\\Middleware\\TransformsRequest.php(21): Illuminate\\Routing\\Pipeline->Illuminate\\Routing\\{closure}(Object(Illuminate\\Http\\Request))
#24 C:\\xampp\\htdocs\\Laravel Projects\\tlight\\vendor\\laravel\\framework\\src\\Illuminate\\Pipeline\\Pipeline.php(163): Illuminate\\Foundation\\Http\\Middleware\\TransformsRequest->handle(Object(Illuminate\\Http\\Request), Object(Closure))
#25 C:\\xampp\\htdocs\\Laravel Projects\\tlight\\vendor\\laravel\\framework\\src\\Illuminate\\Routing\\Pipeline.php(53): Illuminate\\Pipeline\\Pipeline->Illuminate\\Pipeline\\{closure}(Object(Illuminate\\Http\\Request))
#26 C:\\xampp\\htdocs\\Laravel Projects\\tlight\\vendor\\laravel\\framework\\src\\Illuminate\\Foundation\\Http\\Middleware\\ValidatePostSize.php(27): Illuminate\\Routing\\Pipeline->Illuminate\\Routing\\{closure}(Object(Illuminate\\Http\\Request))
#27 C:\\xampp\\htdocs\\Laravel Projects\\tlight\\vendor\\laravel\\framework\\src\\Illuminate\\Pipeline\\Pipeline.php(163): Illuminate\\Foundation\\Http\\Middleware\\ValidatePostSize->handle(Object(Illuminate\\Http\\Request), Object(Closure))
#28 C:\\xampp\\htdocs\\Laravel Projects\\tlight\\vendor\\laravel\\framework\\src\\Illuminate\\Routing\\Pipeline.php(53): Illuminate\\Pipeline\\Pipeline->Illuminate\\Pipeline\\{closure}(Object(Illuminate\\Http\\Request))
#29 C:\\xampp\\htdocs\\Laravel Projects\\tlight\\vendor\\laravel\\framework\\src\\Illuminate\\Foundation\\Http\\Middleware\\CheckForMaintenanceMode.php(62): Illuminate\\Routing\\Pipeline->Illuminate\\Routing\\{closure}(Object(Illuminate\\Http\\Request))
#30 C:\\xampp\\htdocs\\Laravel Projects\\tlight\\vendor\\laravel\\framework\\src\\Illuminate\\Pipeline\\Pipeline.php(163): Illuminate\\Foundation\\Http\\Middleware\\CheckForMaintenanceMode->handle(Object(Illuminate\\Http\\Request), Object(Closure))
#31 C:\\xampp\\htdocs\\Laravel Projects\\tlight\\vendor\\laravel\\framework\\src\\Illuminate\\Routing\\Pipeline.php(53): Illuminate\\Pipeline\\Pipeline->Illuminate\\Pipeline\\{closure}(Object(Illuminate\\Http\\Request))
#32 C:\\xampp\\htdocs\\Laravel Projects\\tlight\\vendor\\laravel\\framework\\src\\Illuminate\\Pipeline\\Pipeline.php(104): Illuminate\\Routing\\Pipeline->Illuminate\\Routing\\{closure}(Object(Illuminate\\Http\\Request))
#33 C:\\xampp\\htdocs\\Laravel Projects\\tlight\\vendor\\laravel\\framework\\src\\Illuminate\\Foundation\\Http\\Kernel.php(151): Illuminate\\Pipeline\\Pipeline->then(Object(Closure))
#34 C:\\xampp\\htdocs\\Laravel Projects\\tlight\\vendor\\laravel\\framework\\src\\Illuminate\\Foundation\\Http\\Kernel.php(116): Illuminate\\Foundation\\Http\\Kernel->sendRequestThroughRouter(Object(Illuminate\\Http\\Request))
#35 C:\\xampp\\htdocs\\Laravel Projects\\tlight\\public\\index.php(55): Illuminate\\Foundation\\Http\\Kernel->handle(Object(Illuminate\\Http\\Request))
#36 C:\\xampp\\htdocs\\Laravel Projects\\tlight\\server.php(21): require_once('C:\\\\xampp\\\\htdocs...')
#37 {main}
"} 
[2020-11-04 00:19:42] local.ERROR: Undefined index: employee_id {"userId":1,"exception":"[object] (ErrorException(code: 0): Undefined index: employee_id at C:\\xampp\\htdocs\\Laravel Projects\\tlight\\app\\Http\\Controllers\\UserController.php:141)
[stacktrace]
#0 C:\\xampp\\htdocs\\Laravel Projects\\tlight\\app\\Http\\Controllers\\UserController.php(141): Illuminate\\Foundation\\Bootstrap\\HandleExceptions->handleError(8, 'Undefined index...', 'C:\\\\xampp\\\\htdocs...', 141, Array)
#1 [internal function]: App\\Http\\Controllers\\UserController->update(Object(Illuminate\\Http\\Request), Object(App\\User))
#2 C:\\xampp\\htdocs\\Laravel Projects\\tlight\\vendor\\laravel\\framework\\src\\Illuminate\\Routing\\Controller.php(54): call_user_func_array(Array, Array)
#3 C:\\xampp\\htdocs\\Laravel Projects\\tlight\\vendor\\laravel\\framework\\src\\Illuminate\\Routing\\ControllerDispatcher.php(45): Illuminate\\Routing\\Controller->callAction('update', Array)
#4 C:\\xampp\\htdocs\\Laravel Projects\\tlight\\vendor\\laravel\\framework\\src\\Illuminate\\Routing\\Route.php(219): Illuminate\\Routing\\ControllerDispatcher->dispatch(Object(Illuminate\\Routing\\Route), Object(App\\Http\\Controllers\\UserController), 'update')
#5 C:\\xampp\\htdocs\\Laravel Projects\\tlight\\vendor\\laravel\\framework\\src\\Illuminate\\Routing\\Route.php(176): Illuminate\\Routing\\Route->runController()
#6 C:\\xampp\\htdocs\\Laravel Projects\\tlight\\vendor\\laravel\\framework\\src\\Illuminate\\Routing\\Router.php(680): Illuminate\\Routing\\Route->run()
#7 C:\\xampp\\htdocs\\Laravel Projects\\tlight\\vendor\\laravel\\framework\\src\\Illuminate\\Routing\\Pipeline.php(30): Illuminate\\Routing\\Router->Illuminate\\Routing\\{closure}(Object(Illuminate\\Http\\Request))
#8 C:\\xampp\\htdocs\\Laravel Projects\\tlight\\app\\Http\\Middleware\\SwitchUser.php(22): Illuminate\\Routing\\Pipeline->Illuminate\\Routing\\{closure}(Object(Illuminate\\Http\\Request))
#9 C:\\xampp\\htdocs\\Laravel Projects\\tlight\\vendor\\laravel\\framework\\src\\Illuminate\\Pipeline\\Pipeline.php(163): App\\Http\\Middleware\\SwitchUser->handle(Object(Illuminate\\Http\\Request), Object(Closure))
#10 C:\\xampp\\htdocs\\Laravel Projects\\tlight\\vendor\\laravel\\framework\\src\\Illuminate\\Routing\\Pipeline.php(53): Illuminate\\Pipeline\\Pipeline->Illuminate\\Pipeline\\{closure}(Object(Illuminate\\Http\\Request))
#11 C:\\xampp\\htdocs\\Laravel Projects\\tlight\\vendor\\laravel\\framework\\src\\Illuminate\\Auth\\Middleware\\EnsureEmailIsVerified.php(29): Illuminate\\Routing\\Pipeline->Illuminate\\Routing\\{closure}(Object(Illuminate\\Http\\Request))
#12 C:\\xampp\\htdocs\\Laravel Projects\\tlight\\vendor\\laravel\\framework\\src\\Illuminate\\Pipeline\\Pipeline.php(163): Illuminate\\Auth\\Middleware\\EnsureEmailIsVerified->handle(Object(Illuminate\\Http\\Request), Object(Closure))
#13 C:\\xampp\\htdocs\\Laravel Projects\\tlight\\vendor\\laravel\\framework\\src\\Illuminate\\Routing\\Pipeline.php(53): Illuminate\\Pipeline\\Pipeline->Illuminate\\Pipeline\\{closure}(Object(Illuminate\\Http\\Request))
#14 C:\\xampp\\htdocs\\Laravel Projects\\tlight\\vendor\\laravel\\framework\\src\\Illuminate\\Routing\\Middleware\\SubstituteBindings.php(41): Illuminate\\Routing\\Pipeline->Illuminate\\Routing\\{closure}(Object(Illuminate\\Http\\Request))
#15 C:\\xampp\\htdocs\\Laravel Projects\\tlight\\vendor\\laravel\\framework\\src\\Illuminate\\Pipeline\\Pipeline.php(163): Illuminate\\Routing\\Middleware\\SubstituteBindings->handle(Object(Illuminate\\Http\\Request), Object(Closure))
#16 C:\\xampp\\htdocs\\Laravel Projects\\tlight\\vendor\\laravel\\framework\\src\\Illuminate\\Routing\\Pipeline.php(53): Illuminate\\Pipeline\\Pipeline->Illuminate\\Pipeline\\{closure}(Object(Illuminate\\Http\\Request))
#17 C:\\xampp\\htdocs\\Laravel Projects\\tlight\\vendor\\laravel\\framework\\src\\Illuminate\\Auth\\Middleware\\Authenticate.php(43): Illuminate\\Routing\\Pipeline->Illuminate\\Routing\\{closure}(Object(Illuminate\\Http\\Request))
#18 C:\\xampp\\htdocs\\Laravel Projects\\tlight\\vendor\\laravel\\framework\\src\\Illuminate\\Pipeline\\Pipeline.php(163): Illuminate\\Auth\\Middleware\\Authenticate->handle(Object(Illuminate\\Http\\Request), Object(Closure))
#19 C:\\xampp\\htdocs\\Laravel Projects\\tlight\\vendor\\laravel\\framework\\src\\Illuminate\\Routing\\Pipeline.php(53): Illuminate\\Pipeline\\Pipeline->Illuminate\\Pipeline\\{closure}(Object(Illuminate\\Http\\Request))
#20 C:\\xampp\\htdocs\\Laravel Projects\\tlight\\vendor\\laravel\\framework\\src\\Illuminate\\Foundation\\Http\\Middleware\\VerifyCsrfToken.php(75): Illuminate\\Routing\\Pipeline->Illuminate\\Routing\\{closure}(Object(Illuminate\\Http\\Request))
#21 C:\\xampp\\htdocs\\Laravel Projects\\tlight\\vendor\\laravel\\framework\\src\\Illuminate\\Pipeline\\Pipeline.php(163): Illuminate\\Foundation\\Http\\Middleware\\VerifyCsrfToken->handle(Object(Illuminate\\Http\\Request), Object(Closure))
#22 C:\\xampp\\htdocs\\Laravel Projects\\tlight\\vendor\\laravel\\framework\\src\\Illuminate\\Routing\\Pipeline.php(53): Illuminate\\Pipeline\\Pipeline->Illuminate\\Pipeline\\{closure}(Object(Illuminate\\Http\\Request))
#23 C:\\xampp\\htdocs\\Laravel Projects\\tlight\\vendor\\laravel\\framework\\src\\Illuminate\\View\\Middleware\\ShareErrorsFromSession.php(49): Illuminate\\Routing\\Pipeline->Illuminate\\Routing\\{closure}(Object(Illuminate\\Http\\Request))
#24 C:\\xampp\\htdocs\\Laravel Projects\\tlight\\vendor\\laravel\\framework\\src\\Illuminate\\Pipeline\\Pipeline.php(163): Illuminate\\View\\Middleware\\ShareErrorsFromSession->handle(Object(Illuminate\\Http\\Request), Object(Closure))
#25 C:\\xampp\\htdocs\\Laravel Projects\\tlight\\vendor\\laravel\\framework\\src\\Illuminate\\Routing\\Pipeline.php(53): Illuminate\\Pipeline\\Pipeline->Illuminate\\Pipeline\\{closure}(Object(Illuminate\\Http\\Request))
#26 C:\\xampp\\htdocs\\Laravel Projects\\tlight\\vendor\\laravel\\framework\\src\\Illuminate\\Session\\Middleware\\StartSession.php(56): Illuminate\\Routing\\Pipeline->Illuminate\\Routing\\{closure}(Object(Illuminate\\Http\\Request))
#27 C:\\xampp\\htdocs\\Laravel Projects\\tlight\\vendor\\laravel\\framework\\src\\Illuminate\\Pipeline\\Pipeline.php(163): Illuminate\\Session\\Middleware\\StartSession->handle(Object(Illuminate\\Http\\Request), Object(Closure))
#28 C:\\xampp\\htdocs\\Laravel Projects\\tlight\\vendor\\laravel\\framework\\src\\Illuminate\\Routing\\Pipeline.php(53): Illuminate\\Pipeline\\Pipeline->Illuminate\\Pipeline\\{closure}(Object(Illuminate\\Http\\Request))
#29 C:\\xampp\\htdocs\\Laravel Projects\\tlight\\vendor\\laravel\\framework\\src\\Illuminate\\Cookie\\Middleware\\AddQueuedCookiesToResponse.php(37): Illuminate\\Routing\\Pipeline->Illuminate\\Routing\\{closure}(Object(Illuminate\\Http\\Request))
#30 C:\\xampp\\htdocs\\Laravel Projects\\tlight\\vendor\\laravel\\framework\\src\\Illuminate\\Pipeline\\Pipeline.php(163): Illuminate\\Cookie\\Middleware\\AddQueuedCookiesToResponse->handle(Object(Illuminate\\Http\\Request), Object(Closure))
#31 C:\\xampp\\htdocs\\Laravel Projects\\tlight\\vendor\\laravel\\framework\\src\\Illuminate\\Routing\\Pipeline.php(53): Illuminate\\Pipeline\\Pipeline->Illuminate\\Pipeline\\{closure}(Object(Illuminate\\Http\\Request))
#32 C:\\xampp\\htdocs\\Laravel Projects\\tlight\\vendor\\laravel\\framework\\src\\Illuminate\\Cookie\\Middleware\\EncryptCookies.php(66): Illuminate\\Routing\\Pipeline->Illuminate\\Routing\\{closure}(Object(Illuminate\\Http\\Request))
#33 C:\\xampp\\htdocs\\Laravel Projects\\tlight\\vendor\\laravel\\framework\\src\\Illuminate\\Pipeline\\Pipeline.php(163): Illuminate\\Cookie\\Middleware\\EncryptCookies->handle(Object(Illuminate\\Http\\Request), Object(Closure))
#34 C:\\xampp\\htdocs\\Laravel Projects\\tlight\\vendor\\laravel\\framework\\src\\Illuminate\\Routing\\Pipeline.php(53): Illuminate\\Pipeline\\Pipeline->Illuminate\\Pipeline\\{closure}(Object(Illuminate\\Http\\Request))
#35 C:\\xampp\\htdocs\\Laravel Projects\\tlight\\vendor\\laravel\\framework\\src\\Illuminate\\Pipeline\\Pipeline.php(104): Illuminate\\Routing\\Pipeline->Illuminate\\Routing\\{closure}(Object(Illuminate\\Http\\Request))
#36 C:\\xampp\\htdocs\\Laravel Projects\\tlight\\vendor\\laravel\\framework\\src\\Illuminate\\Routing\\Router.php(682): Illuminate\\Pipeline\\Pipeline->then(Object(Closure))
#37 C:\\xampp\\htdocs\\Laravel Projects\\tlight\\vendor\\laravel\\framework\\src\\Illuminate\\Routing\\Router.php(657): Illuminate\\Routing\\Router->runRouteWithinStack(Object(Illuminate\\Routing\\Route), Object(Illuminate\\Http\\Request))
#38 C:\\xampp\\htdocs\\Laravel Projects\\tlight\\vendor\\laravel\\framework\\src\\Illuminate\\Routing\\Router.php(623): Illuminate\\Routing\\Router->runRoute(Object(Illuminate\\Http\\Request), Object(Illuminate\\Routing\\Route))
#39 C:\\xampp\\htdocs\\Laravel Projects\\tlight\\vendor\\laravel\\framework\\src\\Illuminate\\Routing\\Router.php(612): Illuminate\\Routing\\Router->dispatchToRoute(Object(Illuminate\\Http\\Request))
#40 C:\\xampp\\htdocs\\Laravel Projects\\tlight\\vendor\\laravel\\framework\\src\\Illuminate\\Foundation\\Http\\Kernel.php(176): Illuminate\\Routing\\Router->dispatch(Object(Illuminate\\Http\\Request))
#41 C:\\xampp\\htdocs\\Laravel Projects\\tlight\\vendor\\laravel\\framework\\src\\Illuminate\\Routing\\Pipeline.php(30): Illuminate\\Foundation\\Http\\Kernel->Illuminate\\Foundation\\Http\\{closure}(Object(Illuminate\\Http\\Request))
#42 C:\\xampp\\htdocs\\Laravel Projects\\tlight\\vendor\\fideloper\\proxy\\src\\TrustProxies.php(57): Illuminate\\Routing\\Pipeline->Illuminate\\Routing\\{closure}(Object(Illuminate\\Http\\Request))
#43 C:\\xampp\\htdocs\\Laravel Projects\\tlight\\vendor\\laravel\\framework\\src\\Illuminate\\Pipeline\\Pipeline.php(163): Fideloper\\Proxy\\TrustProxies->handle(Object(Illuminate\\Http\\Request), Object(Closure))
#44 C:\\xampp\\htdocs\\Laravel Projects\\tlight\\vendor\\laravel\\framework\\src\\Illuminate\\Routing\\Pipeline.php(53): Illuminate\\Pipeline\\Pipeline->Illuminate\\Pipeline\\{closure}(Object(Illuminate\\Http\\Request))
#45 C:\\xampp\\htdocs\\Laravel Projects\\tlight\\vendor\\laravel\\framework\\src\\Illuminate\\Foundation\\Http\\Middleware\\TransformsRequest.php(21): Illuminate\\Routing\\Pipeline->Illuminate\\Routing\\{closure}(Object(Illuminate\\Http\\Request))
#46 C:\\xampp\\htdocs\\Laravel Projects\\tlight\\vendor\\laravel\\framework\\src\\Illuminate\\Pipeline\\Pipeline.php(163): Illuminate\\Foundation\\Http\\Middleware\\TransformsRequest->handle(Object(Illuminate\\Http\\Request), Object(Closure))
#47 C:\\xampp\\htdocs\\Laravel Projects\\tlight\\vendor\\laravel\\framework\\src\\Illuminate\\Routing\\Pipeline.php(53): Illuminate\\Pipeline\\Pipeline->Illuminate\\Pipeline\\{closure}(Object(Illuminate\\Http\\Request))
#48 C:\\xampp\\htdocs\\Laravel Projects\\tlight\\vendor\\laravel\\framework\\src\\Illuminate\\Foundation\\Http\\Middleware\\TransformsRequest.php(21): Illuminate\\Routing\\Pipeline->Illuminate\\Routing\\{closure}(Object(Illuminate\\Http\\Request))
#49 C:\\xampp\\htdocs\\Laravel Projects\\tlight\\vendor\\laravel\\framework\\src\\Illuminate\\Pipeline\\Pipeline.php(163): Illuminate\\Foundation\\Http\\Middleware\\TransformsRequest->handle(Object(Illuminate\\Http\\Request), Object(Closure))
#50 C:\\xampp\\htdocs\\Laravel Projects\\tlight\\vendor\\laravel\\framework\\src\\Illuminate\\Routing\\Pipeline.php(53): Illuminate\\Pipeline\\Pipeline->Illuminate\\Pipeline\\{closure}(Object(Illuminate\\Http\\Request))
#51 C:\\xampp\\htdocs\\Laravel Projects\\tlight\\vendor\\laravel\\framework\\src\\Illuminate\\Foundation\\Http\\Middleware\\ValidatePostSize.php(27): Illuminate\\Routing\\Pipeline->Illuminate\\Routing\\{closure}(Object(Illuminate\\Http\\Request))
#52 C:\\xampp\\htdocs\\Laravel Projects\\tlight\\vendor\\laravel\\framework\\src\\Illuminate\\Pipeline\\Pipeline.php(163): Illuminate\\Foundation\\Http\\Middleware\\ValidatePostSize->handle(Object(Illuminate\\Http\\Request), Object(Closure))
#53 C:\\xampp\\htdocs\\Laravel Projects\\tlight\\vendor\\laravel\\framework\\src\\Illuminate\\Routing\\Pipeline.php(53): Illuminate\\Pipeline\\Pipeline->Illuminate\\Pipeline\\{closure}(Object(Illuminate\\Http\\Request))
#54 C:\\xampp\\htdocs\\Laravel Projects\\tlight\\vendor\\laravel\\framework\\src\\Illuminate\\Foundation\\Http\\Middleware\\CheckForMaintenanceMode.php(62): Illuminate\\Routing\\Pipeline->Illuminate\\Routing\\{closure}(Object(Illuminate\\Http\\Request))
#55 C:\\xampp\\htdocs\\Laravel Projects\\tlight\\vendor\\laravel\\framework\\src\\Illuminate\\Pipeline\\Pipeline.php(163): Illuminate\\Foundation\\Http\\Middleware\\CheckForMaintenanceMode->handle(Object(Illuminate\\Http\\Request), Object(Closure))
#56 C:\\xampp\\htdocs\\Laravel Projects\\tlight\\vendor\\laravel\\framework\\src\\Illuminate\\Routing\\Pipeline.php(53): Illuminate\\Pipeline\\Pipeline->Illuminate\\Pipeline\\{closure}(Object(Illuminate\\Http\\Request))
#57 C:\\xampp\\htdocs\\Laravel Projects\\tlight\\vendor\\laravel\\framework\\src\\Illuminate\\Pipeline\\Pipeline.php(104): Illuminate\\Routing\\Pipeline->Illuminate\\Routing\\{closure}(Object(Illuminate\\Http\\Request))
#58 C:\\xampp\\htdocs\\Laravel Projects\\tlight\\vendor\\laravel\\framework\\src\\Illuminate\\Foundation\\Http\\Kernel.php(151): Illuminate\\Pipeline\\Pipeline->then(Object(Closure))
#59 C:\\xampp\\htdocs\\Laravel Projects\\tlight\\vendor\\laravel\\framework\\src\\Illuminate\\Foundation\\Http\\Kernel.php(116): Illuminate\\Foundation\\Http\\Kernel->sendRequestThroughRouter(Object(Illuminate\\Http\\Request))
#60 C:\\xampp\\htdocs\\Laravel Projects\\tlight\\public\\index.php(55): Illuminate\\Foundation\\Http\\Kernel->handle(Object(Illuminate\\Http\\Request))
#61 C:\\xampp\\htdocs\\Laravel Projects\\tlight\\server.php(21): require_once('C:\\\\xampp\\\\htdocs...')
#62 {main}
"} 
[2020-11-04 00:21:16] local.ERROR: SQLSTATE[23000]: Integrity constraint violation: 1048 Column 'password' cannot be null (SQL: update `users` set `username` = sasa, `password` = ?, `users`.`updated_at` = 2020-11-04 00:21:16 where `id` = 3) {"userId":1,"exception":"[object] (Illuminate\\Database\\QueryException(code: 23000): SQLSTATE[23000]: Integrity constraint violation: 1048 Column 'password' cannot be null (SQL: update `users` set `username` = sasa, `password` = ?, `users`.`updated_at` = 2020-11-04 00:21:16 where `id` = 3) at C:\\xampp\\htdocs\\Laravel Projects\\tlight\\vendor\\laravel\\framework\\src\\Illuminate\\Database\\Connection.php:664, Doctrine\\DBAL\\Driver\\PDOException(code: 23000): SQLSTATE[23000]: Integrity constraint violation: 1048 Column 'password' cannot be null at C:\\xampp\\htdocs\\Laravel Projects\\tlight\\vendor\\doctrine\\dbal\\lib\\Doctrine\\DBAL\\Driver\\PDOStatement.php:131, PDOException(code: 23000): SQLSTATE[23000]: Integrity constraint violation: 1048 Column 'password' cannot be null at C:\\xampp\\htdocs\\Laravel Projects\\tlight\\vendor\\doctrine\\dbal\\lib\\Doctrine\\DBAL\\Driver\\PDOStatement.php:129)
[stacktrace]
#0 C:\\xampp\\htdocs\\Laravel Projects\\tlight\\vendor\\laravel\\framework\\src\\Illuminate\\Database\\Connection.php(624): Illuminate\\Database\\Connection->runQueryCallback('update `users` ...', Array, Object(Closure))
#1 C:\\xampp\\htdocs\\Laravel Projects\\tlight\\vendor\\laravel\\framework\\src\\Illuminate\\Database\\Connection.php(490): Illuminate\\Database\\Connection->run('update `users` ...', Array, Object(Closure))
#2 C:\\xampp\\htdocs\\Laravel Projects\\tlight\\vendor\\laravel\\framework\\src\\Illuminate\\Database\\Connection.php(423): Illuminate\\Database\\Connection->affectingStatement('update `users` ...', Array)
#3 C:\\xampp\\htdocs\\Laravel Projects\\tlight\\vendor\\laravel\\framework\\src\\Illuminate\\Database\\Query\\Builder.php(2721): Illuminate\\Database\\Connection->update('update `users` ...', Array)
#4 C:\\xampp\\htdocs\\Laravel Projects\\tlight\\vendor\\laravel\\framework\\src\\Illuminate\\Database\\Eloquent\\Builder.php(820): Illuminate\\Database\\Query\\Builder->update(Array)
#5 C:\\xampp\\htdocs\\Laravel Projects\\tlight\\vendor\\laravel\\framework\\src\\Illuminate\\Database\\Eloquent\\Model.php(745): Illuminate\\Database\\Eloquent\\Builder->update(Array)
#6 C:\\xampp\\htdocs\\Laravel Projects\\tlight\\vendor\\laravel\\framework\\src\\Illuminate\\Database\\Eloquent\\Model.php(660): Illuminate\\Database\\Eloquent\\Model->performUpdate(Object(Illuminate\\Database\\Eloquent\\Builder))
#7 C:\\xampp\\htdocs\\Laravel Projects\\tlight\\vendor\\laravel\\framework\\src\\Illuminate\\Database\\Eloquent\\Model.php(607): Illuminate\\Database\\Eloquent\\Model->save(Array)
#8 C:\\xampp\\htdocs\\Laravel Projects\\tlight\\app\\Http\\Controllers\\UserController.php(123): Illuminate\\Database\\Eloquent\\Model->update(Array)
#9 [internal function]: App\\Http\\Controllers\\UserController->update(Object(Illuminate\\Http\\Request), Object(App\\User))
#10 C:\\xampp\\htdocs\\Laravel Projects\\tlight\\vendor\\laravel\\framework\\src\\Illuminate\\Routing\\Controller.php(54): call_user_func_array(Array, Array)
#11 C:\\xampp\\htdocs\\Laravel Projects\\tlight\\vendor\\laravel\\framework\\src\\Illuminate\\Routing\\ControllerDispatcher.php(45): Illuminate\\Routing\\Controller->callAction('update', Array)
#12 C:\\xampp\\htdocs\\Laravel Projects\\tlight\\vendor\\laravel\\framework\\src\\Illuminate\\Routing\\Route.php(219): Illuminate\\Routing\\ControllerDispatcher->dispatch(Object(Illuminate\\Routing\\Route), Object(App\\Http\\Controllers\\UserController), 'update')
#13 C:\\xampp\\htdocs\\Laravel Projects\\tlight\\vendor\\laravel\\framework\\src\\Illuminate\\Routing\\Route.php(176): Illuminate\\Routing\\Route->runController()
#14 C:\\xampp\\htdocs\\Laravel Projects\\tlight\\vendor\\laravel\\framework\\src\\Illuminate\\Routing\\Router.php(680): Illuminate\\Routing\\Route->run()
#15 C:\\xampp\\htdocs\\Laravel Projects\\tlight\\vendor\\laravel\\framework\\src\\Illuminate\\Routing\\Pipeline.php(30): Illuminate\\Routing\\Router->Illuminate\\Routing\\{closure}(Object(Illuminate\\Http\\Request))
#16 C:\\xampp\\htdocs\\Laravel Projects\\tlight\\app\\Http\\Middleware\\SwitchUser.php(22): Illuminate\\Routing\\Pipeline->Illuminate\\Routing\\{closure}(Object(Illuminate\\Http\\Request))
#17 C:\\xampp\\htdocs\\Laravel Projects\\tlight\\vendor\\laravel\\framework\\src\\Illuminate\\Pipeline\\Pipeline.php(163): App\\Http\\Middleware\\SwitchUser->handle(Object(Illuminate\\Http\\Request), Object(Closure))
#18 C:\\xampp\\htdocs\\Laravel Projects\\tlight\\vendor\\laravel\\framework\\src\\Illuminate\\Routing\\Pipeline.php(53): Illuminate\\Pipeline\\Pipeline->Illuminate\\Pipeline\\{closure}(Object(Illuminate\\Http\\Request))
#19 C:\\xampp\\htdocs\\Laravel Projects\\tlight\\vendor\\laravel\\framework\\src\\Illuminate\\Auth\\Middleware\\EnsureEmailIsVerified.php(29): Illuminate\\Routing\\Pipeline->Illuminate\\Routing\\{closure}(Object(Illuminate\\Http\\Request))
#20 C:\\xampp\\htdocs\\Laravel Projects\\tlight\\vendor\\laravel\\framework\\src\\Illuminate\\Pipeline\\Pipeline.php(163): Illuminate\\Auth\\Middleware\\EnsureEmailIsVerified->handle(Object(Illuminate\\Http\\Request), Object(Closure))
#21 C:\\xampp\\htdocs\\Laravel Projects\\tlight\\vendor\\laravel\\framework\\src\\Illuminate\\Routing\\Pipeline.php(53): Illuminate\\Pipeline\\Pipeline->Illuminate\\Pipeline\\{closure}(Object(Illuminate\\Http\\Request))
#22 C:\\xampp\\htdocs\\Laravel Projects\\tlight\\vendor\\laravel\\framework\\src\\Illuminate\\Routing\\Middleware\\SubstituteBindings.php(41): Illuminate\\Routing\\Pipeline->Illuminate\\Routing\\{closure}(Object(Illuminate\\Http\\Request))
#23 C:\\xampp\\htdocs\\Laravel Projects\\tlight\\vendor\\laravel\\framework\\src\\Illuminate\\Pipeline\\Pipeline.php(163): Illuminate\\Routing\\Middleware\\SubstituteBindings->handle(Object(Illuminate\\Http\\Request), Object(Closure))
#24 C:\\xampp\\htdocs\\Laravel Projects\\tlight\\vendor\\laravel\\framework\\src\\Illuminate\\Routing\\Pipeline.php(53): Illuminate\\Pipeline\\Pipeline->Illuminate\\Pipeline\\{closure}(Object(Illuminate\\Http\\Request))
#25 C:\\xampp\\htdocs\\Laravel Projects\\tlight\\vendor\\laravel\\framework\\src\\Illuminate\\Auth\\Middleware\\Authenticate.php(43): Illuminate\\Routing\\Pipeline->Illuminate\\Routing\\{closure}(Object(Illuminate\\Http\\Request))
#26 C:\\xampp\\htdocs\\Laravel Projects\\tlight\\vendor\\laravel\\framework\\src\\Illuminate\\Pipeline\\Pipeline.php(163): Illuminate\\Auth\\Middleware\\Authenticate->handle(Object(Illuminate\\Http\\Request), Object(Closure))
#27 C:\\xampp\\htdocs\\Laravel Projects\\tlight\\vendor\\laravel\\framework\\src\\Illuminate\\Routing\\Pipeline.php(53): Illuminate\\Pipeline\\Pipeline->Illuminate\\Pipeline\\{closure}(Object(Illuminate\\Http\\Request))
#28 C:\\xampp\\htdocs\\Laravel Projects\\tlight\\vendor\\laravel\\framework\\src\\Illuminate\\Foundation\\Http\\Middleware\\VerifyCsrfToken.php(75): Illuminate\\Routing\\Pipeline->Illuminate\\Routing\\{closure}(Object(Illuminate\\Http\\Request))
#29 C:\\xampp\\htdocs\\Laravel Projects\\tlight\\vendor\\laravel\\framework\\src\\Illuminate\\Pipeline\\Pipeline.php(163): Illuminate\\Foundation\\Http\\Middleware\\VerifyCsrfToken->handle(Object(Illuminate\\Http\\Request), Object(Closure))
#30 C:\\xampp\\htdocs\\Laravel Projects\\tlight\\vendor\\laravel\\framework\\src\\Illuminate\\Routing\\Pipeline.php(53): Illuminate\\Pipeline\\Pipeline->Illuminate\\Pipeline\\{closure}(Object(Illuminate\\Http\\Request))
#31 C:\\xampp\\htdocs\\Laravel Projects\\tlight\\vendor\\laravel\\framework\\src\\Illuminate\\View\\Middleware\\ShareErrorsFromSession.php(49): Illuminate\\Routing\\Pipeline->Illuminate\\Routing\\{closure}(Object(Illuminate\\Http\\Request))
#32 C:\\xampp\\htdocs\\Laravel Projects\\tlight\\vendor\\laravel\\framework\\src\\Illuminate\\Pipeline\\Pipeline.php(163): Illuminate\\View\\Middleware\\ShareErrorsFromSession->handle(Object(Illuminate\\Http\\Request), Object(Closure))
#33 C:\\xampp\\htdocs\\Laravel Projects\\tlight\\vendor\\laravel\\framework\\src\\Illuminate\\Routing\\Pipeline.php(53): Illuminate\\Pipeline\\Pipeline->Illuminate\\Pipeline\\{closure}(Object(Illuminate\\Http\\Request))
#34 C:\\xampp\\htdocs\\Laravel Projects\\tlight\\vendor\\laravel\\framework\\src\\Illuminate\\Session\\Middleware\\StartSession.php(56): Illuminate\\Routing\\Pipeline->Illuminate\\Routing\\{closure}(Object(Illuminate\\Http\\Request))
#35 C:\\xampp\\htdocs\\Laravel Projects\\tlight\\vendor\\laravel\\framework\\src\\Illuminate\\Pipeline\\Pipeline.php(163): Illuminate\\Session\\Middleware\\StartSession->handle(Object(Illuminate\\Http\\Request), Object(Closure))
#36 C:\\xampp\\htdocs\\Laravel Projects\\tlight\\vendor\\laravel\\framework\\src\\Illuminate\\Routing\\Pipeline.php(53): Illuminate\\Pipeline\\Pipeline->Illuminate\\Pipeline\\{closure}(Object(Illuminate\\Http\\Request))
#37 C:\\xampp\\htdocs\\Laravel Projects\\tlight\\vendor\\laravel\\framework\\src\\Illuminate\\Cookie\\Middleware\\AddQueuedCookiesToResponse.php(37): Illuminate\\Routing\\Pipeline->Illuminate\\Routing\\{closure}(Object(Illuminate\\Http\\Request))
#38 C:\\xampp\\htdocs\\Laravel Projects\\tlight\\vendor\\laravel\\framework\\src\\Illuminate\\Pipeline\\Pipeline.php(163): Illuminate\\Cookie\\Middleware\\AddQueuedCookiesToResponse->handle(Object(Illuminate\\Http\\Request), Object(Closure))
#39 C:\\xampp\\htdocs\\Laravel Projects\\tlight\\vendor\\laravel\\framework\\src\\Illuminate\\Routing\\Pipeline.php(53): Illuminate\\Pipeline\\Pipeline->Illuminate\\Pipeline\\{closure}(Object(Illuminate\\Http\\Request))
#40 C:\\xampp\\htdocs\\Laravel Projects\\tlight\\vendor\\laravel\\framework\\src\\Illuminate\\Cookie\\Middleware\\EncryptCookies.php(66): Illuminate\\Routing\\Pipeline->Illuminate\\Routing\\{closure}(Object(Illuminate\\Http\\Request))
#41 C:\\xampp\\htdocs\\Laravel Projects\\tlight\\vendor\\laravel\\framework\\src\\Illuminate\\Pipeline\\Pipeline.php(163): Illuminate\\Cookie\\Middleware\\EncryptCookies->handle(Object(Illuminate\\Http\\Request), Object(Closure))
#42 C:\\xampp\\htdocs\\Laravel Projects\\tlight\\vendor\\laravel\\framework\\src\\Illuminate\\Routing\\Pipeline.php(53): Illuminate\\Pipeline\\Pipeline->Illuminate\\Pipeline\\{closure}(Object(Illuminate\\Http\\Request))
#43 C:\\xampp\\htdocs\\Laravel Projects\\tlight\\vendor\\laravel\\framework\\src\\Illuminate\\Pipeline\\Pipeline.php(104): Illuminate\\Routing\\Pipeline->Illuminate\\Routing\\{closure}(Object(Illuminate\\Http\\Request))
#44 C:\\xampp\\htdocs\\Laravel Projects\\tlight\\vendor\\laravel\\framework\\src\\Illuminate\\Routing\\Router.php(682): Illuminate\\Pipeline\\Pipeline->then(Object(Closure))
#45 C:\\xampp\\htdocs\\Laravel Projects\\tlight\\vendor\\laravel\\framework\\src\\Illuminate\\Routing\\Router.php(657): Illuminate\\Routing\\Router->runRouteWithinStack(Object(Illuminate\\Routing\\Route), Object(Illuminate\\Http\\Request))
#46 C:\\xampp\\htdocs\\Laravel Projects\\tlight\\vendor\\laravel\\framework\\src\\Illuminate\\Routing\\Router.php(623): Illuminate\\Routing\\Router->runRoute(Object(Illuminate\\Http\\Request), Object(Illuminate\\Routing\\Route))
#47 C:\\xampp\\htdocs\\Laravel Projects\\tlight\\vendor\\laravel\\framework\\src\\Illuminate\\Routing\\Router.php(612): Illuminate\\Routing\\Router->dispatchToRoute(Object(Illuminate\\Http\\Request))
#48 C:\\xampp\\htdocs\\Laravel Projects\\tlight\\vendor\\laravel\\framework\\src\\Illuminate\\Foundation\\Http\\Kernel.php(176): Illuminate\\Routing\\Router->dispatch(Object(Illuminate\\Http\\Request))
#49 C:\\xampp\\htdocs\\Laravel Projects\\tlight\\vendor\\laravel\\framework\\src\\Illuminate\\Routing\\Pipeline.php(30): Illuminate\\Foundation\\Http\\Kernel->Illuminate\\Foundation\\Http\\{closure}(Object(Illuminate\\Http\\Request))
#50 C:\\xampp\\htdocs\\Laravel Projects\\tlight\\vendor\\fideloper\\proxy\\src\\TrustProxies.php(57): Illuminate\\Routing\\Pipeline->Illuminate\\Routing\\{closure}(Object(Illuminate\\Http\\Request))
#51 C:\\xampp\\htdocs\\Laravel Projects\\tlight\\vendor\\laravel\\framework\\src\\Illuminate\\Pipeline\\Pipeline.php(163): Fideloper\\Proxy\\TrustProxies->handle(Object(Illuminate\\Http\\Request), Object(Closure))
#52 C:\\xampp\\htdocs\\Laravel Projects\\tlight\\vendor\\laravel\\framework\\src\\Illuminate\\Routing\\Pipeline.php(53): Illuminate\\Pipeline\\Pipeline->Illuminate\\Pipeline\\{closure}(Object(Illuminate\\Http\\Request))
#53 C:\\xampp\\htdocs\\Laravel Projects\\tlight\\vendor\\laravel\\framework\\src\\Illuminate\\Foundation\\Http\\Middleware\\TransformsRequest.php(21): Illuminate\\Routing\\Pipeline->Illuminate\\Routing\\{closure}(Object(Illuminate\\Http\\Request))
#54 C:\\xampp\\htdocs\\Laravel Projects\\tlight\\vendor\\laravel\\framework\\src\\Illuminate\\Pipeline\\Pipeline.php(163): Illuminate\\Foundation\\Http\\Middleware\\TransformsRequest->handle(Object(Illuminate\\Http\\Request), Object(Closure))
#55 C:\\xampp\\htdocs\\Laravel Projects\\tlight\\vendor\\laravel\\framework\\src\\Illuminate\\Routing\\Pipeline.php(53): Illuminate\\Pipeline\\Pipeline->Illuminate\\Pipeline\\{closure}(Object(Illuminate\\Http\\Request))
#56 C:\\xampp\\htdocs\\Laravel Projects\\tlight\\vendor\\laravel\\framework\\src\\Illuminate\\Foundation\\Http\\Middleware\\TransformsRequest.php(21): Illuminate\\Routing\\Pipeline->Illuminate\\Routing\\{closure}(Object(Illuminate\\Http\\Request))
#57 C:\\xampp\\htdocs\\Laravel Projects\\tlight\\vendor\\laravel\\framework\\src\\Illuminate\\Pipeline\\Pipeline.php(163): Illuminate\\Foundation\\Http\\Middleware\\TransformsRequest->handle(Object(Illuminate\\Http\\Request), Object(Closure))
#58 C:\\xampp\\htdocs\\Laravel Projects\\tlight\\vendor\\laravel\\framework\\src\\Illuminate\\Routing\\Pipeline.php(53): Illuminate\\Pipeline\\Pipeline->Illuminate\\Pipeline\\{closure}(Object(Illuminate\\Http\\Request))
#59 C:\\xampp\\htdocs\\Laravel Projects\\tlight\\vendor\\laravel\\framework\\src\\Illuminate\\Foundation\\Http\\Middleware\\ValidatePostSize.php(27): Illuminate\\Routing\\Pipeline->Illuminate\\Routing\\{closure}(Object(Illuminate\\Http\\Request))
#60 C:\\xampp\\htdocs\\Laravel Projects\\tlight\\vendor\\laravel\\framework\\src\\Illuminate\\Pipeline\\Pipeline.php(163): Illuminate\\Foundation\\Http\\Middleware\\ValidatePostSize->handle(Object(Illuminate\\Http\\Request), Object(Closure))
#61 C:\\xampp\\htdocs\\Laravel Projects\\tlight\\vendor\\laravel\\framework\\src\\Illuminate\\Routing\\Pipeline.php(53): Illuminate\\Pipeline\\Pipeline->Illuminate\\Pipeline\\{closure}(Object(Illuminate\\Http\\Request))
#62 C:\\xampp\\htdocs\\Laravel Projects\\tlight\\vendor\\laravel\\framework\\src\\Illuminate\\Foundation\\Http\\Middleware\\CheckForMaintenanceMode.php(62): Illuminate\\Routing\\Pipeline->Illuminate\\Routing\\{closure}(Object(Illuminate\\Http\\Request))
#63 C:\\xampp\\htdocs\\Laravel Projects\\tlight\\vendor\\laravel\\framework\\src\\Illuminate\\Pipeline\\Pipeline.php(163): Illuminate\\Foundation\\Http\\Middleware\\CheckForMaintenanceMode->handle(Object(Illuminate\\Http\\Request), Object(Closure))
#64 C:\\xampp\\htdocs\\Laravel Projects\\tlight\\vendor\\laravel\\framework\\src\\Illuminate\\Routing\\Pipeline.php(53): Illuminate\\Pipeline\\Pipeline->Illuminate\\Pipeline\\{closure}(Object(Illuminate\\Http\\Request))
#65 C:\\xampp\\htdocs\\Laravel Projects\\tlight\\vendor\\laravel\\framework\\src\\Illuminate\\Pipeline\\Pipeline.php(104): Illuminate\\Routing\\Pipeline->Illuminate\\Routing\\{closure}(Object(Illuminate\\Http\\Request))
#66 C:\\xampp\\htdocs\\Laravel Projects\\tlight\\vendor\\laravel\\framework\\src\\Illuminate\\Foundation\\Http\\Kernel.php(151): Illuminate\\Pipeline\\Pipeline->then(Object(Closure))
#67 C:\\xampp\\htdocs\\Laravel Projects\\tlight\\vendor\\laravel\\framework\\src\\Illuminate\\Foundation\\Http\\Kernel.php(116): Illuminate\\Foundation\\Http\\Kernel->sendRequestThroughRouter(Object(Illuminate\\Http\\Request))
#68 C:\\xampp\\htdocs\\Laravel Projects\\tlight\\public\\index.php(55): Illuminate\\Foundation\\Http\\Kernel->handle(Object(Illuminate\\Http\\Request))
#69 C:\\xampp\\htdocs\\Laravel Projects\\tlight\\server.php(21): require_once('C:\\\\xampp\\\\htdocs...')
#70 {main}
"} 
[2020-11-04 00:22:05] local.ERROR: SQLSTATE[23000]: Integrity constraint violation: 1048 Column 'password' cannot be null (SQL: update `users` set `username` = sasa, `password` = ?, `users`.`updated_at` = 2020-11-04 00:22:05 where `id` = 3) {"userId":1,"exception":"[object] (Illuminate\\Database\\QueryException(code: 23000): SQLSTATE[23000]: Integrity constraint violation: 1048 Column 'password' cannot be null (SQL: update `users` set `username` = sasa, `password` = ?, `users`.`updated_at` = 2020-11-04 00:22:05 where `id` = 3) at C:\\xampp\\htdocs\\Laravel Projects\\tlight\\vendor\\laravel\\framework\\src\\Illuminate\\Database\\Connection.php:664, Doctrine\\DBAL\\Driver\\PDOException(code: 23000): SQLSTATE[23000]: Integrity constraint violation: 1048 Column 'password' cannot be null at C:\\xampp\\htdocs\\Laravel Projects\\tlight\\vendor\\doctrine\\dbal\\lib\\Doctrine\\DBAL\\Driver\\PDOStatement.php:131, PDOException(code: 23000): SQLSTATE[23000]: Integrity constraint violation: 1048 Column 'password' cannot be null at C:\\xampp\\htdocs\\Laravel Projects\\tlight\\vendor\\doctrine\\dbal\\lib\\Doctrine\\DBAL\\Driver\\PDOStatement.php:129)
[stacktrace]
#0 C:\\xampp\\htdocs\\Laravel Projects\\tlight\\vendor\\laravel\\framework\\src\\Illuminate\\Database\\Connection.php(624): Illuminate\\Database\\Connection->runQueryCallback('update `users` ...', Array, Object(Closure))
#1 C:\\xampp\\htdocs\\Laravel Projects\\tlight\\vendor\\laravel\\framework\\src\\Illuminate\\Database\\Connection.php(490): Illuminate\\Database\\Connection->run('update `users` ...', Array, Object(Closure))
#2 C:\\xampp\\htdocs\\Laravel Projects\\tlight\\vendor\\laravel\\framework\\src\\Illuminate\\Database\\Connection.php(423): Illuminate\\Database\\Connection->affectingStatement('update `users` ...', Array)
#3 C:\\xampp\\htdocs\\Laravel Projects\\tlight\\vendor\\laravel\\framework\\src\\Illuminate\\Database\\Query\\Builder.php(2721): Illuminate\\Database\\Connection->update('update `users` ...', Array)
#4 C:\\xampp\\htdocs\\Laravel Projects\\tlight\\vendor\\laravel\\framework\\src\\Illuminate\\Database\\Eloquent\\Builder.php(820): Illuminate\\Database\\Query\\Builder->update(Array)
#5 C:\\xampp\\htdocs\\Laravel Projects\\tlight\\vendor\\laravel\\framework\\src\\Illuminate\\Database\\Eloquent\\Model.php(745): Illuminate\\Database\\Eloquent\\Builder->update(Array)
#6 C:\\xampp\\htdocs\\Laravel Projects\\tlight\\vendor\\laravel\\framework\\src\\Illuminate\\Database\\Eloquent\\Model.php(660): Illuminate\\Database\\Eloquent\\Model->performUpdate(Object(Illuminate\\Database\\Eloquent\\Builder))
#7 C:\\xampp\\htdocs\\Laravel Projects\\tlight\\vendor\\laravel\\framework\\src\\Illuminate\\Database\\Eloquent\\Model.php(607): Illuminate\\Database\\Eloquent\\Model->save(Array)
#8 C:\\xampp\\htdocs\\Laravel Projects\\tlight\\app\\Http\\Controllers\\UserController.php(123): Illuminate\\Database\\Eloquent\\Model->update(Array)
#9 [internal function]: App\\Http\\Controllers\\UserController->update(Object(Illuminate\\Http\\Request), Object(App\\User))
#10 C:\\xampp\\htdocs\\Laravel Projects\\tlight\\vendor\\laravel\\framework\\src\\Illuminate\\Routing\\Controller.php(54): call_user_func_array(Array, Array)
#11 C:\\xampp\\htdocs\\Laravel Projects\\tlight\\vendor\\laravel\\framework\\src\\Illuminate\\Routing\\ControllerDispatcher.php(45): Illuminate\\Routing\\Controller->callAction('update', Array)
#12 C:\\xampp\\htdocs\\Laravel Projects\\tlight\\vendor\\laravel\\framework\\src\\Illuminate\\Routing\\Route.php(219): Illuminate\\Routing\\ControllerDispatcher->dispatch(Object(Illuminate\\Routing\\Route), Object(App\\Http\\Controllers\\UserController), 'update')
#13 C:\\xampp\\htdocs\\Laravel Projects\\tlight\\vendor\\laravel\\framework\\src\\Illuminate\\Routing\\Route.php(176): Illuminate\\Routing\\Route->runController()
#14 C:\\xampp\\htdocs\\Laravel Projects\\tlight\\vendor\\laravel\\framework\\src\\Illuminate\\Routing\\Router.php(680): Illuminate\\Routing\\Route->run()
#15 C:\\xampp\\htdocs\\Laravel Projects\\tlight\\vendor\\laravel\\framework\\src\\Illuminate\\Routing\\Pipeline.php(30): Illuminate\\Routing\\Router->Illuminate\\Routing\\{closure}(Object(Illuminate\\Http\\Request))
#16 C:\\xampp\\htdocs\\Laravel Projects\\tlight\\app\\Http\\Middleware\\SwitchUser.php(22): Illuminate\\Routing\\Pipeline->Illuminate\\Routing\\{closure}(Object(Illuminate\\Http\\Request))
#17 C:\\xampp\\htdocs\\Laravel Projects\\tlight\\vendor\\laravel\\framework\\src\\Illuminate\\Pipeline\\Pipeline.php(163): App\\Http\\Middleware\\SwitchUser->handle(Object(Illuminate\\Http\\Request), Object(Closure))
#18 C:\\xampp\\htdocs\\Laravel Projects\\tlight\\vendor\\laravel\\framework\\src\\Illuminate\\Routing\\Pipeline.php(53): Illuminate\\Pipeline\\Pipeline->Illuminate\\Pipeline\\{closure}(Object(Illuminate\\Http\\Request))
#19 C:\\xampp\\htdocs\\Laravel Projects\\tlight\\vendor\\laravel\\framework\\src\\Illuminate\\Auth\\Middleware\\EnsureEmailIsVerified.php(29): Illuminate\\Routing\\Pipeline->Illuminate\\Routing\\{closure}(Object(Illuminate\\Http\\Request))
#20 C:\\xampp\\htdocs\\Laravel Projects\\tlight\\vendor\\laravel\\framework\\src\\Illuminate\\Pipeline\\Pipeline.php(163): Illuminate\\Auth\\Middleware\\EnsureEmailIsVerified->handle(Object(Illuminate\\Http\\Request), Object(Closure))
#21 C:\\xampp\\htdocs\\Laravel Projects\\tlight\\vendor\\laravel\\framework\\src\\Illuminate\\Routing\\Pipeline.php(53): Illuminate\\Pipeline\\Pipeline->Illuminate\\Pipeline\\{closure}(Object(Illuminate\\Http\\Request))
#22 C:\\xampp\\htdocs\\Laravel Projects\\tlight\\vendor\\laravel\\framework\\src\\Illuminate\\Routing\\Middleware\\SubstituteBindings.php(41): Illuminate\\Routing\\Pipeline->Illuminate\\Routing\\{closure}(Object(Illuminate\\Http\\Request))
#23 C:\\xampp\\htdocs\\Laravel Projects\\tlight\\vendor\\laravel\\framework\\src\\Illuminate\\Pipeline\\Pipeline.php(163): Illuminate\\Routing\\Middleware\\SubstituteBindings->handle(Object(Illuminate\\Http\\Request), Object(Closure))
#24 C:\\xampp\\htdocs\\Laravel Projects\\tlight\\vendor\\laravel\\framework\\src\\Illuminate\\Routing\\Pipeline.php(53): Illuminate\\Pipeline\\Pipeline->Illuminate\\Pipeline\\{closure}(Object(Illuminate\\Http\\Request))
#25 C:\\xampp\\htdocs\\Laravel Projects\\tlight\\vendor\\laravel\\framework\\src\\Illuminate\\Auth\\Middleware\\Authenticate.php(43): Illuminate\\Routing\\Pipeline->Illuminate\\Routing\\{closure}(Object(Illuminate\\Http\\Request))
#26 C:\\xampp\\htdocs\\Laravel Projects\\tlight\\vendor\\laravel\\framework\\src\\Illuminate\\Pipeline\\Pipeline.php(163): Illuminate\\Auth\\Middleware\\Authenticate->handle(Object(Illuminate\\Http\\Request), Object(Closure))
#27 C:\\xampp\\htdocs\\Laravel Projects\\tlight\\vendor\\laravel\\framework\\src\\Illuminate\\Routing\\Pipeline.php(53): Illuminate\\Pipeline\\Pipeline->Illuminate\\Pipeline\\{closure}(Object(Illuminate\\Http\\Request))
#28 C:\\xampp\\htdocs\\Laravel Projects\\tlight\\vendor\\laravel\\framework\\src\\Illuminate\\Foundation\\Http\\Middleware\\VerifyCsrfToken.php(75): Illuminate\\Routing\\Pipeline->Illuminate\\Routing\\{closure}(Object(Illuminate\\Http\\Request))
#29 C:\\xampp\\htdocs\\Laravel Projects\\tlight\\vendor\\laravel\\framework\\src\\Illuminate\\Pipeline\\Pipeline.php(163): Illuminate\\Foundation\\Http\\Middleware\\VerifyCsrfToken->handle(Object(Illuminate\\Http\\Request), Object(Closure))
#30 C:\\xampp\\htdocs\\Laravel Projects\\tlight\\vendor\\laravel\\framework\\src\\Illuminate\\Routing\\Pipeline.php(53): Illuminate\\Pipeline\\Pipeline->Illuminate\\Pipeline\\{closure}(Object(Illuminate\\Http\\Request))
#31 C:\\xampp\\htdocs\\Laravel Projects\\tlight\\vendor\\laravel\\framework\\src\\Illuminate\\View\\Middleware\\ShareErrorsFromSession.php(49): Illuminate\\Routing\\Pipeline->Illuminate\\Routing\\{closure}(Object(Illuminate\\Http\\Request))
#32 C:\\xampp\\htdocs\\Laravel Projects\\tlight\\vendor\\laravel\\framework\\src\\Illuminate\\Pipeline\\Pipeline.php(163): Illuminate\\View\\Middleware\\ShareErrorsFromSession->handle(Object(Illuminate\\Http\\Request), Object(Closure))
#33 C:\\xampp\\htdocs\\Laravel Projects\\tlight\\vendor\\laravel\\framework\\src\\Illuminate\\Routing\\Pipeline.php(53): Illuminate\\Pipeline\\Pipeline->Illuminate\\Pipeline\\{closure}(Object(Illuminate\\Http\\Request))
#34 C:\\xampp\\htdocs\\Laravel Projects\\tlight\\vendor\\laravel\\framework\\src\\Illuminate\\Session\\Middleware\\StartSession.php(56): Illuminate\\Routing\\Pipeline->Illuminate\\Routing\\{closure}(Object(Illuminate\\Http\\Request))
#35 C:\\xampp\\htdocs\\Laravel Projects\\tlight\\vendor\\laravel\\framework\\src\\Illuminate\\Pipeline\\Pipeline.php(163): Illuminate\\Session\\Middleware\\StartSession->handle(Object(Illuminate\\Http\\Request), Object(Closure))
#36 C:\\xampp\\htdocs\\Laravel Projects\\tlight\\vendor\\laravel\\framework\\src\\Illuminate\\Routing\\Pipeline.php(53): Illuminate\\Pipeline\\Pipeline->Illuminate\\Pipeline\\{closure}(Object(Illuminate\\Http\\Request))
#37 C:\\xampp\\htdocs\\Laravel Projects\\tlight\\vendor\\laravel\\framework\\src\\Illuminate\\Cookie\\Middleware\\AddQueuedCookiesToResponse.php(37): Illuminate\\Routing\\Pipeline->Illuminate\\Routing\\{closure}(Object(Illuminate\\Http\\Request))
#38 C:\\xampp\\htdocs\\Laravel Projects\\tlight\\vendor\\laravel\\framework\\src\\Illuminate\\Pipeline\\Pipeline.php(163): Illuminate\\Cookie\\Middleware\\AddQueuedCookiesToResponse->handle(Object(Illuminate\\Http\\Request), Object(Closure))
#39 C:\\xampp\\htdocs\\Laravel Projects\\tlight\\vendor\\laravel\\framework\\src\\Illuminate\\Routing\\Pipeline.php(53): Illuminate\\Pipeline\\Pipeline->Illuminate\\Pipeline\\{closure}(Object(Illuminate\\Http\\Request))
#40 C:\\xampp\\htdocs\\Laravel Projects\\tlight\\vendor\\laravel\\framework\\src\\Illuminate\\Cookie\\Middleware\\EncryptCookies.php(66): Illuminate\\Routing\\Pipeline->Illuminate\\Routing\\{closure}(Object(Illuminate\\Http\\Request))
#41 C:\\xampp\\htdocs\\Laravel Projects\\tlight\\vendor\\laravel\\framework\\src\\Illuminate\\Pipeline\\Pipeline.php(163): Illuminate\\Cookie\\Middleware\\EncryptCookies->handle(Object(Illuminate\\Http\\Request), Object(Closure))
#42 C:\\xampp\\htdocs\\Laravel Projects\\tlight\\vendor\\laravel\\framework\\src\\Illuminate\\Routing\\Pipeline.php(53): Illuminate\\Pipeline\\Pipeline->Illuminate\\Pipeline\\{closure}(Object(Illuminate\\Http\\Request))
#43 C:\\xampp\\htdocs\\Laravel Projects\\tlight\\vendor\\laravel\\framework\\src\\Illuminate\\Pipeline\\Pipeline.php(104): Illuminate\\Routing\\Pipeline->Illuminate\\Routing\\{closure}(Object(Illuminate\\Http\\Request))
#44 C:\\xampp\\htdocs\\Laravel Projects\\tlight\\vendor\\laravel\\framework\\src\\Illuminate\\Routing\\Router.php(682): Illuminate\\Pipeline\\Pipeline->then(Object(Closure))
#45 C:\\xampp\\htdocs\\Laravel Projects\\tlight\\vendor\\laravel\\framework\\src\\Illuminate\\Routing\\Router.php(657): Illuminate\\Routing\\Router->runRouteWithinStack(Object(Illuminate\\Routing\\Route), Object(Illuminate\\Http\\Request))
#46 C:\\xampp\\htdocs\\Laravel Projects\\tlight\\vendor\\laravel\\framework\\src\\Illuminate\\Routing\\Router.php(623): Illuminate\\Routing\\Router->runRoute(Object(Illuminate\\Http\\Request), Object(Illuminate\\Routing\\Route))
#47 C:\\xampp\\htdocs\\Laravel Projects\\tlight\\vendor\\laravel\\framework\\src\\Illuminate\\Routing\\Router.php(612): Illuminate\\Routing\\Router->dispatchToRoute(Object(Illuminate\\Http\\Request))
#48 C:\\xampp\\htdocs\\Laravel Projects\\tlight\\vendor\\laravel\\framework\\src\\Illuminate\\Foundation\\Http\\Kernel.php(176): Illuminate\\Routing\\Router->dispatch(Object(Illuminate\\Http\\Request))
#49 C:\\xampp\\htdocs\\Laravel Projects\\tlight\\vendor\\laravel\\framework\\src\\Illuminate\\Routing\\Pipeline.php(30): Illuminate\\Foundation\\Http\\Kernel->Illuminate\\Foundation\\Http\\{closure}(Object(Illuminate\\Http\\Request))
#50 C:\\xampp\\htdocs\\Laravel Projects\\tlight\\vendor\\fideloper\\proxy\\src\\TrustProxies.php(57): Illuminate\\Routing\\Pipeline->Illuminate\\Routing\\{closure}(Object(Illuminate\\Http\\Request))
#51 C:\\xampp\\htdocs\\Laravel Projects\\tlight\\vendor\\laravel\\framework\\src\\Illuminate\\Pipeline\\Pipeline.php(163): Fideloper\\Proxy\\TrustProxies->handle(Object(Illuminate\\Http\\Request), Object(Closure))
#52 C:\\xampp\\htdocs\\Laravel Projects\\tlight\\vendor\\laravel\\framework\\src\\Illuminate\\Routing\\Pipeline.php(53): Illuminate\\Pipeline\\Pipeline->Illuminate\\Pipeline\\{closure}(Object(Illuminate\\Http\\Request))
#53 C:\\xampp\\htdocs\\Laravel Projects\\tlight\\vendor\\laravel\\framework\\src\\Illuminate\\Foundation\\Http\\Middleware\\TransformsRequest.php(21): Illuminate\\Routing\\Pipeline->Illuminate\\Routing\\{closure}(Object(Illuminate\\Http\\Request))
#54 C:\\xampp\\htdocs\\Laravel Projects\\tlight\\vendor\\laravel\\framework\\src\\Illuminate\\Pipeline\\Pipeline.php(163): Illuminate\\Foundation\\Http\\Middleware\\TransformsRequest->handle(Object(Illuminate\\Http\\Request), Object(Closure))
#55 C:\\xampp\\htdocs\\Laravel Projects\\tlight\\vendor\\laravel\\framework\\src\\Illuminate\\Routing\\Pipeline.php(53): Illuminate\\Pipeline\\Pipeline->Illuminate\\Pipeline\\{closure}(Object(Illuminate\\Http\\Request))
#56 C:\\xampp\\htdocs\\Laravel Projects\\tlight\\vendor\\laravel\\framework\\src\\Illuminate\\Foundation\\Http\\Middleware\\TransformsRequest.php(21): Illuminate\\Routing\\Pipeline->Illuminate\\Routing\\{closure}(Object(Illuminate\\Http\\Request))
#57 C:\\xampp\\htdocs\\Laravel Projects\\tlight\\vendor\\laravel\\framework\\src\\Illuminate\\Pipeline\\Pipeline.php(163): Illuminate\\Foundation\\Http\\Middleware\\TransformsRequest->handle(Object(Illuminate\\Http\\Request), Object(Closure))
#58 C:\\xampp\\htdocs\\Laravel Projects\\tlight\\vendor\\laravel\\framework\\src\\Illuminate\\Routing\\Pipeline.php(53): Illuminate\\Pipeline\\Pipeline->Illuminate\\Pipeline\\{closure}(Object(Illuminate\\Http\\Request))
#59 C:\\xampp\\htdocs\\Laravel Projects\\tlight\\vendor\\laravel\\framework\\src\\Illuminate\\Foundation\\Http\\Middleware\\ValidatePostSize.php(27): Illuminate\\Routing\\Pipeline->Illuminate\\Routing\\{closure}(Object(Illuminate\\Http\\Request))
#60 C:\\xampp\\htdocs\\Laravel Projects\\tlight\\vendor\\laravel\\framework\\src\\Illuminate\\Pipeline\\Pipeline.php(163): Illuminate\\Foundation\\Http\\Middleware\\ValidatePostSize->handle(Object(Illuminate\\Http\\Request), Object(Closure))
#61 C:\\xampp\\htdocs\\Laravel Projects\\tlight\\vendor\\laravel\\framework\\src\\Illuminate\\Routing\\Pipeline.php(53): Illuminate\\Pipeline\\Pipeline->Illuminate\\Pipeline\\{closure}(Object(Illuminate\\Http\\Request))
#62 C:\\xampp\\htdocs\\Laravel Projects\\tlight\\vendor\\laravel\\framework\\src\\Illuminate\\Foundation\\Http\\Middleware\\CheckForMaintenanceMode.php(62): Illuminate\\Routing\\Pipeline->Illuminate\\Routing\\{closure}(Object(Illuminate\\Http\\Request))
#63 C:\\xampp\\htdocs\\Laravel Projects\\tlight\\vendor\\laravel\\framework\\src\\Illuminate\\Pipeline\\Pipeline.php(163): Illuminate\\Foundation\\Http\\Middleware\\CheckForMaintenanceMode->handle(Object(Illuminate\\Http\\Request), Object(Closure))
#64 C:\\xampp\\htdocs\\Laravel Projects\\tlight\\vendor\\laravel\\framework\\src\\Illuminate\\Routing\\Pipeline.php(53): Illuminate\\Pipeline\\Pipeline->Illuminate\\Pipeline\\{closure}(Object(Illuminate\\Http\\Request))
#65 C:\\xampp\\htdocs\\Laravel Projects\\tlight\\vendor\\laravel\\framework\\src\\Illuminate\\Pipeline\\Pipeline.php(104): Illuminate\\Routing\\Pipeline->Illuminate\\Routing\\{closure}(Object(Illuminate\\Http\\Request))
#66 C:\\xampp\\htdocs\\Laravel Projects\\tlight\\vendor\\laravel\\framework\\src\\Illuminate\\Foundation\\Http\\Kernel.php(151): Illuminate\\Pipeline\\Pipeline->then(Object(Closure))
#67 C:\\xampp\\htdocs\\Laravel Projects\\tlight\\vendor\\laravel\\framework\\src\\Illuminate\\Foundation\\Http\\Kernel.php(116): Illuminate\\Foundation\\Http\\Kernel->sendRequestThroughRouter(Object(Illuminate\\Http\\Request))
#68 C:\\xampp\\htdocs\\Laravel Projects\\tlight\\public\\index.php(55): Illuminate\\Foundation\\Http\\Kernel->handle(Object(Illuminate\\Http\\Request))
#69 C:\\xampp\\htdocs\\Laravel Projects\\tlight\\server.php(21): require_once('C:\\\\xampp\\\\htdocs...')
#70 {main}
"} 
[2020-11-04 00:23:14] local.ERROR: SQLSTATE[23000]: Integrity constraint violation: 1048 Column 'password' cannot be null (SQL: update `users` set `username` = sasa, `password` = ?, `users`.`updated_at` = 2020-11-04 00:23:14 where `id` = 3) {"userId":1,"exception":"[object] (Illuminate\\Database\\QueryException(code: 23000): SQLSTATE[23000]: Integrity constraint violation: 1048 Column 'password' cannot be null (SQL: update `users` set `username` = sasa, `password` = ?, `users`.`updated_at` = 2020-11-04 00:23:14 where `id` = 3) at C:\\xampp\\htdocs\\Laravel Projects\\tlight\\vendor\\laravel\\framework\\src\\Illuminate\\Database\\Connection.php:664, Doctrine\\DBAL\\Driver\\PDOException(code: 23000): SQLSTATE[23000]: Integrity constraint violation: 1048 Column 'password' cannot be null at C:\\xampp\\htdocs\\Laravel Projects\\tlight\\vendor\\doctrine\\dbal\\lib\\Doctrine\\DBAL\\Driver\\PDOStatement.php:131, PDOException(code: 23000): SQLSTATE[23000]: Integrity constraint violation: 1048 Column 'password' cannot be null at C:\\xampp\\htdocs\\Laravel Projects\\tlight\\vendor\\doctrine\\dbal\\lib\\Doctrine\\DBAL\\Driver\\PDOStatement.php:129)
[stacktrace]
#0 C:\\xampp\\htdocs\\Laravel Projects\\tlight\\vendor\\laravel\\framework\\src\\Illuminate\\Database\\Connection.php(624): Illuminate\\Database\\Connection->runQueryCallback('update `users` ...', Array, Object(Closure))
#1 C:\\xampp\\htdocs\\Laravel Projects\\tlight\\vendor\\laravel\\framework\\src\\Illuminate\\Database\\Connection.php(490): Illuminate\\Database\\Connection->run('update `users` ...', Array, Object(Closure))
#2 C:\\xampp\\htdocs\\Laravel Projects\\tlight\\vendor\\laravel\\framework\\src\\Illuminate\\Database\\Connection.php(423): Illuminate\\Database\\Connection->affectingStatement('update `users` ...', Array)
#3 C:\\xampp\\htdocs\\Laravel Projects\\tlight\\vendor\\laravel\\framework\\src\\Illuminate\\Database\\Query\\Builder.php(2721): Illuminate\\Database\\Connection->update('update `users` ...', Array)
#4 C:\\xampp\\htdocs\\Laravel Projects\\tlight\\vendor\\laravel\\framework\\src\\Illuminate\\Database\\Eloquent\\Builder.php(820): Illuminate\\Database\\Query\\Builder->update(Array)
#5 C:\\xampp\\htdocs\\Laravel Projects\\tlight\\vendor\\laravel\\framework\\src\\Illuminate\\Database\\Eloquent\\Model.php(745): Illuminate\\Database\\Eloquent\\Builder->update(Array)
#6 C:\\xampp\\htdocs\\Laravel Projects\\tlight\\vendor\\laravel\\framework\\src\\Illuminate\\Database\\Eloquent\\Model.php(660): Illuminate\\Database\\Eloquent\\Model->performUpdate(Object(Illuminate\\Database\\Eloquent\\Builder))
#7 C:\\xampp\\htdocs\\Laravel Projects\\tlight\\vendor\\laravel\\framework\\src\\Illuminate\\Database\\Eloquent\\Model.php(607): Illuminate\\Database\\Eloquent\\Model->save(Array)
#8 C:\\xampp\\htdocs\\Laravel Projects\\tlight\\app\\Http\\Controllers\\UserController.php(121): Illuminate\\Database\\Eloquent\\Model->update(Array)
#9 [internal function]: App\\Http\\Controllers\\UserController->update(Object(Illuminate\\Http\\Request), Object(App\\User))
#10 C:\\xampp\\htdocs\\Laravel Projects\\tlight\\vendor\\laravel\\framework\\src\\Illuminate\\Routing\\Controller.php(54): call_user_func_array(Array, Array)
#11 C:\\xampp\\htdocs\\Laravel Projects\\tlight\\vendor\\laravel\\framework\\src\\Illuminate\\Routing\\ControllerDispatcher.php(45): Illuminate\\Routing\\Controller->callAction('update', Array)
#12 C:\\xampp\\htdocs\\Laravel Projects\\tlight\\vendor\\laravel\\framework\\src\\Illuminate\\Routing\\Route.php(219): Illuminate\\Routing\\ControllerDispatcher->dispatch(Object(Illuminate\\Routing\\Route), Object(App\\Http\\Controllers\\UserController), 'update')
#13 C:\\xampp\\htdocs\\Laravel Projects\\tlight\\vendor\\laravel\\framework\\src\\Illuminate\\Routing\\Route.php(176): Illuminate\\Routing\\Route->runController()
#14 C:\\xampp\\htdocs\\Laravel Projects\\tlight\\vendor\\laravel\\framework\\src\\Illuminate\\Routing\\Router.php(680): Illuminate\\Routing\\Route->run()
#15 C:\\xampp\\htdocs\\Laravel Projects\\tlight\\vendor\\laravel\\framework\\src\\Illuminate\\Routing\\Pipeline.php(30): Illuminate\\Routing\\Router->Illuminate\\Routing\\{closure}(Object(Illuminate\\Http\\Request))
#16 C:\\xampp\\htdocs\\Laravel Projects\\tlight\\app\\Http\\Middleware\\SwitchUser.php(22): Illuminate\\Routing\\Pipeline->Illuminate\\Routing\\{closure}(Object(Illuminate\\Http\\Request))
#17 C:\\xampp\\htdocs\\Laravel Projects\\tlight\\vendor\\laravel\\framework\\src\\Illuminate\\Pipeline\\Pipeline.php(163): App\\Http\\Middleware\\SwitchUser->handle(Object(Illuminate\\Http\\Request), Object(Closure))
#18 C:\\xampp\\htdocs\\Laravel Projects\\tlight\\vendor\\laravel\\framework\\src\\Illuminate\\Routing\\Pipeline.php(53): Illuminate\\Pipeline\\Pipeline->Illuminate\\Pipeline\\{closure}(Object(Illuminate\\Http\\Request))
#19 C:\\xampp\\htdocs\\Laravel Projects\\tlight\\vendor\\laravel\\framework\\src\\Illuminate\\Auth\\Middleware\\EnsureEmailIsVerified.php(29): Illuminate\\Routing\\Pipeline->Illuminate\\Routing\\{closure}(Object(Illuminate\\Http\\Request))
#20 C:\\xampp\\htdocs\\Laravel Projects\\tlight\\vendor\\laravel\\framework\\src\\Illuminate\\Pipeline\\Pipeline.php(163): Illuminate\\Auth\\Middleware\\EnsureEmailIsVerified->handle(Object(Illuminate\\Http\\Request), Object(Closure))
#21 C:\\xampp\\htdocs\\Laravel Projects\\tlight\\vendor\\laravel\\framework\\src\\Illuminate\\Routing\\Pipeline.php(53): Illuminate\\Pipeline\\Pipeline->Illuminate\\Pipeline\\{closure}(Object(Illuminate\\Http\\Request))
#22 C:\\xampp\\htdocs\\Laravel Projects\\tlight\\vendor\\laravel\\framework\\src\\Illuminate\\Routing\\Middleware\\SubstituteBindings.php(41): Illuminate\\Routing\\Pipeline->Illuminate\\Routing\\{closure}(Object(Illuminate\\Http\\Request))
#23 C:\\xampp\\htdocs\\Laravel Projects\\tlight\\vendor\\laravel\\framework\\src\\Illuminate\\Pipeline\\Pipeline.php(163): Illuminate\\Routing\\Middleware\\SubstituteBindings->handle(Object(Illuminate\\Http\\Request), Object(Closure))
#24 C:\\xampp\\htdocs\\Laravel Projects\\tlight\\vendor\\laravel\\framework\\src\\Illuminate\\Routing\\Pipeline.php(53): Illuminate\\Pipeline\\Pipeline->Illuminate\\Pipeline\\{closure}(Object(Illuminate\\Http\\Request))
#25 C:\\xampp\\htdocs\\Laravel Projects\\tlight\\vendor\\laravel\\framework\\src\\Illuminate\\Auth\\Middleware\\Authenticate.php(43): Illuminate\\Routing\\Pipeline->Illuminate\\Routing\\{closure}(Object(Illuminate\\Http\\Request))
#26 C:\\xampp\\htdocs\\Laravel Projects\\tlight\\vendor\\laravel\\framework\\src\\Illuminate\\Pipeline\\Pipeline.php(163): Illuminate\\Auth\\Middleware\\Authenticate->handle(Object(Illuminate\\Http\\Request), Object(Closure))
#27 C:\\xampp\\htdocs\\Laravel Projects\\tlight\\vendor\\laravel\\framework\\src\\Illuminate\\Routing\\Pipeline.php(53): Illuminate\\Pipeline\\Pipeline->Illuminate\\Pipeline\\{closure}(Object(Illuminate\\Http\\Request))
#28 C:\\xampp\\htdocs\\Laravel Projects\\tlight\\vendor\\laravel\\framework\\src\\Illuminate\\Foundation\\Http\\Middleware\\VerifyCsrfToken.php(75): Illuminate\\Routing\\Pipeline->Illuminate\\Routing\\{closure}(Object(Illuminate\\Http\\Request))
#29 C:\\xampp\\htdocs\\Laravel Projects\\tlight\\vendor\\laravel\\framework\\src\\Illuminate\\Pipeline\\Pipeline.php(163): Illuminate\\Foundation\\Http\\Middleware\\VerifyCsrfToken->handle(Object(Illuminate\\Http\\Request), Object(Closure))
#30 C:\\xampp\\htdocs\\Laravel Projects\\tlight\\vendor\\laravel\\framework\\src\\Illuminate\\Routing\\Pipeline.php(53): Illuminate\\Pipeline\\Pipeline->Illuminate\\Pipeline\\{closure}(Object(Illuminate\\Http\\Request))
#31 C:\\xampp\\htdocs\\Laravel Projects\\tlight\\vendor\\laravel\\framework\\src\\Illuminate\\View\\Middleware\\ShareErrorsFromSession.php(49): Illuminate\\Routing\\Pipeline->Illuminate\\Routing\\{closure}(Object(Illuminate\\Http\\Request))
#32 C:\\xampp\\htdocs\\Laravel Projects\\tlight\\vendor\\laravel\\framework\\src\\Illuminate\\Pipeline\\Pipeline.php(163): Illuminate\\View\\Middleware\\ShareErrorsFromSession->handle(Object(Illuminate\\Http\\Request), Object(Closure))
#33 C:\\xampp\\htdocs\\Laravel Projects\\tlight\\vendor\\laravel\\framework\\src\\Illuminate\\Routing\\Pipeline.php(53): Illuminate\\Pipeline\\Pipeline->Illuminate\\Pipeline\\{closure}(Object(Illuminate\\Http\\Request))
#34 C:\\xampp\\htdocs\\Laravel Projects\\tlight\\vendor\\laravel\\framework\\src\\Illuminate\\Session\\Middleware\\StartSession.php(56): Illuminate\\Routing\\Pipeline->Illuminate\\Routing\\{closure}(Object(Illuminate\\Http\\Request))
#35 C:\\xampp\\htdocs\\Laravel Projects\\tlight\\vendor\\laravel\\framework\\src\\Illuminate\\Pipeline\\Pipeline.php(163): Illuminate\\Session\\Middleware\\StartSession->handle(Object(Illuminate\\Http\\Request), Object(Closure))
#36 C:\\xampp\\htdocs\\Laravel Projects\\tlight\\vendor\\laravel\\framework\\src\\Illuminate\\Routing\\Pipeline.php(53): Illuminate\\Pipeline\\Pipeline->Illuminate\\Pipeline\\{closure}(Object(Illuminate\\Http\\Request))
#37 C:\\xampp\\htdocs\\Laravel Projects\\tlight\\vendor\\laravel\\framework\\src\\Illuminate\\Cookie\\Middleware\\AddQueuedCookiesToResponse.php(37): Illuminate\\Routing\\Pipeline->Illuminate\\Routing\\{closure}(Object(Illuminate\\Http\\Request))
#38 C:\\xampp\\htdocs\\Laravel Projects\\tlight\\vendor\\laravel\\framework\\src\\Illuminate\\Pipeline\\Pipeline.php(163): Illuminate\\Cookie\\Middleware\\AddQueuedCookiesToResponse->handle(Object(Illuminate\\Http\\Request), Object(Closure))
#39 C:\\xampp\\htdocs\\Laravel Projects\\tlight\\vendor\\laravel\\framework\\src\\Illuminate\\Routing\\Pipeline.php(53): Illuminate\\Pipeline\\Pipeline->Illuminate\\Pipeline\\{closure}(Object(Illuminate\\Http\\Request))
#40 C:\\xampp\\htdocs\\Laravel Projects\\tlight\\vendor\\laravel\\framework\\src\\Illuminate\\Cookie\\Middleware\\EncryptCookies.php(66): Illuminate\\Routing\\Pipeline->Illuminate\\Routing\\{closure}(Object(Illuminate\\Http\\Request))
#41 C:\\xampp\\htdocs\\Laravel Projects\\tlight\\vendor\\laravel\\framework\\src\\Illuminate\\Pipeline\\Pipeline.php(163): Illuminate\\Cookie\\Middleware\\EncryptCookies->handle(Object(Illuminate\\Http\\Request), Object(Closure))
#42 C:\\xampp\\htdocs\\Laravel Projects\\tlight\\vendor\\laravel\\framework\\src\\Illuminate\\Routing\\Pipeline.php(53): Illuminate\\Pipeline\\Pipeline->Illuminate\\Pipeline\\{closure}(Object(Illuminate\\Http\\Request))
#43 C:\\xampp\\htdocs\\Laravel Projects\\tlight\\vendor\\laravel\\framework\\src\\Illuminate\\Pipeline\\Pipeline.php(104): Illuminate\\Routing\\Pipeline->Illuminate\\Routing\\{closure}(Object(Illuminate\\Http\\Request))
#44 C:\\xampp\\htdocs\\Laravel Projects\\tlight\\vendor\\laravel\\framework\\src\\Illuminate\\Routing\\Router.php(682): Illuminate\\Pipeline\\Pipeline->then(Object(Closure))
#45 C:\\xampp\\htdocs\\Laravel Projects\\tlight\\vendor\\laravel\\framework\\src\\Illuminate\\Routing\\Router.php(657): Illuminate\\Routing\\Router->runRouteWithinStack(Object(Illuminate\\Routing\\Route), Object(Illuminate\\Http\\Request))
#46 C:\\xampp\\htdocs\\Laravel Projects\\tlight\\vendor\\laravel\\framework\\src\\Illuminate\\Routing\\Router.php(623): Illuminate\\Routing\\Router->runRoute(Object(Illuminate\\Http\\Request), Object(Illuminate\\Routing\\Route))
#47 C:\\xampp\\htdocs\\Laravel Projects\\tlight\\vendor\\laravel\\framework\\src\\Illuminate\\Routing\\Router.php(612): Illuminate\\Routing\\Router->dispatchToRoute(Object(Illuminate\\Http\\Request))
#48 C:\\xampp\\htdocs\\Laravel Projects\\tlight\\vendor\\laravel\\framework\\src\\Illuminate\\Foundation\\Http\\Kernel.php(176): Illuminate\\Routing\\Router->dispatch(Object(Illuminate\\Http\\Request))
#49 C:\\xampp\\htdocs\\Laravel Projects\\tlight\\vendor\\laravel\\framework\\src\\Illuminate\\Routing\\Pipeline.php(30): Illuminate\\Foundation\\Http\\Kernel->Illuminate\\Foundation\\Http\\{closure}(Object(Illuminate\\Http\\Request))
#50 C:\\xampp\\htdocs\\Laravel Projects\\tlight\\vendor\\fideloper\\proxy\\src\\TrustProxies.php(57): Illuminate\\Routing\\Pipeline->Illuminate\\Routing\\{closure}(Object(Illuminate\\Http\\Request))
#51 C:\\xampp\\htdocs\\Laravel Projects\\tlight\\vendor\\laravel\\framework\\src\\Illuminate\\Pipeline\\Pipeline.php(163): Fideloper\\Proxy\\TrustProxies->handle(Object(Illuminate\\Http\\Request), Object(Closure))
#52 C:\\xampp\\htdocs\\Laravel Projects\\tlight\\vendor\\laravel\\framework\\src\\Illuminate\\Routing\\Pipeline.php(53): Illuminate\\Pipeline\\Pipeline->Illuminate\\Pipeline\\{closure}(Object(Illuminate\\Http\\Request))
#53 C:\\xampp\\htdocs\\Laravel Projects\\tlight\\vendor\\laravel\\framework\\src\\Illuminate\\Foundation\\Http\\Middleware\\TransformsRequest.php(21): Illuminate\\Routing\\Pipeline->Illuminate\\Routing\\{closure}(Object(Illuminate\\Http\\Request))
#54 C:\\xampp\\htdocs\\Laravel Projects\\tlight\\vendor\\laravel\\framework\\src\\Illuminate\\Pipeline\\Pipeline.php(163): Illuminate\\Foundation\\Http\\Middleware\\TransformsRequest->handle(Object(Illuminate\\Http\\Request), Object(Closure))
#55 C:\\xampp\\htdocs\\Laravel Projects\\tlight\\vendor\\laravel\\framework\\src\\Illuminate\\Routing\\Pipeline.php(53): Illuminate\\Pipeline\\Pipeline->Illuminate\\Pipeline\\{closure}(Object(Illuminate\\Http\\Request))
#56 C:\\xampp\\htdocs\\Laravel Projects\\tlight\\vendor\\laravel\\framework\\src\\Illuminate\\Foundation\\Http\\Middleware\\TransformsRequest.php(21): Illuminate\\Routing\\Pipeline->Illuminate\\Routing\\{closure}(Object(Illuminate\\Http\\Request))
#57 C:\\xampp\\htdocs\\Laravel Projects\\tlight\\vendor\\laravel\\framework\\src\\Illuminate\\Pipeline\\Pipeline.php(163): Illuminate\\Foundation\\Http\\Middleware\\TransformsRequest->handle(Object(Illuminate\\Http\\Request), Object(Closure))
#58 C:\\xampp\\htdocs\\Laravel Projects\\tlight\\vendor\\laravel\\framework\\src\\Illuminate\\Routing\\Pipeline.php(53): Illuminate\\Pipeline\\Pipeline->Illuminate\\Pipeline\\{closure}(Object(Illuminate\\Http\\Request))
#59 C:\\xampp\\htdocs\\Laravel Projects\\tlight\\vendor\\laravel\\framework\\src\\Illuminate\\Foundation\\Http\\Middleware\\ValidatePostSize.php(27): Illuminate\\Routing\\Pipeline->Illuminate\\Routing\\{closure}(Object(Illuminate\\Http\\Request))
#60 C:\\xampp\\htdocs\\Laravel Projects\\tlight\\vendor\\laravel\\framework\\src\\Illuminate\\Pipeline\\Pipeline.php(163): Illuminate\\Foundation\\Http\\Middleware\\ValidatePostSize->handle(Object(Illuminate\\Http\\Request), Object(Closure))
#61 C:\\xampp\\htdocs\\Laravel Projects\\tlight\\vendor\\laravel\\framework\\src\\Illuminate\\Routing\\Pipeline.php(53): Illuminate\\Pipeline\\Pipeline->Illuminate\\Pipeline\\{closure}(Object(Illuminate\\Http\\Request))
#62 C:\\xampp\\htdocs\\Laravel Projects\\tlight\\vendor\\laravel\\framework\\src\\Illuminate\\Foundation\\Http\\Middleware\\CheckForMaintenanceMode.php(62): Illuminate\\Routing\\Pipeline->Illuminate\\Routing\\{closure}(Object(Illuminate\\Http\\Request))
#63 C:\\xampp\\htdocs\\Laravel Projects\\tlight\\vendor\\laravel\\framework\\src\\Illuminate\\Pipeline\\Pipeline.php(163): Illuminate\\Foundation\\Http\\Middleware\\CheckForMaintenanceMode->handle(Object(Illuminate\\Http\\Request), Object(Closure))
#64 C:\\xampp\\htdocs\\Laravel Projects\\tlight\\vendor\\laravel\\framework\\src\\Illuminate\\Routing\\Pipeline.php(53): Illuminate\\Pipeline\\Pipeline->Illuminate\\Pipeline\\{closure}(Object(Illuminate\\Http\\Request))
#65 C:\\xampp\\htdocs\\Laravel Projects\\tlight\\vendor\\laravel\\framework\\src\\Illuminate\\Pipeline\\Pipeline.php(104): Illuminate\\Routing\\Pipeline->Illuminate\\Routing\\{closure}(Object(Illuminate\\Http\\Request))
#66 C:\\xampp\\htdocs\\Laravel Projects\\tlight\\vendor\\laravel\\framework\\src\\Illuminate\\Foundation\\Http\\Kernel.php(151): Illuminate\\Pipeline\\Pipeline->then(Object(Closure))
#67 C:\\xampp\\htdocs\\Laravel Projects\\tlight\\vendor\\laravel\\framework\\src\\Illuminate\\Foundation\\Http\\Kernel.php(116): Illuminate\\Foundation\\Http\\Kernel->sendRequestThroughRouter(Object(Illuminate\\Http\\Request))
#68 C:\\xampp\\htdocs\\Laravel Projects\\tlight\\public\\index.php(55): Illuminate\\Foundation\\Http\\Kernel->handle(Object(Illuminate\\Http\\Request))
#69 C:\\xampp\\htdocs\\Laravel Projects\\tlight\\server.php(21): require_once('C:\\\\xampp\\\\htdocs...')
#70 {main}
"} 
[2020-11-04 00:33:53] local.ERROR: Undefined variable: user (View: C:\xampp\htdocs\Laravel Projects\tlight\resources\views\admin\posts\index.blade.php) {"userId":1,"exception":"[object] (ErrorException(code: 0): Undefined variable: user (View: C:\\xampp\\htdocs\\Laravel Projects\\tlight\esources\\views\\admin\\posts\\index.blade.php) at C:\\xampp\\htdocs\\Laravel Projects\\tlight\\storage\\framework\\views\\06ab947f3da4b2f724f830a864949e8ae725ce50.php:41, ErrorException(code: 0): Undefined variable: user at C:\\xampp\\htdocs\\Laravel Projects\\tlight\\storage\\framework\\views\\06ab947f3da4b2f724f830a864949e8ae725ce50.php:41)
[stacktrace]
#0 C:\\xampp\\htdocs\\Laravel Projects\\tlight\\vendor\\laravel\\framework\\src\\Illuminate\\View\\Engines\\PhpEngine.php(45): Illuminate\\View\\Engines\\CompilerEngine->handleViewException(Object(ErrorException), 1)
#1 C:\\xampp\\htdocs\\Laravel Projects\\tlight\\vendor\\laravel\\framework\\src\\Illuminate\\View\\Engines\\CompilerEngine.php(59): Illuminate\\View\\Engines\\PhpEngine->evaluatePath('C:\\\\xampp\\\\htdocs...', Array)
#2 C:\\xampp\\htdocs\\Laravel Projects\\tlight\\vendor\\laravel\\framework\\src\\Illuminate\\View\\View.php(142): Illuminate\\View\\Engines\\CompilerEngine->get('C:\\\\xampp\\\\htdocs...', Array)
#3 C:\\xampp\\htdocs\\Laravel Projects\\tlight\\vendor\\laravel\\framework\\src\\Illuminate\\View\\View.php(125): Illuminate\\View\\View->getContents()
#4 C:\\xampp\\htdocs\\Laravel Projects\\tlight\\vendor\\laravel\\framework\\src\\Illuminate\\View\\View.php(90): Illuminate\\View\\View->renderContents()
#5 C:\\xampp\\htdocs\\Laravel Projects\\tlight\\vendor\\laravel\\framework\\src\\Illuminate\\Http\\Response.php(42): Illuminate\\View\\View->render()
#6 C:\\xampp\\htdocs\\Laravel Projects\\tlight\\vendor\\symfony\\http-foundation\\Response.php(205): Illuminate\\Http\\Response->setContent(Object(Illuminate\\View\\View))
#7 C:\\xampp\\htdocs\\Laravel Projects\\tlight\\vendor\\laravel\\framework\\src\\Illuminate\\Routing\\Router.php(748): Symfony\\Component\\HttpFoundation\\Response->__construct(Object(Illuminate\\View\\View))
#8 C:\\xampp\\htdocs\\Laravel Projects\\tlight\\vendor\\laravel\\framework\\src\\Illuminate\\Routing\\Router.php(720): Illuminate\\Routing\\Router::toResponse(Object(Illuminate\\Http\\Request), Object(Illuminate\\View\\View))
#9 C:\\xampp\\htdocs\\Laravel Projects\\tlight\\vendor\\laravel\\framework\\src\\Illuminate\\Routing\\Router.php(680): Illuminate\\Routing\\Router->prepareResponse(Object(Illuminate\\Http\\Request), Object(Illuminate\\View\\View))
#10 C:\\xampp\\htdocs\\Laravel Projects\\tlight\\vendor\\laravel\\framework\\src\\Illuminate\\Routing\\Pipeline.php(30): Illuminate\\Routing\\Router->Illuminate\\Routing\\{closure}(Object(Illuminate\\Http\\Request))
#11 C:\\xampp\\htdocs\\Laravel Projects\\tlight\\app\\Http\\Middleware\\SwitchUser.php(22): Illuminate\\Routing\\Pipeline->Illuminate\\Routing\\{closure}(Object(Illuminate\\Http\\Request))
#12 C:\\xampp\\htdocs\\Laravel Projects\\tlight\\vendor\\laravel\\framework\\src\\Illuminate\\Pipeline\\Pipeline.php(163): App\\Http\\Middleware\\SwitchUser->handle(Object(Illuminate\\Http\\Request), Object(Closure))
#13 C:\\xampp\\htdocs\\Laravel Projects\\tlight\\vendor\\laravel\\framework\\src\\Illuminate\\Routing\\Pipeline.php(53): Illuminate\\Pipeline\\Pipeline->Illuminate\\Pipeline\\{closure}(Object(Illuminate\\Http\\Request))
#14 C:\\xampp\\htdocs\\Laravel Projects\\tlight\\vendor\\laravel\\framework\\src\\Illuminate\\Auth\\Middleware\\EnsureEmailIsVerified.php(29): Illuminate\\Routing\\Pipeline->Illuminate\\Routing\\{closure}(Object(Illuminate\\Http\\Request))
#15 C:\\xampp\\htdocs\\Laravel Projects\\tlight\\vendor\\laravel\\framework\\src\\Illuminate\\Pipeline\\Pipeline.php(163): Illuminate\\Auth\\Middleware\\EnsureEmailIsVerified->handle(Object(Illuminate\\Http\\Request), Object(Closure))
#16 C:\\xampp\\htdocs\\Laravel Projects\\tlight\\vendor\\laravel\\framework\\src\\Illuminate\\Routing\\Pipeline.php(53): Illuminate\\Pipeline\\Pipeline->Illuminate\\Pipeline\\{closure}(Object(Illuminate\\Http\\Request))
#17 C:\\xampp\\htdocs\\Laravel Projects\\tlight\\vendor\\laravel\\framework\\src\\Illuminate\\Routing\\Middleware\\SubstituteBindings.php(41): Illuminate\\Routing\\Pipeline->Illuminate\\Routing\\{closure}(Object(Illuminate\\Http\\Request))
#18 C:\\xampp\\htdocs\\Laravel Projects\\tlight\\vendor\\laravel\\framework\\src\\Illuminate\\Pipeline\\Pipeline.php(163): Illuminate\\Routing\\Middleware\\SubstituteBindings->handle(Object(Illuminate\\Http\\Request), Object(Closure))
#19 C:\\xampp\\htdocs\\Laravel Projects\\tlight\\vendor\\laravel\\framework\\src\\Illuminate\\Routing\\Pipeline.php(53): Illuminate\\Pipeline\\Pipeline->Illuminate\\Pipeline\\{closure}(Object(Illuminate\\Http\\Request))
#20 C:\\xampp\\htdocs\\Laravel Projects\\tlight\\vendor\\laravel\\framework\\src\\Illuminate\\Auth\\Middleware\\Authenticate.php(43): Illuminate\\Routing\\Pipeline->Illuminate\\Routing\\{closure}(Object(Illuminate\\Http\\Request))
#21 C:\\xampp\\htdocs\\Laravel Projects\\tlight\\vendor\\laravel\\framework\\src\\Illuminate\\Pipeline\\Pipeline.php(163): Illuminate\\Auth\\Middleware\\Authenticate->handle(Object(Illuminate\\Http\\Request), Object(Closure))
#22 C:\\xampp\\htdocs\\Laravel Projects\\tlight\\vendor\\laravel\\framework\\src\\Illuminate\\Routing\\Pipeline.php(53): Illuminate\\Pipeline\\Pipeline->Illuminate\\Pipeline\\{closure}(Object(Illuminate\\Http\\Request))
#23 C:\\xampp\\htdocs\\Laravel Projects\\tlight\\vendor\\laravel\\framework\\src\\Illuminate\\Foundation\\Http\\Middleware\\VerifyCsrfToken.php(75): Illuminate\\Routing\\Pipeline->Illuminate\\Routing\\{closure}(Object(Illuminate\\Http\\Request))
#24 C:\\xampp\\htdocs\\Laravel Projects\\tlight\\vendor\\laravel\\framework\\src\\Illuminate\\Pipeline\\Pipeline.php(163): Illuminate\\Foundation\\Http\\Middleware\\VerifyCsrfToken->handle(Object(Illuminate\\Http\\Request), Object(Closure))
#25 C:\\xampp\\htdocs\\Laravel Projects\\tlight\\vendor\\laravel\\framework\\src\\Illuminate\\Routing\\Pipeline.php(53): Illuminate\\Pipeline\\Pipeline->Illuminate\\Pipeline\\{closure}(Object(Illuminate\\Http\\Request))
#26 C:\\xampp\\htdocs\\Laravel Projects\\tlight\\vendor\\laravel\\framework\\src\\Illuminate\\View\\Middleware\\ShareErrorsFromSession.php(49): Illuminate\\Routing\\Pipeline->Illuminate\\Routing\\{closure}(Object(Illuminate\\Http\\Request))
#27 C:\\xampp\\htdocs\\Laravel Projects\\tlight\\vendor\\laravel\\framework\\src\\Illuminate\\Pipeline\\Pipeline.php(163): Illuminate\\View\\Middleware\\ShareErrorsFromSession->handle(Object(Illuminate\\Http\\Request), Object(Closure))
#28 C:\\xampp\\htdocs\\Laravel Projects\\tlight\\vendor\\laravel\\framework\\src\\Illuminate\\Routing\\Pipeline.php(53): Illuminate\\Pipeline\\Pipeline->Illuminate\\Pipeline\\{closure}(Object(Illuminate\\Http\\Request))
#29 C:\\xampp\\htdocs\\Laravel Projects\\tlight\\vendor\\laravel\\framework\\src\\Illuminate\\Session\\Middleware\\StartSession.php(56): Illuminate\\Routing\\Pipeline->Illuminate\\Routing\\{closure}(Object(Illuminate\\Http\\Request))
#30 C:\\xampp\\htdocs\\Laravel Projects\\tlight\\vendor\\laravel\\framework\\src\\Illuminate\\Pipeline\\Pipeline.php(163): Illuminate\\Session\\Middleware\\StartSession->handle(Object(Illuminate\\Http\\Request), Object(Closure))
#31 C:\\xampp\\htdocs\\Laravel Projects\\tlight\\vendor\\laravel\\framework\\src\\Illuminate\\Routing\\Pipeline.php(53): Illuminate\\Pipeline\\Pipeline->Illuminate\\Pipeline\\{closure}(Object(Illuminate\\Http\\Request))
#32 C:\\xampp\\htdocs\\Laravel Projects\\tlight\\vendor\\laravel\\framework\\src\\Illuminate\\Cookie\\Middleware\\AddQueuedCookiesToResponse.php(37): Illuminate\\Routing\\Pipeline->Illuminate\\Routing\\{closure}(Object(Illuminate\\Http\\Request))
#33 C:\\xampp\\htdocs\\Laravel Projects\\tlight\\vendor\\laravel\\framework\\src\\Illuminate\\Pipeline\\Pipeline.php(163): Illuminate\\Cookie\\Middleware\\AddQueuedCookiesToResponse->handle(Object(Illuminate\\Http\\Request), Object(Closure))
#34 C:\\xampp\\htdocs\\Laravel Projects\\tlight\\vendor\\laravel\\framework\\src\\Illuminate\\Routing\\Pipeline.php(53): Illuminate\\Pipeline\\Pipeline->Illuminate\\Pipeline\\{closure}(Object(Illuminate\\Http\\Request))
#35 C:\\xampp\\htdocs\\Laravel Projects\\tlight\\vendor\\laravel\\framework\\src\\Illuminate\\Cookie\\Middleware\\EncryptCookies.php(66): Illuminate\\Routing\\Pipeline->Illuminate\\Routing\\{closure}(Object(Illuminate\\Http\\Request))
#36 C:\\xampp\\htdocs\\Laravel Projects\\tlight\\vendor\\laravel\\framework\\src\\Illuminate\\Pipeline\\Pipeline.php(163): Illuminate\\Cookie\\Middleware\\EncryptCookies->handle(Object(Illuminate\\Http\\Request), Object(Closure))
#37 C:\\xampp\\htdocs\\Laravel Projects\\tlight\\vendor\\laravel\\framework\\src\\Illuminate\\Routing\\Pipeline.php(53): Illuminate\\Pipeline\\Pipeline->Illuminate\\Pipeline\\{closure}(Object(Illuminate\\Http\\Request))
#38 C:\\xampp\\htdocs\\Laravel Projects\\tlight\\vendor\\laravel\\framework\\src\\Illuminate\\Pipeline\\Pipeline.php(104): Illuminate\\Routing\\Pipeline->Illuminate\\Routing\\{closure}(Object(Illuminate\\Http\\Request))
#39 C:\\xampp\\htdocs\\Laravel Projects\\tlight\\vendor\\laravel\\framework\\src\\Illuminate\\Routing\\Router.php(682): Illuminate\\Pipeline\\Pipeline->then(Object(Closure))
#40 C:\\xampp\\htdocs\\Laravel Projects\\tlight\\vendor\\laravel\\framework\\src\\Illuminate\\Routing\\Router.php(657): Illuminate\\Routing\\Router->runRouteWithinStack(Object(Illuminate\\Routing\\Route), Object(Illuminate\\Http\\Request))
#41 C:\\xampp\\htdocs\\Laravel Projects\\tlight\\vendor\\laravel\\framework\\src\\Illuminate\\Routing\\Router.php(623): Illuminate\\Routing\\Router->runRoute(Object(Illuminate\\Http\\Request), Object(Illuminate\\Routing\\Route))
#42 C:\\xampp\\htdocs\\Laravel Projects\\tlight\\vendor\\laravel\\framework\\src\\Illuminate\\Routing\\Router.php(612): Illuminate\\Routing\\Router->dispatchToRoute(Object(Illuminate\\Http\\Request))
#43 C:\\xampp\\htdocs\\Laravel Projects\\tlight\\vendor\\laravel\\framework\\src\\Illuminate\\Foundation\\Http\\Kernel.php(176): Illuminate\\Routing\\Router->dispatch(Object(Illuminate\\Http\\Request))
#44 C:\\xampp\\htdocs\\Laravel Projects\\tlight\\vendor\\laravel\\framework\\src\\Illuminate\\Routing\\Pipeline.php(30): Illuminate\\Foundation\\Http\\Kernel->Illuminate\\Foundation\\Http\\{closure}(Object(Illuminate\\Http\\Request))
#45 C:\\xampp\\htdocs\\Laravel Projects\\tlight\\vendor\\fideloper\\proxy\\src\\TrustProxies.php(57): Illuminate\\Routing\\Pipeline->Illuminate\\Routing\\{closure}(Object(Illuminate\\Http\\Request))
#46 C:\\xampp\\htdocs\\Laravel Projects\\tlight\\vendor\\laravel\\framework\\src\\Illuminate\\Pipeline\\Pipeline.php(163): Fideloper\\Proxy\\TrustProxies->handle(Object(Illuminate\\Http\\Request), Object(Closure))
#47 C:\\xampp\\htdocs\\Laravel Projects\\tlight\\vendor\\laravel\\framework\\src\\Illuminate\\Routing\\Pipeline.php(53): Illuminate\\Pipeline\\Pipeline->Illuminate\\Pipeline\\{closure}(Object(Illuminate\\Http\\Request))
#48 C:\\xampp\\htdocs\\Laravel Projects\\tlight\\vendor\\laravel\\framework\\src\\Illuminate\\Foundation\\Http\\Middleware\\TransformsRequest.php(21): Illuminate\\Routing\\Pipeline->Illuminate\\Routing\\{closure}(Object(Illuminate\\Http\\Request))
#49 C:\\xampp\\htdocs\\Laravel Projects\\tlight\\vendor\\laravel\\framework\\src\\Illuminate\\Pipeline\\Pipeline.php(163): Illuminate\\Foundation\\Http\\Middleware\\TransformsRequest->handle(Object(Illuminate\\Http\\Request), Object(Closure))
#50 C:\\xampp\\htdocs\\Laravel Projects\\tlight\\vendor\\laravel\\framework\\src\\Illuminate\\Routing\\Pipeline.php(53): Illuminate\\Pipeline\\Pipeline->Illuminate\\Pipeline\\{closure}(Object(Illuminate\\Http\\Request))
#51 C:\\xampp\\htdocs\\Laravel Projects\\tlight\\vendor\\laravel\\framework\\src\\Illuminate\\Foundation\\Http\\Middleware\\TransformsRequest.php(21): Illuminate\\Routing\\Pipeline->Illuminate\\Routing\\{closure}(Object(Illuminate\\Http\\Request))
#52 C:\\xampp\\htdocs\\Laravel Projects\\tlight\\vendor\\laravel\\framework\\src\\Illuminate\\Pipeline\\Pipeline.php(163): Illuminate\\Foundation\\Http\\Middleware\\TransformsRequest->handle(Object(Illuminate\\Http\\Request), Object(Closure))
#53 C:\\xampp\\htdocs\\Laravel Projects\\tlight\\vendor\\laravel\\framework\\src\\Illuminate\\Routing\\Pipeline.php(53): Illuminate\\Pipeline\\Pipeline->Illuminate\\Pipeline\\{closure}(Object(Illuminate\\Http\\Request))
#54 C:\\xampp\\htdocs\\Laravel Projects\\tlight\\vendor\\laravel\\framework\\src\\Illuminate\\Foundation\\Http\\Middleware\\ValidatePostSize.php(27): Illuminate\\Routing\\Pipeline->Illuminate\\Routing\\{closure}(Object(Illuminate\\Http\\Request))
#55 C:\\xampp\\htdocs\\Laravel Projects\\tlight\\vendor\\laravel\\framework\\src\\Illuminate\\Pipeline\\Pipeline.php(163): Illuminate\\Foundation\\Http\\Middleware\\ValidatePostSize->handle(Object(Illuminate\\Http\\Request), Object(Closure))
#56 C:\\xampp\\htdocs\\Laravel Projects\\tlight\\vendor\\laravel\\framework\\src\\Illuminate\\Routing\\Pipeline.php(53): Illuminate\\Pipeline\\Pipeline->Illuminate\\Pipeline\\{closure}(Object(Illuminate\\Http\\Request))
#57 C:\\xampp\\htdocs\\Laravel Projects\\tlight\\vendor\\laravel\\framework\\src\\Illuminate\\Foundation\\Http\\Middleware\\CheckForMaintenanceMode.php(62): Illuminate\\Routing\\Pipeline->Illuminate\\Routing\\{closure}(Object(Illuminate\\Http\\Request))
#58 C:\\xampp\\htdocs\\Laravel Projects\\tlight\\vendor\\laravel\\framework\\src\\Illuminate\\Pipeline\\Pipeline.php(163): Illuminate\\Foundation\\Http\\Middleware\\CheckForMaintenanceMode->handle(Object(Illuminate\\Http\\Request), Object(Closure))
#59 C:\\xampp\\htdocs\\Laravel Projects\\tlight\\vendor\\laravel\\framework\\src\\Illuminate\\Routing\\Pipeline.php(53): Illuminate\\Pipeline\\Pipeline->Illuminate\\Pipeline\\{closure}(Object(Illuminate\\Http\\Request))
#60 C:\\xampp\\htdocs\\Laravel Projects\\tlight\\vendor\\laravel\\framework\\src\\Illuminate\\Pipeline\\Pipeline.php(104): Illuminate\\Routing\\Pipeline->Illuminate\\Routing\\{closure}(Object(Illuminate\\Http\\Request))
#61 C:\\xampp\\htdocs\\Laravel Projects\\tlight\\vendor\\laravel\\framework\\src\\Illuminate\\Foundation\\Http\\Kernel.php(151): Illuminate\\Pipeline\\Pipeline->then(Object(Closure))
#62 C:\\xampp\\htdocs\\Laravel Projects\\tlight\\vendor\\laravel\\framework\\src\\Illuminate\\Foundation\\Http\\Kernel.php(116): Illuminate\\Foundation\\Http\\Kernel->sendRequestThroughRouter(Object(Illuminate\\Http\\Request))
#63 C:\\xampp\\htdocs\\Laravel Projects\\tlight\\public\\index.php(55): Illuminate\\Foundation\\Http\\Kernel->handle(Object(Illuminate\\Http\\Request))
#64 C:\\xampp\\htdocs\\Laravel Projects\\tlight\\server.php(21): require_once('C:\\\\xampp\\\\htdocs...')
#65 {main}
"} 
[2020-11-04 06:27:08] local.ERROR: Property [status] does not exist on this collection instance. (View: C:\xampp\htdocs\Laravel Projects\tlight\resources\views\admin\users\index.blade.php) {"userId":1,"exception":"[object] (ErrorException(code: 0): Property [status] does not exist on this collection instance. (View: C:\\xampp\\htdocs\\Laravel Projects\\tlight\esources\\views\\admin\\users\\index.blade.php) at C:\\xampp\\htdocs\\Laravel Projects\\tlight\\vendor\\laravel\\framework\\src\\Illuminate\\Support\\Collection.php:2160, Exception(code: 0): Property [status] does not exist on this collection instance. at C:\\xampp\\htdocs\\Laravel Projects\\tlight\\vendor\\laravel\\framework\\src\\Illuminate\\Support\\Collection.php:2160)
[stacktrace]
#0 C:\\xampp\\htdocs\\Laravel Projects\\tlight\\vendor\\laravel\\framework\\src\\Illuminate\\View\\Engines\\PhpEngine.php(45): Illuminate\\View\\Engines\\CompilerEngine->handleViewException(Object(Exception), 1)
#1 C:\\xampp\\htdocs\\Laravel Projects\\tlight\\vendor\\laravel\\framework\\src\\Illuminate\\View\\Engines\\CompilerEngine.php(59): Illuminate\\View\\Engines\\PhpEngine->evaluatePath('C:\\\\xampp\\\\htdocs...', Array)
#2 C:\\xampp\\htdocs\\Laravel Projects\\tlight\\vendor\\laravel\\framework\\src\\Illuminate\\View\\View.php(142): Illuminate\\View\\Engines\\CompilerEngine->get('C:\\\\xampp\\\\htdocs...', Array)
#3 C:\\xampp\\htdocs\\Laravel Projects\\tlight\\vendor\\laravel\\framework\\src\\Illuminate\\View\\View.php(125): Illuminate\\View\\View->getContents()
#4 C:\\xampp\\htdocs\\Laravel Projects\\tlight\\vendor\\laravel\\framework\\src\\Illuminate\\View\\View.php(90): Illuminate\\View\\View->renderContents()
#5 C:\\xampp\\htdocs\\Laravel Projects\\tlight\\vendor\\laravel\\framework\\src\\Illuminate\\Http\\Response.php(42): Illuminate\\View\\View->render()
#6 C:\\xampp\\htdocs\\Laravel Projects\\tlight\\vendor\\symfony\\http-foundation\\Response.php(205): Illuminate\\Http\\Response->setContent(Object(Illuminate\\View\\View))
#7 C:\\xampp\\htdocs\\Laravel Projects\\tlight\\vendor\\laravel\\framework\\src\\Illuminate\\Routing\\Router.php(748): Symfony\\Component\\HttpFoundation\\Response->__construct(Object(Illuminate\\View\\View))
#8 C:\\xampp\\htdocs\\Laravel Projects\\tlight\\vendor\\laravel\\framework\\src\\Illuminate\\Routing\\Router.php(720): Illuminate\\Routing\\Router::toResponse(Object(Illuminate\\Http\\Request), Object(Illuminate\\View\\View))
#9 C:\\xampp\\htdocs\\Laravel Projects\\tlight\\vendor\\laravel\\framework\\src\\Illuminate\\Routing\\Router.php(680): Illuminate\\Routing\\Router->prepareResponse(Object(Illuminate\\Http\\Request), Object(Illuminate\\View\\View))
#10 C:\\xampp\\htdocs\\Laravel Projects\\tlight\\vendor\\laravel\\framework\\src\\Illuminate\\Routing\\Pipeline.php(30): Illuminate\\Routing\\Router->Illuminate\\Routing\\{closure}(Object(Illuminate\\Http\\Request))
#11 C:\\xampp\\htdocs\\Laravel Projects\\tlight\\app\\Http\\Middleware\\SwitchUser.php(22): Illuminate\\Routing\\Pipeline->Illuminate\\Routing\\{closure}(Object(Illuminate\\Http\\Request))
#12 C:\\xampp\\htdocs\\Laravel Projects\\tlight\\vendor\\laravel\\framework\\src\\Illuminate\\Pipeline\\Pipeline.php(163): App\\Http\\Middleware\\SwitchUser->handle(Object(Illuminate\\Http\\Request), Object(Closure))
#13 C:\\xampp\\htdocs\\Laravel Projects\\tlight\\vendor\\laravel\\framework\\src\\Illuminate\\Routing\\Pipeline.php(53): Illuminate\\Pipeline\\Pipeline->Illuminate\\Pipeline\\{closure}(Object(Illuminate\\Http\\Request))
#14 C:\\xampp\\htdocs\\Laravel Projects\\tlight\\vendor\\laravel\\framework\\src\\Illuminate\\Auth\\Middleware\\EnsureEmailIsVerified.php(29): Illuminate\\Routing\\Pipeline->Illuminate\\Routing\\{closure}(Object(Illuminate\\Http\\Request))
#15 C:\\xampp\\htdocs\\Laravel Projects\\tlight\\vendor\\laravel\\framework\\src\\Illuminate\\Pipeline\\Pipeline.php(163): Illuminate\\Auth\\Middleware\\EnsureEmailIsVerified->handle(Object(Illuminate\\Http\\Request), Object(Closure))
#16 C:\\xampp\\htdocs\\Laravel Projects\\tlight\\vendor\\laravel\\framework\\src\\Illuminate\\Routing\\Pipeline.php(53): Illuminate\\Pipeline\\Pipeline->Illuminate\\Pipeline\\{closure}(Object(Illuminate\\Http\\Request))
#17 C:\\xampp\\htdocs\\Laravel Projects\\tlight\\vendor\\laravel\\framework\\src\\Illuminate\\Routing\\Middleware\\SubstituteBindings.php(41): Illuminate\\Routing\\Pipeline->Illuminate\\Routing\\{closure}(Object(Illuminate\\Http\\Request))
#18 C:\\xampp\\htdocs\\Laravel Projects\\tlight\\vendor\\laravel\\framework\\src\\Illuminate\\Pipeline\\Pipeline.php(163): Illuminate\\Routing\\Middleware\\SubstituteBindings->handle(Object(Illuminate\\Http\\Request), Object(Closure))
#19 C:\\xampp\\htdocs\\Laravel Projects\\tlight\\vendor\\laravel\\framework\\src\\Illuminate\\Routing\\Pipeline.php(53): Illuminate\\Pipeline\\Pipeline->Illuminate\\Pipeline\\{closure}(Object(Illuminate\\Http\\Request))
#20 C:\\xampp\\htdocs\\Laravel Projects\\tlight\\vendor\\laravel\\framework\\src\\Illuminate\\Auth\\Middleware\\Authenticate.php(43): Illuminate\\Routing\\Pipeline->Illuminate\\Routing\\{closure}(Object(Illuminate\\Http\\Request))
#21 C:\\xampp\\htdocs\\Laravel Projects\\tlight\\vendor\\laravel\\framework\\src\\Illuminate\\Pipeline\\Pipeline.php(163): Illuminate\\Auth\\Middleware\\Authenticate->handle(Object(Illuminate\\Http\\Request), Object(Closure))
#22 C:\\xampp\\htdocs\\Laravel Projects\\tlight\\vendor\\laravel\\framework\\src\\Illuminate\\Routing\\Pipeline.php(53): Illuminate\\Pipeline\\Pipeline->Illuminate\\Pipeline\\{closure}(Object(Illuminate\\Http\\Request))
#23 C:\\xampp\\htdocs\\Laravel Projects\\tlight\\vendor\\laravel\\framework\\src\\Illuminate\\Foundation\\Http\\Middleware\\VerifyCsrfToken.php(75): Illuminate\\Routing\\Pipeline->Illuminate\\Routing\\{closure}(Object(Illuminate\\Http\\Request))
#24 C:\\xampp\\htdocs\\Laravel Projects\\tlight\\vendor\\laravel\\framework\\src\\Illuminate\\Pipeline\\Pipeline.php(163): Illuminate\\Foundation\\Http\\Middleware\\VerifyCsrfToken->handle(Object(Illuminate\\Http\\Request), Object(Closure))
#25 C:\\xampp\\htdocs\\Laravel Projects\\tlight\\vendor\\laravel\\framework\\src\\Illuminate\\Routing\\Pipeline.php(53): Illuminate\\Pipeline\\Pipeline->Illuminate\\Pipeline\\{closure}(Object(Illuminate\\Http\\Request))
#26 C:\\xampp\\htdocs\\Laravel Projects\\tlight\\vendor\\laravel\\framework\\src\\Illuminate\\View\\Middleware\\ShareErrorsFromSession.php(49): Illuminate\\Routing\\Pipeline->Illuminate\\Routing\\{closure}(Object(Illuminate\\Http\\Request))
#27 C:\\xampp\\htdocs\\Laravel Projects\\tlight\\vendor\\laravel\\framework\\src\\Illuminate\\Pipeline\\Pipeline.php(163): Illuminate\\View\\Middleware\\ShareErrorsFromSession->handle(Object(Illuminate\\Http\\Request), Object(Closure))
#28 C:\\xampp\\htdocs\\Laravel Projects\\tlight\\vendor\\laravel\\framework\\src\\Illuminate\\Routing\\Pipeline.php(53): Illuminate\\Pipeline\\Pipeline->Illuminate\\Pipeline\\{closure}(Object(Illuminate\\Http\\Request))
#29 C:\\xampp\\htdocs\\Laravel Projects\\tlight\\vendor\\laravel\\framework\\src\\Illuminate\\Session\\Middleware\\StartSession.php(56): Illuminate\\Routing\\Pipeline->Illuminate\\Routing\\{closure}(Object(Illuminate\\Http\\Request))
#30 C:\\xampp\\htdocs\\Laravel Projects\\tlight\\vendor\\laravel\\framework\\src\\Illuminate\\Pipeline\\Pipeline.php(163): Illuminate\\Session\\Middleware\\StartSession->handle(Object(Illuminate\\Http\\Request), Object(Closure))
#31 C:\\xampp\\htdocs\\Laravel Projects\\tlight\\vendor\\laravel\\framework\\src\\Illuminate\\Routing\\Pipeline.php(53): Illuminate\\Pipeline\\Pipeline->Illuminate\\Pipeline\\{closure}(Object(Illuminate\\Http\\Request))
#32 C:\\xampp\\htdocs\\Laravel Projects\\tlight\\vendor\\laravel\\framework\\src\\Illuminate\\Cookie\\Middleware\\AddQueuedCookiesToResponse.php(37): Illuminate\\Routing\\Pipeline->Illuminate\\Routing\\{closure}(Object(Illuminate\\Http\\Request))
#33 C:\\xampp\\htdocs\\Laravel Projects\\tlight\\vendor\\laravel\\framework\\src\\Illuminate\\Pipeline\\Pipeline.php(163): Illuminate\\Cookie\\Middleware\\AddQueuedCookiesToResponse->handle(Object(Illuminate\\Http\\Request), Object(Closure))
#34 C:\\xampp\\htdocs\\Laravel Projects\\tlight\\vendor\\laravel\\framework\\src\\Illuminate\\Routing\\Pipeline.php(53): Illuminate\\Pipeline\\Pipeline->Illuminate\\Pipeline\\{closure}(Object(Illuminate\\Http\\Request))
#35 C:\\xampp\\htdocs\\Laravel Projects\\tlight\\vendor\\laravel\\framework\\src\\Illuminate\\Cookie\\Middleware\\EncryptCookies.php(66): Illuminate\\Routing\\Pipeline->Illuminate\\Routing\\{closure}(Object(Illuminate\\Http\\Request))
#36 C:\\xampp\\htdocs\\Laravel Projects\\tlight\\vendor\\laravel\\framework\\src\\Illuminate\\Pipeline\\Pipeline.php(163): Illuminate\\Cookie\\Middleware\\EncryptCookies->handle(Object(Illuminate\\Http\\Request), Object(Closure))
#37 C:\\xampp\\htdocs\\Laravel Projects\\tlight\\vendor\\laravel\\framework\\src\\Illuminate\\Routing\\Pipeline.php(53): Illuminate\\Pipeline\\Pipeline->Illuminate\\Pipeline\\{closure}(Object(Illuminate\\Http\\Request))
#38 C:\\xampp\\htdocs\\Laravel Projects\\tlight\\vendor\\laravel\\framework\\src\\Illuminate\\Pipeline\\Pipeline.php(104): Illuminate\\Routing\\Pipeline->Illuminate\\Routing\\{closure}(Object(Illuminate\\Http\\Request))
#39 C:\\xampp\\htdocs\\Laravel Projects\\tlight\\vendor\\laravel\\framework\\src\\Illuminate\\Routing\\Router.php(682): Illuminate\\Pipeline\\Pipeline->then(Object(Closure))
#40 C:\\xampp\\htdocs\\Laravel Projects\\tlight\\vendor\\laravel\\framework\\src\\Illuminate\\Routing\\Router.php(657): Illuminate\\Routing\\Router->runRouteWithinStack(Object(Illuminate\\Routing\\Route), Object(Illuminate\\Http\\Request))
#41 C:\\xampp\\htdocs\\Laravel Projects\\tlight\\vendor\\laravel\\framework\\src\\Illuminate\\Routing\\Router.php(623): Illuminate\\Routing\\Router->runRoute(Object(Illuminate\\Http\\Request), Object(Illuminate\\Routing\\Route))
#42 C:\\xampp\\htdocs\\Laravel Projects\\tlight\\vendor\\laravel\\framework\\src\\Illuminate\\Routing\\Router.php(612): Illuminate\\Routing\\Router->dispatchToRoute(Object(Illuminate\\Http\\Request))
#43 C:\\xampp\\htdocs\\Laravel Projects\\tlight\\vendor\\laravel\\framework\\src\\Illuminate\\Foundation\\Http\\Kernel.php(176): Illuminate\\Routing\\Router->dispatch(Object(Illuminate\\Http\\Request))
#44 C:\\xampp\\htdocs\\Laravel Projects\\tlight\\vendor\\laravel\\framework\\src\\Illuminate\\Routing\\Pipeline.php(30): Illuminate\\Foundation\\Http\\Kernel->Illuminate\\Foundation\\Http\\{closure}(Object(Illuminate\\Http\\Request))
#45 C:\\xampp\\htdocs\\Laravel Projects\\tlight\\vendor\\fideloper\\proxy\\src\\TrustProxies.php(57): Illuminate\\Routing\\Pipeline->Illuminate\\Routing\\{closure}(Object(Illuminate\\Http\\Request))
#46 C:\\xampp\\htdocs\\Laravel Projects\\tlight\\vendor\\laravel\\framework\\src\\Illuminate\\Pipeline\\Pipeline.php(163): Fideloper\\Proxy\\TrustProxies->handle(Object(Illuminate\\Http\\Request), Object(Closure))
#47 C:\\xampp\\htdocs\\Laravel Projects\\tlight\\vendor\\laravel\\framework\\src\\Illuminate\\Routing\\Pipeline.php(53): Illuminate\\Pipeline\\Pipeline->Illuminate\\Pipeline\\{closure}(Object(Illuminate\\Http\\Request))
#48 C:\\xampp\\htdocs\\Laravel Projects\\tlight\\vendor\\laravel\\framework\\src\\Illuminate\\Foundation\\Http\\Middleware\\TransformsRequest.php(21): Illuminate\\Routing\\Pipeline->Illuminate\\Routing\\{closure}(Object(Illuminate\\Http\\Request))
#49 C:\\xampp\\htdocs\\Laravel Projects\\tlight\\vendor\\laravel\\framework\\src\\Illuminate\\Pipeline\\Pipeline.php(163): Illuminate\\Foundation\\Http\\Middleware\\TransformsRequest->handle(Object(Illuminate\\Http\\Request), Object(Closure))
#50 C:\\xampp\\htdocs\\Laravel Projects\\tlight\\vendor\\laravel\\framework\\src\\Illuminate\\Routing\\Pipeline.php(53): Illuminate\\Pipeline\\Pipeline->Illuminate\\Pipeline\\{closure}(Object(Illuminate\\Http\\Request))
#51 C:\\xampp\\htdocs\\Laravel Projects\\tlight\\vendor\\laravel\\framework\\src\\Illuminate\\Foundation\\Http\\Middleware\\TransformsRequest.php(21): Illuminate\\Routing\\Pipeline->Illuminate\\Routing\\{closure}(Object(Illuminate\\Http\\Request))
#52 C:\\xampp\\htdocs\\Laravel Projects\\tlight\\vendor\\laravel\\framework\\src\\Illuminate\\Pipeline\\Pipeline.php(163): Illuminate\\Foundation\\Http\\Middleware\\TransformsRequest->handle(Object(Illuminate\\Http\\Request), Object(Closure))
#53 C:\\xampp\\htdocs\\Laravel Projects\\tlight\\vendor\\laravel\\framework\\src\\Illuminate\\Routing\\Pipeline.php(53): Illuminate\\Pipeline\\Pipeline->Illuminate\\Pipeline\\{closure}(Object(Illuminate\\Http\\Request))
#54 C:\\xampp\\htdocs\\Laravel Projects\\tlight\\vendor\\laravel\\framework\\src\\Illuminate\\Foundation\\Http\\Middleware\\ValidatePostSize.php(27): Illuminate\\Routing\\Pipeline->Illuminate\\Routing\\{closure}(Object(Illuminate\\Http\\Request))
#55 C:\\xampp\\htdocs\\Laravel Projects\\tlight\\vendor\\laravel\\framework\\src\\Illuminate\\Pipeline\\Pipeline.php(163): Illuminate\\Foundation\\Http\\Middleware\\ValidatePostSize->handle(Object(Illuminate\\Http\\Request), Object(Closure))
#56 C:\\xampp\\htdocs\\Laravel Projects\\tlight\\vendor\\laravel\\framework\\src\\Illuminate\\Routing\\Pipeline.php(53): Illuminate\\Pipeline\\Pipeline->Illuminate\\Pipeline\\{closure}(Object(Illuminate\\Http\\Request))
#57 C:\\xampp\\htdocs\\Laravel Projects\\tlight\\vendor\\laravel\\framework\\src\\Illuminate\\Foundation\\Http\\Middleware\\CheckForMaintenanceMode.php(62): Illuminate\\Routing\\Pipeline->Illuminate\\Routing\\{closure}(Object(Illuminate\\Http\\Request))
#58 C:\\xampp\\htdocs\\Laravel Projects\\tlight\\vendor\\laravel\\framework\\src\\Illuminate\\Pipeline\\Pipeline.php(163): Illuminate\\Foundation\\Http\\Middleware\\CheckForMaintenanceMode->handle(Object(Illuminate\\Http\\Request), Object(Closure))
#59 C:\\xampp\\htdocs\\Laravel Projects\\tlight\\vendor\\laravel\\framework\\src\\Illuminate\\Routing\\Pipeline.php(53): Illuminate\\Pipeline\\Pipeline->Illuminate\\Pipeline\\{closure}(Object(Illuminate\\Http\\Request))
#60 C:\\xampp\\htdocs\\Laravel Projects\\tlight\\vendor\\laravel\\framework\\src\\Illuminate\\Pipeline\\Pipeline.php(104): Illuminate\\Routing\\Pipeline->Illuminate\\Routing\\{closure}(Object(Illuminate\\Http\\Request))
#61 C:\\xampp\\htdocs\\Laravel Projects\\tlight\\vendor\\laravel\\framework\\src\\Illuminate\\Foundation\\Http\\Kernel.php(151): Illuminate\\Pipeline\\Pipeline->then(Object(Closure))
#62 C:\\xampp\\htdocs\\Laravel Projects\\tlight\\vendor\\laravel\\framework\\src\\Illuminate\\Foundation\\Http\\Kernel.php(116): Illuminate\\Foundation\\Http\\Kernel->sendRequestThroughRouter(Object(Illuminate\\Http\\Request))
#63 C:\\xampp\\htdocs\\Laravel Projects\\tlight\\public\\index.php(55): Illuminate\\Foundation\\Http\\Kernel->handle(Object(Illuminate\\Http\\Request))
#64 C:\\xampp\\htdocs\\Laravel Projects\\tlight\\server.php(21): require_once('C:\\\\xampp\\\\htdocs...')
#65 {main}
"} 
[2020-11-04 06:29:23] local.ERROR: Property [status] does not exist on this collection instance. (View: C:\xampp\htdocs\Laravel Projects\tlight\resources\views\admin\users\index.blade.php) {"userId":1,"exception":"[object] (ErrorException(code: 0): Property [status] does not exist on this collection instance. (View: C:\\xampp\\htdocs\\Laravel Projects\\tlight\esources\\views\\admin\\users\\index.blade.php) at C:\\xampp\\htdocs\\Laravel Projects\\tlight\\vendor\\laravel\\framework\\src\\Illuminate\\Support\\Collection.php:2160, Exception(code: 0): Property [status] does not exist on this collection instance. at C:\\xampp\\htdocs\\Laravel Projects\\tlight\\vendor\\laravel\\framework\\src\\Illuminate\\Support\\Collection.php:2160)
[stacktrace]
#0 C:\\xampp\\htdocs\\Laravel Projects\\tlight\\vendor\\laravel\\framework\\src\\Illuminate\\View\\Engines\\PhpEngine.php(45): Illuminate\\View\\Engines\\CompilerEngine->handleViewException(Object(Exception), 1)
#1 C:\\xampp\\htdocs\\Laravel Projects\\tlight\\vendor\\laravel\\framework\\src\\Illuminate\\View\\Engines\\CompilerEngine.php(59): Illuminate\\View\\Engines\\PhpEngine->evaluatePath('C:\\\\xampp\\\\htdocs...', Array)
#2 C:\\xampp\\htdocs\\Laravel Projects\\tlight\\vendor\\laravel\\framework\\src\\Illuminate\\View\\View.php(142): Illuminate\\View\\Engines\\CompilerEngine->get('C:\\\\xampp\\\\htdocs...', Array)
#3 C:\\xampp\\htdocs\\Laravel Projects\\tlight\\vendor\\laravel\\framework\\src\\Illuminate\\View\\View.php(125): Illuminate\\View\\View->getContents()
#4 C:\\xampp\\htdocs\\Laravel Projects\\tlight\\vendor\\laravel\\framework\\src\\Illuminate\\View\\View.php(90): Illuminate\\View\\View->renderContents()
#5 C:\\xampp\\htdocs\\Laravel Projects\\tlight\\vendor\\laravel\\framework\\src\\Illuminate\\Http\\Response.php(42): Illuminate\\View\\View->render()
#6 C:\\xampp\\htdocs\\Laravel Projects\\tlight\\vendor\\symfony\\http-foundation\\Response.php(205): Illuminate\\Http\\Response->setContent(Object(Illuminate\\View\\View))
#7 C:\\xampp\\htdocs\\Laravel Projects\\tlight\\vendor\\laravel\\framework\\src\\Illuminate\\Routing\\Router.php(748): Symfony\\Component\\HttpFoundation\\Response->__construct(Object(Illuminate\\View\\View))
#8 C:\\xampp\\htdocs\\Laravel Projects\\tlight\\vendor\\laravel\\framework\\src\\Illuminate\\Routing\\Router.php(720): Illuminate\\Routing\\Router::toResponse(Object(Illuminate\\Http\\Request), Object(Illuminate\\View\\View))
#9 C:\\xampp\\htdocs\\Laravel Projects\\tlight\\vendor\\laravel\\framework\\src\\Illuminate\\Routing\\Router.php(680): Illuminate\\Routing\\Router->prepareResponse(Object(Illuminate\\Http\\Request), Object(Illuminate\\View\\View))
#10 C:\\xampp\\htdocs\\Laravel Projects\\tlight\\vendor\\laravel\\framework\\src\\Illuminate\\Routing\\Pipeline.php(30): Illuminate\\Routing\\Router->Illuminate\\Routing\\{closure}(Object(Illuminate\\Http\\Request))
#11 C:\\xampp\\htdocs\\Laravel Projects\\tlight\\app\\Http\\Middleware\\SwitchUser.php(22): Illuminate\\Routing\\Pipeline->Illuminate\\Routing\\{closure}(Object(Illuminate\\Http\\Request))
#12 C:\\xampp\\htdocs\\Laravel Projects\\tlight\\vendor\\laravel\\framework\\src\\Illuminate\\Pipeline\\Pipeline.php(163): App\\Http\\Middleware\\SwitchUser->handle(Object(Illuminate\\Http\\Request), Object(Closure))
#13 C:\\xampp\\htdocs\\Laravel Projects\\tlight\\vendor\\laravel\\framework\\src\\Illuminate\\Routing\\Pipeline.php(53): Illuminate\\Pipeline\\Pipeline->Illuminate\\Pipeline\\{closure}(Object(Illuminate\\Http\\Request))
#14 C:\\xampp\\htdocs\\Laravel Projects\\tlight\\vendor\\laravel\\framework\\src\\Illuminate\\Auth\\Middleware\\EnsureEmailIsVerified.php(29): Illuminate\\Routing\\Pipeline->Illuminate\\Routing\\{closure}(Object(Illuminate\\Http\\Request))
#15 C:\\xampp\\htdocs\\Laravel Projects\\tlight\\vendor\\laravel\\framework\\src\\Illuminate\\Pipeline\\Pipeline.php(163): Illuminate\\Auth\\Middleware\\EnsureEmailIsVerified->handle(Object(Illuminate\\Http\\Request), Object(Closure))
#16 C:\\xampp\\htdocs\\Laravel Projects\\tlight\\vendor\\laravel\\framework\\src\\Illuminate\\Routing\\Pipeline.php(53): Illuminate\\Pipeline\\Pipeline->Illuminate\\Pipeline\\{closure}(Object(Illuminate\\Http\\Request))
#17 C:\\xampp\\htdocs\\Laravel Projects\\tlight\\vendor\\laravel\\framework\\src\\Illuminate\\Routing\\Middleware\\SubstituteBindings.php(41): Illuminate\\Routing\\Pipeline->Illuminate\\Routing\\{closure}(Object(Illuminate\\Http\\Request))
#18 C:\\xampp\\htdocs\\Laravel Projects\\tlight\\vendor\\laravel\\framework\\src\\Illuminate\\Pipeline\\Pipeline.php(163): Illuminate\\Routing\\Middleware\\SubstituteBindings->handle(Object(Illuminate\\Http\\Request), Object(Closure))
#19 C:\\xampp\\htdocs\\Laravel Projects\\tlight\\vendor\\laravel\\framework\\src\\Illuminate\\Routing\\Pipeline.php(53): Illuminate\\Pipeline\\Pipeline->Illuminate\\Pipeline\\{closure}(Object(Illuminate\\Http\\Request))
#20 C:\\xampp\\htdocs\\Laravel Projects\\tlight\\vendor\\laravel\\framework\\src\\Illuminate\\Auth\\Middleware\\Authenticate.php(43): Illuminate\\Routing\\Pipeline->Illuminate\\Routing\\{closure}(Object(Illuminate\\Http\\Request))
#21 C:\\xampp\\htdocs\\Laravel Projects\\tlight\\vendor\\laravel\\framework\\src\\Illuminate\\Pipeline\\Pipeline.php(163): Illuminate\\Auth\\Middleware\\Authenticate->handle(Object(Illuminate\\Http\\Request), Object(Closure))
#22 C:\\xampp\\htdocs\\Laravel Projects\\tlight\\vendor\\laravel\\framework\\src\\Illuminate\\Routing\\Pipeline.php(53): Illuminate\\Pipeline\\Pipeline->Illuminate\\Pipeline\\{closure}(Object(Illuminate\\Http\\Request))
#23 C:\\xampp\\htdocs\\Laravel Projects\\tlight\\vendor\\laravel\\framework\\src\\Illuminate\\Foundation\\Http\\Middleware\\VerifyCsrfToken.php(75): Illuminate\\Routing\\Pipeline->Illuminate\\Routing\\{closure}(Object(Illuminate\\Http\\Request))
#24 C:\\xampp\\htdocs\\Laravel Projects\\tlight\\vendor\\laravel\\framework\\src\\Illuminate\\Pipeline\\Pipeline.php(163): Illuminate\\Foundation\\Http\\Middleware\\VerifyCsrfToken->handle(Object(Illuminate\\Http\\Request), Object(Closure))
#25 C:\\xampp\\htdocs\\Laravel Projects\\tlight\\vendor\\laravel\\framework\\src\\Illuminate\\Routing\\Pipeline.php(53): Illuminate\\Pipeline\\Pipeline->Illuminate\\Pipeline\\{closure}(Object(Illuminate\\Http\\Request))
#26 C:\\xampp\\htdocs\\Laravel Projects\\tlight\\vendor\\laravel\\framework\\src\\Illuminate\\View\\Middleware\\ShareErrorsFromSession.php(49): Illuminate\\Routing\\Pipeline->Illuminate\\Routing\\{closure}(Object(Illuminate\\Http\\Request))
#27 C:\\xampp\\htdocs\\Laravel Projects\\tlight\\vendor\\laravel\\framework\\src\\Illuminate\\Pipeline\\Pipeline.php(163): Illuminate\\View\\Middleware\\ShareErrorsFromSession->handle(Object(Illuminate\\Http\\Request), Object(Closure))
#28 C:\\xampp\\htdocs\\Laravel Projects\\tlight\\vendor\\laravel\\framework\\src\\Illuminate\\Routing\\Pipeline.php(53): Illuminate\\Pipeline\\Pipeline->Illuminate\\Pipeline\\{closure}(Object(Illuminate\\Http\\Request))
#29 C:\\xampp\\htdocs\\Laravel Projects\\tlight\\vendor\\laravel\\framework\\src\\Illuminate\\Session\\Middleware\\StartSession.php(56): Illuminate\\Routing\\Pipeline->Illuminate\\Routing\\{closure}(Object(Illuminate\\Http\\Request))
#30 C:\\xampp\\htdocs\\Laravel Projects\\tlight\\vendor\\laravel\\framework\\src\\Illuminate\\Pipeline\\Pipeline.php(163): Illuminate\\Session\\Middleware\\StartSession->handle(Object(Illuminate\\Http\\Request), Object(Closure))
#31 C:\\xampp\\htdocs\\Laravel Projects\\tlight\\vendor\\laravel\\framework\\src\\Illuminate\\Routing\\Pipeline.php(53): Illuminate\\Pipeline\\Pipeline->Illuminate\\Pipeline\\{closure}(Object(Illuminate\\Http\\Request))
#32 C:\\xampp\\htdocs\\Laravel Projects\\tlight\\vendor\\laravel\\framework\\src\\Illuminate\\Cookie\\Middleware\\AddQueuedCookiesToResponse.php(37): Illuminate\\Routing\\Pipeline->Illuminate\\Routing\\{closure}(Object(Illuminate\\Http\\Request))
#33 C:\\xampp\\htdocs\\Laravel Projects\\tlight\\vendor\\laravel\\framework\\src\\Illuminate\\Pipeline\\Pipeline.php(163): Illuminate\\Cookie\\Middleware\\AddQueuedCookiesToResponse->handle(Object(Illuminate\\Http\\Request), Object(Closure))
#34 C:\\xampp\\htdocs\\Laravel Projects\\tlight\\vendor\\laravel\\framework\\src\\Illuminate\\Routing\\Pipeline.php(53): Illuminate\\Pipeline\\Pipeline->Illuminate\\Pipeline\\{closure}(Object(Illuminate\\Http\\Request))
#35 C:\\xampp\\htdocs\\Laravel Projects\\tlight\\vendor\\laravel\\framework\\src\\Illuminate\\Cookie\\Middleware\\EncryptCookies.php(66): Illuminate\\Routing\\Pipeline->Illuminate\\Routing\\{closure}(Object(Illuminate\\Http\\Request))
#36 C:\\xampp\\htdocs\\Laravel Projects\\tlight\\vendor\\laravel\\framework\\src\\Illuminate\\Pipeline\\Pipeline.php(163): Illuminate\\Cookie\\Middleware\\EncryptCookies->handle(Object(Illuminate\\Http\\Request), Object(Closure))
#37 C:\\xampp\\htdocs\\Laravel Projects\\tlight\\vendor\\laravel\\framework\\src\\Illuminate\\Routing\\Pipeline.php(53): Illuminate\\Pipeline\\Pipeline->Illuminate\\Pipeline\\{closure}(Object(Illuminate\\Http\\Request))
#38 C:\\xampp\\htdocs\\Laravel Projects\\tlight\\vendor\\laravel\\framework\\src\\Illuminate\\Pipeline\\Pipeline.php(104): Illuminate\\Routing\\Pipeline->Illuminate\\Routing\\{closure}(Object(Illuminate\\Http\\Request))
#39 C:\\xampp\\htdocs\\Laravel Projects\\tlight\\vendor\\laravel\\framework\\src\\Illuminate\\Routing\\Router.php(682): Illuminate\\Pipeline\\Pipeline->then(Object(Closure))
#40 C:\\xampp\\htdocs\\Laravel Projects\\tlight\\vendor\\laravel\\framework\\src\\Illuminate\\Routing\\Router.php(657): Illuminate\\Routing\\Router->runRouteWithinStack(Object(Illuminate\\Routing\\Route), Object(Illuminate\\Http\\Request))
#41 C:\\xampp\\htdocs\\Laravel Projects\\tlight\\vendor\\laravel\\framework\\src\\Illuminate\\Routing\\Router.php(623): Illuminate\\Routing\\Router->runRoute(Object(Illuminate\\Http\\Request), Object(Illuminate\\Routing\\Route))
#42 C:\\xampp\\htdocs\\Laravel Projects\\tlight\\vendor\\laravel\\framework\\src\\Illuminate\\Routing\\Router.php(612): Illuminate\\Routing\\Router->dispatchToRoute(Object(Illuminate\\Http\\Request))
#43 C:\\xampp\\htdocs\\Laravel Projects\\tlight\\vendor\\laravel\\framework\\src\\Illuminate\\Foundation\\Http\\Kernel.php(176): Illuminate\\Routing\\Router->dispatch(Object(Illuminate\\Http\\Request))
#44 C:\\xampp\\htdocs\\Laravel Projects\\tlight\\vendor\\laravel\\framework\\src\\Illuminate\\Routing\\Pipeline.php(30): Illuminate\\Foundation\\Http\\Kernel->Illuminate\\Foundation\\Http\\{closure}(Object(Illuminate\\Http\\Request))
#45 C:\\xampp\\htdocs\\Laravel Projects\\tlight\\vendor\\fideloper\\proxy\\src\\TrustProxies.php(57): Illuminate\\Routing\\Pipeline->Illuminate\\Routing\\{closure}(Object(Illuminate\\Http\\Request))
#46 C:\\xampp\\htdocs\\Laravel Projects\\tlight\\vendor\\laravel\\framework\\src\\Illuminate\\Pipeline\\Pipeline.php(163): Fideloper\\Proxy\\TrustProxies->handle(Object(Illuminate\\Http\\Request), Object(Closure))
#47 C:\\xampp\\htdocs\\Laravel Projects\\tlight\\vendor\\laravel\\framework\\src\\Illuminate\\Routing\\Pipeline.php(53): Illuminate\\Pipeline\\Pipeline->Illuminate\\Pipeline\\{closure}(Object(Illuminate\\Http\\Request))
#48 C:\\xampp\\htdocs\\Laravel Projects\\tlight\\vendor\\laravel\\framework\\src\\Illuminate\\Foundation\\Http\\Middleware\\TransformsRequest.php(21): Illuminate\\Routing\\Pipeline->Illuminate\\Routing\\{closure}(Object(Illuminate\\Http\\Request))
#49 C:\\xampp\\htdocs\\Laravel Projects\\tlight\\vendor\\laravel\\framework\\src\\Illuminate\\Pipeline\\Pipeline.php(163): Illuminate\\Foundation\\Http\\Middleware\\TransformsRequest->handle(Object(Illuminate\\Http\\Request), Object(Closure))
#50 C:\\xampp\\htdocs\\Laravel Projects\\tlight\\vendor\\laravel\\framework\\src\\Illuminate\\Routing\\Pipeline.php(53): Illuminate\\Pipeline\\Pipeline->Illuminate\\Pipeline\\{closure}(Object(Illuminate\\Http\\Request))
#51 C:\\xampp\\htdocs\\Laravel Projects\\tlight\\vendor\\laravel\\framework\\src\\Illuminate\\Foundation\\Http\\Middleware\\TransformsRequest.php(21): Illuminate\\Routing\\Pipeline->Illuminate\\Routing\\{closure}(Object(Illuminate\\Http\\Request))
#52 C:\\xampp\\htdocs\\Laravel Projects\\tlight\\vendor\\laravel\\framework\\src\\Illuminate\\Pipeline\\Pipeline.php(163): Illuminate\\Foundation\\Http\\Middleware\\TransformsRequest->handle(Object(Illuminate\\Http\\Request), Object(Closure))
#53 C:\\xampp\\htdocs\\Laravel Projects\\tlight\\vendor\\laravel\\framework\\src\\Illuminate\\Routing\\Pipeline.php(53): Illuminate\\Pipeline\\Pipeline->Illuminate\\Pipeline\\{closure}(Object(Illuminate\\Http\\Request))
#54 C:\\xampp\\htdocs\\Laravel Projects\\tlight\\vendor\\laravel\\framework\\src\\Illuminate\\Foundation\\Http\\Middleware\\ValidatePostSize.php(27): Illuminate\\Routing\\Pipeline->Illuminate\\Routing\\{closure}(Object(Illuminate\\Http\\Request))
#55 C:\\xampp\\htdocs\\Laravel Projects\\tlight\\vendor\\laravel\\framework\\src\\Illuminate\\Pipeline\\Pipeline.php(163): Illuminate\\Foundation\\Http\\Middleware\\ValidatePostSize->handle(Object(Illuminate\\Http\\Request), Object(Closure))
#56 C:\\xampp\\htdocs\\Laravel Projects\\tlight\\vendor\\laravel\\framework\\src\\Illuminate\\Routing\\Pipeline.php(53): Illuminate\\Pipeline\\Pipeline->Illuminate\\Pipeline\\{closure}(Object(Illuminate\\Http\\Request))
#57 C:\\xampp\\htdocs\\Laravel Projects\\tlight\\vendor\\laravel\\framework\\src\\Illuminate\\Foundation\\Http\\Middleware\\CheckForMaintenanceMode.php(62): Illuminate\\Routing\\Pipeline->Illuminate\\Routing\\{closure}(Object(Illuminate\\Http\\Request))
#58 C:\\xampp\\htdocs\\Laravel Projects\\tlight\\vendor\\laravel\\framework\\src\\Illuminate\\Pipeline\\Pipeline.php(163): Illuminate\\Foundation\\Http\\Middleware\\CheckForMaintenanceMode->handle(Object(Illuminate\\Http\\Request), Object(Closure))
#59 C:\\xampp\\htdocs\\Laravel Projects\\tlight\\vendor\\laravel\\framework\\src\\Illuminate\\Routing\\Pipeline.php(53): Illuminate\\Pipeline\\Pipeline->Illuminate\\Pipeline\\{closure}(Object(Illuminate\\Http\\Request))
#60 C:\\xampp\\htdocs\\Laravel Projects\\tlight\\vendor\\laravel\\framework\\src\\Illuminate\\Pipeline\\Pipeline.php(104): Illuminate\\Routing\\Pipeline->Illuminate\\Routing\\{closure}(Object(Illuminate\\Http\\Request))
#61 C:\\xampp\\htdocs\\Laravel Projects\\tlight\\vendor\\laravel\\framework\\src\\Illuminate\\Foundation\\Http\\Kernel.php(151): Illuminate\\Pipeline\\Pipeline->then(Object(Closure))
#62 C:\\xampp\\htdocs\\Laravel Projects\\tlight\\vendor\\laravel\\framework\\src\\Illuminate\\Foundation\\Http\\Kernel.php(116): Illuminate\\Foundation\\Http\\Kernel->sendRequestThroughRouter(Object(Illuminate\\Http\\Request))
#63 C:\\xampp\\htdocs\\Laravel Projects\\tlight\\public\\index.php(55): Illuminate\\Foundation\\Http\\Kernel->handle(Object(Illuminate\\Http\\Request))
#64 C:\\xampp\\htdocs\\Laravel Projects\\tlight\\server.php(21): require_once('C:\\\\xampp\\\\htdocs...')
#65 {main}
"} 
[2020-11-04 06:29:31] local.ERROR: Method Illuminate\Database\Eloquent\Collection::status does not exist. (View: C:\xampp\htdocs\Laravel Projects\tlight\resources\views\admin\users\index.blade.php) {"userId":1,"exception":"[object] (ErrorException(code: 0): Method Illuminate\\Database\\Eloquent\\Collection::status does not exist. (View: C:\\xampp\\htdocs\\Laravel Projects\\tlight\esources\\views\\admin\\users\\index.blade.php) at C:\\xampp\\htdocs\\Laravel Projects\\tlight\\vendor\\laravel\\framework\\src\\Illuminate\\Support\\Traits\\Macroable.php:104, BadMethodCallException(code: 0): Method Illuminate\\Database\\Eloquent\\Collection::status does not exist. at C:\\xampp\\htdocs\\Laravel Projects\\tlight\\vendor\\laravel\\framework\\src\\Illuminate\\Support\\Traits\\Macroable.php:104)
[stacktrace]
#0 C:\\xampp\\htdocs\\Laravel Projects\\tlight\\vendor\\laravel\\framework\\src\\Illuminate\\View\\Engines\\PhpEngine.php(45): Illuminate\\View\\Engines\\CompilerEngine->handleViewException(Object(BadMethodCallException), 1)
#1 C:\\xampp\\htdocs\\Laravel Projects\\tlight\\vendor\\laravel\\framework\\src\\Illuminate\\View\\Engines\\CompilerEngine.php(59): Illuminate\\View\\Engines\\PhpEngine->evaluatePath('C:\\\\xampp\\\\htdocs...', Array)
#2 C:\\xampp\\htdocs\\Laravel Projects\\tlight\\vendor\\laravel\\framework\\src\\Illuminate\\View\\View.php(142): Illuminate\\View\\Engines\\CompilerEngine->get('C:\\\\xampp\\\\htdocs...', Array)
#3 C:\\xampp\\htdocs\\Laravel Projects\\tlight\\vendor\\laravel\\framework\\src\\Illuminate\\View\\View.php(125): Illuminate\\View\\View->getContents()
#4 C:\\xampp\\htdocs\\Laravel Projects\\tlight\\vendor\\laravel\\framework\\src\\Illuminate\\View\\View.php(90): Illuminate\\View\\View->renderContents()
#5 C:\\xampp\\htdocs\\Laravel Projects\\tlight\\vendor\\laravel\\framework\\src\\Illuminate\\Http\\Response.php(42): Illuminate\\View\\View->render()
#6 C:\\xampp\\htdocs\\Laravel Projects\\tlight\\vendor\\symfony\\http-foundation\\Response.php(205): Illuminate\\Http\\Response->setContent(Object(Illuminate\\View\\View))
#7 C:\\xampp\\htdocs\\Laravel Projects\\tlight\\vendor\\laravel\\framework\\src\\Illuminate\\Routing\\Router.php(748): Symfony\\Component\\HttpFoundation\\Response->__construct(Object(Illuminate\\View\\View))
#8 C:\\xampp\\htdocs\\Laravel Projects\\tlight\\vendor\\laravel\\framework\\src\\Illuminate\\Routing\\Router.php(720): Illuminate\\Routing\\Router::toResponse(Object(Illuminate\\Http\\Request), Object(Illuminate\\View\\View))
#9 C:\\xampp\\htdocs\\Laravel Projects\\tlight\\vendor\\laravel\\framework\\src\\Illuminate\\Routing\\Router.php(680): Illuminate\\Routing\\Router->prepareResponse(Object(Illuminate\\Http\\Request), Object(Illuminate\\View\\View))
#10 C:\\xampp\\htdocs\\Laravel Projects\\tlight\\vendor\\laravel\\framework\\src\\Illuminate\\Routing\\Pipeline.php(30): Illuminate\\Routing\\Router->Illuminate\\Routing\\{closure}(Object(Illuminate\\Http\\Request))
#11 C:\\xampp\\htdocs\\Laravel Projects\\tlight\\app\\Http\\Middleware\\SwitchUser.php(22): Illuminate\\Routing\\Pipeline->Illuminate\\Routing\\{closure}(Object(Illuminate\\Http\\Request))
#12 C:\\xampp\\htdocs\\Laravel Projects\\tlight\\vendor\\laravel\\framework\\src\\Illuminate\\Pipeline\\Pipeline.php(163): App\\Http\\Middleware\\SwitchUser->handle(Object(Illuminate\\Http\\Request), Object(Closure))
#13 C:\\xampp\\htdocs\\Laravel Projects\\tlight\\vendor\\laravel\\framework\\src\\Illuminate\\Routing\\Pipeline.php(53): Illuminate\\Pipeline\\Pipeline->Illuminate\\Pipeline\\{closure}(Object(Illuminate\\Http\\Request))
#14 C:\\xampp\\htdocs\\Laravel Projects\\tlight\\vendor\\laravel\\framework\\src\\Illuminate\\Auth\\Middleware\\EnsureEmailIsVerified.php(29): Illuminate\\Routing\\Pipeline->Illuminate\\Routing\\{closure}(Object(Illuminate\\Http\\Request))
#15 C:\\xampp\\htdocs\\Laravel Projects\\tlight\\vendor\\laravel\\framework\\src\\Illuminate\\Pipeline\\Pipeline.php(163): Illuminate\\Auth\\Middleware\\EnsureEmailIsVerified->handle(Object(Illuminate\\Http\\Request), Object(Closure))
#16 C:\\xampp\\htdocs\\Laravel Projects\\tlight\\vendor\\laravel\\framework\\src\\Illuminate\\Routing\\Pipeline.php(53): Illuminate\\Pipeline\\Pipeline->Illuminate\\Pipeline\\{closure}(Object(Illuminate\\Http\\Request))
#17 C:\\xampp\\htdocs\\Laravel Projects\\tlight\\vendor\\laravel\\framework\\src\\Illuminate\\Routing\\Middleware\\SubstituteBindings.php(41): Illuminate\\Routing\\Pipeline->Illuminate\\Routing\\{closure}(Object(Illuminate\\Http\\Request))
#18 C:\\xampp\\htdocs\\Laravel Projects\\tlight\\vendor\\laravel\\framework\\src\\Illuminate\\Pipeline\\Pipeline.php(163): Illuminate\\Routing\\Middleware\\SubstituteBindings->handle(Object(Illuminate\\Http\\Request), Object(Closure))
#19 C:\\xampp\\htdocs\\Laravel Projects\\tlight\\vendor\\laravel\\framework\\src\\Illuminate\\Routing\\Pipeline.php(53): Illuminate\\Pipeline\\Pipeline->Illuminate\\Pipeline\\{closure}(Object(Illuminate\\Http\\Request))
#20 C:\\xampp\\htdocs\\Laravel Projects\\tlight\\vendor\\laravel\\framework\\src\\Illuminate\\Auth\\Middleware\\Authenticate.php(43): Illuminate\\Routing\\Pipeline->Illuminate\\Routing\\{closure}(Object(Illuminate\\Http\\Request))
#21 C:\\xampp\\htdocs\\Laravel Projects\\tlight\\vendor\\laravel\\framework\\src\\Illuminate\\Pipeline\\Pipeline.php(163): Illuminate\\Auth\\Middleware\\Authenticate->handle(Object(Illuminate\\Http\\Request), Object(Closure))
#22 C:\\xampp\\htdocs\\Laravel Projects\\tlight\\vendor\\laravel\\framework\\src\\Illuminate\\Routing\\Pipeline.php(53): Illuminate\\Pipeline\\Pipeline->Illuminate\\Pipeline\\{closure}(Object(Illuminate\\Http\\Request))
#23 C:\\xampp\\htdocs\\Laravel Projects\\tlight\\vendor\\laravel\\framework\\src\\Illuminate\\Foundation\\Http\\Middleware\\VerifyCsrfToken.php(75): Illuminate\\Routing\\Pipeline->Illuminate\\Routing\\{closure}(Object(Illuminate\\Http\\Request))
#24 C:\\xampp\\htdocs\\Laravel Projects\\tlight\\vendor\\laravel\\framework\\src\\Illuminate\\Pipeline\\Pipeline.php(163): Illuminate\\Foundation\\Http\\Middleware\\VerifyCsrfToken->handle(Object(Illuminate\\Http\\Request), Object(Closure))
#25 C:\\xampp\\htdocs\\Laravel Projects\\tlight\\vendor\\laravel\\framework\\src\\Illuminate\\Routing\\Pipeline.php(53): Illuminate\\Pipeline\\Pipeline->Illuminate\\Pipeline\\{closure}(Object(Illuminate\\Http\\Request))
#26 C:\\xampp\\htdocs\\Laravel Projects\\tlight\\vendor\\laravel\\framework\\src\\Illuminate\\View\\Middleware\\ShareErrorsFromSession.php(49): Illuminate\\Routing\\Pipeline->Illuminate\\Routing\\{closure}(Object(Illuminate\\Http\\Request))
#27 C:\\xampp\\htdocs\\Laravel Projects\\tlight\\vendor\\laravel\\framework\\src\\Illuminate\\Pipeline\\Pipeline.php(163): Illuminate\\View\\Middleware\\ShareErrorsFromSession->handle(Object(Illuminate\\Http\\Request), Object(Closure))
#28 C:\\xampp\\htdocs\\Laravel Projects\\tlight\\vendor\\laravel\\framework\\src\\Illuminate\\Routing\\Pipeline.php(53): Illuminate\\Pipeline\\Pipeline->Illuminate\\Pipeline\\{closure}(Object(Illuminate\\Http\\Request))
#29 C:\\xampp\\htdocs\\Laravel Projects\\tlight\\vendor\\laravel\\framework\\src\\Illuminate\\Session\\Middleware\\StartSession.php(56): Illuminate\\Routing\\Pipeline->Illuminate\\Routing\\{closure}(Object(Illuminate\\Http\\Request))
#30 C:\\xampp\\htdocs\\Laravel Projects\\tlight\\vendor\\laravel\\framework\\src\\Illuminate\\Pipeline\\Pipeline.php(163): Illuminate\\Session\\Middleware\\StartSession->handle(Object(Illuminate\\Http\\Request), Object(Closure))
#31 C:\\xampp\\htdocs\\Laravel Projects\\tlight\\vendor\\laravel\\framework\\src\\Illuminate\\Routing\\Pipeline.php(53): Illuminate\\Pipeline\\Pipeline->Illuminate\\Pipeline\\{closure}(Object(Illuminate\\Http\\Request))
#32 C:\\xampp\\htdocs\\Laravel Projects\\tlight\\vendor\\laravel\\framework\\src\\Illuminate\\Cookie\\Middleware\\AddQueuedCookiesToResponse.php(37): Illuminate\\Routing\\Pipeline->Illuminate\\Routing\\{closure}(Object(Illuminate\\Http\\Request))
#33 C:\\xampp\\htdocs\\Laravel Projects\\tlight\\vendor\\laravel\\framework\\src\\Illuminate\\Pipeline\\Pipeline.php(163): Illuminate\\Cookie\\Middleware\\AddQueuedCookiesToResponse->handle(Object(Illuminate\\Http\\Request), Object(Closure))
#34 C:\\xampp\\htdocs\\Laravel Projects\\tlight\\vendor\\laravel\\framework\\src\\Illuminate\\Routing\\Pipeline.php(53): Illuminate\\Pipeline\\Pipeline->Illuminate\\Pipeline\\{closure}(Object(Illuminate\\Http\\Request))
#35 C:\\xampp\\htdocs\\Laravel Projects\\tlight\\vendor\\laravel\\framework\\src\\Illuminate\\Cookie\\Middleware\\EncryptCookies.php(66): Illuminate\\Routing\\Pipeline->Illuminate\\Routing\\{closure}(Object(Illuminate\\Http\\Request))
#36 C:\\xampp\\htdocs\\Laravel Projects\\tlight\\vendor\\laravel\\framework\\src\\Illuminate\\Pipeline\\Pipeline.php(163): Illuminate\\Cookie\\Middleware\\EncryptCookies->handle(Object(Illuminate\\Http\\Request), Object(Closure))
#37 C:\\xampp\\htdocs\\Laravel Projects\\tlight\\vendor\\laravel\\framework\\src\\Illuminate\\Routing\\Pipeline.php(53): Illuminate\\Pipeline\\Pipeline->Illuminate\\Pipeline\\{closure}(Object(Illuminate\\Http\\Request))
#38 C:\\xampp\\htdocs\\Laravel Projects\\tlight\\vendor\\laravel\\framework\\src\\Illuminate\\Pipeline\\Pipeline.php(104): Illuminate\\Routing\\Pipeline->Illuminate\\Routing\\{closure}(Object(Illuminate\\Http\\Request))
#39 C:\\xampp\\htdocs\\Laravel Projects\\tlight\\vendor\\laravel\\framework\\src\\Illuminate\\Routing\\Router.php(682): Illuminate\\Pipeline\\Pipeline->then(Object(Closure))
#40 C:\\xampp\\htdocs\\Laravel Projects\\tlight\\vendor\\laravel\\framework\\src\\Illuminate\\Routing\\Router.php(657): Illuminate\\Routing\\Router->runRouteWithinStack(Object(Illuminate\\Routing\\Route), Object(Illuminate\\Http\\Request))
#41 C:\\xampp\\htdocs\\Laravel Projects\\tlight\\vendor\\laravel\\framework\\src\\Illuminate\\Routing\\Router.php(623): Illuminate\\Routing\\Router->runRoute(Object(Illuminate\\Http\\Request), Object(Illuminate\\Routing\\Route))
#42 C:\\xampp\\htdocs\\Laravel Projects\\tlight\\vendor\\laravel\\framework\\src\\Illuminate\\Routing\\Router.php(612): Illuminate\\Routing\\Router->dispatchToRoute(Object(Illuminate\\Http\\Request))
#43 C:\\xampp\\htdocs\\Laravel Projects\\tlight\\vendor\\laravel\\framework\\src\\Illuminate\\Foundation\\Http\\Kernel.php(176): Illuminate\\Routing\\Router->dispatch(Object(Illuminate\\Http\\Request))
#44 C:\\xampp\\htdocs\\Laravel Projects\\tlight\\vendor\\laravel\\framework\\src\\Illuminate\\Routing\\Pipeline.php(30): Illuminate\\Foundation\\Http\\Kernel->Illuminate\\Foundation\\Http\\{closure}(Object(Illuminate\\Http\\Request))
#45 C:\\xampp\\htdocs\\Laravel Projects\\tlight\\vendor\\fideloper\\proxy\\src\\TrustProxies.php(57): Illuminate\\Routing\\Pipeline->Illuminate\\Routing\\{closure}(Object(Illuminate\\Http\\Request))
#46 C:\\xampp\\htdocs\\Laravel Projects\\tlight\\vendor\\laravel\\framework\\src\\Illuminate\\Pipeline\\Pipeline.php(163): Fideloper\\Proxy\\TrustProxies->handle(Object(Illuminate\\Http\\Request), Object(Closure))
#47 C:\\xampp\\htdocs\\Laravel Projects\\tlight\\vendor\\laravel\\framework\\src\\Illuminate\\Routing\\Pipeline.php(53): Illuminate\\Pipeline\\Pipeline->Illuminate\\Pipeline\\{closure}(Object(Illuminate\\Http\\Request))
#48 C:\\xampp\\htdocs\\Laravel Projects\\tlight\\vendor\\laravel\\framework\\src\\Illuminate\\Foundation\\Http\\Middleware\\TransformsRequest.php(21): Illuminate\\Routing\\Pipeline->Illuminate\\Routing\\{closure}(Object(Illuminate\\Http\\Request))
#49 C:\\xampp\\htdocs\\Laravel Projects\\tlight\\vendor\\laravel\\framework\\src\\Illuminate\\Pipeline\\Pipeline.php(163): Illuminate\\Foundation\\Http\\Middleware\\TransformsRequest->handle(Object(Illuminate\\Http\\Request), Object(Closure))
#50 C:\\xampp\\htdocs\\Laravel Projects\\tlight\\vendor\\laravel\\framework\\src\\Illuminate\\Routing\\Pipeline.php(53): Illuminate\\Pipeline\\Pipeline->Illuminate\\Pipeline\\{closure}(Object(Illuminate\\Http\\Request))
#51 C:\\xampp\\htdocs\\Laravel Projects\\tlight\\vendor\\laravel\\framework\\src\\Illuminate\\Foundation\\Http\\Middleware\\TransformsRequest.php(21): Illuminate\\Routing\\Pipeline->Illuminate\\Routing\\{closure}(Object(Illuminate\\Http\\Request))
#52 C:\\xampp\\htdocs\\Laravel Projects\\tlight\\vendor\\laravel\\framework\\src\\Illuminate\\Pipeline\\Pipeline.php(163): Illuminate\\Foundation\\Http\\Middleware\\TransformsRequest->handle(Object(Illuminate\\Http\\Request), Object(Closure))
#53 C:\\xampp\\htdocs\\Laravel Projects\\tlight\\vendor\\laravel\\framework\\src\\Illuminate\\Routing\\Pipeline.php(53): Illuminate\\Pipeline\\Pipeline->Illuminate\\Pipeline\\{closure}(Object(Illuminate\\Http\\Request))
#54 C:\\xampp\\htdocs\\Laravel Projects\\tlight\\vendor\\laravel\\framework\\src\\Illuminate\\Foundation\\Http\\Middleware\\ValidatePostSize.php(27): Illuminate\\Routing\\Pipeline->Illuminate\\Routing\\{closure}(Object(Illuminate\\Http\\Request))
#55 C:\\xampp\\htdocs\\Laravel Projects\\tlight\\vendor\\laravel\\framework\\src\\Illuminate\\Pipeline\\Pipeline.php(163): Illuminate\\Foundation\\Http\\Middleware\\ValidatePostSize->handle(Object(Illuminate\\Http\\Request), Object(Closure))
#56 C:\\xampp\\htdocs\\Laravel Projects\\tlight\\vendor\\laravel\\framework\\src\\Illuminate\\Routing\\Pipeline.php(53): Illuminate\\Pipeline\\Pipeline->Illuminate\\Pipeline\\{closure}(Object(Illuminate\\Http\\Request))
#57 C:\\xampp\\htdocs\\Laravel Projects\\tlight\\vendor\\laravel\\framework\\src\\Illuminate\\Foundation\\Http\\Middleware\\CheckForMaintenanceMode.php(62): Illuminate\\Routing\\Pipeline->Illuminate\\Routing\\{closure}(Object(Illuminate\\Http\\Request))
#58 C:\\xampp\\htdocs\\Laravel Projects\\tlight\\vendor\\laravel\\framework\\src\\Illuminate\\Pipeline\\Pipeline.php(163): Illuminate\\Foundation\\Http\\Middleware\\CheckForMaintenanceMode->handle(Object(Illuminate\\Http\\Request), Object(Closure))
#59 C:\\xampp\\htdocs\\Laravel Projects\\tlight\\vendor\\laravel\\framework\\src\\Illuminate\\Routing\\Pipeline.php(53): Illuminate\\Pipeline\\Pipeline->Illuminate\\Pipeline\\{closure}(Object(Illuminate\\Http\\Request))
#60 C:\\xampp\\htdocs\\Laravel Projects\\tlight\\vendor\\laravel\\framework\\src\\Illuminate\\Pipeline\\Pipeline.php(104): Illuminate\\Routing\\Pipeline->Illuminate\\Routing\\{closure}(Object(Illuminate\\Http\\Request))
#61 C:\\xampp\\htdocs\\Laravel Projects\\tlight\\vendor\\laravel\\framework\\src\\Illuminate\\Foundation\\Http\\Kernel.php(151): Illuminate\\Pipeline\\Pipeline->then(Object(Closure))
#62 C:\\xampp\\htdocs\\Laravel Projects\\tlight\\vendor\\laravel\\framework\\src\\Illuminate\\Foundation\\Http\\Kernel.php(116): Illuminate\\Foundation\\Http\\Kernel->sendRequestThroughRouter(Object(Illuminate\\Http\\Request))
#63 C:\\xampp\\htdocs\\Laravel Projects\\tlight\\public\\index.php(55): Illuminate\\Foundation\\Http\\Kernel->handle(Object(Illuminate\\Http\\Request))
#64 C:\\xampp\\htdocs\\Laravel Projects\\tlight\\server.php(21): require_once('C:\\\\xampp\\\\htdocs...')
#65 {main}
"} 
[2020-11-04 06:29:43] local.ERROR: Method Illuminate\Database\Eloquent\Collection::value does not exist. (View: C:\xampp\htdocs\Laravel Projects\tlight\resources\views\admin\users\index.blade.php) {"userId":1,"exception":"[object] (ErrorException(code: 0): Method Illuminate\\Database\\Eloquent\\Collection::value does not exist. (View: C:\\xampp\\htdocs\\Laravel Projects\\tlight\esources\\views\\admin\\users\\index.blade.php) at C:\\xampp\\htdocs\\Laravel Projects\\tlight\\vendor\\laravel\\framework\\src\\Illuminate\\Support\\Traits\\Macroable.php:104, BadMethodCallException(code: 0): Method Illuminate\\Database\\Eloquent\\Collection::value does not exist. at C:\\xampp\\htdocs\\Laravel Projects\\tlight\\vendor\\laravel\\framework\\src\\Illuminate\\Support\\Traits\\Macroable.php:104)
[stacktrace]
#0 C:\\xampp\\htdocs\\Laravel Projects\\tlight\\vendor\\laravel\\framework\\src\\Illuminate\\View\\Engines\\PhpEngine.php(45): Illuminate\\View\\Engines\\CompilerEngine->handleViewException(Object(BadMethodCallException), 1)
#1 C:\\xampp\\htdocs\\Laravel Projects\\tlight\\vendor\\laravel\\framework\\src\\Illuminate\\View\\Engines\\CompilerEngine.php(59): Illuminate\\View\\Engines\\PhpEngine->evaluatePath('C:\\\\xampp\\\\htdocs...', Array)
#2 C:\\xampp\\htdocs\\Laravel Projects\\tlight\\vendor\\laravel\\framework\\src\\Illuminate\\View\\View.php(142): Illuminate\\View\\Engines\\CompilerEngine->get('C:\\\\xampp\\\\htdocs...', Array)
#3 C:\\xampp\\htdocs\\Laravel Projects\\tlight\\vendor\\laravel\\framework\\src\\Illuminate\\View\\View.php(125): Illuminate\\View\\View->getContents()
#4 C:\\xampp\\htdocs\\Laravel Projects\\tlight\\vendor\\laravel\\framework\\src\\Illuminate\\View\\View.php(90): Illuminate\\View\\View->renderContents()
#5 C:\\xampp\\htdocs\\Laravel Projects\\tlight\\vendor\\laravel\\framework\\src\\Illuminate\\Http\\Response.php(42): Illuminate\\View\\View->render()
#6 C:\\xampp\\htdocs\\Laravel Projects\\tlight\\vendor\\symfony\\http-foundation\\Response.php(205): Illuminate\\Http\\Response->setContent(Object(Illuminate\\View\\View))
#7 C:\\xampp\\htdocs\\Laravel Projects\\tlight\\vendor\\laravel\\framework\\src\\Illuminate\\Routing\\Router.php(748): Symfony\\Component\\HttpFoundation\\Response->__construct(Object(Illuminate\\View\\View))
#8 C:\\xampp\\htdocs\\Laravel Projects\\tlight\\vendor\\laravel\\framework\\src\\Illuminate\\Routing\\Router.php(720): Illuminate\\Routing\\Router::toResponse(Object(Illuminate\\Http\\Request), Object(Illuminate\\View\\View))
#9 C:\\xampp\\htdocs\\Laravel Projects\\tlight\\vendor\\laravel\\framework\\src\\Illuminate\\Routing\\Router.php(680): Illuminate\\Routing\\Router->prepareResponse(Object(Illuminate\\Http\\Request), Object(Illuminate\\View\\View))
#10 C:\\xampp\\htdocs\\Laravel Projects\\tlight\\vendor\\laravel\\framework\\src\\Illuminate\\Routing\\Pipeline.php(30): Illuminate\\Routing\\Router->Illuminate\\Routing\\{closure}(Object(Illuminate\\Http\\Request))
#11 C:\\xampp\\htdocs\\Laravel Projects\\tlight\\app\\Http\\Middleware\\SwitchUser.php(22): Illuminate\\Routing\\Pipeline->Illuminate\\Routing\\{closure}(Object(Illuminate\\Http\\Request))
#12 C:\\xampp\\htdocs\\Laravel Projects\\tlight\\vendor\\laravel\\framework\\src\\Illuminate\\Pipeline\\Pipeline.php(163): App\\Http\\Middleware\\SwitchUser->handle(Object(Illuminate\\Http\\Request), Object(Closure))
#13 C:\\xampp\\htdocs\\Laravel Projects\\tlight\\vendor\\laravel\\framework\\src\\Illuminate\\Routing\\Pipeline.php(53): Illuminate\\Pipeline\\Pipeline->Illuminate\\Pipeline\\{closure}(Object(Illuminate\\Http\\Request))
#14 C:\\xampp\\htdocs\\Laravel Projects\\tlight\\vendor\\laravel\\framework\\src\\Illuminate\\Auth\\Middleware\\EnsureEmailIsVerified.php(29): Illuminate\\Routing\\Pipeline->Illuminate\\Routing\\{closure}(Object(Illuminate\\Http\\Request))
#15 C:\\xampp\\htdocs\\Laravel Projects\\tlight\\vendor\\laravel\\framework\\src\\Illuminate\\Pipeline\\Pipeline.php(163): Illuminate\\Auth\\Middleware\\EnsureEmailIsVerified->handle(Object(Illuminate\\Http\\Request), Object(Closure))
#16 C:\\xampp\\htdocs\\Laravel Projects\\tlight\\vendor\\laravel\\framework\\src\\Illuminate\\Routing\\Pipeline.php(53): Illuminate\\Pipeline\\Pipeline->Illuminate\\Pipeline\\{closure}(Object(Illuminate\\Http\\Request))
#17 C:\\xampp\\htdocs\\Laravel Projects\\tlight\\vendor\\laravel\\framework\\src\\Illuminate\\Routing\\Middleware\\SubstituteBindings.php(41): Illuminate\\Routing\\Pipeline->Illuminate\\Routing\\{closure}(Object(Illuminate\\Http\\Request))
#18 C:\\xampp\\htdocs\\Laravel Projects\\tlight\\vendor\\laravel\\framework\\src\\Illuminate\\Pipeline\\Pipeline.php(163): Illuminate\\Routing\\Middleware\\SubstituteBindings->handle(Object(Illuminate\\Http\\Request), Object(Closure))
#19 C:\\xampp\\htdocs\\Laravel Projects\\tlight\\vendor\\laravel\\framework\\src\\Illuminate\\Routing\\Pipeline.php(53): Illuminate\\Pipeline\\Pipeline->Illuminate\\Pipeline\\{closure}(Object(Illuminate\\Http\\Request))
#20 C:\\xampp\\htdocs\\Laravel Projects\\tlight\\vendor\\laravel\\framework\\src\\Illuminate\\Auth\\Middleware\\Authenticate.php(43): Illuminate\\Routing\\Pipeline->Illuminate\\Routing\\{closure}(Object(Illuminate\\Http\\Request))
#21 C:\\xampp\\htdocs\\Laravel Projects\\tlight\\vendor\\laravel\\framework\\src\\Illuminate\\Pipeline\\Pipeline.php(163): Illuminate\\Auth\\Middleware\\Authenticate->handle(Object(Illuminate\\Http\\Request), Object(Closure))
#22 C:\\xampp\\htdocs\\Laravel Projects\\tlight\\vendor\\laravel\\framework\\src\\Illuminate\\Routing\\Pipeline.php(53): Illuminate\\Pipeline\\Pipeline->Illuminate\\Pipeline\\{closure}(Object(Illuminate\\Http\\Request))
#23 C:\\xampp\\htdocs\\Laravel Projects\\tlight\\vendor\\laravel\\framework\\src\\Illuminate\\Foundation\\Http\\Middleware\\VerifyCsrfToken.php(75): Illuminate\\Routing\\Pipeline->Illuminate\\Routing\\{closure}(Object(Illuminate\\Http\\Request))
#24 C:\\xampp\\htdocs\\Laravel Projects\\tlight\\vendor\\laravel\\framework\\src\\Illuminate\\Pipeline\\Pipeline.php(163): Illuminate\\Foundation\\Http\\Middleware\\VerifyCsrfToken->handle(Object(Illuminate\\Http\\Request), Object(Closure))
#25 C:\\xampp\\htdocs\\Laravel Projects\\tlight\\vendor\\laravel\\framework\\src\\Illuminate\\Routing\\Pipeline.php(53): Illuminate\\Pipeline\\Pipeline->Illuminate\\Pipeline\\{closure}(Object(Illuminate\\Http\\Request))
#26 C:\\xampp\\htdocs\\Laravel Projects\\tlight\\vendor\\laravel\\framework\\src\\Illuminate\\View\\Middleware\\ShareErrorsFromSession.php(49): Illuminate\\Routing\\Pipeline->Illuminate\\Routing\\{closure}(Object(Illuminate\\Http\\Request))
#27 C:\\xampp\\htdocs\\Laravel Projects\\tlight\\vendor\\laravel\\framework\\src\\Illuminate\\Pipeline\\Pipeline.php(163): Illuminate\\View\\Middleware\\ShareErrorsFromSession->handle(Object(Illuminate\\Http\\Request), Object(Closure))
#28 C:\\xampp\\htdocs\\Laravel Projects\\tlight\\vendor\\laravel\\framework\\src\\Illuminate\\Routing\\Pipeline.php(53): Illuminate\\Pipeline\\Pipeline->Illuminate\\Pipeline\\{closure}(Object(Illuminate\\Http\\Request))
#29 C:\\xampp\\htdocs\\Laravel Projects\\tlight\\vendor\\laravel\\framework\\src\\Illuminate\\Session\\Middleware\\StartSession.php(56): Illuminate\\Routing\\Pipeline->Illuminate\\Routing\\{closure}(Object(Illuminate\\Http\\Request))
#30 C:\\xampp\\htdocs\\Laravel Projects\\tlight\\vendor\\laravel\\framework\\src\\Illuminate\\Pipeline\\Pipeline.php(163): Illuminate\\Session\\Middleware\\StartSession->handle(Object(Illuminate\\Http\\Request), Object(Closure))
#31 C:\\xampp\\htdocs\\Laravel Projects\\tlight\\vendor\\laravel\\framework\\src\\Illuminate\\Routing\\Pipeline.php(53): Illuminate\\Pipeline\\Pipeline->Illuminate\\Pipeline\\{closure}(Object(Illuminate\\Http\\Request))
#32 C:\\xampp\\htdocs\\Laravel Projects\\tlight\\vendor\\laravel\\framework\\src\\Illuminate\\Cookie\\Middleware\\AddQueuedCookiesToResponse.php(37): Illuminate\\Routing\\Pipeline->Illuminate\\Routing\\{closure}(Object(Illuminate\\Http\\Request))
#33 C:\\xampp\\htdocs\\Laravel Projects\\tlight\\vendor\\laravel\\framework\\src\\Illuminate\\Pipeline\\Pipeline.php(163): Illuminate\\Cookie\\Middleware\\AddQueuedCookiesToResponse->handle(Object(Illuminate\\Http\\Request), Object(Closure))
#34 C:\\xampp\\htdocs\\Laravel Projects\\tlight\\vendor\\laravel\\framework\\src\\Illuminate\\Routing\\Pipeline.php(53): Illuminate\\Pipeline\\Pipeline->Illuminate\\Pipeline\\{closure}(Object(Illuminate\\Http\\Request))
#35 C:\\xampp\\htdocs\\Laravel Projects\\tlight\\vendor\\laravel\\framework\\src\\Illuminate\\Cookie\\Middleware\\EncryptCookies.php(66): Illuminate\\Routing\\Pipeline->Illuminate\\Routing\\{closure}(Object(Illuminate\\Http\\Request))
#36 C:\\xampp\\htdocs\\Laravel Projects\\tlight\\vendor\\laravel\\framework\\src\\Illuminate\\Pipeline\\Pipeline.php(163): Illuminate\\Cookie\\Middleware\\EncryptCookies->handle(Object(Illuminate\\Http\\Request), Object(Closure))
#37 C:\\xampp\\htdocs\\Laravel Projects\\tlight\\vendor\\laravel\\framework\\src\\Illuminate\\Routing\\Pipeline.php(53): Illuminate\\Pipeline\\Pipeline->Illuminate\\Pipeline\\{closure}(Object(Illuminate\\Http\\Request))
#38 C:\\xampp\\htdocs\\Laravel Projects\\tlight\\vendor\\laravel\\framework\\src\\Illuminate\\Pipeline\\Pipeline.php(104): Illuminate\\Routing\\Pipeline->Illuminate\\Routing\\{closure}(Object(Illuminate\\Http\\Request))
#39 C:\\xampp\\htdocs\\Laravel Projects\\tlight\\vendor\\laravel\\framework\\src\\Illuminate\\Routing\\Router.php(682): Illuminate\\Pipeline\\Pipeline->then(Object(Closure))
#40 C:\\xampp\\htdocs\\Laravel Projects\\tlight\\vendor\\laravel\\framework\\src\\Illuminate\\Routing\\Router.php(657): Illuminate\\Routing\\Router->runRouteWithinStack(Object(Illuminate\\Routing\\Route), Object(Illuminate\\Http\\Request))
#41 C:\\xampp\\htdocs\\Laravel Projects\\tlight\\vendor\\laravel\\framework\\src\\Illuminate\\Routing\\Router.php(623): Illuminate\\Routing\\Router->runRoute(Object(Illuminate\\Http\\Request), Object(Illuminate\\Routing\\Route))
#42 C:\\xampp\\htdocs\\Laravel Projects\\tlight\\vendor\\laravel\\framework\\src\\Illuminate\\Routing\\Router.php(612): Illuminate\\Routing\\Router->dispatchToRoute(Object(Illuminate\\Http\\Request))
#43 C:\\xampp\\htdocs\\Laravel Projects\\tlight\\vendor\\laravel\\framework\\src\\Illuminate\\Foundation\\Http\\Kernel.php(176): Illuminate\\Routing\\Router->dispatch(Object(Illuminate\\Http\\Request))
#44 C:\\xampp\\htdocs\\Laravel Projects\\tlight\\vendor\\laravel\\framework\\src\\Illuminate\\Routing\\Pipeline.php(30): Illuminate\\Foundation\\Http\\Kernel->Illuminate\\Foundation\\Http\\{closure}(Object(Illuminate\\Http\\Request))
#45 C:\\xampp\\htdocs\\Laravel Projects\\tlight\\vendor\\fideloper\\proxy\\src\\TrustProxies.php(57): Illuminate\\Routing\\Pipeline->Illuminate\\Routing\\{closure}(Object(Illuminate\\Http\\Request))
#46 C:\\xampp\\htdocs\\Laravel Projects\\tlight\\vendor\\laravel\\framework\\src\\Illuminate\\Pipeline\\Pipeline.php(163): Fideloper\\Proxy\\TrustProxies->handle(Object(Illuminate\\Http\\Request), Object(Closure))
#47 C:\\xampp\\htdocs\\Laravel Projects\\tlight\\vendor\\laravel\\framework\\src\\Illuminate\\Routing\\Pipeline.php(53): Illuminate\\Pipeline\\Pipeline->Illuminate\\Pipeline\\{closure}(Object(Illuminate\\Http\\Request))
#48 C:\\xampp\\htdocs\\Laravel Projects\\tlight\\vendor\\laravel\\framework\\src\\Illuminate\\Foundation\\Http\\Middleware\\TransformsRequest.php(21): Illuminate\\Routing\\Pipeline->Illuminate\\Routing\\{closure}(Object(Illuminate\\Http\\Request))
#49 C:\\xampp\\htdocs\\Laravel Projects\\tlight\\vendor\\laravel\\framework\\src\\Illuminate\\Pipeline\\Pipeline.php(163): Illuminate\\Foundation\\Http\\Middleware\\TransformsRequest->handle(Object(Illuminate\\Http\\Request), Object(Closure))
#50 C:\\xampp\\htdocs\\Laravel Projects\\tlight\\vendor\\laravel\\framework\\src\\Illuminate\\Routing\\Pipeline.php(53): Illuminate\\Pipeline\\Pipeline->Illuminate\\Pipeline\\{closure}(Object(Illuminate\\Http\\Request))
#51 C:\\xampp\\htdocs\\Laravel Projects\\tlight\\vendor\\laravel\\framework\\src\\Illuminate\\Foundation\\Http\\Middleware\\TransformsRequest.php(21): Illuminate\\Routing\\Pipeline->Illuminate\\Routing\\{closure}(Object(Illuminate\\Http\\Request))
#52 C:\\xampp\\htdocs\\Laravel Projects\\tlight\\vendor\\laravel\\framework\\src\\Illuminate\\Pipeline\\Pipeline.php(163): Illuminate\\Foundation\\Http\\Middleware\\TransformsRequest->handle(Object(Illuminate\\Http\\Request), Object(Closure))
#53 C:\\xampp\\htdocs\\Laravel Projects\\tlight\\vendor\\laravel\\framework\\src\\Illuminate\\Routing\\Pipeline.php(53): Illuminate\\Pipeline\\Pipeline->Illuminate\\Pipeline\\{closure}(Object(Illuminate\\Http\\Request))
#54 C:\\xampp\\htdocs\\Laravel Projects\\tlight\\vendor\\laravel\\framework\\src\\Illuminate\\Foundation\\Http\\Middleware\\ValidatePostSize.php(27): Illuminate\\Routing\\Pipeline->Illuminate\\Routing\\{closure}(Object(Illuminate\\Http\\Request))
#55 C:\\xampp\\htdocs\\Laravel Projects\\tlight\\vendor\\laravel\\framework\\src\\Illuminate\\Pipeline\\Pipeline.php(163): Illuminate\\Foundation\\Http\\Middleware\\ValidatePostSize->handle(Object(Illuminate\\Http\\Request), Object(Closure))
#56 C:\\xampp\\htdocs\\Laravel Projects\\tlight\\vendor\\laravel\\framework\\src\\Illuminate\\Routing\\Pipeline.php(53): Illuminate\\Pipeline\\Pipeline->Illuminate\\Pipeline\\{closure}(Object(Illuminate\\Http\\Request))
#57 C:\\xampp\\htdocs\\Laravel Projects\\tlight\\vendor\\laravel\\framework\\src\\Illuminate\\Foundation\\Http\\Middleware\\CheckForMaintenanceMode.php(62): Illuminate\\Routing\\Pipeline->Illuminate\\Routing\\{closure}(Object(Illuminate\\Http\\Request))
#58 C:\\xampp\\htdocs\\Laravel Projects\\tlight\\vendor\\laravel\\framework\\src\\Illuminate\\Pipeline\\Pipeline.php(163): Illuminate\\Foundation\\Http\\Middleware\\CheckForMaintenanceMode->handle(Object(Illuminate\\Http\\Request), Object(Closure))
#59 C:\\xampp\\htdocs\\Laravel Projects\\tlight\\vendor\\laravel\\framework\\src\\Illuminate\\Routing\\Pipeline.php(53): Illuminate\\Pipeline\\Pipeline->Illuminate\\Pipeline\\{closure}(Object(Illuminate\\Http\\Request))
#60 C:\\xampp\\htdocs\\Laravel Projects\\tlight\\vendor\\laravel\\framework\\src\\Illuminate\\Pipeline\\Pipeline.php(104): Illuminate\\Routing\\Pipeline->Illuminate\\Routing\\{closure}(Object(Illuminate\\Http\\Request))
#61 C:\\xampp\\htdocs\\Laravel Projects\\tlight\\vendor\\laravel\\framework\\src\\Illuminate\\Foundation\\Http\\Kernel.php(151): Illuminate\\Pipeline\\Pipeline->then(Object(Closure))
#62 C:\\xampp\\htdocs\\Laravel Projects\\tlight\\vendor\\laravel\\framework\\src\\Illuminate\\Foundation\\Http\\Kernel.php(116): Illuminate\\Foundation\\Http\\Kernel->sendRequestThroughRouter(Object(Illuminate\\Http\\Request))
#63 C:\\xampp\\htdocs\\Laravel Projects\\tlight\\public\\index.php(55): Illuminate\\Foundation\\Http\\Kernel->handle(Object(Illuminate\\Http\\Request))
#64 C:\\xampp\\htdocs\\Laravel Projects\\tlight\\server.php(21): require_once('C:\\\\xampp\\\\htdocs...')
#65 {main}
"} 
[2020-11-04 06:42:20] local.ERROR: Too few arguments to function Illuminate\Support\Collection::get(), 0 passed in C:\xampp\htdocs\Laravel Projects\tlight\app\Http\Controllers\UserController.php on line 46 and at least 1 expected {"userId":1,"exception":"[object] (Symfony\\Component\\Debug\\Exception\\FatalThrowableError(code: 0): Too few arguments to function Illuminate\\Support\\Collection::get(), 0 passed in C:\\xampp\\htdocs\\Laravel Projects\\tlight\\app\\Http\\Controllers\\UserController.php on line 46 and at least 1 expected at C:\\xampp\\htdocs\\Laravel Projects\\tlight\\vendor\\laravel\\framework\\src\\Illuminate\\Support\\Collection.php:874)
[stacktrace]
#0 C:\\xampp\\htdocs\\Laravel Projects\\tlight\\app\\Http\\Controllers\\UserController.php(46): Illuminate\\Support\\Collection->get()
#1 [internal function]: App\\Http\\Controllers\\UserController->index()
#2 C:\\xampp\\htdocs\\Laravel Projects\\tlight\\vendor\\laravel\\framework\\src\\Illuminate\\Routing\\Controller.php(54): call_user_func_array(Array, Array)
#3 C:\\xampp\\htdocs\\Laravel Projects\\tlight\\vendor\\laravel\\framework\\src\\Illuminate\\Routing\\ControllerDispatcher.php(45): Illuminate\\Routing\\Controller->callAction('index', Array)
#4 C:\\xampp\\htdocs\\Laravel Projects\\tlight\\vendor\\laravel\\framework\\src\\Illuminate\\Routing\\Route.php(219): Illuminate\\Routing\\ControllerDispatcher->dispatch(Object(Illuminate\\Routing\\Route), Object(App\\Http\\Controllers\\UserController), 'index')
#5 C:\\xampp\\htdocs\\Laravel Projects\\tlight\\vendor\\laravel\\framework\\src\\Illuminate\\Routing\\Route.php(176): Illuminate\\Routing\\Route->runController()
#6 C:\\xampp\\htdocs\\Laravel Projects\\tlight\\vendor\\laravel\\framework\\src\\Illuminate\\Routing\\Router.php(680): Illuminate\\Routing\\Route->run()
#7 C:\\xampp\\htdocs\\Laravel Projects\\tlight\\vendor\\laravel\\framework\\src\\Illuminate\\Routing\\Pipeline.php(30): Illuminate\\Routing\\Router->Illuminate\\Routing\\{closure}(Object(Illuminate\\Http\\Request))
#8 C:\\xampp\\htdocs\\Laravel Projects\\tlight\\app\\Http\\Middleware\\SwitchUser.php(22): Illuminate\\Routing\\Pipeline->Illuminate\\Routing\\{closure}(Object(Illuminate\\Http\\Request))
#9 C:\\xampp\\htdocs\\Laravel Projects\\tlight\\vendor\\laravel\\framework\\src\\Illuminate\\Pipeline\\Pipeline.php(163): App\\Http\\Middleware\\SwitchUser->handle(Object(Illuminate\\Http\\Request), Object(Closure))
#10 C:\\xampp\\htdocs\\Laravel Projects\\tlight\\vendor\\laravel\\framework\\src\\Illuminate\\Routing\\Pipeline.php(53): Illuminate\\Pipeline\\Pipeline->Illuminate\\Pipeline\\{closure}(Object(Illuminate\\Http\\Request))
#11 C:\\xampp\\htdocs\\Laravel Projects\\tlight\\vendor\\laravel\\framework\\src\\Illuminate\\Auth\\Middleware\\EnsureEmailIsVerified.php(29): Illuminate\\Routing\\Pipeline->Illuminate\\Routing\\{closure}(Object(Illuminate\\Http\\Request))
#12 C:\\xampp\\htdocs\\Laravel Projects\\tlight\\vendor\\laravel\\framework\\src\\Illuminate\\Pipeline\\Pipeline.php(163): Illuminate\\Auth\\Middleware\\EnsureEmailIsVerified->handle(Object(Illuminate\\Http\\Request), Object(Closure))
#13 C:\\xampp\\htdocs\\Laravel Projects\\tlight\\vendor\\laravel\\framework\\src\\Illuminate\\Routing\\Pipeline.php(53): Illuminate\\Pipeline\\Pipeline->Illuminate\\Pipeline\\{closure}(Object(Illuminate\\Http\\Request))
#14 C:\\xampp\\htdocs\\Laravel Projects\\tlight\\vendor\\laravel\\framework\\src\\Illuminate\\Routing\\Middleware\\SubstituteBindings.php(41): Illuminate\\Routing\\Pipeline->Illuminate\\Routing\\{closure}(Object(Illuminate\\Http\\Request))
#15 C:\\xampp\\htdocs\\Laravel Projects\\tlight\\vendor\\laravel\\framework\\src\\Illuminate\\Pipeline\\Pipeline.php(163): Illuminate\\Routing\\Middleware\\SubstituteBindings->handle(Object(Illuminate\\Http\\Request), Object(Closure))
#16 C:\\xampp\\htdocs\\Laravel Projects\\tlight\\vendor\\laravel\\framework\\src\\Illuminate\\Routing\\Pipeline.php(53): Illuminate\\Pipeline\\Pipeline->Illuminate\\Pipeline\\{closure}(Object(Illuminate\\Http\\Request))
#17 C:\\xampp\\htdocs\\Laravel Projects\\tlight\\vendor\\laravel\\framework\\src\\Illuminate\\Auth\\Middleware\\Authenticate.php(43): Illuminate\\Routing\\Pipeline->Illuminate\\Routing\\{closure}(Object(Illuminate\\Http\\Request))
#18 C:\\xampp\\htdocs\\Laravel Projects\\tlight\\vendor\\laravel\\framework\\src\\Illuminate\\Pipeline\\Pipeline.php(163): Illuminate\\Auth\\Middleware\\Authenticate->handle(Object(Illuminate\\Http\\Request), Object(Closure))
#19 C:\\xampp\\htdocs\\Laravel Projects\\tlight\\vendor\\laravel\\framework\\src\\Illuminate\\Routing\\Pipeline.php(53): Illuminate\\Pipeline\\Pipeline->Illuminate\\Pipeline\\{closure}(Object(Illuminate\\Http\\Request))
#20 C:\\xampp\\htdocs\\Laravel Projects\\tlight\\vendor\\laravel\\framework\\src\\Illuminate\\Foundation\\Http\\Middleware\\VerifyCsrfToken.php(75): Illuminate\\Routing\\Pipeline->Illuminate\\Routing\\{closure}(Object(Illuminate\\Http\\Request))
#21 C:\\xampp\\htdocs\\Laravel Projects\\tlight\\vendor\\laravel\\framework\\src\\Illuminate\\Pipeline\\Pipeline.php(163): Illuminate\\Foundation\\Http\\Middleware\\VerifyCsrfToken->handle(Object(Illuminate\\Http\\Request), Object(Closure))
#22 C:\\xampp\\htdocs\\Laravel Projects\\tlight\\vendor\\laravel\\framework\\src\\Illuminate\\Routing\\Pipeline.php(53): Illuminate\\Pipeline\\Pipeline->Illuminate\\Pipeline\\{closure}(Object(Illuminate\\Http\\Request))
#23 C:\\xampp\\htdocs\\Laravel Projects\\tlight\\vendor\\laravel\\framework\\src\\Illuminate\\View\\Middleware\\ShareErrorsFromSession.php(49): Illuminate\\Routing\\Pipeline->Illuminate\\Routing\\{closure}(Object(Illuminate\\Http\\Request))
#24 C:\\xampp\\htdocs\\Laravel Projects\\tlight\\vendor\\laravel\\framework\\src\\Illuminate\\Pipeline\\Pipeline.php(163): Illuminate\\View\\Middleware\\ShareErrorsFromSession->handle(Object(Illuminate\\Http\\Request), Object(Closure))
#25 C:\\xampp\\htdocs\\Laravel Projects\\tlight\\vendor\\laravel\\framework\\src\\Illuminate\\Routing\\Pipeline.php(53): Illuminate\\Pipeline\\Pipeline->Illuminate\\Pipeline\\{closure}(Object(Illuminate\\Http\\Request))
#26 C:\\xampp\\htdocs\\Laravel Projects\\tlight\\vendor\\laravel\\framework\\src\\Illuminate\\Session\\Middleware\\StartSession.php(56): Illuminate\\Routing\\Pipeline->Illuminate\\Routing\\{closure}(Object(Illuminate\\Http\\Request))
#27 C:\\xampp\\htdocs\\Laravel Projects\\tlight\\vendor\\laravel\\framework\\src\\Illuminate\\Pipeline\\Pipeline.php(163): Illuminate\\Session\\Middleware\\StartSession->handle(Object(Illuminate\\Http\\Request), Object(Closure))
#28 C:\\xampp\\htdocs\\Laravel Projects\\tlight\\vendor\\laravel\\framework\\src\\Illuminate\\Routing\\Pipeline.php(53): Illuminate\\Pipeline\\Pipeline->Illuminate\\Pipeline\\{closure}(Object(Illuminate\\Http\\Request))
#29 C:\\xampp\\htdocs\\Laravel Projects\\tlight\\vendor\\laravel\\framework\\src\\Illuminate\\Cookie\\Middleware\\AddQueuedCookiesToResponse.php(37): Illuminate\\Routing\\Pipeline->Illuminate\\Routing\\{closure}(Object(Illuminate\\Http\\Request))
#30 C:\\xampp\\htdocs\\Laravel Projects\\tlight\\vendor\\laravel\\framework\\src\\Illuminate\\Pipeline\\Pipeline.php(163): Illuminate\\Cookie\\Middleware\\AddQueuedCookiesToResponse->handle(Object(Illuminate\\Http\\Request), Object(Closure))
#31 C:\\xampp\\htdocs\\Laravel Projects\\tlight\\vendor\\laravel\\framework\\src\\Illuminate\\Routing\\Pipeline.php(53): Illuminate\\Pipeline\\Pipeline->Illuminate\\Pipeline\\{closure}(Object(Illuminate\\Http\\Request))
#32 C:\\xampp\\htdocs\\Laravel Projects\\tlight\\vendor\\laravel\\framework\\src\\Illuminate\\Cookie\\Middleware\\EncryptCookies.php(66): Illuminate\\Routing\\Pipeline->Illuminate\\Routing\\{closure}(Object(Illuminate\\Http\\Request))
#33 C:\\xampp\\htdocs\\Laravel Projects\\tlight\\vendor\\laravel\\framework\\src\\Illuminate\\Pipeline\\Pipeline.php(163): Illuminate\\Cookie\\Middleware\\EncryptCookies->handle(Object(Illuminate\\Http\\Request), Object(Closure))
#34 C:\\xampp\\htdocs\\Laravel Projects\\tlight\\vendor\\laravel\\framework\\src\\Illuminate\\Routing\\Pipeline.php(53): Illuminate\\Pipeline\\Pipeline->Illuminate\\Pipeline\\{closure}(Object(Illuminate\\Http\\Request))
#35 C:\\xampp\\htdocs\\Laravel Projects\\tlight\\vendor\\laravel\\framework\\src\\Illuminate\\Pipeline\\Pipeline.php(104): Illuminate\\Routing\\Pipeline->Illuminate\\Routing\\{closure}(Object(Illuminate\\Http\\Request))
#36 C:\\xampp\\htdocs\\Laravel Projects\\tlight\\vendor\\laravel\\framework\\src\\Illuminate\\Routing\\Router.php(682): Illuminate\\Pipeline\\Pipeline->then(Object(Closure))
#37 C:\\xampp\\htdocs\\Laravel Projects\\tlight\\vendor\\laravel\\framework\\src\\Illuminate\\Routing\\Router.php(657): Illuminate\\Routing\\Router->runRouteWithinStack(Object(Illuminate\\Routing\\Route), Object(Illuminate\\Http\\Request))
#38 C:\\xampp\\htdocs\\Laravel Projects\\tlight\\vendor\\laravel\\framework\\src\\Illuminate\\Routing\\Router.php(623): Illuminate\\Routing\\Router->runRoute(Object(Illuminate\\Http\\Request), Object(Illuminate\\Routing\\Route))
#39 C:\\xampp\\htdocs\\Laravel Projects\\tlight\\vendor\\laravel\\framework\\src\\Illuminate\\Routing\\Router.php(612): Illuminate\\Routing\\Router->dispatchToRoute(Object(Illuminate\\Http\\Request))
#40 C:\\xampp\\htdocs\\Laravel Projects\\tlight\\vendor\\laravel\\framework\\src\\Illuminate\\Foundation\\Http\\Kernel.php(176): Illuminate\\Routing\\Router->dispatch(Object(Illuminate\\Http\\Request))
#41 C:\\xampp\\htdocs\\Laravel Projects\\tlight\\vendor\\laravel\\framework\\src\\Illuminate\\Routing\\Pipeline.php(30): Illuminate\\Foundation\\Http\\Kernel->Illuminate\\Foundation\\Http\\{closure}(Object(Illuminate\\Http\\Request))
#42 C:\\xampp\\htdocs\\Laravel Projects\\tlight\\vendor\\fideloper\\proxy\\src\\TrustProxies.php(57): Illuminate\\Routing\\Pipeline->Illuminate\\Routing\\{closure}(Object(Illuminate\\Http\\Request))
#43 C:\\xampp\\htdocs\\Laravel Projects\\tlight\\vendor\\laravel\\framework\\src\\Illuminate\\Pipeline\\Pipeline.php(163): Fideloper\\Proxy\\TrustProxies->handle(Object(Illuminate\\Http\\Request), Object(Closure))
#44 C:\\xampp\\htdocs\\Laravel Projects\\tlight\\vendor\\laravel\\framework\\src\\Illuminate\\Routing\\Pipeline.php(53): Illuminate\\Pipeline\\Pipeline->Illuminate\\Pipeline\\{closure}(Object(Illuminate\\Http\\Request))
#45 C:\\xampp\\htdocs\\Laravel Projects\\tlight\\vendor\\laravel\\framework\\src\\Illuminate\\Foundation\\Http\\Middleware\\TransformsRequest.php(21): Illuminate\\Routing\\Pipeline->Illuminate\\Routing\\{closure}(Object(Illuminate\\Http\\Request))
#46 C:\\xampp\\htdocs\\Laravel Projects\\tlight\\vendor\\laravel\\framework\\src\\Illuminate\\Pipeline\\Pipeline.php(163): Illuminate\\Foundation\\Http\\Middleware\\TransformsRequest->handle(Object(Illuminate\\Http\\Request), Object(Closure))
#47 C:\\xampp\\htdocs\\Laravel Projects\\tlight\\vendor\\laravel\\framework\\src\\Illuminate\\Routing\\Pipeline.php(53): Illuminate\\Pipeline\\Pipeline->Illuminate\\Pipeline\\{closure}(Object(Illuminate\\Http\\Request))
#48 C:\\xampp\\htdocs\\Laravel Projects\\tlight\\vendor\\laravel\\framework\\src\\Illuminate\\Foundation\\Http\\Middleware\\TransformsRequest.php(21): Illuminate\\Routing\\Pipeline->Illuminate\\Routing\\{closure}(Object(Illuminate\\Http\\Request))
#49 C:\\xampp\\htdocs\\Laravel Projects\\tlight\\vendor\\laravel\\framework\\src\\Illuminate\\Pipeline\\Pipeline.php(163): Illuminate\\Foundation\\Http\\Middleware\\TransformsRequest->handle(Object(Illuminate\\Http\\Request), Object(Closure))
#50 C:\\xampp\\htdocs\\Laravel Projects\\tlight\\vendor\\laravel\\framework\\src\\Illuminate\\Routing\\Pipeline.php(53): Illuminate\\Pipeline\\Pipeline->Illuminate\\Pipeline\\{closure}(Object(Illuminate\\Http\\Request))
#51 C:\\xampp\\htdocs\\Laravel Projects\\tlight\\vendor\\laravel\\framework\\src\\Illuminate\\Foundation\\Http\\Middleware\\ValidatePostSize.php(27): Illuminate\\Routing\\Pipeline->Illuminate\\Routing\\{closure}(Object(Illuminate\\Http\\Request))
#52 C:\\xampp\\htdocs\\Laravel Projects\\tlight\\vendor\\laravel\\framework\\src\\Illuminate\\Pipeline\\Pipeline.php(163): Illuminate\\Foundation\\Http\\Middleware\\ValidatePostSize->handle(Object(Illuminate\\Http\\Request), Object(Closure))
#53 C:\\xampp\\htdocs\\Laravel Projects\\tlight\\vendor\\laravel\\framework\\src\\Illuminate\\Routing\\Pipeline.php(53): Illuminate\\Pipeline\\Pipeline->Illuminate\\Pipeline\\{closure}(Object(Illuminate\\Http\\Request))
#54 C:\\xampp\\htdocs\\Laravel Projects\\tlight\\vendor\\laravel\\framework\\src\\Illuminate\\Foundation\\Http\\Middleware\\CheckForMaintenanceMode.php(62): Illuminate\\Routing\\Pipeline->Illuminate\\Routing\\{closure}(Object(Illuminate\\Http\\Request))
#55 C:\\xampp\\htdocs\\Laravel Projects\\tlight\\vendor\\laravel\\framework\\src\\Illuminate\\Pipeline\\Pipeline.php(163): Illuminate\\Foundation\\Http\\Middleware\\CheckForMaintenanceMode->handle(Object(Illuminate\\Http\\Request), Object(Closure))
#56 C:\\xampp\\htdocs\\Laravel Projects\\tlight\\vendor\\laravel\\framework\\src\\Illuminate\\Routing\\Pipeline.php(53): Illuminate\\Pipeline\\Pipeline->Illuminate\\Pipeline\\{closure}(Object(Illuminate\\Http\\Request))
#57 C:\\xampp\\htdocs\\Laravel Projects\\tlight\\vendor\\laravel\\framework\\src\\Illuminate\\Pipeline\\Pipeline.php(104): Illuminate\\Routing\\Pipeline->Illuminate\\Routing\\{closure}(Object(Illuminate\\Http\\Request))
#58 C:\\xampp\\htdocs\\Laravel Projects\\tlight\\vendor\\laravel\\framework\\src\\Illuminate\\Foundation\\Http\\Kernel.php(151): Illuminate\\Pipeline\\Pipeline->then(Object(Closure))
#59 C:\\xampp\\htdocs\\Laravel Projects\\tlight\\vendor\\laravel\\framework\\src\\Illuminate\\Foundation\\Http\\Kernel.php(116): Illuminate\\Foundation\\Http\\Kernel->sendRequestThroughRouter(Object(Illuminate\\Http\\Request))
#60 C:\\xampp\\htdocs\\Laravel Projects\\tlight\\public\\index.php(55): Illuminate\\Foundation\\Http\\Kernel->handle(Object(Illuminate\\Http\\Request))
#61 C:\\xampp\\htdocs\\Laravel Projects\\tlight\\server.php(21): require_once('C:\\\\xampp\\\\htdocs...')
#62 {main}
"} 
[2020-11-04 06:46:27] local.ERROR: Call to undefined method App\User::post() {"userId":1,"exception":"[object] (BadMethodCallException(code: 0): Call to undefined method App\\User::post() at C:\\xampp\\htdocs\\Laravel Projects\\tlight\\vendor\\laravel\\framework\\src\\Illuminate\\Support\\Traits\\ForwardsCalls.php:50)
[stacktrace]
#0 C:\\xampp\\htdocs\\Laravel Projects\\tlight\\vendor\\laravel\\framework\\src\\Illuminate\\Support\\Traits\\ForwardsCalls.php(36): Illuminate\\Database\\Eloquent\\Model::throwBadMethodCallException('post')
#1 C:\\xampp\\htdocs\\Laravel Projects\\tlight\\vendor\\laravel\\framework\\src\\Illuminate\\Database\\Eloquent\\Model.php(1618): Illuminate\\Database\\Eloquent\\Model->forwardCallTo(Object(Illuminate\\Database\\Eloquent\\Builder), 'post', Array)
#2 C:\\xampp\\htdocs\\Laravel Projects\\tlight\\vendor\\laravel\\framework\\src\\Illuminate\\Database\\Eloquent\\Concerns\\QueriesRelationships.php(475): Illuminate\\Database\\Eloquent\\Model->__call('post', Array)
#3 [internal function]: Illuminate\\Database\\Eloquent\\Builder->Illuminate\\Database\\Eloquent\\Concerns\\{closure}()
#4 C:\\xampp\\htdocs\\Laravel Projects\\tlight\\vendor\\laravel\\framework\\src\\Illuminate\\Database\\Eloquent\\Relations\\Relation.php(90): call_user_func(Object(Closure))
#5 C:\\xampp\\htdocs\\Laravel Projects\\tlight\\vendor\\laravel\\framework\\src\\Illuminate\\Database\\Eloquent\\Concerns\\QueriesRelationships.php(476): Illuminate\\Database\\Eloquent\\Relations\\Relation::noConstraints(Object(Closure))
#6 C:\\xampp\\htdocs\\Laravel Projects\\tlight\\vendor\\laravel\\framework\\src\\Illuminate\\Database\\Eloquent\\Concerns\\QueriesRelationships.php(33): Illuminate\\Database\\Eloquent\\Builder->getRelationWithoutConstraints('post')
#7 C:\\xampp\\htdocs\\Laravel Projects\\tlight\\vendor\\laravel\\framework\\src\\Illuminate\\Database\\Eloquent\\Concerns\\QueriesRelationships.php(146): Illuminate\\Database\\Eloquent\\Builder->has('post', '>=', 1, 'and', Object(Closure))
#8 C:\\xampp\\htdocs\\Laravel Projects\\tlight\\app\\Http\\Controllers\\UserController.php(50): Illuminate\\Database\\Eloquent\\Builder->whereHas('post', Object(Closure))
#9 [internal function]: App\\Http\\Controllers\\UserController->index()
#10 C:\\xampp\\htdocs\\Laravel Projects\\tlight\\vendor\\laravel\\framework\\src\\Illuminate\\Routing\\Controller.php(54): call_user_func_array(Array, Array)
#11 C:\\xampp\\htdocs\\Laravel Projects\\tlight\\vendor\\laravel\\framework\\src\\Illuminate\\Routing\\ControllerDispatcher.php(45): Illuminate\\Routing\\Controller->callAction('index', Array)
#12 C:\\xampp\\htdocs\\Laravel Projects\\tlight\\vendor\\laravel\\framework\\src\\Illuminate\\Routing\\Route.php(219): Illuminate\\Routing\\ControllerDispatcher->dispatch(Object(Illuminate\\Routing\\Route), Object(App\\Http\\Controllers\\UserController), 'index')
#13 C:\\xampp\\htdocs\\Laravel Projects\\tlight\\vendor\\laravel\\framework\\src\\Illuminate\\Routing\\Route.php(176): Illuminate\\Routing\\Route->runController()
#14 C:\\xampp\\htdocs\\Laravel Projects\\tlight\\vendor\\laravel\\framework\\src\\Illuminate\\Routing\\Router.php(680): Illuminate\\Routing\\Route->run()
#15 C:\\xampp\\htdocs\\Laravel Projects\\tlight\\vendor\\laravel\\framework\\src\\Illuminate\\Routing\\Pipeline.php(30): Illuminate\\Routing\\Router->Illuminate\\Routing\\{closure}(Object(Illuminate\\Http\\Request))
#16 C:\\xampp\\htdocs\\Laravel Projects\\tlight\\app\\Http\\Middleware\\SwitchUser.php(22): Illuminate\\Routing\\Pipeline->Illuminate\\Routing\\{closure}(Object(Illuminate\\Http\\Request))
#17 C:\\xampp\\htdocs\\Laravel Projects\\tlight\\vendor\\laravel\\framework\\src\\Illuminate\\Pipeline\\Pipeline.php(163): App\\Http\\Middleware\\SwitchUser->handle(Object(Illuminate\\Http\\Request), Object(Closure))
#18 C:\\xampp\\htdocs\\Laravel Projects\\tlight\\vendor\\laravel\\framework\\src\\Illuminate\\Routing\\Pipeline.php(53): Illuminate\\Pipeline\\Pipeline->Illuminate\\Pipeline\\{closure}(Object(Illuminate\\Http\\Request))
#19 C:\\xampp\\htdocs\\Laravel Projects\\tlight\\vendor\\laravel\\framework\\src\\Illuminate\\Auth\\Middleware\\EnsureEmailIsVerified.php(29): Illuminate\\Routing\\Pipeline->Illuminate\\Routing\\{closure}(Object(Illuminate\\Http\\Request))
#20 C:\\xampp\\htdocs\\Laravel Projects\\tlight\\vendor\\laravel\\framework\\src\\Illuminate\\Pipeline\\Pipeline.php(163): Illuminate\\Auth\\Middleware\\EnsureEmailIsVerified->handle(Object(Illuminate\\Http\\Request), Object(Closure))
#21 C:\\xampp\\htdocs\\Laravel Projects\\tlight\\vendor\\laravel\\framework\\src\\Illuminate\\Routing\\Pipeline.php(53): Illuminate\\Pipeline\\Pipeline->Illuminate\\Pipeline\\{closure}(Object(Illuminate\\Http\\Request))
#22 C:\\xampp\\htdocs\\Laravel Projects\\tlight\\vendor\\laravel\\framework\\src\\Illuminate\\Routing\\Middleware\\SubstituteBindings.php(41): Illuminate\\Routing\\Pipeline->Illuminate\\Routing\\{closure}(Object(Illuminate\\Http\\Request))
#23 C:\\xampp\\htdocs\\Laravel Projects\\tlight\\vendor\\laravel\\framework\\src\\Illuminate\\Pipeline\\Pipeline.php(163): Illuminate\\Routing\\Middleware\\SubstituteBindings->handle(Object(Illuminate\\Http\\Request), Object(Closure))
#24 C:\\xampp\\htdocs\\Laravel Projects\\tlight\\vendor\\laravel\\framework\\src\\Illuminate\\Routing\\Pipeline.php(53): Illuminate\\Pipeline\\Pipeline->Illuminate\\Pipeline\\{closure}(Object(Illuminate\\Http\\Request))
#25 C:\\xampp\\htdocs\\Laravel Projects\\tlight\\vendor\\laravel\\framework\\src\\Illuminate\\Auth\\Middleware\\Authenticate.php(43): Illuminate\\Routing\\Pipeline->Illuminate\\Routing\\{closure}(Object(Illuminate\\Http\\Request))
#26 C:\\xampp\\htdocs\\Laravel Projects\\tlight\\vendor\\laravel\\framework\\src\\Illuminate\\Pipeline\\Pipeline.php(163): Illuminate\\Auth\\Middleware\\Authenticate->handle(Object(Illuminate\\Http\\Request), Object(Closure))
#27 C:\\xampp\\htdocs\\Laravel Projects\\tlight\\vendor\\laravel\\framework\\src\\Illuminate\\Routing\\Pipeline.php(53): Illuminate\\Pipeline\\Pipeline->Illuminate\\Pipeline\\{closure}(Object(Illuminate\\Http\\Request))
#28 C:\\xampp\\htdocs\\Laravel Projects\\tlight\\vendor\\laravel\\framework\\src\\Illuminate\\Foundation\\Http\\Middleware\\VerifyCsrfToken.php(75): Illuminate\\Routing\\Pipeline->Illuminate\\Routing\\{closure}(Object(Illuminate\\Http\\Request))
#29 C:\\xampp\\htdocs\\Laravel Projects\\tlight\\vendor\\laravel\\framework\\src\\Illuminate\\Pipeline\\Pipeline.php(163): Illuminate\\Foundation\\Http\\Middleware\\VerifyCsrfToken->handle(Object(Illuminate\\Http\\Request), Object(Closure))
#30 C:\\xampp\\htdocs\\Laravel Projects\\tlight\\vendor\\laravel\\framework\\src\\Illuminate\\Routing\\Pipeline.php(53): Illuminate\\Pipeline\\Pipeline->Illuminate\\Pipeline\\{closure}(Object(Illuminate\\Http\\Request))
#31 C:\\xampp\\htdocs\\Laravel Projects\\tlight\\vendor\\laravel\\framework\\src\\Illuminate\\View\\Middleware\\ShareErrorsFromSession.php(49): Illuminate\\Routing\\Pipeline->Illuminate\\Routing\\{closure}(Object(Illuminate\\Http\\Request))
#32 C:\\xampp\\htdocs\\Laravel Projects\\tlight\\vendor\\laravel\\framework\\src\\Illuminate\\Pipeline\\Pipeline.php(163): Illuminate\\View\\Middleware\\ShareErrorsFromSession->handle(Object(Illuminate\\Http\\Request), Object(Closure))
#33 C:\\xampp\\htdocs\\Laravel Projects\\tlight\\vendor\\laravel\\framework\\src\\Illuminate\\Routing\\Pipeline.php(53): Illuminate\\Pipeline\\Pipeline->Illuminate\\Pipeline\\{closure}(Object(Illuminate\\Http\\Request))
#34 C:\\xampp\\htdocs\\Laravel Projects\\tlight\\vendor\\laravel\\framework\\src\\Illuminate\\Session\\Middleware\\StartSession.php(56): Illuminate\\Routing\\Pipeline->Illuminate\\Routing\\{closure}(Object(Illuminate\\Http\\Request))
#35 C:\\xampp\\htdocs\\Laravel Projects\\tlight\\vendor\\laravel\\framework\\src\\Illuminate\\Pipeline\\Pipeline.php(163): Illuminate\\Session\\Middleware\\StartSession->handle(Object(Illuminate\\Http\\Request), Object(Closure))
#36 C:\\xampp\\htdocs\\Laravel Projects\\tlight\\vendor\\laravel\\framework\\src\\Illuminate\\Routing\\Pipeline.php(53): Illuminate\\Pipeline\\Pipeline->Illuminate\\Pipeline\\{closure}(Object(Illuminate\\Http\\Request))
#37 C:\\xampp\\htdocs\\Laravel Projects\\tlight\\vendor\\laravel\\framework\\src\\Illuminate\\Cookie\\Middleware\\AddQueuedCookiesToResponse.php(37): Illuminate\\Routing\\Pipeline->Illuminate\\Routing\\{closure}(Object(Illuminate\\Http\\Request))
#38 C:\\xampp\\htdocs\\Laravel Projects\\tlight\\vendor\\laravel\\framework\\src\\Illuminate\\Pipeline\\Pipeline.php(163): Illuminate\\Cookie\\Middleware\\AddQueuedCookiesToResponse->handle(Object(Illuminate\\Http\\Request), Object(Closure))
#39 C:\\xampp\\htdocs\\Laravel Projects\\tlight\\vendor\\laravel\\framework\\src\\Illuminate\\Routing\\Pipeline.php(53): Illuminate\\Pipeline\\Pipeline->Illuminate\\Pipeline\\{closure}(Object(Illuminate\\Http\\Request))
#40 C:\\xampp\\htdocs\\Laravel Projects\\tlight\\vendor\\laravel\\framework\\src\\Illuminate\\Cookie\\Middleware\\EncryptCookies.php(66): Illuminate\\Routing\\Pipeline->Illuminate\\Routing\\{closure}(Object(Illuminate\\Http\\Request))
#41 C:\\xampp\\htdocs\\Laravel Projects\\tlight\\vendor\\laravel\\framework\\src\\Illuminate\\Pipeline\\Pipeline.php(163): Illuminate\\Cookie\\Middleware\\EncryptCookies->handle(Object(Illuminate\\Http\\Request), Object(Closure))
#42 C:\\xampp\\htdocs\\Laravel Projects\\tlight\\vendor\\laravel\\framework\\src\\Illuminate\\Routing\\Pipeline.php(53): Illuminate\\Pipeline\\Pipeline->Illuminate\\Pipeline\\{closure}(Object(Illuminate\\Http\\Request))
#43 C:\\xampp\\htdocs\\Laravel Projects\\tlight\\vendor\\laravel\\framework\\src\\Illuminate\\Pipeline\\Pipeline.php(104): Illuminate\\Routing\\Pipeline->Illuminate\\Routing\\{closure}(Object(Illuminate\\Http\\Request))
#44 C:\\xampp\\htdocs\\Laravel Projects\\tlight\\vendor\\laravel\\framework\\src\\Illuminate\\Routing\\Router.php(682): Illuminate\\Pipeline\\Pipeline->then(Object(Closure))
#45 C:\\xampp\\htdocs\\Laravel Projects\\tlight\\vendor\\laravel\\framework\\src\\Illuminate\\Routing\\Router.php(657): Illuminate\\Routing\\Router->runRouteWithinStack(Object(Illuminate\\Routing\\Route), Object(Illuminate\\Http\\Request))
#46 C:\\xampp\\htdocs\\Laravel Projects\\tlight\\vendor\\laravel\\framework\\src\\Illuminate\\Routing\\Router.php(623): Illuminate\\Routing\\Router->runRoute(Object(Illuminate\\Http\\Request), Object(Illuminate\\Routing\\Route))
#47 C:\\xampp\\htdocs\\Laravel Projects\\tlight\\vendor\\laravel\\framework\\src\\Illuminate\\Routing\\Router.php(612): Illuminate\\Routing\\Router->dispatchToRoute(Object(Illuminate\\Http\\Request))
#48 C:\\xampp\\htdocs\\Laravel Projects\\tlight\\vendor\\laravel\\framework\\src\\Illuminate\\Foundation\\Http\\Kernel.php(176): Illuminate\\Routing\\Router->dispatch(Object(Illuminate\\Http\\Request))
#49 C:\\xampp\\htdocs\\Laravel Projects\\tlight\\vendor\\laravel\\framework\\src\\Illuminate\\Routing\\Pipeline.php(30): Illuminate\\Foundation\\Http\\Kernel->Illuminate\\Foundation\\Http\\{closure}(Object(Illuminate\\Http\\Request))
#50 C:\\xampp\\htdocs\\Laravel Projects\\tlight\\vendor\\fideloper\\proxy\\src\\TrustProxies.php(57): Illuminate\\Routing\\Pipeline->Illuminate\\Routing\\{closure}(Object(Illuminate\\Http\\Request))
#51 C:\\xampp\\htdocs\\Laravel Projects\\tlight\\vendor\\laravel\\framework\\src\\Illuminate\\Pipeline\\Pipeline.php(163): Fideloper\\Proxy\\TrustProxies->handle(Object(Illuminate\\Http\\Request), Object(Closure))
#52 C:\\xampp\\htdocs\\Laravel Projects\\tlight\\vendor\\laravel\\framework\\src\\Illuminate\\Routing\\Pipeline.php(53): Illuminate\\Pipeline\\Pipeline->Illuminate\\Pipeline\\{closure}(Object(Illuminate\\Http\\Request))
#53 C:\\xampp\\htdocs\\Laravel Projects\\tlight\\vendor\\laravel\\framework\\src\\Illuminate\\Foundation\\Http\\Middleware\\TransformsRequest.php(21): Illuminate\\Routing\\Pipeline->Illuminate\\Routing\\{closure}(Object(Illuminate\\Http\\Request))
#54 C:\\xampp\\htdocs\\Laravel Projects\\tlight\\vendor\\laravel\\framework\\src\\Illuminate\\Pipeline\\Pipeline.php(163): Illuminate\\Foundation\\Http\\Middleware\\TransformsRequest->handle(Object(Illuminate\\Http\\Request), Object(Closure))
#55 C:\\xampp\\htdocs\\Laravel Projects\\tlight\\vendor\\laravel\\framework\\src\\Illuminate\\Routing\\Pipeline.php(53): Illuminate\\Pipeline\\Pipeline->Illuminate\\Pipeline\\{closure}(Object(Illuminate\\Http\\Request))
#56 C:\\xampp\\htdocs\\Laravel Projects\\tlight\\vendor\\laravel\\framework\\src\\Illuminate\\Foundation\\Http\\Middleware\\TransformsRequest.php(21): Illuminate\\Routing\\Pipeline->Illuminate\\Routing\\{closure}(Object(Illuminate\\Http\\Request))
#57 C:\\xampp\\htdocs\\Laravel Projects\\tlight\\vendor\\laravel\\framework\\src\\Illuminate\\Pipeline\\Pipeline.php(163): Illuminate\\Foundation\\Http\\Middleware\\TransformsRequest->handle(Object(Illuminate\\Http\\Request), Object(Closure))
#58 C:\\xampp\\htdocs\\Laravel Projects\\tlight\\vendor\\laravel\\framework\\src\\Illuminate\\Routing\\Pipeline.php(53): Illuminate\\Pipeline\\Pipeline->Illuminate\\Pipeline\\{closure}(Object(Illuminate\\Http\\Request))
#59 C:\\xampp\\htdocs\\Laravel Projects\\tlight\\vendor\\laravel\\framework\\src\\Illuminate\\Foundation\\Http\\Middleware\\ValidatePostSize.php(27): Illuminate\\Routing\\Pipeline->Illuminate\\Routing\\{closure}(Object(Illuminate\\Http\\Request))
#60 C:\\xampp\\htdocs\\Laravel Projects\\tlight\\vendor\\laravel\\framework\\src\\Illuminate\\Pipeline\\Pipeline.php(163): Illuminate\\Foundation\\Http\\Middleware\\ValidatePostSize->handle(Object(Illuminate\\Http\\Request), Object(Closure))
#61 C:\\xampp\\htdocs\\Laravel Projects\\tlight\\vendor\\laravel\\framework\\src\\Illuminate\\Routing\\Pipeline.php(53): Illuminate\\Pipeline\\Pipeline->Illuminate\\Pipeline\\{closure}(Object(Illuminate\\Http\\Request))
#62 C:\\xampp\\htdocs\\Laravel Projects\\tlight\\vendor\\laravel\\framework\\src\\Illuminate\\Foundation\\Http\\Middleware\\CheckForMaintenanceMode.php(62): Illuminate\\Routing\\Pipeline->Illuminate\\Routing\\{closure}(Object(Illuminate\\Http\\Request))
#63 C:\\xampp\\htdocs\\Laravel Projects\\tlight\\vendor\\laravel\\framework\\src\\Illuminate\\Pipeline\\Pipeline.php(163): Illuminate\\Foundation\\Http\\Middleware\\CheckForMaintenanceMode->handle(Object(Illuminate\\Http\\Request), Object(Closure))
#64 C:\\xampp\\htdocs\\Laravel Projects\\tlight\\vendor\\laravel\\framework\\src\\Illuminate\\Routing\\Pipeline.php(53): Illuminate\\Pipeline\\Pipeline->Illuminate\\Pipeline\\{closure}(Object(Illuminate\\Http\\Request))
#65 C:\\xampp\\htdocs\\Laravel Projects\\tlight\\vendor\\laravel\\framework\\src\\Illuminate\\Pipeline\\Pipeline.php(104): Illuminate\\Routing\\Pipeline->Illuminate\\Routing\\{closure}(Object(Illuminate\\Http\\Request))
#66 C:\\xampp\\htdocs\\Laravel Projects\\tlight\\vendor\\laravel\\framework\\src\\Illuminate\\Foundation\\Http\\Kernel.php(151): Illuminate\\Pipeline\\Pipeline->then(Object(Closure))
#67 C:\\xampp\\htdocs\\Laravel Projects\\tlight\\vendor\\laravel\\framework\\src\\Illuminate\\Foundation\\Http\\Kernel.php(116): Illuminate\\Foundation\\Http\\Kernel->sendRequestThroughRouter(Object(Illuminate\\Http\\Request))
#68 C:\\xampp\\htdocs\\Laravel Projects\\tlight\\public\\index.php(55): Illuminate\\Foundation\\Http\\Kernel->handle(Object(Illuminate\\Http\\Request))
#69 C:\\xampp\\htdocs\\Laravel Projects\\tlight\\server.php(21): require_once('C:\\\\xampp\\\\htdocs...')
#70 {main}
"} 
[2020-11-04 06:54:36] local.ERROR: Undefined variable: date {"userId":1,"exception":"[object] (ErrorException(code: 0): Undefined variable: date at C:\\xampp\\htdocs\\Laravel Projects\\tlight\\app\\Http\\Controllers\\UserController.php:49)
[stacktrace]
#0 C:\\xampp\\htdocs\\Laravel Projects\\tlight\\app\\Http\\Controllers\\UserController.php(49): Illuminate\\Foundation\\Bootstrap\\HandleExceptions->handleError(8, 'Undefined varia...', 'C:\\\\xampp\\\\htdocs...', 49, Array)
#1 [internal function]: App\\Http\\Controllers\\UserController->index()
#2 C:\\xampp\\htdocs\\Laravel Projects\\tlight\\vendor\\laravel\\framework\\src\\Illuminate\\Routing\\Controller.php(54): call_user_func_array(Array, Array)
#3 C:\\xampp\\htdocs\\Laravel Projects\\tlight\\vendor\\laravel\\framework\\src\\Illuminate\\Routing\\ControllerDispatcher.php(45): Illuminate\\Routing\\Controller->callAction('index', Array)
#4 C:\\xampp\\htdocs\\Laravel Projects\\tlight\\vendor\\laravel\\framework\\src\\Illuminate\\Routing\\Route.php(219): Illuminate\\Routing\\ControllerDispatcher->dispatch(Object(Illuminate\\Routing\\Route), Object(App\\Http\\Controllers\\UserController), 'index')
#5 C:\\xampp\\htdocs\\Laravel Projects\\tlight\\vendor\\laravel\\framework\\src\\Illuminate\\Routing\\Route.php(176): Illuminate\\Routing\\Route->runController()
#6 C:\\xampp\\htdocs\\Laravel Projects\\tlight\\vendor\\laravel\\framework\\src\\Illuminate\\Routing\\Router.php(680): Illuminate\\Routing\\Route->run()
#7 C:\\xampp\\htdocs\\Laravel Projects\\tlight\\vendor\\laravel\\framework\\src\\Illuminate\\Routing\\Pipeline.php(30): Illuminate\\Routing\\Router->Illuminate\\Routing\\{closure}(Object(Illuminate\\Http\\Request))
#8 C:\\xampp\\htdocs\\Laravel Projects\\tlight\\app\\Http\\Middleware\\SwitchUser.php(22): Illuminate\\Routing\\Pipeline->Illuminate\\Routing\\{closure}(Object(Illuminate\\Http\\Request))
#9 C:\\xampp\\htdocs\\Laravel Projects\\tlight\\vendor\\laravel\\framework\\src\\Illuminate\\Pipeline\\Pipeline.php(163): App\\Http\\Middleware\\SwitchUser->handle(Object(Illuminate\\Http\\Request), Object(Closure))
#10 C:\\xampp\\htdocs\\Laravel Projects\\tlight\\vendor\\laravel\\framework\\src\\Illuminate\\Routing\\Pipeline.php(53): Illuminate\\Pipeline\\Pipeline->Illuminate\\Pipeline\\{closure}(Object(Illuminate\\Http\\Request))
#11 C:\\xampp\\htdocs\\Laravel Projects\\tlight\\vendor\\laravel\\framework\\src\\Illuminate\\Auth\\Middleware\\EnsureEmailIsVerified.php(29): Illuminate\\Routing\\Pipeline->Illuminate\\Routing\\{closure}(Object(Illuminate\\Http\\Request))
#12 C:\\xampp\\htdocs\\Laravel Projects\\tlight\\vendor\\laravel\\framework\\src\\Illuminate\\Pipeline\\Pipeline.php(163): Illuminate\\Auth\\Middleware\\EnsureEmailIsVerified->handle(Object(Illuminate\\Http\\Request), Object(Closure))
#13 C:\\xampp\\htdocs\\Laravel Projects\\tlight\\vendor\\laravel\\framework\\src\\Illuminate\\Routing\\Pipeline.php(53): Illuminate\\Pipeline\\Pipeline->Illuminate\\Pipeline\\{closure}(Object(Illuminate\\Http\\Request))
#14 C:\\xampp\\htdocs\\Laravel Projects\\tlight\\vendor\\laravel\\framework\\src\\Illuminate\\Routing\\Middleware\\SubstituteBindings.php(41): Illuminate\\Routing\\Pipeline->Illuminate\\Routing\\{closure}(Object(Illuminate\\Http\\Request))
#15 C:\\xampp\\htdocs\\Laravel Projects\\tlight\\vendor\\laravel\\framework\\src\\Illuminate\\Pipeline\\Pipeline.php(163): Illuminate\\Routing\\Middleware\\SubstituteBindings->handle(Object(Illuminate\\Http\\Request), Object(Closure))
#16 C:\\xampp\\htdocs\\Laravel Projects\\tlight\\vendor\\laravel\\framework\\src\\Illuminate\\Routing\\Pipeline.php(53): Illuminate\\Pipeline\\Pipeline->Illuminate\\Pipeline\\{closure}(Object(Illuminate\\Http\\Request))
#17 C:\\xampp\\htdocs\\Laravel Projects\\tlight\\vendor\\laravel\\framework\\src\\Illuminate\\Auth\\Middleware\\Authenticate.php(43): Illuminate\\Routing\\Pipeline->Illuminate\\Routing\\{closure}(Object(Illuminate\\Http\\Request))
#18 C:\\xampp\\htdocs\\Laravel Projects\\tlight\\vendor\\laravel\\framework\\src\\Illuminate\\Pipeline\\Pipeline.php(163): Illuminate\\Auth\\Middleware\\Authenticate->handle(Object(Illuminate\\Http\\Request), Object(Closure))
#19 C:\\xampp\\htdocs\\Laravel Projects\\tlight\\vendor\\laravel\\framework\\src\\Illuminate\\Routing\\Pipeline.php(53): Illuminate\\Pipeline\\Pipeline->Illuminate\\Pipeline\\{closure}(Object(Illuminate\\Http\\Request))
#20 C:\\xampp\\htdocs\\Laravel Projects\\tlight\\vendor\\laravel\\framework\\src\\Illuminate\\Foundation\\Http\\Middleware\\VerifyCsrfToken.php(75): Illuminate\\Routing\\Pipeline->Illuminate\\Routing\\{closure}(Object(Illuminate\\Http\\Request))
#21 C:\\xampp\\htdocs\\Laravel Projects\\tlight\\vendor\\laravel\\framework\\src\\Illuminate\\Pipeline\\Pipeline.php(163): Illuminate\\Foundation\\Http\\Middleware\\VerifyCsrfToken->handle(Object(Illuminate\\Http\\Request), Object(Closure))
#22 C:\\xampp\\htdocs\\Laravel Projects\\tlight\\vendor\\laravel\\framework\\src\\Illuminate\\Routing\\Pipeline.php(53): Illuminate\\Pipeline\\Pipeline->Illuminate\\Pipeline\\{closure}(Object(Illuminate\\Http\\Request))
#23 C:\\xampp\\htdocs\\Laravel Projects\\tlight\\vendor\\laravel\\framework\\src\\Illuminate\\View\\Middleware\\ShareErrorsFromSession.php(49): Illuminate\\Routing\\Pipeline->Illuminate\\Routing\\{closure}(Object(Illuminate\\Http\\Request))
#24 C:\\xampp\\htdocs\\Laravel Projects\\tlight\\vendor\\laravel\\framework\\src\\Illuminate\\Pipeline\\Pipeline.php(163): Illuminate\\View\\Middleware\\ShareErrorsFromSession->handle(Object(Illuminate\\Http\\Request), Object(Closure))
#25 C:\\xampp\\htdocs\\Laravel Projects\\tlight\\vendor\\laravel\\framework\\src\\Illuminate\\Routing\\Pipeline.php(53): Illuminate\\Pipeline\\Pipeline->Illuminate\\Pipeline\\{closure}(Object(Illuminate\\Http\\Request))
#26 C:\\xampp\\htdocs\\Laravel Projects\\tlight\\vendor\\laravel\\framework\\src\\Illuminate\\Session\\Middleware\\StartSession.php(56): Illuminate\\Routing\\Pipeline->Illuminate\\Routing\\{closure}(Object(Illuminate\\Http\\Request))
#27 C:\\xampp\\htdocs\\Laravel Projects\\tlight\\vendor\\laravel\\framework\\src\\Illuminate\\Pipeline\\Pipeline.php(163): Illuminate\\Session\\Middleware\\StartSession->handle(Object(Illuminate\\Http\\Request), Object(Closure))
#28 C:\\xampp\\htdocs\\Laravel Projects\\tlight\\vendor\\laravel\\framework\\src\\Illuminate\\Routing\\Pipeline.php(53): Illuminate\\Pipeline\\Pipeline->Illuminate\\Pipeline\\{closure}(Object(Illuminate\\Http\\Request))
#29 C:\\xampp\\htdocs\\Laravel Projects\\tlight\\vendor\\laravel\\framework\\src\\Illuminate\\Cookie\\Middleware\\AddQueuedCookiesToResponse.php(37): Illuminate\\Routing\\Pipeline->Illuminate\\Routing\\{closure}(Object(Illuminate\\Http\\Request))
#30 C:\\xampp\\htdocs\\Laravel Projects\\tlight\\vendor\\laravel\\framework\\src\\Illuminate\\Pipeline\\Pipeline.php(163): Illuminate\\Cookie\\Middleware\\AddQueuedCookiesToResponse->handle(Object(Illuminate\\Http\\Request), Object(Closure))
#31 C:\\xampp\\htdocs\\Laravel Projects\\tlight\\vendor\\laravel\\framework\\src\\Illuminate\\Routing\\Pipeline.php(53): Illuminate\\Pipeline\\Pipeline->Illuminate\\Pipeline\\{closure}(Object(Illuminate\\Http\\Request))
#32 C:\\xampp\\htdocs\\Laravel Projects\\tlight\\vendor\\laravel\\framework\\src\\Illuminate\\Cookie\\Middleware\\EncryptCookies.php(66): Illuminate\\Routing\\Pipeline->Illuminate\\Routing\\{closure}(Object(Illuminate\\Http\\Request))
#33 C:\\xampp\\htdocs\\Laravel Projects\\tlight\\vendor\\laravel\\framework\\src\\Illuminate\\Pipeline\\Pipeline.php(163): Illuminate\\Cookie\\Middleware\\EncryptCookies->handle(Object(Illuminate\\Http\\Request), Object(Closure))
#34 C:\\xampp\\htdocs\\Laravel Projects\\tlight\\vendor\\laravel\\framework\\src\\Illuminate\\Routing\\Pipeline.php(53): Illuminate\\Pipeline\\Pipeline->Illuminate\\Pipeline\\{closure}(Object(Illuminate\\Http\\Request))
#35 C:\\xampp\\htdocs\\Laravel Projects\\tlight\\vendor\\laravel\\framework\\src\\Illuminate\\Pipeline\\Pipeline.php(104): Illuminate\\Routing\\Pipeline->Illuminate\\Routing\\{closure}(Object(Illuminate\\Http\\Request))
#36 C:\\xampp\\htdocs\\Laravel Projects\\tlight\\vendor\\laravel\\framework\\src\\Illuminate\\Routing\\Router.php(682): Illuminate\\Pipeline\\Pipeline->then(Object(Closure))
#37 C:\\xampp\\htdocs\\Laravel Projects\\tlight\\vendor\\laravel\\framework\\src\\Illuminate\\Routing\\Router.php(657): Illuminate\\Routing\\Router->runRouteWithinStack(Object(Illuminate\\Routing\\Route), Object(Illuminate\\Http\\Request))
#38 C:\\xampp\\htdocs\\Laravel Projects\\tlight\\vendor\\laravel\\framework\\src\\Illuminate\\Routing\\Router.php(623): Illuminate\\Routing\\Router->runRoute(Object(Illuminate\\Http\\Request), Object(Illuminate\\Routing\\Route))
#39 C:\\xampp\\htdocs\\Laravel Projects\\tlight\\vendor\\laravel\\framework\\src\\Illuminate\\Routing\\Router.php(612): Illuminate\\Routing\\Router->dispatchToRoute(Object(Illuminate\\Http\\Request))
#40 C:\\xampp\\htdocs\\Laravel Projects\\tlight\\vendor\\laravel\\framework\\src\\Illuminate\\Foundation\\Http\\Kernel.php(176): Illuminate\\Routing\\Router->dispatch(Object(Illuminate\\Http\\Request))
#41 C:\\xampp\\htdocs\\Laravel Projects\\tlight\\vendor\\laravel\\framework\\src\\Illuminate\\Routing\\Pipeline.php(30): Illuminate\\Foundation\\Http\\Kernel->Illuminate\\Foundation\\Http\\{closure}(Object(Illuminate\\Http\\Request))
#42 C:\\xampp\\htdocs\\Laravel Projects\\tlight\\vendor\\fideloper\\proxy\\src\\TrustProxies.php(57): Illuminate\\Routing\\Pipeline->Illuminate\\Routing\\{closure}(Object(Illuminate\\Http\\Request))
#43 C:\\xampp\\htdocs\\Laravel Projects\\tlight\\vendor\\laravel\\framework\\src\\Illuminate\\Pipeline\\Pipeline.php(163): Fideloper\\Proxy\\TrustProxies->handle(Object(Illuminate\\Http\\Request), Object(Closure))
#44 C:\\xampp\\htdocs\\Laravel Projects\\tlight\\vendor\\laravel\\framework\\src\\Illuminate\\Routing\\Pipeline.php(53): Illuminate\\Pipeline\\Pipeline->Illuminate\\Pipeline\\{closure}(Object(Illuminate\\Http\\Request))
#45 C:\\xampp\\htdocs\\Laravel Projects\\tlight\\vendor\\laravel\\framework\\src\\Illuminate\\Foundation\\Http\\Middleware\\TransformsRequest.php(21): Illuminate\\Routing\\Pipeline->Illuminate\\Routing\\{closure}(Object(Illuminate\\Http\\Request))
#46 C:\\xampp\\htdocs\\Laravel Projects\\tlight\\vendor\\laravel\\framework\\src\\Illuminate\\Pipeline\\Pipeline.php(163): Illuminate\\Foundation\\Http\\Middleware\\TransformsRequest->handle(Object(Illuminate\\Http\\Request), Object(Closure))
#47 C:\\xampp\\htdocs\\Laravel Projects\\tlight\\vendor\\laravel\\framework\\src\\Illuminate\\Routing\\Pipeline.php(53): Illuminate\\Pipeline\\Pipeline->Illuminate\\Pipeline\\{closure}(Object(Illuminate\\Http\\Request))
#48 C:\\xampp\\htdocs\\Laravel Projects\\tlight\\vendor\\laravel\\framework\\src\\Illuminate\\Foundation\\Http\\Middleware\\TransformsRequest.php(21): Illuminate\\Routing\\Pipeline->Illuminate\\Routing\\{closure}(Object(Illuminate\\Http\\Request))
#49 C:\\xampp\\htdocs\\Laravel Projects\\tlight\\vendor\\laravel\\framework\\src\\Illuminate\\Pipeline\\Pipeline.php(163): Illuminate\\Foundation\\Http\\Middleware\\TransformsRequest->handle(Object(Illuminate\\Http\\Request), Object(Closure))
#50 C:\\xampp\\htdocs\\Laravel Projects\\tlight\\vendor\\laravel\\framework\\src\\Illuminate\\Routing\\Pipeline.php(53): Illuminate\\Pipeline\\Pipeline->Illuminate\\Pipeline\\{closure}(Object(Illuminate\\Http\\Request))
#51 C:\\xampp\\htdocs\\Laravel Projects\\tlight\\vendor\\laravel\\framework\\src\\Illuminate\\Foundation\\Http\\Middleware\\ValidatePostSize.php(27): Illuminate\\Routing\\Pipeline->Illuminate\\Routing\\{closure}(Object(Illuminate\\Http\\Request))
#52 C:\\xampp\\htdocs\\Laravel Projects\\tlight\\vendor\\laravel\\framework\\src\\Illuminate\\Pipeline\\Pipeline.php(163): Illuminate\\Foundation\\Http\\Middleware\\ValidatePostSize->handle(Object(Illuminate\\Http\\Request), Object(Closure))
#53 C:\\xampp\\htdocs\\Laravel Projects\\tlight\\vendor\\laravel\\framework\\src\\Illuminate\\Routing\\Pipeline.php(53): Illuminate\\Pipeline\\Pipeline->Illuminate\\Pipeline\\{closure}(Object(Illuminate\\Http\\Request))
#54 C:\\xampp\\htdocs\\Laravel Projects\\tlight\\vendor\\laravel\\framework\\src\\Illuminate\\Foundation\\Http\\Middleware\\CheckForMaintenanceMode.php(62): Illuminate\\Routing\\Pipeline->Illuminate\\Routing\\{closure}(Object(Illuminate\\Http\\Request))
#55 C:\\xampp\\htdocs\\Laravel Projects\\tlight\\vendor\\laravel\\framework\\src\\Illuminate\\Pipeline\\Pipeline.php(163): Illuminate\\Foundation\\Http\\Middleware\\CheckForMaintenanceMode->handle(Object(Illuminate\\Http\\Request), Object(Closure))
#56 C:\\xampp\\htdocs\\Laravel Projects\\tlight\\vendor\\laravel\\framework\\src\\Illuminate\\Routing\\Pipeline.php(53): Illuminate\\Pipeline\\Pipeline->Illuminate\\Pipeline\\{closure}(Object(Illuminate\\Http\\Request))
#57 C:\\xampp\\htdocs\\Laravel Projects\\tlight\\vendor\\laravel\\framework\\src\\Illuminate\\Pipeline\\Pipeline.php(104): Illuminate\\Routing\\Pipeline->Illuminate\\Routing\\{closure}(Object(Illuminate\\Http\\Request))
#58 C:\\xampp\\htdocs\\Laravel Projects\\tlight\\vendor\\laravel\\framework\\src\\Illuminate\\Foundation\\Http\\Kernel.php(151): Illuminate\\Pipeline\\Pipeline->then(Object(Closure))
#59 C:\\xampp\\htdocs\\Laravel Projects\\tlight\\vendor\\laravel\\framework\\src\\Illuminate\\Foundation\\Http\\Kernel.php(116): Illuminate\\Foundation\\Http\\Kernel->sendRequestThroughRouter(Object(Illuminate\\Http\\Request))
#60 C:\\xampp\\htdocs\\Laravel Projects\\tlight\\public\\index.php(55): Illuminate\\Foundation\\Http\\Kernel->handle(Object(Illuminate\\Http\\Request))
#61 C:\\xampp\\htdocs\\Laravel Projects\\tlight\\server.php(21): require_once('C:\\\\xampp\\\\htdocs...')
#62 {main}
"} 
[2020-11-04 06:59:48] local.ERROR: Undefined variable: user {"userId":1,"exception":"[object] (ErrorException(code: 0): Undefined variable: user at C:\\xampp\\htdocs\\Laravel Projects\\tlight\\app\\Http\\Controllers\\UserController.php:57)
[stacktrace]
#0 C:\\xampp\\htdocs\\Laravel Projects\\tlight\\app\\Http\\Controllers\\UserController.php(57): Illuminate\\Foundation\\Bootstrap\\HandleExceptions->handleError(8, 'Undefined varia...', 'C:\\\\xampp\\\\htdocs...', 57, Array)
#1 [internal function]: App\\Http\\Controllers\\UserController->index()
#2 C:\\xampp\\htdocs\\Laravel Projects\\tlight\\vendor\\laravel\\framework\\src\\Illuminate\\Routing\\Controller.php(54): call_user_func_array(Array, Array)
#3 C:\\xampp\\htdocs\\Laravel Projects\\tlight\\vendor\\laravel\\framework\\src\\Illuminate\\Routing\\ControllerDispatcher.php(45): Illuminate\\Routing\\Controller->callAction('index', Array)
#4 C:\\xampp\\htdocs\\Laravel Projects\\tlight\\vendor\\laravel\\framework\\src\\Illuminate\\Routing\\Route.php(219): Illuminate\\Routing\\ControllerDispatcher->dispatch(Object(Illuminate\\Routing\\Route), Object(App\\Http\\Controllers\\UserController), 'index')
#5 C:\\xampp\\htdocs\\Laravel Projects\\tlight\\vendor\\laravel\\framework\\src\\Illuminate\\Routing\\Route.php(176): Illuminate\\Routing\\Route->runController()
#6 C:\\xampp\\htdocs\\Laravel Projects\\tlight\\vendor\\laravel\\framework\\src\\Illuminate\\Routing\\Router.php(680): Illuminate\\Routing\\Route->run()
#7 C:\\xampp\\htdocs\\Laravel Projects\\tlight\\vendor\\laravel\\framework\\src\\Illuminate\\Routing\\Pipeline.php(30): Illuminate\\Routing\\Router->Illuminate\\Routing\\{closure}(Object(Illuminate\\Http\\Request))
#8 C:\\xampp\\htdocs\\Laravel Projects\\tlight\\app\\Http\\Middleware\\SwitchUser.php(22): Illuminate\\Routing\\Pipeline->Illuminate\\Routing\\{closure}(Object(Illuminate\\Http\\Request))
#9 C:\\xampp\\htdocs\\Laravel Projects\\tlight\\vendor\\laravel\\framework\\src\\Illuminate\\Pipeline\\Pipeline.php(163): App\\Http\\Middleware\\SwitchUser->handle(Object(Illuminate\\Http\\Request), Object(Closure))
#10 C:\\xampp\\htdocs\\Laravel Projects\\tlight\\vendor\\laravel\\framework\\src\\Illuminate\\Routing\\Pipeline.php(53): Illuminate\\Pipeline\\Pipeline->Illuminate\\Pipeline\\{closure}(Object(Illuminate\\Http\\Request))
#11 C:\\xampp\\htdocs\\Laravel Projects\\tlight\\vendor\\laravel\\framework\\src\\Illuminate\\Auth\\Middleware\\EnsureEmailIsVerified.php(29): Illuminate\\Routing\\Pipeline->Illuminate\\Routing\\{closure}(Object(Illuminate\\Http\\Request))
#12 C:\\xampp\\htdocs\\Laravel Projects\\tlight\\vendor\\laravel\\framework\\src\\Illuminate\\Pipeline\\Pipeline.php(163): Illuminate\\Auth\\Middleware\\EnsureEmailIsVerified->handle(Object(Illuminate\\Http\\Request), Object(Closure))
#13 C:\\xampp\\htdocs\\Laravel Projects\\tlight\\vendor\\laravel\\framework\\src\\Illuminate\\Routing\\Pipeline.php(53): Illuminate\\Pipeline\\Pipeline->Illuminate\\Pipeline\\{closure}(Object(Illuminate\\Http\\Request))
#14 C:\\xampp\\htdocs\\Laravel Projects\\tlight\\vendor\\laravel\\framework\\src\\Illuminate\\Routing\\Middleware\\SubstituteBindings.php(41): Illuminate\\Routing\\Pipeline->Illuminate\\Routing\\{closure}(Object(Illuminate\\Http\\Request))
#15 C:\\xampp\\htdocs\\Laravel Projects\\tlight\\vendor\\laravel\\framework\\src\\Illuminate\\Pipeline\\Pipeline.php(163): Illuminate\\Routing\\Middleware\\SubstituteBindings->handle(Object(Illuminate\\Http\\Request), Object(Closure))
#16 C:\\xampp\\htdocs\\Laravel Projects\\tlight\\vendor\\laravel\\framework\\src\\Illuminate\\Routing\\Pipeline.php(53): Illuminate\\Pipeline\\Pipeline->Illuminate\\Pipeline\\{closure}(Object(Illuminate\\Http\\Request))
#17 C:\\xampp\\htdocs\\Laravel Projects\\tlight\\vendor\\laravel\\framework\\src\\Illuminate\\Auth\\Middleware\\Authenticate.php(43): Illuminate\\Routing\\Pipeline->Illuminate\\Routing\\{closure}(Object(Illuminate\\Http\\Request))
#18 C:\\xampp\\htdocs\\Laravel Projects\\tlight\\vendor\\laravel\\framework\\src\\Illuminate\\Pipeline\\Pipeline.php(163): Illuminate\\Auth\\Middleware\\Authenticate->handle(Object(Illuminate\\Http\\Request), Object(Closure))
#19 C:\\xampp\\htdocs\\Laravel Projects\\tlight\\vendor\\laravel\\framework\\src\\Illuminate\\Routing\\Pipeline.php(53): Illuminate\\Pipeline\\Pipeline->Illuminate\\Pipeline\\{closure}(Object(Illuminate\\Http\\Request))
#20 C:\\xampp\\htdocs\\Laravel Projects\\tlight\\vendor\\laravel\\framework\\src\\Illuminate\\Foundation\\Http\\Middleware\\VerifyCsrfToken.php(75): Illuminate\\Routing\\Pipeline->Illuminate\\Routing\\{closure}(Object(Illuminate\\Http\\Request))
#21 C:\\xampp\\htdocs\\Laravel Projects\\tlight\\vendor\\laravel\\framework\\src\\Illuminate\\Pipeline\\Pipeline.php(163): Illuminate\\Foundation\\Http\\Middleware\\VerifyCsrfToken->handle(Object(Illuminate\\Http\\Request), Object(Closure))
#22 C:\\xampp\\htdocs\\Laravel Projects\\tlight\\vendor\\laravel\\framework\\src\\Illuminate\\Routing\\Pipeline.php(53): Illuminate\\Pipeline\\Pipeline->Illuminate\\Pipeline\\{closure}(Object(Illuminate\\Http\\Request))
#23 C:\\xampp\\htdocs\\Laravel Projects\\tlight\\vendor\\laravel\\framework\\src\\Illuminate\\View\\Middleware\\ShareErrorsFromSession.php(49): Illuminate\\Routing\\Pipeline->Illuminate\\Routing\\{closure}(Object(Illuminate\\Http\\Request))
#24 C:\\xampp\\htdocs\\Laravel Projects\\tlight\\vendor\\laravel\\framework\\src\\Illuminate\\Pipeline\\Pipeline.php(163): Illuminate\\View\\Middleware\\ShareErrorsFromSession->handle(Object(Illuminate\\Http\\Request), Object(Closure))
#25 C:\\xampp\\htdocs\\Laravel Projects\\tlight\\vendor\\laravel\\framework\\src\\Illuminate\\Routing\\Pipeline.php(53): Illuminate\\Pipeline\\Pipeline->Illuminate\\Pipeline\\{closure}(Object(Illuminate\\Http\\Request))
#26 C:\\xampp\\htdocs\\Laravel Projects\\tlight\\vendor\\laravel\\framework\\src\\Illuminate\\Session\\Middleware\\StartSession.php(56): Illuminate\\Routing\\Pipeline->Illuminate\\Routing\\{closure}(Object(Illuminate\\Http\\Request))
#27 C:\\xampp\\htdocs\\Laravel Projects\\tlight\\vendor\\laravel\\framework\\src\\Illuminate\\Pipeline\\Pipeline.php(163): Illuminate\\Session\\Middleware\\StartSession->handle(Object(Illuminate\\Http\\Request), Object(Closure))
#28 C:\\xampp\\htdocs\\Laravel Projects\\tlight\\vendor\\laravel\\framework\\src\\Illuminate\\Routing\\Pipeline.php(53): Illuminate\\Pipeline\\Pipeline->Illuminate\\Pipeline\\{closure}(Object(Illuminate\\Http\\Request))
#29 C:\\xampp\\htdocs\\Laravel Projects\\tlight\\vendor\\laravel\\framework\\src\\Illuminate\\Cookie\\Middleware\\AddQueuedCookiesToResponse.php(37): Illuminate\\Routing\\Pipeline->Illuminate\\Routing\\{closure}(Object(Illuminate\\Http\\Request))
#30 C:\\xampp\\htdocs\\Laravel Projects\\tlight\\vendor\\laravel\\framework\\src\\Illuminate\\Pipeline\\Pipeline.php(163): Illuminate\\Cookie\\Middleware\\AddQueuedCookiesToResponse->handle(Object(Illuminate\\Http\\Request), Object(Closure))
#31 C:\\xampp\\htdocs\\Laravel Projects\\tlight\\vendor\\laravel\\framework\\src\\Illuminate\\Routing\\Pipeline.php(53): Illuminate\\Pipeline\\Pipeline->Illuminate\\Pipeline\\{closure}(Object(Illuminate\\Http\\Request))
#32 C:\\xampp\\htdocs\\Laravel Projects\\tlight\\vendor\\laravel\\framework\\src\\Illuminate\\Cookie\\Middleware\\EncryptCookies.php(66): Illuminate\\Routing\\Pipeline->Illuminate\\Routing\\{closure}(Object(Illuminate\\Http\\Request))
#33 C:\\xampp\\htdocs\\Laravel Projects\\tlight\\vendor\\laravel\\framework\\src\\Illuminate\\Pipeline\\Pipeline.php(163): Illuminate\\Cookie\\Middleware\\EncryptCookies->handle(Object(Illuminate\\Http\\Request), Object(Closure))
#34 C:\\xampp\\htdocs\\Laravel Projects\\tlight\\vendor\\laravel\\framework\\src\\Illuminate\\Routing\\Pipeline.php(53): Illuminate\\Pipeline\\Pipeline->Illuminate\\Pipeline\\{closure}(Object(Illuminate\\Http\\Request))
#35 C:\\xampp\\htdocs\\Laravel Projects\\tlight\\vendor\\laravel\\framework\\src\\Illuminate\\Pipeline\\Pipeline.php(104): Illuminate\\Routing\\Pipeline->Illuminate\\Routing\\{closure}(Object(Illuminate\\Http\\Request))
#36 C:\\xampp\\htdocs\\Laravel Projects\\tlight\\vendor\\laravel\\framework\\src\\Illuminate\\Routing\\Router.php(682): Illuminate\\Pipeline\\Pipeline->then(Object(Closure))
#37 C:\\xampp\\htdocs\\Laravel Projects\\tlight\\vendor\\laravel\\framework\\src\\Illuminate\\Routing\\Router.php(657): Illuminate\\Routing\\Router->runRouteWithinStack(Object(Illuminate\\Routing\\Route), Object(Illuminate\\Http\\Request))
#38 C:\\xampp\\htdocs\\Laravel Projects\\tlight\\vendor\\laravel\\framework\\src\\Illuminate\\Routing\\Router.php(623): Illuminate\\Routing\\Router->runRoute(Object(Illuminate\\Http\\Request), Object(Illuminate\\Routing\\Route))
#39 C:\\xampp\\htdocs\\Laravel Projects\\tlight\\vendor\\laravel\\framework\\src\\Illuminate\\Routing\\Router.php(612): Illuminate\\Routing\\Router->dispatchToRoute(Object(Illuminate\\Http\\Request))
#40 C:\\xampp\\htdocs\\Laravel Projects\\tlight\\vendor\\laravel\\framework\\src\\Illuminate\\Foundation\\Http\\Kernel.php(176): Illuminate\\Routing\\Router->dispatch(Object(Illuminate\\Http\\Request))
#41 C:\\xampp\\htdocs\\Laravel Projects\\tlight\\vendor\\laravel\\framework\\src\\Illuminate\\Routing\\Pipeline.php(30): Illuminate\\Foundation\\Http\\Kernel->Illuminate\\Foundation\\Http\\{closure}(Object(Illuminate\\Http\\Request))
#42 C:\\xampp\\htdocs\\Laravel Projects\\tlight\\vendor\\fideloper\\proxy\\src\\TrustProxies.php(57): Illuminate\\Routing\\Pipeline->Illuminate\\Routing\\{closure}(Object(Illuminate\\Http\\Request))
#43 C:\\xampp\\htdocs\\Laravel Projects\\tlight\\vendor\\laravel\\framework\\src\\Illuminate\\Pipeline\\Pipeline.php(163): Fideloper\\Proxy\\TrustProxies->handle(Object(Illuminate\\Http\\Request), Object(Closure))
#44 C:\\xampp\\htdocs\\Laravel Projects\\tlight\\vendor\\laravel\\framework\\src\\Illuminate\\Routing\\Pipeline.php(53): Illuminate\\Pipeline\\Pipeline->Illuminate\\Pipeline\\{closure}(Object(Illuminate\\Http\\Request))
#45 C:\\xampp\\htdocs\\Laravel Projects\\tlight\\vendor\\laravel\\framework\\src\\Illuminate\\Foundation\\Http\\Middleware\\TransformsRequest.php(21): Illuminate\\Routing\\Pipeline->Illuminate\\Routing\\{closure}(Object(Illuminate\\Http\\Request))
#46 C:\\xampp\\htdocs\\Laravel Projects\\tlight\\vendor\\laravel\\framework\\src\\Illuminate\\Pipeline\\Pipeline.php(163): Illuminate\\Foundation\\Http\\Middleware\\TransformsRequest->handle(Object(Illuminate\\Http\\Request), Object(Closure))
#47 C:\\xampp\\htdocs\\Laravel Projects\\tlight\\vendor\\laravel\\framework\\src\\Illuminate\\Routing\\Pipeline.php(53): Illuminate\\Pipeline\\Pipeline->Illuminate\\Pipeline\\{closure}(Object(Illuminate\\Http\\Request))
#48 C:\\xampp\\htdocs\\Laravel Projects\\tlight\\vendor\\laravel\\framework\\src\\Illuminate\\Foundation\\Http\\Middleware\\TransformsRequest.php(21): Illuminate\\Routing\\Pipeline->Illuminate\\Routing\\{closure}(Object(Illuminate\\Http\\Request))
#49 C:\\xampp\\htdocs\\Laravel Projects\\tlight\\vendor\\laravel\\framework\\src\\Illuminate\\Pipeline\\Pipeline.php(163): Illuminate\\Foundation\\Http\\Middleware\\TransformsRequest->handle(Object(Illuminate\\Http\\Request), Object(Closure))
#50 C:\\xampp\\htdocs\\Laravel Projects\\tlight\\vendor\\laravel\\framework\\src\\Illuminate\\Routing\\Pipeline.php(53): Illuminate\\Pipeline\\Pipeline->Illuminate\\Pipeline\\{closure}(Object(Illuminate\\Http\\Request))
#51 C:\\xampp\\htdocs\\Laravel Projects\\tlight\\vendor\\laravel\\framework\\src\\Illuminate\\Foundation\\Http\\Middleware\\ValidatePostSize.php(27): Illuminate\\Routing\\Pipeline->Illuminate\\Routing\\{closure}(Object(Illuminate\\Http\\Request))
#52 C:\\xampp\\htdocs\\Laravel Projects\\tlight\\vendor\\laravel\\framework\\src\\Illuminate\\Pipeline\\Pipeline.php(163): Illuminate\\Foundation\\Http\\Middleware\\ValidatePostSize->handle(Object(Illuminate\\Http\\Request), Object(Closure))
#53 C:\\xampp\\htdocs\\Laravel Projects\\tlight\\vendor\\laravel\\framework\\src\\Illuminate\\Routing\\Pipeline.php(53): Illuminate\\Pipeline\\Pipeline->Illuminate\\Pipeline\\{closure}(Object(Illuminate\\Http\\Request))
#54 C:\\xampp\\htdocs\\Laravel Projects\\tlight\\vendor\\laravel\\framework\\src\\Illuminate\\Foundation\\Http\\Middleware\\CheckForMaintenanceMode.php(62): Illuminate\\Routing\\Pipeline->Illuminate\\Routing\\{closure}(Object(Illuminate\\Http\\Request))
#55 C:\\xampp\\htdocs\\Laravel Projects\\tlight\\vendor\\laravel\\framework\\src\\Illuminate\\Pipeline\\Pipeline.php(163): Illuminate\\Foundation\\Http\\Middleware\\CheckForMaintenanceMode->handle(Object(Illuminate\\Http\\Request), Object(Closure))
#56 C:\\xampp\\htdocs\\Laravel Projects\\tlight\\vendor\\laravel\\framework\\src\\Illuminate\\Routing\\Pipeline.php(53): Illuminate\\Pipeline\\Pipeline->Illuminate\\Pipeline\\{closure}(Object(Illuminate\\Http\\Request))
#57 C:\\xampp\\htdocs\\Laravel Projects\\tlight\\vendor\\laravel\\framework\\src\\Illuminate\\Pipeline\\Pipeline.php(104): Illuminate\\Routing\\Pipeline->Illuminate\\Routing\\{closure}(Object(Illuminate\\Http\\Request))
#58 C:\\xampp\\htdocs\\Laravel Projects\\tlight\\vendor\\laravel\\framework\\src\\Illuminate\\Foundation\\Http\\Kernel.php(151): Illuminate\\Pipeline\\Pipeline->then(Object(Closure))
#59 C:\\xampp\\htdocs\\Laravel Projects\\tlight\\vendor\\laravel\\framework\\src\\Illuminate\\Foundation\\Http\\Kernel.php(116): Illuminate\\Foundation\\Http\\Kernel->sendRequestThroughRouter(Object(Illuminate\\Http\\Request))
#60 C:\\xampp\\htdocs\\Laravel Projects\\tlight\\public\\index.php(55): Illuminate\\Foundation\\Http\\Kernel->handle(Object(Illuminate\\Http\\Request))
#61 C:\\xampp\\htdocs\\Laravel Projects\\tlight\\server.php(21): require_once('C:\\\\xampp\\\\htdocs...')
#62 {main}
"} 
[2020-11-04 07:25:48] local.ERROR: Undefined variable: r {"userId":1,"exception":"[object] (ErrorException(code: 0): Undefined variable: r at C:\\xampp\\htdocs\\Laravel Projects\\tlight\\app\\Http\\Controllers\\UserController.php:45)
[stacktrace]
#0 C:\\xampp\\htdocs\\Laravel Projects\\tlight\\app\\Http\\Controllers\\UserController.php(45): Illuminate\\Foundation\\Bootstrap\\HandleExceptions->handleError(8, 'Undefined varia...', 'C:\\\\xampp\\\\htdocs...', 45, Array)
#1 [internal function]: App\\Http\\Controllers\\UserController->index()
#2 C:\\xampp\\htdocs\\Laravel Projects\\tlight\\vendor\\laravel\\framework\\src\\Illuminate\\Routing\\Controller.php(54): call_user_func_array(Array, Array)
#3 C:\\xampp\\htdocs\\Laravel Projects\\tlight\\vendor\\laravel\\framework\\src\\Illuminate\\Routing\\ControllerDispatcher.php(45): Illuminate\\Routing\\Controller->callAction('index', Array)
#4 C:\\xampp\\htdocs\\Laravel Projects\\tlight\\vendor\\laravel\\framework\\src\\Illuminate\\Routing\\Route.php(219): Illuminate\\Routing\\ControllerDispatcher->dispatch(Object(Illuminate\\Routing\\Route), Object(App\\Http\\Controllers\\UserController), 'index')
#5 C:\\xampp\\htdocs\\Laravel Projects\\tlight\\vendor\\laravel\\framework\\src\\Illuminate\\Routing\\Route.php(176): Illuminate\\Routing\\Route->runController()
#6 C:\\xampp\\htdocs\\Laravel Projects\\tlight\\vendor\\laravel\\framework\\src\\Illuminate\\Routing\\Router.php(680): Illuminate\\Routing\\Route->run()
#7 C:\\xampp\\htdocs\\Laravel Projects\\tlight\\vendor\\laravel\\framework\\src\\Illuminate\\Routing\\Pipeline.php(30): Illuminate\\Routing\\Router->Illuminate\\Routing\\{closure}(Object(Illuminate\\Http\\Request))
#8 C:\\xampp\\htdocs\\Laravel Projects\\tlight\\app\\Http\\Middleware\\SwitchUser.php(22): Illuminate\\Routing\\Pipeline->Illuminate\\Routing\\{closure}(Object(Illuminate\\Http\\Request))
#9 C:\\xampp\\htdocs\\Laravel Projects\\tlight\\vendor\\laravel\\framework\\src\\Illuminate\\Pipeline\\Pipeline.php(163): App\\Http\\Middleware\\SwitchUser->handle(Object(Illuminate\\Http\\Request), Object(Closure))
#10 C:\\xampp\\htdocs\\Laravel Projects\\tlight\\vendor\\laravel\\framework\\src\\Illuminate\\Routing\\Pipeline.php(53): Illuminate\\Pipeline\\Pipeline->Illuminate\\Pipeline\\{closure}(Object(Illuminate\\Http\\Request))
#11 C:\\xampp\\htdocs\\Laravel Projects\\tlight\\vendor\\laravel\\framework\\src\\Illuminate\\Auth\\Middleware\\EnsureEmailIsVerified.php(29): Illuminate\\Routing\\Pipeline->Illuminate\\Routing\\{closure}(Object(Illuminate\\Http\\Request))
#12 C:\\xampp\\htdocs\\Laravel Projects\\tlight\\vendor\\laravel\\framework\\src\\Illuminate\\Pipeline\\Pipeline.php(163): Illuminate\\Auth\\Middleware\\EnsureEmailIsVerified->handle(Object(Illuminate\\Http\\Request), Object(Closure))
#13 C:\\xampp\\htdocs\\Laravel Projects\\tlight\\vendor\\laravel\\framework\\src\\Illuminate\\Routing\\Pipeline.php(53): Illuminate\\Pipeline\\Pipeline->Illuminate\\Pipeline\\{closure}(Object(Illuminate\\Http\\Request))
#14 C:\\xampp\\htdocs\\Laravel Projects\\tlight\\vendor\\laravel\\framework\\src\\Illuminate\\Routing\\Middleware\\SubstituteBindings.php(41): Illuminate\\Routing\\Pipeline->Illuminate\\Routing\\{closure}(Object(Illuminate\\Http\\Request))
#15 C:\\xampp\\htdocs\\Laravel Projects\\tlight\\vendor\\laravel\\framework\\src\\Illuminate\\Pipeline\\Pipeline.php(163): Illuminate\\Routing\\Middleware\\SubstituteBindings->handle(Object(Illuminate\\Http\\Request), Object(Closure))
#16 C:\\xampp\\htdocs\\Laravel Projects\\tlight\\vendor\\laravel\\framework\\src\\Illuminate\\Routing\\Pipeline.php(53): Illuminate\\Pipeline\\Pipeline->Illuminate\\Pipeline\\{closure}(Object(Illuminate\\Http\\Request))
#17 C:\\xampp\\htdocs\\Laravel Projects\\tlight\\vendor\\laravel\\framework\\src\\Illuminate\\Auth\\Middleware\\Authenticate.php(43): Illuminate\\Routing\\Pipeline->Illuminate\\Routing\\{closure}(Object(Illuminate\\Http\\Request))
#18 C:\\xampp\\htdocs\\Laravel Projects\\tlight\\vendor\\laravel\\framework\\src\\Illuminate\\Pipeline\\Pipeline.php(163): Illuminate\\Auth\\Middleware\\Authenticate->handle(Object(Illuminate\\Http\\Request), Object(Closure))
#19 C:\\xampp\\htdocs\\Laravel Projects\\tlight\\vendor\\laravel\\framework\\src\\Illuminate\\Routing\\Pipeline.php(53): Illuminate\\Pipeline\\Pipeline->Illuminate\\Pipeline\\{closure}(Object(Illuminate\\Http\\Request))
#20 C:\\xampp\\htdocs\\Laravel Projects\\tlight\\vendor\\laravel\\framework\\src\\Illuminate\\Foundation\\Http\\Middleware\\VerifyCsrfToken.php(75): Illuminate\\Routing\\Pipeline->Illuminate\\Routing\\{closure}(Object(Illuminate\\Http\\Request))
#21 C:\\xampp\\htdocs\\Laravel Projects\\tlight\\vendor\\laravel\\framework\\src\\Illuminate\\Pipeline\\Pipeline.php(163): Illuminate\\Foundation\\Http\\Middleware\\VerifyCsrfToken->handle(Object(Illuminate\\Http\\Request), Object(Closure))
#22 C:\\xampp\\htdocs\\Laravel Projects\\tlight\\vendor\\laravel\\framework\\src\\Illuminate\\Routing\\Pipeline.php(53): Illuminate\\Pipeline\\Pipeline->Illuminate\\Pipeline\\{closure}(Object(Illuminate\\Http\\Request))
#23 C:\\xampp\\htdocs\\Laravel Projects\\tlight\\vendor\\laravel\\framework\\src\\Illuminate\\View\\Middleware\\ShareErrorsFromSession.php(49): Illuminate\\Routing\\Pipeline->Illuminate\\Routing\\{closure}(Object(Illuminate\\Http\\Request))
#24 C:\\xampp\\htdocs\\Laravel Projects\\tlight\\vendor\\laravel\\framework\\src\\Illuminate\\Pipeline\\Pipeline.php(163): Illuminate\\View\\Middleware\\ShareErrorsFromSession->handle(Object(Illuminate\\Http\\Request), Object(Closure))
#25 C:\\xampp\\htdocs\\Laravel Projects\\tlight\\vendor\\laravel\\framework\\src\\Illuminate\\Routing\\Pipeline.php(53): Illuminate\\Pipeline\\Pipeline->Illuminate\\Pipeline\\{closure}(Object(Illuminate\\Http\\Request))
#26 C:\\xampp\\htdocs\\Laravel Projects\\tlight\\vendor\\laravel\\framework\\src\\Illuminate\\Session\\Middleware\\StartSession.php(56): Illuminate\\Routing\\Pipeline->Illuminate\\Routing\\{closure}(Object(Illuminate\\Http\\Request))
#27 C:\\xampp\\htdocs\\Laravel Projects\\tlight\\vendor\\laravel\\framework\\src\\Illuminate\\Pipeline\\Pipeline.php(163): Illuminate\\Session\\Middleware\\StartSession->handle(Object(Illuminate\\Http\\Request), Object(Closure))
#28 C:\\xampp\\htdocs\\Laravel Projects\\tlight\\vendor\\laravel\\framework\\src\\Illuminate\\Routing\\Pipeline.php(53): Illuminate\\Pipeline\\Pipeline->Illuminate\\Pipeline\\{closure}(Object(Illuminate\\Http\\Request))
#29 C:\\xampp\\htdocs\\Laravel Projects\\tlight\\vendor\\laravel\\framework\\src\\Illuminate\\Cookie\\Middleware\\AddQueuedCookiesToResponse.php(37): Illuminate\\Routing\\Pipeline->Illuminate\\Routing\\{closure}(Object(Illuminate\\Http\\Request))
#30 C:\\xampp\\htdocs\\Laravel Projects\\tlight\\vendor\\laravel\\framework\\src\\Illuminate\\Pipeline\\Pipeline.php(163): Illuminate\\Cookie\\Middleware\\AddQueuedCookiesToResponse->handle(Object(Illuminate\\Http\\Request), Object(Closure))
#31 C:\\xampp\\htdocs\\Laravel Projects\\tlight\\vendor\\laravel\\framework\\src\\Illuminate\\Routing\\Pipeline.php(53): Illuminate\\Pipeline\\Pipeline->Illuminate\\Pipeline\\{closure}(Object(Illuminate\\Http\\Request))
#32 C:\\xampp\\htdocs\\Laravel Projects\\tlight\\vendor\\laravel\\framework\\src\\Illuminate\\Cookie\\Middleware\\EncryptCookies.php(66): Illuminate\\Routing\\Pipeline->Illuminate\\Routing\\{closure}(Object(Illuminate\\Http\\Request))
#33 C:\\xampp\\htdocs\\Laravel Projects\\tlight\\vendor\\laravel\\framework\\src\\Illuminate\\Pipeline\\Pipeline.php(163): Illuminate\\Cookie\\Middleware\\EncryptCookies->handle(Object(Illuminate\\Http\\Request), Object(Closure))
#34 C:\\xampp\\htdocs\\Laravel Projects\\tlight\\vendor\\laravel\\framework\\src\\Illuminate\\Routing\\Pipeline.php(53): Illuminate\\Pipeline\\Pipeline->Illuminate\\Pipeline\\{closure}(Object(Illuminate\\Http\\Request))
#35 C:\\xampp\\htdocs\\Laravel Projects\\tlight\\vendor\\laravel\\framework\\src\\Illuminate\\Pipeline\\Pipeline.php(104): Illuminate\\Routing\\Pipeline->Illuminate\\Routing\\{closure}(Object(Illuminate\\Http\\Request))
#36 C:\\xampp\\htdocs\\Laravel Projects\\tlight\\vendor\\laravel\\framework\\src\\Illuminate\\Routing\\Router.php(682): Illuminate\\Pipeline\\Pipeline->then(Object(Closure))
#37 C:\\xampp\\htdocs\\Laravel Projects\\tlight\\vendor\\laravel\\framework\\src\\Illuminate\\Routing\\Router.php(657): Illuminate\\Routing\\Router->runRouteWithinStack(Object(Illuminate\\Routing\\Route), Object(Illuminate\\Http\\Request))
#38 C:\\xampp\\htdocs\\Laravel Projects\\tlight\\vendor\\laravel\\framework\\src\\Illuminate\\Routing\\Router.php(623): Illuminate\\Routing\\Router->runRoute(Object(Illuminate\\Http\\Request), Object(Illuminate\\Routing\\Route))
#39 C:\\xampp\\htdocs\\Laravel Projects\\tlight\\vendor\\laravel\\framework\\src\\Illuminate\\Routing\\Router.php(612): Illuminate\\Routing\\Router->dispatchToRoute(Object(Illuminate\\Http\\Request))
#40 C:\\xampp\\htdocs\\Laravel Projects\\tlight\\vendor\\laravel\\framework\\src\\Illuminate\\Foundation\\Http\\Kernel.php(176): Illuminate\\Routing\\Router->dispatch(Object(Illuminate\\Http\\Request))
#41 C:\\xampp\\htdocs\\Laravel Projects\\tlight\\vendor\\laravel\\framework\\src\\Illuminate\\Routing\\Pipeline.php(30): Illuminate\\Foundation\\Http\\Kernel->Illuminate\\Foundation\\Http\\{closure}(Object(Illuminate\\Http\\Request))
#42 C:\\xampp\\htdocs\\Laravel Projects\\tlight\\vendor\\fideloper\\proxy\\src\\TrustProxies.php(57): Illuminate\\Routing\\Pipeline->Illuminate\\Routing\\{closure}(Object(Illuminate\\Http\\Request))
#43 C:\\xampp\\htdocs\\Laravel Projects\\tlight\\vendor\\laravel\\framework\\src\\Illuminate\\Pipeline\\Pipeline.php(163): Fideloper\\Proxy\\TrustProxies->handle(Object(Illuminate\\Http\\Request), Object(Closure))
#44 C:\\xampp\\htdocs\\Laravel Projects\\tlight\\vendor\\laravel\\framework\\src\\Illuminate\\Routing\\Pipeline.php(53): Illuminate\\Pipeline\\Pipeline->Illuminate\\Pipeline\\{closure}(Object(Illuminate\\Http\\Request))
#45 C:\\xampp\\htdocs\\Laravel Projects\\tlight\\vendor\\laravel\\framework\\src\\Illuminate\\Foundation\\Http\\Middleware\\TransformsRequest.php(21): Illuminate\\Routing\\Pipeline->Illuminate\\Routing\\{closure}(Object(Illuminate\\Http\\Request))
#46 C:\\xampp\\htdocs\\Laravel Projects\\tlight\\vendor\\laravel\\framework\\src\\Illuminate\\Pipeline\\Pipeline.php(163): Illuminate\\Foundation\\Http\\Middleware\\TransformsRequest->handle(Object(Illuminate\\Http\\Request), Object(Closure))
#47 C:\\xampp\\htdocs\\Laravel Projects\\tlight\\vendor\\laravel\\framework\\src\\Illuminate\\Routing\\Pipeline.php(53): Illuminate\\Pipeline\\Pipeline->Illuminate\\Pipeline\\{closure}(Object(Illuminate\\Http\\Request))
#48 C:\\xampp\\htdocs\\Laravel Projects\\tlight\\vendor\\laravel\\framework\\src\\Illuminate\\Foundation\\Http\\Middleware\\TransformsRequest.php(21): Illuminate\\Routing\\Pipeline->Illuminate\\Routing\\{closure}(Object(Illuminate\\Http\\Request))
#49 C:\\xampp\\htdocs\\Laravel Projects\\tlight\\vendor\\laravel\\framework\\src\\Illuminate\\Pipeline\\Pipeline.php(163): Illuminate\\Foundation\\Http\\Middleware\\TransformsRequest->handle(Object(Illuminate\\Http\\Request), Object(Closure))
#50 C:\\xampp\\htdocs\\Laravel Projects\\tlight\\vendor\\laravel\\framework\\src\\Illuminate\\Routing\\Pipeline.php(53): Illuminate\\Pipeline\\Pipeline->Illuminate\\Pipeline\\{closure}(Object(Illuminate\\Http\\Request))
#51 C:\\xampp\\htdocs\\Laravel Projects\\tlight\\vendor\\laravel\\framework\\src\\Illuminate\\Foundation\\Http\\Middleware\\ValidatePostSize.php(27): Illuminate\\Routing\\Pipeline->Illuminate\\Routing\\{closure}(Object(Illuminate\\Http\\Request))
#52 C:\\xampp\\htdocs\\Laravel Projects\\tlight\\vendor\\laravel\\framework\\src\\Illuminate\\Pipeline\\Pipeline.php(163): Illuminate\\Foundation\\Http\\Middleware\\ValidatePostSize->handle(Object(Illuminate\\Http\\Request), Object(Closure))
#53 C:\\xampp\\htdocs\\Laravel Projects\\tlight\\vendor\\laravel\\framework\\src\\Illuminate\\Routing\\Pipeline.php(53): Illuminate\\Pipeline\\Pipeline->Illuminate\\Pipeline\\{closure}(Object(Illuminate\\Http\\Request))
#54 C:\\xampp\\htdocs\\Laravel Projects\\tlight\\vendor\\laravel\\framework\\src\\Illuminate\\Foundation\\Http\\Middleware\\CheckForMaintenanceMode.php(62): Illuminate\\Routing\\Pipeline->Illuminate\\Routing\\{closure}(Object(Illuminate\\Http\\Request))
#55 C:\\xampp\\htdocs\\Laravel Projects\\tlight\\vendor\\laravel\\framework\\src\\Illuminate\\Pipeline\\Pipeline.php(163): Illuminate\\Foundation\\Http\\Middleware\\CheckForMaintenanceMode->handle(Object(Illuminate\\Http\\Request), Object(Closure))
#56 C:\\xampp\\htdocs\\Laravel Projects\\tlight\\vendor\\laravel\\framework\\src\\Illuminate\\Routing\\Pipeline.php(53): Illuminate\\Pipeline\\Pipeline->Illuminate\\Pipeline\\{closure}(Object(Illuminate\\Http\\Request))
#57 C:\\xampp\\htdocs\\Laravel Projects\\tlight\\vendor\\laravel\\framework\\src\\Illuminate\\Pipeline\\Pipeline.php(104): Illuminate\\Routing\\Pipeline->Illuminate\\Routing\\{closure}(Object(Illuminate\\Http\\Request))
#58 C:\\xampp\\htdocs\\Laravel Projects\\tlight\\vendor\\laravel\\framework\\src\\Illuminate\\Foundation\\Http\\Kernel.php(151): Illuminate\\Pipeline\\Pipeline->then(Object(Closure))
#59 C:\\xampp\\htdocs\\Laravel Projects\\tlight\\vendor\\laravel\\framework\\src\\Illuminate\\Foundation\\Http\\Kernel.php(116): Illuminate\\Foundation\\Http\\Kernel->sendRequestThroughRouter(Object(Illuminate\\Http\\Request))
#60 C:\\xampp\\htdocs\\Laravel Projects\\tlight\\public\\index.php(55): Illuminate\\Foundation\\Http\\Kernel->handle(Object(Illuminate\\Http\\Request))
#61 C:\\xampp\\htdocs\\Laravel Projects\\tlight\\server.php(21): require_once('C:\\\\xampp\\\\htdocs...')
#62 {main}
"} 
[2020-11-04 07:28:46] local.ERROR: SQLSTATE[23000]: Integrity constraint violation: 1062 Duplicate entry 'davsong01@gmail.com' for key 'users_email_unique' (SQL: update `users` set `email` = davsong01@gmail.com, `users`.`updated_at` = 2020-11-04 07:28:46 where `id` = 2) {"userId":1,"exception":"[object] (Illuminate\\Database\\QueryException(code: 23000): SQLSTATE[23000]: Integrity constraint violation: 1062 Duplicate entry 'davsong01@gmail.com' for key 'users_email_unique' (SQL: update `users` set `email` = davsong01@gmail.com, `users`.`updated_at` = 2020-11-04 07:28:46 where `id` = 2) at C:\\xampp\\htdocs\\Laravel Projects\\tlight\\vendor\\laravel\\framework\\src\\Illuminate\\Database\\Connection.php:664, Doctrine\\DBAL\\Driver\\PDOException(code: 23000): SQLSTATE[23000]: Integrity constraint violation: 1062 Duplicate entry 'davsong01@gmail.com' for key 'users_email_unique' at C:\\xampp\\htdocs\\Laravel Projects\\tlight\\vendor\\doctrine\\dbal\\lib\\Doctrine\\DBAL\\Driver\\PDOStatement.php:131, PDOException(code: 23000): SQLSTATE[23000]: Integrity constraint violation: 1062 Duplicate entry 'davsong01@gmail.com' for key 'users_email_unique' at C:\\xampp\\htdocs\\Laravel Projects\\tlight\\vendor\\doctrine\\dbal\\lib\\Doctrine\\DBAL\\Driver\\PDOStatement.php:129)
[stacktrace]
#0 C:\\xampp\\htdocs\\Laravel Projects\\tlight\\vendor\\laravel\\framework\\src\\Illuminate\\Database\\Connection.php(624): Illuminate\\Database\\Connection->runQueryCallback('update `users` ...', Array, Object(Closure))
#1 C:\\xampp\\htdocs\\Laravel Projects\\tlight\\vendor\\laravel\\framework\\src\\Illuminate\\Database\\Connection.php(490): Illuminate\\Database\\Connection->run('update `users` ...', Array, Object(Closure))
#2 C:\\xampp\\htdocs\\Laravel Projects\\tlight\\vendor\\laravel\\framework\\src\\Illuminate\\Database\\Connection.php(423): Illuminate\\Database\\Connection->affectingStatement('update `users` ...', Array)
#3 C:\\xampp\\htdocs\\Laravel Projects\\tlight\\vendor\\laravel\\framework\\src\\Illuminate\\Database\\Query\\Builder.php(2721): Illuminate\\Database\\Connection->update('update `users` ...', Array)
#4 C:\\xampp\\htdocs\\Laravel Projects\\tlight\\vendor\\laravel\\framework\\src\\Illuminate\\Database\\Eloquent\\Builder.php(820): Illuminate\\Database\\Query\\Builder->update(Array)
#5 C:\\xampp\\htdocs\\Laravel Projects\\tlight\\vendor\\laravel\\framework\\src\\Illuminate\\Database\\Eloquent\\Model.php(745): Illuminate\\Database\\Eloquent\\Builder->update(Array)
#6 C:\\xampp\\htdocs\\Laravel Projects\\tlight\\vendor\\laravel\\framework\\src\\Illuminate\\Database\\Eloquent\\Model.php(660): Illuminate\\Database\\Eloquent\\Model->performUpdate(Object(Illuminate\\Database\\Eloquent\\Builder))
#7 C:\\xampp\\htdocs\\Laravel Projects\\tlight\\vendor\\laravel\\framework\\src\\Illuminate\\Database\\Eloquent\\Model.php(607): Illuminate\\Database\\Eloquent\\Model->save(Array)
#8 C:\\xampp\\htdocs\\Laravel Projects\\tlight\\app\\Http\\Controllers\\UserController.php(125): Illuminate\\Database\\Eloquent\\Model->update(Array)
#9 [internal function]: App\\Http\\Controllers\\UserController->update(Object(Illuminate\\Http\\Request), Object(App\\User))
#10 C:\\xampp\\htdocs\\Laravel Projects\\tlight\\vendor\\laravel\\framework\\src\\Illuminate\\Routing\\Controller.php(54): call_user_func_array(Array, Array)
#11 C:\\xampp\\htdocs\\Laravel Projects\\tlight\\vendor\\laravel\\framework\\src\\Illuminate\\Routing\\ControllerDispatcher.php(45): Illuminate\\Routing\\Controller->callAction('update', Array)
#12 C:\\xampp\\htdocs\\Laravel Projects\\tlight\\vendor\\laravel\\framework\\src\\Illuminate\\Routing\\Route.php(219): Illuminate\\Routing\\ControllerDispatcher->dispatch(Object(Illuminate\\Routing\\Route), Object(App\\Http\\Controllers\\UserController), 'update')
#13 C:\\xampp\\htdocs\\Laravel Projects\\tlight\\vendor\\laravel\\framework\\src\\Illuminate\\Routing\\Route.php(176): Illuminate\\Routing\\Route->runController()
#14 C:\\xampp\\htdocs\\Laravel Projects\\tlight\\vendor\\laravel\\framework\\src\\Illuminate\\Routing\\Router.php(680): Illuminate\\Routing\\Route->run()
#15 C:\\xampp\\htdocs\\Laravel Projects\\tlight\\vendor\\laravel\\framework\\src\\Illuminate\\Routing\\Pipeline.php(30): Illuminate\\Routing\\Router->Illuminate\\Routing\\{closure}(Object(Illuminate\\Http\\Request))
#16 C:\\xampp\\htdocs\\Laravel Projects\\tlight\\app\\Http\\Middleware\\SwitchUser.php(22): Illuminate\\Routing\\Pipeline->Illuminate\\Routing\\{closure}(Object(Illuminate\\Http\\Request))
#17 C:\\xampp\\htdocs\\Laravel Projects\\tlight\\vendor\\laravel\\framework\\src\\Illuminate\\Pipeline\\Pipeline.php(163): App\\Http\\Middleware\\SwitchUser->handle(Object(Illuminate\\Http\\Request), Object(Closure))
#18 C:\\xampp\\htdocs\\Laravel Projects\\tlight\\vendor\\laravel\\framework\\src\\Illuminate\\Routing\\Pipeline.php(53): Illuminate\\Pipeline\\Pipeline->Illuminate\\Pipeline\\{closure}(Object(Illuminate\\Http\\Request))
#19 C:\\xampp\\htdocs\\Laravel Projects\\tlight\\vendor\\laravel\\framework\\src\\Illuminate\\Auth\\Middleware\\EnsureEmailIsVerified.php(29): Illuminate\\Routing\\Pipeline->Illuminate\\Routing\\{closure}(Object(Illuminate\\Http\\Request))
#20 C:\\xampp\\htdocs\\Laravel Projects\\tlight\\vendor\\laravel\\framework\\src\\Illuminate\\Pipeline\\Pipeline.php(163): Illuminate\\Auth\\Middleware\\EnsureEmailIsVerified->handle(Object(Illuminate\\Http\\Request), Object(Closure))
#21 C:\\xampp\\htdocs\\Laravel Projects\\tlight\\vendor\\laravel\\framework\\src\\Illuminate\\Routing\\Pipeline.php(53): Illuminate\\Pipeline\\Pipeline->Illuminate\\Pipeline\\{closure}(Object(Illuminate\\Http\\Request))
#22 C:\\xampp\\htdocs\\Laravel Projects\\tlight\\vendor\\laravel\\framework\\src\\Illuminate\\Routing\\Middleware\\SubstituteBindings.php(41): Illuminate\\Routing\\Pipeline->Illuminate\\Routing\\{closure}(Object(Illuminate\\Http\\Request))
#23 C:\\xampp\\htdocs\\Laravel Projects\\tlight\\vendor\\laravel\\framework\\src\\Illuminate\\Pipeline\\Pipeline.php(163): Illuminate\\Routing\\Middleware\\SubstituteBindings->handle(Object(Illuminate\\Http\\Request), Object(Closure))
#24 C:\\xampp\\htdocs\\Laravel Projects\\tlight\\vendor\\laravel\\framework\\src\\Illuminate\\Routing\\Pipeline.php(53): Illuminate\\Pipeline\\Pipeline->Illuminate\\Pipeline\\{closure}(Object(Illuminate\\Http\\Request))
#25 C:\\xampp\\htdocs\\Laravel Projects\\tlight\\vendor\\laravel\\framework\\src\\Illuminate\\Auth\\Middleware\\Authenticate.php(43): Illuminate\\Routing\\Pipeline->Illuminate\\Routing\\{closure}(Object(Illuminate\\Http\\Request))
#26 C:\\xampp\\htdocs\\Laravel Projects\\tlight\\vendor\\laravel\\framework\\src\\Illuminate\\Pipeline\\Pipeline.php(163): Illuminate\\Auth\\Middleware\\Authenticate->handle(Object(Illuminate\\Http\\Request), Object(Closure))
#27 C:\\xampp\\htdocs\\Laravel Projects\\tlight\\vendor\\laravel\\framework\\src\\Illuminate\\Routing\\Pipeline.php(53): Illuminate\\Pipeline\\Pipeline->Illuminate\\Pipeline\\{closure}(Object(Illuminate\\Http\\Request))
#28 C:\\xampp\\htdocs\\Laravel Projects\\tlight\\vendor\\laravel\\framework\\src\\Illuminate\\Foundation\\Http\\Middleware\\VerifyCsrfToken.php(75): Illuminate\\Routing\\Pipeline->Illuminate\\Routing\\{closure}(Object(Illuminate\\Http\\Request))
#29 C:\\xampp\\htdocs\\Laravel Projects\\tlight\\vendor\\laravel\\framework\\src\\Illuminate\\Pipeline\\Pipeline.php(163): Illuminate\\Foundation\\Http\\Middleware\\VerifyCsrfToken->handle(Object(Illuminate\\Http\\Request), Object(Closure))
#30 C:\\xampp\\htdocs\\Laravel Projects\\tlight\\vendor\\laravel\\framework\\src\\Illuminate\\Routing\\Pipeline.php(53): Illuminate\\Pipeline\\Pipeline->Illuminate\\Pipeline\\{closure}(Object(Illuminate\\Http\\Request))
#31 C:\\xampp\\htdocs\\Laravel Projects\\tlight\\vendor\\laravel\\framework\\src\\Illuminate\\View\\Middleware\\ShareErrorsFromSession.php(49): Illuminate\\Routing\\Pipeline->Illuminate\\Routing\\{closure}(Object(Illuminate\\Http\\Request))
#32 C:\\xampp\\htdocs\\Laravel Projects\\tlight\\vendor\\laravel\\framework\\src\\Illuminate\\Pipeline\\Pipeline.php(163): Illuminate\\View\\Middleware\\ShareErrorsFromSession->handle(Object(Illuminate\\Http\\Request), Object(Closure))
#33 C:\\xampp\\htdocs\\Laravel Projects\\tlight\\vendor\\laravel\\framework\\src\\Illuminate\\Routing\\Pipeline.php(53): Illuminate\\Pipeline\\Pipeline->Illuminate\\Pipeline\\{closure}(Object(Illuminate\\Http\\Request))
#34 C:\\xampp\\htdocs\\Laravel Projects\\tlight\\vendor\\laravel\\framework\\src\\Illuminate\\Session\\Middleware\\StartSession.php(56): Illuminate\\Routing\\Pipeline->Illuminate\\Routing\\{closure}(Object(Illuminate\\Http\\Request))
#35 C:\\xampp\\htdocs\\Laravel Projects\\tlight\\vendor\\laravel\\framework\\src\\Illuminate\\Pipeline\\Pipeline.php(163): Illuminate\\Session\\Middleware\\StartSession->handle(Object(Illuminate\\Http\\Request), Object(Closure))
#36 C:\\xampp\\htdocs\\Laravel Projects\\tlight\\vendor\\laravel\\framework\\src\\Illuminate\\Routing\\Pipeline.php(53): Illuminate\\Pipeline\\Pipeline->Illuminate\\Pipeline\\{closure}(Object(Illuminate\\Http\\Request))
#37 C:\\xampp\\htdocs\\Laravel Projects\\tlight\\vendor\\laravel\\framework\\src\\Illuminate\\Cookie\\Middleware\\AddQueuedCookiesToResponse.php(37): Illuminate\\Routing\\Pipeline->Illuminate\\Routing\\{closure}(Object(Illuminate\\Http\\Request))
#38 C:\\xampp\\htdocs\\Laravel Projects\\tlight\\vendor\\laravel\\framework\\src\\Illuminate\\Pipeline\\Pipeline.php(163): Illuminate\\Cookie\\Middleware\\AddQueuedCookiesToResponse->handle(Object(Illuminate\\Http\\Request), Object(Closure))
#39 C:\\xampp\\htdocs\\Laravel Projects\\tlight\\vendor\\laravel\\framework\\src\\Illuminate\\Routing\\Pipeline.php(53): Illuminate\\Pipeline\\Pipeline->Illuminate\\Pipeline\\{closure}(Object(Illuminate\\Http\\Request))
#40 C:\\xampp\\htdocs\\Laravel Projects\\tlight\\vendor\\laravel\\framework\\src\\Illuminate\\Cookie\\Middleware\\EncryptCookies.php(66): Illuminate\\Routing\\Pipeline->Illuminate\\Routing\\{closure}(Object(Illuminate\\Http\\Request))
#41 C:\\xampp\\htdocs\\Laravel Projects\\tlight\\vendor\\laravel\\framework\\src\\Illuminate\\Pipeline\\Pipeline.php(163): Illuminate\\Cookie\\Middleware\\EncryptCookies->handle(Object(Illuminate\\Http\\Request), Object(Closure))
#42 C:\\xampp\\htdocs\\Laravel Projects\\tlight\\vendor\\laravel\\framework\\src\\Illuminate\\Routing\\Pipeline.php(53): Illuminate\\Pipeline\\Pipeline->Illuminate\\Pipeline\\{closure}(Object(Illuminate\\Http\\Request))
#43 C:\\xampp\\htdocs\\Laravel Projects\\tlight\\vendor\\laravel\\framework\\src\\Illuminate\\Pipeline\\Pipeline.php(104): Illuminate\\Routing\\Pipeline->Illuminate\\Routing\\{closure}(Object(Illuminate\\Http\\Request))
#44 C:\\xampp\\htdocs\\Laravel Projects\\tlight\\vendor\\laravel\\framework\\src\\Illuminate\\Routing\\Router.php(682): Illuminate\\Pipeline\\Pipeline->then(Object(Closure))
#45 C:\\xampp\\htdocs\\Laravel Projects\\tlight\\vendor\\laravel\\framework\\src\\Illuminate\\Routing\\Router.php(657): Illuminate\\Routing\\Router->runRouteWithinStack(Object(Illuminate\\Routing\\Route), Object(Illuminate\\Http\\Request))
#46 C:\\xampp\\htdocs\\Laravel Projects\\tlight\\vendor\\laravel\\framework\\src\\Illuminate\\Routing\\Router.php(623): Illuminate\\Routing\\Router->runRoute(Object(Illuminate\\Http\\Request), Object(Illuminate\\Routing\\Route))
#47 C:\\xampp\\htdocs\\Laravel Projects\\tlight\\vendor\\laravel\\framework\\src\\Illuminate\\Routing\\Router.php(612): Illuminate\\Routing\\Router->dispatchToRoute(Object(Illuminate\\Http\\Request))
#48 C:\\xampp\\htdocs\\Laravel Projects\\tlight\\vendor\\laravel\\framework\\src\\Illuminate\\Foundation\\Http\\Kernel.php(176): Illuminate\\Routing\\Router->dispatch(Object(Illuminate\\Http\\Request))
#49 C:\\xampp\\htdocs\\Laravel Projects\\tlight\\vendor\\laravel\\framework\\src\\Illuminate\\Routing\\Pipeline.php(30): Illuminate\\Foundation\\Http\\Kernel->Illuminate\\Foundation\\Http\\{closure}(Object(Illuminate\\Http\\Request))
#50 C:\\xampp\\htdocs\\Laravel Projects\\tlight\\vendor\\fideloper\\proxy\\src\\TrustProxies.php(57): Illuminate\\Routing\\Pipeline->Illuminate\\Routing\\{closure}(Object(Illuminate\\Http\\Request))
#51 C:\\xampp\\htdocs\\Laravel Projects\\tlight\\vendor\\laravel\\framework\\src\\Illuminate\\Pipeline\\Pipeline.php(163): Fideloper\\Proxy\\TrustProxies->handle(Object(Illuminate\\Http\\Request), Object(Closure))
#52 C:\\xampp\\htdocs\\Laravel Projects\\tlight\\vendor\\laravel\\framework\\src\\Illuminate\\Routing\\Pipeline.php(53): Illuminate\\Pipeline\\Pipeline->Illuminate\\Pipeline\\{closure}(Object(Illuminate\\Http\\Request))
#53 C:\\xampp\\htdocs\\Laravel Projects\\tlight\\vendor\\laravel\\framework\\src\\Illuminate\\Foundation\\Http\\Middleware\\TransformsRequest.php(21): Illuminate\\Routing\\Pipeline->Illuminate\\Routing\\{closure}(Object(Illuminate\\Http\\Request))
#54 C:\\xampp\\htdocs\\Laravel Projects\\tlight\\vendor\\laravel\\framework\\src\\Illuminate\\Pipeline\\Pipeline.php(163): Illuminate\\Foundation\\Http\\Middleware\\TransformsRequest->handle(Object(Illuminate\\Http\\Request), Object(Closure))
#55 C:\\xampp\\htdocs\\Laravel Projects\\tlight\\vendor\\laravel\\framework\\src\\Illuminate\\Routing\\Pipeline.php(53): Illuminate\\Pipeline\\Pipeline->Illuminate\\Pipeline\\{closure}(Object(Illuminate\\Http\\Request))
#56 C:\\xampp\\htdocs\\Laravel Projects\\tlight\\vendor\\laravel\\framework\\src\\Illuminate\\Foundation\\Http\\Middleware\\TransformsRequest.php(21): Illuminate\\Routing\\Pipeline->Illuminate\\Routing\\{closure}(Object(Illuminate\\Http\\Request))
#57 C:\\xampp\\htdocs\\Laravel Projects\\tlight\\vendor\\laravel\\framework\\src\\Illuminate\\Pipeline\\Pipeline.php(163): Illuminate\\Foundation\\Http\\Middleware\\TransformsRequest->handle(Object(Illuminate\\Http\\Request), Object(Closure))
#58 C:\\xampp\\htdocs\\Laravel Projects\\tlight\\vendor\\laravel\\framework\\src\\Illuminate\\Routing\\Pipeline.php(53): Illuminate\\Pipeline\\Pipeline->Illuminate\\Pipeline\\{closure}(Object(Illuminate\\Http\\Request))
#59 C:\\xampp\\htdocs\\Laravel Projects\\tlight\\vendor\\laravel\\framework\\src\\Illuminate\\Foundation\\Http\\Middleware\\ValidatePostSize.php(27): Illuminate\\Routing\\Pipeline->Illuminate\\Routing\\{closure}(Object(Illuminate\\Http\\Request))
#60 C:\\xampp\\htdocs\\Laravel Projects\\tlight\\vendor\\laravel\\framework\\src\\Illuminate\\Pipeline\\Pipeline.php(163): Illuminate\\Foundation\\Http\\Middleware\\ValidatePostSize->handle(Object(Illuminate\\Http\\Request), Object(Closure))
#61 C:\\xampp\\htdocs\\Laravel Projects\\tlight\\vendor\\laravel\\framework\\src\\Illuminate\\Routing\\Pipeline.php(53): Illuminate\\Pipeline\\Pipeline->Illuminate\\Pipeline\\{closure}(Object(Illuminate\\Http\\Request))
#62 C:\\xampp\\htdocs\\Laravel Projects\\tlight\\vendor\\laravel\\framework\\src\\Illuminate\\Foundation\\Http\\Middleware\\CheckForMaintenanceMode.php(62): Illuminate\\Routing\\Pipeline->Illuminate\\Routing\\{closure}(Object(Illuminate\\Http\\Request))
#63 C:\\xampp\\htdocs\\Laravel Projects\\tlight\\vendor\\laravel\\framework\\src\\Illuminate\\Pipeline\\Pipeline.php(163): Illuminate\\Foundation\\Http\\Middleware\\CheckForMaintenanceMode->handle(Object(Illuminate\\Http\\Request), Object(Closure))
#64 C:\\xampp\\htdocs\\Laravel Projects\\tlight\\vendor\\laravel\\framework\\src\\Illuminate\\Routing\\Pipeline.php(53): Illuminate\\Pipeline\\Pipeline->Illuminate\\Pipeline\\{closure}(Object(Illuminate\\Http\\Request))
#65 C:\\xampp\\htdocs\\Laravel Projects\\tlight\\vendor\\laravel\\framework\\src\\Illuminate\\Pipeline\\Pipeline.php(104): Illuminate\\Routing\\Pipeline->Illuminate\\Routing\\{closure}(Object(Illuminate\\Http\\Request))
#66 C:\\xampp\\htdocs\\Laravel Projects\\tlight\\vendor\\laravel\\framework\\src\\Illuminate\\Foundation\\Http\\Kernel.php(151): Illuminate\\Pipeline\\Pipeline->then(Object(Closure))
#67 C:\\xampp\\htdocs\\Laravel Projects\\tlight\\vendor\\laravel\\framework\\src\\Illuminate\\Foundation\\Http\\Kernel.php(116): Illuminate\\Foundation\\Http\\Kernel->sendRequestThroughRouter(Object(Illuminate\\Http\\Request))
#68 C:\\xampp\\htdocs\\Laravel Projects\\tlight\\public\\index.php(55): Illuminate\\Foundation\\Http\\Kernel->handle(Object(Illuminate\\Http\\Request))
#69 C:\\xampp\\htdocs\\Laravel Projects\\tlight\\server.php(21): require_once('C:\\\\xampp\\\\htdocs...')
#70 {main}
"} 
[2020-11-04 07:29:17] local.ERROR: SQLSTATE[42S22]: Column not found: 1054 Unknown column '_token' in 'where clause' (SQL: select * from `users` where (`_token` = c0KfCKYKN9RFBwgFfyXIZCPHMCoXumVdhMrKYBLn and `_method` = PATCH and `name` = User Edit and `username` = User Edit and `email` = davsong01@gmail.com and `phone` is null and `password` = $2y$10$kdC5Co40EPupqO89Elkj6exSREj705b.iQvEmhkZEnV/Q946TNkXq and `permission` = 1) limit 1) {"userId":1,"exception":"[object] (Illuminate\\Database\\QueryException(code: 42S22): SQLSTATE[42S22]: Column not found: 1054 Unknown column '_token' in 'where clause' (SQL: select * from `users` where (`_token` = c0KfCKYKN9RFBwgFfyXIZCPHMCoXumVdhMrKYBLn and `_method` = PATCH and `name` = User Edit and `username` = User Edit and `email` = davsong01@gmail.com and `phone` is null and `password` = $2y$10$kdC5Co40EPupqO89Elkj6exSREj705b.iQvEmhkZEnV/Q946TNkXq and `permission` = 1) limit 1) at C:\\xampp\\htdocs\\Laravel Projects\\tlight\\vendor\\laravel\\framework\\src\\Illuminate\\Database\\Connection.php:664, Doctrine\\DBAL\\Driver\\PDOException(code: 42S22): SQLSTATE[42S22]: Column not found: 1054 Unknown column '_token' in 'where clause' at C:\\xampp\\htdocs\\Laravel Projects\\tlight\\vendor\\doctrine\\dbal\\lib\\Doctrine\\DBAL\\Driver\\PDOConnection.php:72, PDOException(code: 42S22): SQLSTATE[42S22]: Column not found: 1054 Unknown column '_token' in 'where clause' at C:\\xampp\\htdocs\\Laravel Projects\\tlight\\vendor\\doctrine\\dbal\\lib\\Doctrine\\DBAL\\Driver\\PDOConnection.php:67)
[stacktrace]
#0 C:\\xampp\\htdocs\\Laravel Projects\\tlight\\vendor\\laravel\\framework\\src\\Illuminate\\Database\\Connection.php(624): Illuminate\\Database\\Connection->runQueryCallback('select * from `...', Array, Object(Closure))
#1 C:\\xampp\\htdocs\\Laravel Projects\\tlight\\vendor\\laravel\\framework\\src\\Illuminate\\Database\\Connection.php(333): Illuminate\\Database\\Connection->run('select * from `...', Array, Object(Closure))
#2 C:\\xampp\\htdocs\\Laravel Projects\\tlight\\vendor\\laravel\\framework\\src\\Illuminate\\Database\\Query\\Builder.php(2130): Illuminate\\Database\\Connection->select('select * from `...', Array, true)
#3 C:\\xampp\\htdocs\\Laravel Projects\\tlight\\vendor\\laravel\\framework\\src\\Illuminate\\Database\\Query\\Builder.php(2118): Illuminate\\Database\\Query\\Builder->runSelect()
#4 C:\\xampp\\htdocs\\Laravel Projects\\tlight\\vendor\\laravel\\framework\\src\\Illuminate\\Database\\Query\\Builder.php(2604): Illuminate\\Database\\Query\\Builder->Illuminate\\Database\\Query\\{closure}()
#5 C:\\xampp\\htdocs\\Laravel Projects\\tlight\\vendor\\laravel\\framework\\src\\Illuminate\\Database\\Query\\Builder.php(2119): Illuminate\\Database\\Query\\Builder->onceWithColumns(Array, Object(Closure))
#6 C:\\xampp\\htdocs\\Laravel Projects\\tlight\\vendor\\laravel\\framework\\src\\Illuminate\\Database\\Eloquent\\Builder.php(521): Illuminate\\Database\\Query\\Builder->get(Array)
#7 C:\\xampp\\htdocs\\Laravel Projects\\tlight\\vendor\\laravel\\framework\\src\\Illuminate\\Database\\Eloquent\\Builder.php(505): Illuminate\\Database\\Eloquent\\Builder->getModels(Array)
#8 C:\\xampp\\htdocs\\Laravel Projects\\tlight\\vendor\\laravel\\framework\\src\\Illuminate\\Database\\Concerns\\BuildsQueries.php(77): Illuminate\\Database\\Eloquent\\Builder->get(Array)
#9 C:\\xampp\\htdocs\\Laravel Projects\\tlight\\vendor\\laravel\\framework\\src\\Illuminate\\Database\\Eloquent\\Builder.php(401): Illuminate\\Database\\Eloquent\\Builder->first()
#10 C:\\xampp\\htdocs\\Laravel Projects\\tlight\\vendor\\laravel\\framework\\src\\Illuminate\\Database\\Eloquent\\Builder.php(435): Illuminate\\Database\\Eloquent\\Builder->firstOrNew(Array)
#11 C:\\xampp\\htdocs\\Laravel Projects\\tlight\\vendor\\laravel\\framework\\src\\Illuminate\\Support\\Traits\\ForwardsCalls.php(23): Illuminate\\Database\\Eloquent\\Builder->updateOrCreate(Array)
#12 C:\\xampp\\htdocs\\Laravel Projects\\tlight\\vendor\\laravel\\framework\\src\\Illuminate\\Database\\Eloquent\\Model.php(1618): Illuminate\\Database\\Eloquent\\Model->forwardCallTo(Object(Illuminate\\Database\\Eloquent\\Builder), 'updateorCreate', Array)
#13 C:\\xampp\\htdocs\\Laravel Projects\\tlight\\app\\Http\\Controllers\\UserController.php(125): Illuminate\\Database\\Eloquent\\Model->__call('updateorCreate', Array)
#14 [internal function]: App\\Http\\Controllers\\UserController->update(Object(Illuminate\\Http\\Request), Object(App\\User))
#15 C:\\xampp\\htdocs\\Laravel Projects\\tlight\\vendor\\laravel\\framework\\src\\Illuminate\\Routing\\Controller.php(54): call_user_func_array(Array, Array)
#16 C:\\xampp\\htdocs\\Laravel Projects\\tlight\\vendor\\laravel\\framework\\src\\Illuminate\\Routing\\ControllerDispatcher.php(45): Illuminate\\Routing\\Controller->callAction('update', Array)
#17 C:\\xampp\\htdocs\\Laravel Projects\\tlight\\vendor\\laravel\\framework\\src\\Illuminate\\Routing\\Route.php(219): Illuminate\\Routing\\ControllerDispatcher->dispatch(Object(Illuminate\\Routing\\Route), Object(App\\Http\\Controllers\\UserController), 'update')
#18 C:\\xampp\\htdocs\\Laravel Projects\\tlight\\vendor\\laravel\\framework\\src\\Illuminate\\Routing\\Route.php(176): Illuminate\\Routing\\Route->runController()
#19 C:\\xampp\\htdocs\\Laravel Projects\\tlight\\vendor\\laravel\\framework\\src\\Illuminate\\Routing\\Router.php(680): Illuminate\\Routing\\Route->run()
#20 C:\\xampp\\htdocs\\Laravel Projects\\tlight\\vendor\\laravel\\framework\\src\\Illuminate\\Routing\\Pipeline.php(30): Illuminate\\Routing\\Router->Illuminate\\Routing\\{closure}(Object(Illuminate\\Http\\Request))
#21 C:\\xampp\\htdocs\\Laravel Projects\\tlight\\app\\Http\\Middleware\\SwitchUser.php(22): Illuminate\\Routing\\Pipeline->Illuminate\\Routing\\{closure}(Object(Illuminate\\Http\\Request))
#22 C:\\xampp\\htdocs\\Laravel Projects\\tlight\\vendor\\laravel\\framework\\src\\Illuminate\\Pipeline\\Pipeline.php(163): App\\Http\\Middleware\\SwitchUser->handle(Object(Illuminate\\Http\\Request), Object(Closure))
#23 C:\\xampp\\htdocs\\Laravel Projects\\tlight\\vendor\\laravel\\framework\\src\\Illuminate\\Routing\\Pipeline.php(53): Illuminate\\Pipeline\\Pipeline->Illuminate\\Pipeline\\{closure}(Object(Illuminate\\Http\\Request))
#24 C:\\xampp\\htdocs\\Laravel Projects\\tlight\\vendor\\laravel\\framework\\src\\Illuminate\\Auth\\Middleware\\EnsureEmailIsVerified.php(29): Illuminate\\Routing\\Pipeline->Illuminate\\Routing\\{closure}(Object(Illuminate\\Http\\Request))
#25 C:\\xampp\\htdocs\\Laravel Projects\\tlight\\vendor\\laravel\\framework\\src\\Illuminate\\Pipeline\\Pipeline.php(163): Illuminate\\Auth\\Middleware\\EnsureEmailIsVerified->handle(Object(Illuminate\\Http\\Request), Object(Closure))
#26 C:\\xampp\\htdocs\\Laravel Projects\\tlight\\vendor\\laravel\\framework\\src\\Illuminate\\Routing\\Pipeline.php(53): Illuminate\\Pipeline\\Pipeline->Illuminate\\Pipeline\\{closure}(Object(Illuminate\\Http\\Request))
#27 C:\\xampp\\htdocs\\Laravel Projects\\tlight\\vendor\\laravel\\framework\\src\\Illuminate\\Routing\\Middleware\\SubstituteBindings.php(41): Illuminate\\Routing\\Pipeline->Illuminate\\Routing\\{closure}(Object(Illuminate\\Http\\Request))
#28 C:\\xampp\\htdocs\\Laravel Projects\\tlight\\vendor\\laravel\\framework\\src\\Illuminate\\Pipeline\\Pipeline.php(163): Illuminate\\Routing\\Middleware\\SubstituteBindings->handle(Object(Illuminate\\Http\\Request), Object(Closure))
#29 C:\\xampp\\htdocs\\Laravel Projects\\tlight\\vendor\\laravel\\framework\\src\\Illuminate\\Routing\\Pipeline.php(53): Illuminate\\Pipeline\\Pipeline->Illuminate\\Pipeline\\{closure}(Object(Illuminate\\Http\\Request))
#30 C:\\xampp\\htdocs\\Laravel Projects\\tlight\\vendor\\laravel\\framework\\src\\Illuminate\\Auth\\Middleware\\Authenticate.php(43): Illuminate\\Routing\\Pipeline->Illuminate\\Routing\\{closure}(Object(Illuminate\\Http\\Request))
#31 C:\\xampp\\htdocs\\Laravel Projects\\tlight\\vendor\\laravel\\framework\\src\\Illuminate\\Pipeline\\Pipeline.php(163): Illuminate\\Auth\\Middleware\\Authenticate->handle(Object(Illuminate\\Http\\Request), Object(Closure))
#32 C:\\xampp\\htdocs\\Laravel Projects\\tlight\\vendor\\laravel\\framework\\src\\Illuminate\\Routing\\Pipeline.php(53): Illuminate\\Pipeline\\Pipeline->Illuminate\\Pipeline\\{closure}(Object(Illuminate\\Http\\Request))
#33 C:\\xampp\\htdocs\\Laravel Projects\\tlight\\vendor\\laravel\\framework\\src\\Illuminate\\Foundation\\Http\\Middleware\\VerifyCsrfToken.php(75): Illuminate\\Routing\\Pipeline->Illuminate\\Routing\\{closure}(Object(Illuminate\\Http\\Request))
#34 C:\\xampp\\htdocs\\Laravel Projects\\tlight\\vendor\\laravel\\framework\\src\\Illuminate\\Pipeline\\Pipeline.php(163): Illuminate\\Foundation\\Http\\Middleware\\VerifyCsrfToken->handle(Object(Illuminate\\Http\\Request), Object(Closure))
#35 C:\\xampp\\htdocs\\Laravel Projects\\tlight\\vendor\\laravel\\framework\\src\\Illuminate\\Routing\\Pipeline.php(53): Illuminate\\Pipeline\\Pipeline->Illuminate\\Pipeline\\{closure}(Object(Illuminate\\Http\\Request))
#36 C:\\xampp\\htdocs\\Laravel Projects\\tlight\\vendor\\laravel\\framework\\src\\Illuminate\\View\\Middleware\\ShareErrorsFromSession.php(49): Illuminate\\Routing\\Pipeline->Illuminate\\Routing\\{closure}(Object(Illuminate\\Http\\Request))
#37 C:\\xampp\\htdocs\\Laravel Projects\\tlight\\vendor\\laravel\\framework\\src\\Illuminate\\Pipeline\\Pipeline.php(163): Illuminate\\View\\Middleware\\ShareErrorsFromSession->handle(Object(Illuminate\\Http\\Request), Object(Closure))
#38 C:\\xampp\\htdocs\\Laravel Projects\\tlight\\vendor\\laravel\\framework\\src\\Illuminate\\Routing\\Pipeline.php(53): Illuminate\\Pipeline\\Pipeline->Illuminate\\Pipeline\\{closure}(Object(Illuminate\\Http\\Request))
#39 C:\\xampp\\htdocs\\Laravel Projects\\tlight\\vendor\\laravel\\framework\\src\\Illuminate\\Session\\Middleware\\StartSession.php(56): Illuminate\\Routing\\Pipeline->Illuminate\\Routing\\{closure}(Object(Illuminate\\Http\\Request))
#40 C:\\xampp\\htdocs\\Laravel Projects\\tlight\\vendor\\laravel\\framework\\src\\Illuminate\\Pipeline\\Pipeline.php(163): Illuminate\\Session\\Middleware\\StartSession->handle(Object(Illuminate\\Http\\Request), Object(Closure))
#41 C:\\xampp\\htdocs\\Laravel Projects\\tlight\\vendor\\laravel\\framework\\src\\Illuminate\\Routing\\Pipeline.php(53): Illuminate\\Pipeline\\Pipeline->Illuminate\\Pipeline\\{closure}(Object(Illuminate\\Http\\Request))
#42 C:\\xampp\\htdocs\\Laravel Projects\\tlight\\vendor\\laravel\\framework\\src\\Illuminate\\Cookie\\Middleware\\AddQueuedCookiesToResponse.php(37): Illuminate\\Routing\\Pipeline->Illuminate\\Routing\\{closure}(Object(Illuminate\\Http\\Request))
#43 C:\\xampp\\htdocs\\Laravel Projects\\tlight\\vendor\\laravel\\framework\\src\\Illuminate\\Pipeline\\Pipeline.php(163): Illuminate\\Cookie\\Middleware\\AddQueuedCookiesToResponse->handle(Object(Illuminate\\Http\\Request), Object(Closure))
#44 C:\\xampp\\htdocs\\Laravel Projects\\tlight\\vendor\\laravel\\framework\\src\\Illuminate\\Routing\\Pipeline.php(53): Illuminate\\Pipeline\\Pipeline->Illuminate\\Pipeline\\{closure}(Object(Illuminate\\Http\\Request))
#45 C:\\xampp\\htdocs\\Laravel Projects\\tlight\\vendor\\laravel\\framework\\src\\Illuminate\\Cookie\\Middleware\\EncryptCookies.php(66): Illuminate\\Routing\\Pipeline->Illuminate\\Routing\\{closure}(Object(Illuminate\\Http\\Request))
#46 C:\\xampp\\htdocs\\Laravel Projects\\tlight\\vendor\\laravel\\framework\\src\\Illuminate\\Pipeline\\Pipeline.php(163): Illuminate\\Cookie\\Middleware\\EncryptCookies->handle(Object(Illuminate\\Http\\Request), Object(Closure))
#47 C:\\xampp\\htdocs\\Laravel Projects\\tlight\\vendor\\laravel\\framework\\src\\Illuminate\\Routing\\Pipeline.php(53): Illuminate\\Pipeline\\Pipeline->Illuminate\\Pipeline\\{closure}(Object(Illuminate\\Http\\Request))
#48 C:\\xampp\\htdocs\\Laravel Projects\\tlight\\vendor\\laravel\\framework\\src\\Illuminate\\Pipeline\\Pipeline.php(104): Illuminate\\Routing\\Pipeline->Illuminate\\Routing\\{closure}(Object(Illuminate\\Http\\Request))
#49 C:\\xampp\\htdocs\\Laravel Projects\\tlight\\vendor\\laravel\\framework\\src\\Illuminate\\Routing\\Router.php(682): Illuminate\\Pipeline\\Pipeline->then(Object(Closure))
#50 C:\\xampp\\htdocs\\Laravel Projects\\tlight\\vendor\\laravel\\framework\\src\\Illuminate\\Routing\\Router.php(657): Illuminate\\Routing\\Router->runRouteWithinStack(Object(Illuminate\\Routing\\Route), Object(Illuminate\\Http\\Request))
#51 C:\\xampp\\htdocs\\Laravel Projects\\tlight\\vendor\\laravel\\framework\\src\\Illuminate\\Routing\\Router.php(623): Illuminate\\Routing\\Router->runRoute(Object(Illuminate\\Http\\Request), Object(Illuminate\\Routing\\Route))
#52 C:\\xampp\\htdocs\\Laravel Projects\\tlight\\vendor\\laravel\\framework\\src\\Illuminate\\Routing\\Router.php(612): Illuminate\\Routing\\Router->dispatchToRoute(Object(Illuminate\\Http\\Request))
#53 C:\\xampp\\htdocs\\Laravel Projects\\tlight\\vendor\\laravel\\framework\\src\\Illuminate\\Foundation\\Http\\Kernel.php(176): Illuminate\\Routing\\Router->dispatch(Object(Illuminate\\Http\\Request))
#54 C:\\xampp\\htdocs\\Laravel Projects\\tlight\\vendor\\laravel\\framework\\src\\Illuminate\\Routing\\Pipeline.php(30): Illuminate\\Foundation\\Http\\Kernel->Illuminate\\Foundation\\Http\\{closure}(Object(Illuminate\\Http\\Request))
#55 C:\\xampp\\htdocs\\Laravel Projects\\tlight\\vendor\\fideloper\\proxy\\src\\TrustProxies.php(57): Illuminate\\Routing\\Pipeline->Illuminate\\Routing\\{closure}(Object(Illuminate\\Http\\Request))
#56 C:\\xampp\\htdocs\\Laravel Projects\\tlight\\vendor\\laravel\\framework\\src\\Illuminate\\Pipeline\\Pipeline.php(163): Fideloper\\Proxy\\TrustProxies->handle(Object(Illuminate\\Http\\Request), Object(Closure))
#57 C:\\xampp\\htdocs\\Laravel Projects\\tlight\\vendor\\laravel\\framework\\src\\Illuminate\\Routing\\Pipeline.php(53): Illuminate\\Pipeline\\Pipeline->Illuminate\\Pipeline\\{closure}(Object(Illuminate\\Http\\Request))
#58 C:\\xampp\\htdocs\\Laravel Projects\\tlight\\vendor\\laravel\\framework\\src\\Illuminate\\Foundation\\Http\\Middleware\\TransformsRequest.php(21): Illuminate\\Routing\\Pipeline->Illuminate\\Routing\\{closure}(Object(Illuminate\\Http\\Request))
#59 C:\\xampp\\htdocs\\Laravel Projects\\tlight\\vendor\\laravel\\framework\\src\\Illuminate\\Pipeline\\Pipeline.php(163): Illuminate\\Foundation\\Http\\Middleware\\TransformsRequest->handle(Object(Illuminate\\Http\\Request), Object(Closure))
#60 C:\\xampp\\htdocs\\Laravel Projects\\tlight\\vendor\\laravel\\framework\\src\\Illuminate\\Routing\\Pipeline.php(53): Illuminate\\Pipeline\\Pipeline->Illuminate\\Pipeline\\{closure}(Object(Illuminate\\Http\\Request))
#61 C:\\xampp\\htdocs\\Laravel Projects\\tlight\\vendor\\laravel\\framework\\src\\Illuminate\\Foundation\\Http\\Middleware\\TransformsRequest.php(21): Illuminate\\Routing\\Pipeline->Illuminate\\Routing\\{closure}(Object(Illuminate\\Http\\Request))
#62 C:\\xampp\\htdocs\\Laravel Projects\\tlight\\vendor\\laravel\\framework\\src\\Illuminate\\Pipeline\\Pipeline.php(163): Illuminate\\Foundation\\Http\\Middleware\\TransformsRequest->handle(Object(Illuminate\\Http\\Request), Object(Closure))
#63 C:\\xampp\\htdocs\\Laravel Projects\\tlight\\vendor\\laravel\\framework\\src\\Illuminate\\Routing\\Pipeline.php(53): Illuminate\\Pipeline\\Pipeline->Illuminate\\Pipeline\\{closure}(Object(Illuminate\\Http\\Request))
#64 C:\\xampp\\htdocs\\Laravel Projects\\tlight\\vendor\\laravel\\framework\\src\\Illuminate\\Foundation\\Http\\Middleware\\ValidatePostSize.php(27): Illuminate\\Routing\\Pipeline->Illuminate\\Routing\\{closure}(Object(Illuminate\\Http\\Request))
#65 C:\\xampp\\htdocs\\Laravel Projects\\tlight\\vendor\\laravel\\framework\\src\\Illuminate\\Pipeline\\Pipeline.php(163): Illuminate\\Foundation\\Http\\Middleware\\ValidatePostSize->handle(Object(Illuminate\\Http\\Request), Object(Closure))
#66 C:\\xampp\\htdocs\\Laravel Projects\\tlight\\vendor\\laravel\\framework\\src\\Illuminate\\Routing\\Pipeline.php(53): Illuminate\\Pipeline\\Pipeline->Illuminate\\Pipeline\\{closure}(Object(Illuminate\\Http\\Request))
#67 C:\\xampp\\htdocs\\Laravel Projects\\tlight\\vendor\\laravel\\framework\\src\\Illuminate\\Foundation\\Http\\Middleware\\CheckForMaintenanceMode.php(62): Illuminate\\Routing\\Pipeline->Illuminate\\Routing\\{closure}(Object(Illuminate\\Http\\Request))
#68 C:\\xampp\\htdocs\\Laravel Projects\\tlight\\vendor\\laravel\\framework\\src\\Illuminate\\Pipeline\\Pipeline.php(163): Illuminate\\Foundation\\Http\\Middleware\\CheckForMaintenanceMode->handle(Object(Illuminate\\Http\\Request), Object(Closure))
#69 C:\\xampp\\htdocs\\Laravel Projects\\tlight\\vendor\\laravel\\framework\\src\\Illuminate\\Routing\\Pipeline.php(53): Illuminate\\Pipeline\\Pipeline->Illuminate\\Pipeline\\{closure}(Object(Illuminate\\Http\\Request))
#70 C:\\xampp\\htdocs\\Laravel Projects\\tlight\\vendor\\laravel\\framework\\src\\Illuminate\\Pipeline\\Pipeline.php(104): Illuminate\\Routing\\Pipeline->Illuminate\\Routing\\{closure}(Object(Illuminate\\Http\\Request))
#71 C:\\xampp\\htdocs\\Laravel Projects\\tlight\\vendor\\laravel\\framework\\src\\Illuminate\\Foundation\\Http\\Kernel.php(151): Illuminate\\Pipeline\\Pipeline->then(Object(Closure))
#72 C:\\xampp\\htdocs\\Laravel Projects\\tlight\\vendor\\laravel\\framework\\src\\Illuminate\\Foundation\\Http\\Kernel.php(116): Illuminate\\Foundation\\Http\\Kernel->sendRequestThroughRouter(Object(Illuminate\\Http\\Request))
#73 C:\\xampp\\htdocs\\Laravel Projects\\tlight\\public\\index.php(55): Illuminate\\Foundation\\Http\\Kernel->handle(Object(Illuminate\\Http\\Request))
#74 C:\\xampp\\htdocs\\Laravel Projects\\tlight\\server.php(21): require_once('C:\\\\xampp\\\\htdocs...')
#75 {main}
"} 
[2020-11-04 07:40:19] local.ERROR: Undefined variable: user (View: C:\xampp\htdocs\Laravel Projects\tlight\resources\views\admin\posts\index.blade.php) {"userId":1,"exception":"[object] (ErrorException(code: 0): Undefined variable: user (View: C:\\xampp\\htdocs\\Laravel Projects\\tlight\esources\\views\\admin\\posts\\index.blade.php) at C:\\xampp\\htdocs\\Laravel Projects\\tlight\\storage\\framework\\views\\06ab947f3da4b2f724f830a864949e8ae725ce50.php:41, ErrorException(code: 0): Undefined variable: user at C:\\xampp\\htdocs\\Laravel Projects\\tlight\\storage\\framework\\views\\06ab947f3da4b2f724f830a864949e8ae725ce50.php:41)
[stacktrace]
#0 C:\\xampp\\htdocs\\Laravel Projects\\tlight\\vendor\\laravel\\framework\\src\\Illuminate\\View\\Engines\\PhpEngine.php(45): Illuminate\\View\\Engines\\CompilerEngine->handleViewException(Object(ErrorException), 1)
#1 C:\\xampp\\htdocs\\Laravel Projects\\tlight\\vendor\\laravel\\framework\\src\\Illuminate\\View\\Engines\\CompilerEngine.php(59): Illuminate\\View\\Engines\\PhpEngine->evaluatePath('C:\\\\xampp\\\\htdocs...', Array)
#2 C:\\xampp\\htdocs\\Laravel Projects\\tlight\\vendor\\laravel\\framework\\src\\Illuminate\\View\\View.php(142): Illuminate\\View\\Engines\\CompilerEngine->get('C:\\\\xampp\\\\htdocs...', Array)
#3 C:\\xampp\\htdocs\\Laravel Projects\\tlight\\vendor\\laravel\\framework\\src\\Illuminate\\View\\View.php(125): Illuminate\\View\\View->getContents()
#4 C:\\xampp\\htdocs\\Laravel Projects\\tlight\\vendor\\laravel\\framework\\src\\Illuminate\\View\\View.php(90): Illuminate\\View\\View->renderContents()
#5 C:\\xampp\\htdocs\\Laravel Projects\\tlight\\vendor\\laravel\\framework\\src\\Illuminate\\Http\\Response.php(42): Illuminate\\View\\View->render()
#6 C:\\xampp\\htdocs\\Laravel Projects\\tlight\\vendor\\symfony\\http-foundation\\Response.php(205): Illuminate\\Http\\Response->setContent(Object(Illuminate\\View\\View))
#7 C:\\xampp\\htdocs\\Laravel Projects\\tlight\\vendor\\laravel\\framework\\src\\Illuminate\\Routing\\Router.php(748): Symfony\\Component\\HttpFoundation\\Response->__construct(Object(Illuminate\\View\\View))
#8 C:\\xampp\\htdocs\\Laravel Projects\\tlight\\vendor\\laravel\\framework\\src\\Illuminate\\Routing\\Router.php(720): Illuminate\\Routing\\Router::toResponse(Object(Illuminate\\Http\\Request), Object(Illuminate\\View\\View))
#9 C:\\xampp\\htdocs\\Laravel Projects\\tlight\\vendor\\laravel\\framework\\src\\Illuminate\\Routing\\Router.php(680): Illuminate\\Routing\\Router->prepareResponse(Object(Illuminate\\Http\\Request), Object(Illuminate\\View\\View))
#10 C:\\xampp\\htdocs\\Laravel Projects\\tlight\\vendor\\laravel\\framework\\src\\Illuminate\\Routing\\Pipeline.php(30): Illuminate\\Routing\\Router->Illuminate\\Routing\\{closure}(Object(Illuminate\\Http\\Request))
#11 C:\\xampp\\htdocs\\Laravel Projects\\tlight\\app\\Http\\Middleware\\SwitchUser.php(22): Illuminate\\Routing\\Pipeline->Illuminate\\Routing\\{closure}(Object(Illuminate\\Http\\Request))
#12 C:\\xampp\\htdocs\\Laravel Projects\\tlight\\vendor\\laravel\\framework\\src\\Illuminate\\Pipeline\\Pipeline.php(163): App\\Http\\Middleware\\SwitchUser->handle(Object(Illuminate\\Http\\Request), Object(Closure))
#13 C:\\xampp\\htdocs\\Laravel Projects\\tlight\\vendor\\laravel\\framework\\src\\Illuminate\\Routing\\Pipeline.php(53): Illuminate\\Pipeline\\Pipeline->Illuminate\\Pipeline\\{closure}(Object(Illuminate\\Http\\Request))
#14 C:\\xampp\\htdocs\\Laravel Projects\\tlight\\vendor\\laravel\\framework\\src\\Illuminate\\Auth\\Middleware\\EnsureEmailIsVerified.php(29): Illuminate\\Routing\\Pipeline->Illuminate\\Routing\\{closure}(Object(Illuminate\\Http\\Request))
#15 C:\\xampp\\htdocs\\Laravel Projects\\tlight\\vendor\\laravel\\framework\\src\\Illuminate\\Pipeline\\Pipeline.php(163): Illuminate\\Auth\\Middleware\\EnsureEmailIsVerified->handle(Object(Illuminate\\Http\\Request), Object(Closure))
#16 C:\\xampp\\htdocs\\Laravel Projects\\tlight\\vendor\\laravel\\framework\\src\\Illuminate\\Routing\\Pipeline.php(53): Illuminate\\Pipeline\\Pipeline->Illuminate\\Pipeline\\{closure}(Object(Illuminate\\Http\\Request))
#17 C:\\xampp\\htdocs\\Laravel Projects\\tlight\\vendor\\laravel\\framework\\src\\Illuminate\\Routing\\Middleware\\SubstituteBindings.php(41): Illuminate\\Routing\\Pipeline->Illuminate\\Routing\\{closure}(Object(Illuminate\\Http\\Request))
#18 C:\\xampp\\htdocs\\Laravel Projects\\tlight\\vendor\\laravel\\framework\\src\\Illuminate\\Pipeline\\Pipeline.php(163): Illuminate\\Routing\\Middleware\\SubstituteBindings->handle(Object(Illuminate\\Http\\Request), Object(Closure))
#19 C:\\xampp\\htdocs\\Laravel Projects\\tlight\\vendor\\laravel\\framework\\src\\Illuminate\\Routing\\Pipeline.php(53): Illuminate\\Pipeline\\Pipeline->Illuminate\\Pipeline\\{closure}(Object(Illuminate\\Http\\Request))
#20 C:\\xampp\\htdocs\\Laravel Projects\\tlight\\vendor\\laravel\\framework\\src\\Illuminate\\Auth\\Middleware\\Authenticate.php(43): Illuminate\\Routing\\Pipeline->Illuminate\\Routing\\{closure}(Object(Illuminate\\Http\\Request))
#21 C:\\xampp\\htdocs\\Laravel Projects\\tlight\\vendor\\laravel\\framework\\src\\Illuminate\\Pipeline\\Pipeline.php(163): Illuminate\\Auth\\Middleware\\Authenticate->handle(Object(Illuminate\\Http\\Request), Object(Closure))
#22 C:\\xampp\\htdocs\\Laravel Projects\\tlight\\vendor\\laravel\\framework\\src\\Illuminate\\Routing\\Pipeline.php(53): Illuminate\\Pipeline\\Pipeline->Illuminate\\Pipeline\\{closure}(Object(Illuminate\\Http\\Request))
#23 C:\\xampp\\htdocs\\Laravel Projects\\tlight\\vendor\\laravel\\framework\\src\\Illuminate\\Foundation\\Http\\Middleware\\VerifyCsrfToken.php(75): Illuminate\\Routing\\Pipeline->Illuminate\\Routing\\{closure}(Object(Illuminate\\Http\\Request))
#24 C:\\xampp\\htdocs\\Laravel Projects\\tlight\\vendor\\laravel\\framework\\src\\Illuminate\\Pipeline\\Pipeline.php(163): Illuminate\\Foundation\\Http\\Middleware\\VerifyCsrfToken->handle(Object(Illuminate\\Http\\Request), Object(Closure))
#25 C:\\xampp\\htdocs\\Laravel Projects\\tlight\\vendor\\laravel\\framework\\src\\Illuminate\\Routing\\Pipeline.php(53): Illuminate\\Pipeline\\Pipeline->Illuminate\\Pipeline\\{closure}(Object(Illuminate\\Http\\Request))
#26 C:\\xampp\\htdocs\\Laravel Projects\\tlight\\vendor\\laravel\\framework\\src\\Illuminate\\View\\Middleware\\ShareErrorsFromSession.php(49): Illuminate\\Routing\\Pipeline->Illuminate\\Routing\\{closure}(Object(Illuminate\\Http\\Request))
#27 C:\\xampp\\htdocs\\Laravel Projects\\tlight\\vendor\\laravel\\framework\\src\\Illuminate\\Pipeline\\Pipeline.php(163): Illuminate\\View\\Middleware\\ShareErrorsFromSession->handle(Object(Illuminate\\Http\\Request), Object(Closure))
#28 C:\\xampp\\htdocs\\Laravel Projects\\tlight\\vendor\\laravel\\framework\\src\\Illuminate\\Routing\\Pipeline.php(53): Illuminate\\Pipeline\\Pipeline->Illuminate\\Pipeline\\{closure}(Object(Illuminate\\Http\\Request))
#29 C:\\xampp\\htdocs\\Laravel Projects\\tlight\\vendor\\laravel\\framework\\src\\Illuminate\\Session\\Middleware\\StartSession.php(56): Illuminate\\Routing\\Pipeline->Illuminate\\Routing\\{closure}(Object(Illuminate\\Http\\Request))
#30 C:\\xampp\\htdocs\\Laravel Projects\\tlight\\vendor\\laravel\\framework\\src\\Illuminate\\Pipeline\\Pipeline.php(163): Illuminate\\Session\\Middleware\\StartSession->handle(Object(Illuminate\\Http\\Request), Object(Closure))
#31 C:\\xampp\\htdocs\\Laravel Projects\\tlight\\vendor\\laravel\\framework\\src\\Illuminate\\Routing\\Pipeline.php(53): Illuminate\\Pipeline\\Pipeline->Illuminate\\Pipeline\\{closure}(Object(Illuminate\\Http\\Request))
#32 C:\\xampp\\htdocs\\Laravel Projects\\tlight\\vendor\\laravel\\framework\\src\\Illuminate\\Cookie\\Middleware\\AddQueuedCookiesToResponse.php(37): Illuminate\\Routing\\Pipeline->Illuminate\\Routing\\{closure}(Object(Illuminate\\Http\\Request))
#33 C:\\xampp\\htdocs\\Laravel Projects\\tlight\\vendor\\laravel\\framework\\src\\Illuminate\\Pipeline\\Pipeline.php(163): Illuminate\\Cookie\\Middleware\\AddQueuedCookiesToResponse->handle(Object(Illuminate\\Http\\Request), Object(Closure))
#34 C:\\xampp\\htdocs\\Laravel Projects\\tlight\\vendor\\laravel\\framework\\src\\Illuminate\\Routing\\Pipeline.php(53): Illuminate\\Pipeline\\Pipeline->Illuminate\\Pipeline\\{closure}(Object(Illuminate\\Http\\Request))
#35 C:\\xampp\\htdocs\\Laravel Projects\\tlight\\vendor\\laravel\\framework\\src\\Illuminate\\Cookie\\Middleware\\EncryptCookies.php(66): Illuminate\\Routing\\Pipeline->Illuminate\\Routing\\{closure}(Object(Illuminate\\Http\\Request))
#36 C:\\xampp\\htdocs\\Laravel Projects\\tlight\\vendor\\laravel\\framework\\src\\Illuminate\\Pipeline\\Pipeline.php(163): Illuminate\\Cookie\\Middleware\\EncryptCookies->handle(Object(Illuminate\\Http\\Request), Object(Closure))
#37 C:\\xampp\\htdocs\\Laravel Projects\\tlight\\vendor\\laravel\\framework\\src\\Illuminate\\Routing\\Pipeline.php(53): Illuminate\\Pipeline\\Pipeline->Illuminate\\Pipeline\\{closure}(Object(Illuminate\\Http\\Request))
#38 C:\\xampp\\htdocs\\Laravel Projects\\tlight\\vendor\\laravel\\framework\\src\\Illuminate\\Pipeline\\Pipeline.php(104): Illuminate\\Routing\\Pipeline->Illuminate\\Routing\\{closure}(Object(Illuminate\\Http\\Request))
#39 C:\\xampp\\htdocs\\Laravel Projects\\tlight\\vendor\\laravel\\framework\\src\\Illuminate\\Routing\\Router.php(682): Illuminate\\Pipeline\\Pipeline->then(Object(Closure))
#40 C:\\xampp\\htdocs\\Laravel Projects\\tlight\\vendor\\laravel\\framework\\src\\Illuminate\\Routing\\Router.php(657): Illuminate\\Routing\\Router->runRouteWithinStack(Object(Illuminate\\Routing\\Route), Object(Illuminate\\Http\\Request))
#41 C:\\xampp\\htdocs\\Laravel Projects\\tlight\\vendor\\laravel\\framework\\src\\Illuminate\\Routing\\Router.php(623): Illuminate\\Routing\\Router->runRoute(Object(Illuminate\\Http\\Request), Object(Illuminate\\Routing\\Route))
#42 C:\\xampp\\htdocs\\Laravel Projects\\tlight\\vendor\\laravel\\framework\\src\\Illuminate\\Routing\\Router.php(612): Illuminate\\Routing\\Router->dispatchToRoute(Object(Illuminate\\Http\\Request))
#43 C:\\xampp\\htdocs\\Laravel Projects\\tlight\\vendor\\laravel\\framework\\src\\Illuminate\\Foundation\\Http\\Kernel.php(176): Illuminate\\Routing\\Router->dispatch(Object(Illuminate\\Http\\Request))
#44 C:\\xampp\\htdocs\\Laravel Projects\\tlight\\vendor\\laravel\\framework\\src\\Illuminate\\Routing\\Pipeline.php(30): Illuminate\\Foundation\\Http\\Kernel->Illuminate\\Foundation\\Http\\{closure}(Object(Illuminate\\Http\\Request))
#45 C:\\xampp\\htdocs\\Laravel Projects\\tlight\\vendor\\fideloper\\proxy\\src\\TrustProxies.php(57): Illuminate\\Routing\\Pipeline->Illuminate\\Routing\\{closure}(Object(Illuminate\\Http\\Request))
#46 C:\\xampp\\htdocs\\Laravel Projects\\tlight\\vendor\\laravel\\framework\\src\\Illuminate\\Pipeline\\Pipeline.php(163): Fideloper\\Proxy\\TrustProxies->handle(Object(Illuminate\\Http\\Request), Object(Closure))
#47 C:\\xampp\\htdocs\\Laravel Projects\\tlight\\vendor\\laravel\\framework\\src\\Illuminate\\Routing\\Pipeline.php(53): Illuminate\\Pipeline\\Pipeline->Illuminate\\Pipeline\\{closure}(Object(Illuminate\\Http\\Request))
#48 C:\\xampp\\htdocs\\Laravel Projects\\tlight\\vendor\\laravel\\framework\\src\\Illuminate\\Foundation\\Http\\Middleware\\TransformsRequest.php(21): Illuminate\\Routing\\Pipeline->Illuminate\\Routing\\{closure}(Object(Illuminate\\Http\\Request))
#49 C:\\xampp\\htdocs\\Laravel Projects\\tlight\\vendor\\laravel\\framework\\src\\Illuminate\\Pipeline\\Pipeline.php(163): Illuminate\\Foundation\\Http\\Middleware\\TransformsRequest->handle(Object(Illuminate\\Http\\Request), Object(Closure))
#50 C:\\xampp\\htdocs\\Laravel Projects\\tlight\\vendor\\laravel\\framework\\src\\Illuminate\\Routing\\Pipeline.php(53): Illuminate\\Pipeline\\Pipeline->Illuminate\\Pipeline\\{closure}(Object(Illuminate\\Http\\Request))
#51 C:\\xampp\\htdocs\\Laravel Projects\\tlight\\vendor\\laravel\\framework\\src\\Illuminate\\Foundation\\Http\\Middleware\\TransformsRequest.php(21): Illuminate\\Routing\\Pipeline->Illuminate\\Routing\\{closure}(Object(Illuminate\\Http\\Request))
#52 C:\\xampp\\htdocs\\Laravel Projects\\tlight\\vendor\\laravel\\framework\\src\\Illuminate\\Pipeline\\Pipeline.php(163): Illuminate\\Foundation\\Http\\Middleware\\TransformsRequest->handle(Object(Illuminate\\Http\\Request), Object(Closure))
#53 C:\\xampp\\htdocs\\Laravel Projects\\tlight\\vendor\\laravel\\framework\\src\\Illuminate\\Routing\\Pipeline.php(53): Illuminate\\Pipeline\\Pipeline->Illuminate\\Pipeline\\{closure}(Object(Illuminate\\Http\\Request))
#54 C:\\xampp\\htdocs\\Laravel Projects\\tlight\\vendor\\laravel\\framework\\src\\Illuminate\\Foundation\\Http\\Middleware\\ValidatePostSize.php(27): Illuminate\\Routing\\Pipeline->Illuminate\\Routing\\{closure}(Object(Illuminate\\Http\\Request))
#55 C:\\xampp\\htdocs\\Laravel Projects\\tlight\\vendor\\laravel\\framework\\src\\Illuminate\\Pipeline\\Pipeline.php(163): Illuminate\\Foundation\\Http\\Middleware\\ValidatePostSize->handle(Object(Illuminate\\Http\\Request), Object(Closure))
#56 C:\\xampp\\htdocs\\Laravel Projects\\tlight\\vendor\\laravel\\framework\\src\\Illuminate\\Routing\\Pipeline.php(53): Illuminate\\Pipeline\\Pipeline->Illuminate\\Pipeline\\{closure}(Object(Illuminate\\Http\\Request))
#57 C:\\xampp\\htdocs\\Laravel Projects\\tlight\\vendor\\laravel\\framework\\src\\Illuminate\\Foundation\\Http\\Middleware\\CheckForMaintenanceMode.php(62): Illuminate\\Routing\\Pipeline->Illuminate\\Routing\\{closure}(Object(Illuminate\\Http\\Request))
#58 C:\\xampp\\htdocs\\Laravel Projects\\tlight\\vendor\\laravel\\framework\\src\\Illuminate\\Pipeline\\Pipeline.php(163): Illuminate\\Foundation\\Http\\Middleware\\CheckForMaintenanceMode->handle(Object(Illuminate\\Http\\Request), Object(Closure))
#59 C:\\xampp\\htdocs\\Laravel Projects\\tlight\\vendor\\laravel\\framework\\src\\Illuminate\\Routing\\Pipeline.php(53): Illuminate\\Pipeline\\Pipeline->Illuminate\\Pipeline\\{closure}(Object(Illuminate\\Http\\Request))
#60 C:\\xampp\\htdocs\\Laravel Projects\\tlight\\vendor\\laravel\\framework\\src\\Illuminate\\Pipeline\\Pipeline.php(104): Illuminate\\Routing\\Pipeline->Illuminate\\Routing\\{closure}(Object(Illuminate\\Http\\Request))
#61 C:\\xampp\\htdocs\\Laravel Projects\\tlight\\vendor\\laravel\\framework\\src\\Illuminate\\Foundation\\Http\\Kernel.php(151): Illuminate\\Pipeline\\Pipeline->then(Object(Closure))
#62 C:\\xampp\\htdocs\\Laravel Projects\\tlight\\vendor\\laravel\\framework\\src\\Illuminate\\Foundation\\Http\\Kernel.php(116): Illuminate\\Foundation\\Http\\Kernel->sendRequestThroughRouter(Object(Illuminate\\Http\\Request))
#63 C:\\xampp\\htdocs\\Laravel Projects\\tlight\\public\\index.php(55): Illuminate\\Foundation\\Http\\Kernel->handle(Object(Illuminate\\Http\\Request))
#64 C:\\xampp\\htdocs\\Laravel Projects\\tlight\\server.php(21): require_once('C:\\\\xampp\\\\htdocs...')
#65 {main}
"} 
[2020-11-04 07:42:54] local.ERROR: Undefined variable: user (View: C:\xampp\htdocs\Laravel Projects\tlight\resources\views\admin\posts\index.blade.php) {"userId":1,"exception":"[object] (ErrorException(code: 0): Undefined variable: user (View: C:\\xampp\\htdocs\\Laravel Projects\\tlight\esources\\views\\admin\\posts\\index.blade.php) at C:\\xampp\\htdocs\\Laravel Projects\\tlight\\storage\\framework\\views\\06ab947f3da4b2f724f830a864949e8ae725ce50.php:41, ErrorException(code: 0): Undefined variable: user at C:\\xampp\\htdocs\\Laravel Projects\\tlight\\storage\\framework\\views\\06ab947f3da4b2f724f830a864949e8ae725ce50.php:41)
[stacktrace]
#0 C:\\xampp\\htdocs\\Laravel Projects\\tlight\\vendor\\laravel\\framework\\src\\Illuminate\\View\\Engines\\PhpEngine.php(45): Illuminate\\View\\Engines\\CompilerEngine->handleViewException(Object(ErrorException), 1)
#1 C:\\xampp\\htdocs\\Laravel Projects\\tlight\\vendor\\laravel\\framework\\src\\Illuminate\\View\\Engines\\CompilerEngine.php(59): Illuminate\\View\\Engines\\PhpEngine->evaluatePath('C:\\\\xampp\\\\htdocs...', Array)
#2 C:\\xampp\\htdocs\\Laravel Projects\\tlight\\vendor\\laravel\\framework\\src\\Illuminate\\View\\View.php(142): Illuminate\\View\\Engines\\CompilerEngine->get('C:\\\\xampp\\\\htdocs...', Array)
#3 C:\\xampp\\htdocs\\Laravel Projects\\tlight\\vendor\\laravel\\framework\\src\\Illuminate\\View\\View.php(125): Illuminate\\View\\View->getContents()
#4 C:\\xampp\\htdocs\\Laravel Projects\\tlight\\vendor\\laravel\\framework\\src\\Illuminate\\View\\View.php(90): Illuminate\\View\\View->renderContents()
#5 C:\\xampp\\htdocs\\Laravel Projects\\tlight\\vendor\\laravel\\framework\\src\\Illuminate\\Http\\Response.php(42): Illuminate\\View\\View->render()
#6 C:\\xampp\\htdocs\\Laravel Projects\\tlight\\vendor\\symfony\\http-foundation\\Response.php(205): Illuminate\\Http\\Response->setContent(Object(Illuminate\\View\\View))
#7 C:\\xampp\\htdocs\\Laravel Projects\\tlight\\vendor\\laravel\\framework\\src\\Illuminate\\Routing\\Router.php(748): Symfony\\Component\\HttpFoundation\\Response->__construct(Object(Illuminate\\View\\View))
#8 C:\\xampp\\htdocs\\Laravel Projects\\tlight\\vendor\\laravel\\framework\\src\\Illuminate\\Routing\\Router.php(720): Illuminate\\Routing\\Router::toResponse(Object(Illuminate\\Http\\Request), Object(Illuminate\\View\\View))
#9 C:\\xampp\\htdocs\\Laravel Projects\\tlight\\vendor\\laravel\\framework\\src\\Illuminate\\Routing\\Router.php(680): Illuminate\\Routing\\Router->prepareResponse(Object(Illuminate\\Http\\Request), Object(Illuminate\\View\\View))
#10 C:\\xampp\\htdocs\\Laravel Projects\\tlight\\vendor\\laravel\\framework\\src\\Illuminate\\Routing\\Pipeline.php(30): Illuminate\\Routing\\Router->Illuminate\\Routing\\{closure}(Object(Illuminate\\Http\\Request))
#11 C:\\xampp\\htdocs\\Laravel Projects\\tlight\\app\\Http\\Middleware\\SwitchUser.php(22): Illuminate\\Routing\\Pipeline->Illuminate\\Routing\\{closure}(Object(Illuminate\\Http\\Request))
#12 C:\\xampp\\htdocs\\Laravel Projects\\tlight\\vendor\\laravel\\framework\\src\\Illuminate\\Pipeline\\Pipeline.php(163): App\\Http\\Middleware\\SwitchUser->handle(Object(Illuminate\\Http\\Request), Object(Closure))
#13 C:\\xampp\\htdocs\\Laravel Projects\\tlight\\vendor\\laravel\\framework\\src\\Illuminate\\Routing\\Pipeline.php(53): Illuminate\\Pipeline\\Pipeline->Illuminate\\Pipeline\\{closure}(Object(Illuminate\\Http\\Request))
#14 C:\\xampp\\htdocs\\Laravel Projects\\tlight\\vendor\\laravel\\framework\\src\\Illuminate\\Auth\\Middleware\\EnsureEmailIsVerified.php(29): Illuminate\\Routing\\Pipeline->Illuminate\\Routing\\{closure}(Object(Illuminate\\Http\\Request))
#15 C:\\xampp\\htdocs\\Laravel Projects\\tlight\\vendor\\laravel\\framework\\src\\Illuminate\\Pipeline\\Pipeline.php(163): Illuminate\\Auth\\Middleware\\EnsureEmailIsVerified->handle(Object(Illuminate\\Http\\Request), Object(Closure))
#16 C:\\xampp\\htdocs\\Laravel Projects\\tlight\\vendor\\laravel\\framework\\src\\Illuminate\\Routing\\Pipeline.php(53): Illuminate\\Pipeline\\Pipeline->Illuminate\\Pipeline\\{closure}(Object(Illuminate\\Http\\Request))
#17 C:\\xampp\\htdocs\\Laravel Projects\\tlight\\vendor\\laravel\\framework\\src\\Illuminate\\Routing\\Middleware\\SubstituteBindings.php(41): Illuminate\\Routing\\Pipeline->Illuminate\\Routing\\{closure}(Object(Illuminate\\Http\\Request))
#18 C:\\xampp\\htdocs\\Laravel Projects\\tlight\\vendor\\laravel\\framework\\src\\Illuminate\\Pipeline\\Pipeline.php(163): Illuminate\\Routing\\Middleware\\SubstituteBindings->handle(Object(Illuminate\\Http\\Request), Object(Closure))
#19 C:\\xampp\\htdocs\\Laravel Projects\\tlight\\vendor\\laravel\\framework\\src\\Illuminate\\Routing\\Pipeline.php(53): Illuminate\\Pipeline\\Pipeline->Illuminate\\Pipeline\\{closure}(Object(Illuminate\\Http\\Request))
#20 C:\\xampp\\htdocs\\Laravel Projects\\tlight\\vendor\\laravel\\framework\\src\\Illuminate\\Auth\\Middleware\\Authenticate.php(43): Illuminate\\Routing\\Pipeline->Illuminate\\Routing\\{closure}(Object(Illuminate\\Http\\Request))
#21 C:\\xampp\\htdocs\\Laravel Projects\\tlight\\vendor\\laravel\\framework\\src\\Illuminate\\Pipeline\\Pipeline.php(163): Illuminate\\Auth\\Middleware\\Authenticate->handle(Object(Illuminate\\Http\\Request), Object(Closure))
#22 C:\\xampp\\htdocs\\Laravel Projects\\tlight\\vendor\\laravel\\framework\\src\\Illuminate\\Routing\\Pipeline.php(53): Illuminate\\Pipeline\\Pipeline->Illuminate\\Pipeline\\{closure}(Object(Illuminate\\Http\\Request))
#23 C:\\xampp\\htdocs\\Laravel Projects\\tlight\\vendor\\laravel\\framework\\src\\Illuminate\\Foundation\\Http\\Middleware\\VerifyCsrfToken.php(75): Illuminate\\Routing\\Pipeline->Illuminate\\Routing\\{closure}(Object(Illuminate\\Http\\Request))
#24 C:\\xampp\\htdocs\\Laravel Projects\\tlight\\vendor\\laravel\\framework\\src\\Illuminate\\Pipeline\\Pipeline.php(163): Illuminate\\Foundation\\Http\\Middleware\\VerifyCsrfToken->handle(Object(Illuminate\\Http\\Request), Object(Closure))
#25 C:\\xampp\\htdocs\\Laravel Projects\\tlight\\vendor\\laravel\\framework\\src\\Illuminate\\Routing\\Pipeline.php(53): Illuminate\\Pipeline\\Pipeline->Illuminate\\Pipeline\\{closure}(Object(Illuminate\\Http\\Request))
#26 C:\\xampp\\htdocs\\Laravel Projects\\tlight\\vendor\\laravel\\framework\\src\\Illuminate\\View\\Middleware\\ShareErrorsFromSession.php(49): Illuminate\\Routing\\Pipeline->Illuminate\\Routing\\{closure}(Object(Illuminate\\Http\\Request))
#27 C:\\xampp\\htdocs\\Laravel Projects\\tlight\\vendor\\laravel\\framework\\src\\Illuminate\\Pipeline\\Pipeline.php(163): Illuminate\\View\\Middleware\\ShareErrorsFromSession->handle(Object(Illuminate\\Http\\Request), Object(Closure))
#28 C:\\xampp\\htdocs\\Laravel Projects\\tlight\\vendor\\laravel\\framework\\src\\Illuminate\\Routing\\Pipeline.php(53): Illuminate\\Pipeline\\Pipeline->Illuminate\\Pipeline\\{closure}(Object(Illuminate\\Http\\Request))
#29 C:\\xampp\\htdocs\\Laravel Projects\\tlight\\vendor\\laravel\\framework\\src\\Illuminate\\Session\\Middleware\\StartSession.php(56): Illuminate\\Routing\\Pipeline->Illuminate\\Routing\\{closure}(Object(Illuminate\\Http\\Request))
#30 C:\\xampp\\htdocs\\Laravel Projects\\tlight\\vendor\\laravel\\framework\\src\\Illuminate\\Pipeline\\Pipeline.php(163): Illuminate\\Session\\Middleware\\StartSession->handle(Object(Illuminate\\Http\\Request), Object(Closure))
#31 C:\\xampp\\htdocs\\Laravel Projects\\tlight\\vendor\\laravel\\framework\\src\\Illuminate\\Routing\\Pipeline.php(53): Illuminate\\Pipeline\\Pipeline->Illuminate\\Pipeline\\{closure}(Object(Illuminate\\Http\\Request))
#32 C:\\xampp\\htdocs\\Laravel Projects\\tlight\\vendor\\laravel\\framework\\src\\Illuminate\\Cookie\\Middleware\\AddQueuedCookiesToResponse.php(37): Illuminate\\Routing\\Pipeline->Illuminate\\Routing\\{closure}(Object(Illuminate\\Http\\Request))
#33 C:\\xampp\\htdocs\\Laravel Projects\\tlight\\vendor\\laravel\\framework\\src\\Illuminate\\Pipeline\\Pipeline.php(163): Illuminate\\Cookie\\Middleware\\AddQueuedCookiesToResponse->handle(Object(Illuminate\\Http\\Request), Object(Closure))
#34 C:\\xampp\\htdocs\\Laravel Projects\\tlight\\vendor\\laravel\\framework\\src\\Illuminate\\Routing\\Pipeline.php(53): Illuminate\\Pipeline\\Pipeline->Illuminate\\Pipeline\\{closure}(Object(Illuminate\\Http\\Request))
#35 C:\\xampp\\htdocs\\Laravel Projects\\tlight\\vendor\\laravel\\framework\\src\\Illuminate\\Cookie\\Middleware\\EncryptCookies.php(66): Illuminate\\Routing\\Pipeline->Illuminate\\Routing\\{closure}(Object(Illuminate\\Http\\Request))
#36 C:\\xampp\\htdocs\\Laravel Projects\\tlight\\vendor\\laravel\\framework\\src\\Illuminate\\Pipeline\\Pipeline.php(163): Illuminate\\Cookie\\Middleware\\EncryptCookies->handle(Object(Illuminate\\Http\\Request), Object(Closure))
#37 C:\\xampp\\htdocs\\Laravel Projects\\tlight\\vendor\\laravel\\framework\\src\\Illuminate\\Routing\\Pipeline.php(53): Illuminate\\Pipeline\\Pipeline->Illuminate\\Pipeline\\{closure}(Object(Illuminate\\Http\\Request))
#38 C:\\xampp\\htdocs\\Laravel Projects\\tlight\\vendor\\laravel\\framework\\src\\Illuminate\\Pipeline\\Pipeline.php(104): Illuminate\\Routing\\Pipeline->Illuminate\\Routing\\{closure}(Object(Illuminate\\Http\\Request))
#39 C:\\xampp\\htdocs\\Laravel Projects\\tlight\\vendor\\laravel\\framework\\src\\Illuminate\\Routing\\Router.php(682): Illuminate\\Pipeline\\Pipeline->then(Object(Closure))
#40 C:\\xampp\\htdocs\\Laravel Projects\\tlight\\vendor\\laravel\\framework\\src\\Illuminate\\Routing\\Router.php(657): Illuminate\\Routing\\Router->runRouteWithinStack(Object(Illuminate\\Routing\\Route), Object(Illuminate\\Http\\Request))
#41 C:\\xampp\\htdocs\\Laravel Projects\\tlight\\vendor\\laravel\\framework\\src\\Illuminate\\Routing\\Router.php(623): Illuminate\\Routing\\Router->runRoute(Object(Illuminate\\Http\\Request), Object(Illuminate\\Routing\\Route))
#42 C:\\xampp\\htdocs\\Laravel Projects\\tlight\\vendor\\laravel\\framework\\src\\Illuminate\\Routing\\Router.php(612): Illuminate\\Routing\\Router->dispatchToRoute(Object(Illuminate\\Http\\Request))
#43 C:\\xampp\\htdocs\\Laravel Projects\\tlight\\vendor\\laravel\\framework\\src\\Illuminate\\Foundation\\Http\\Kernel.php(176): Illuminate\\Routing\\Router->dispatch(Object(Illuminate\\Http\\Request))
#44 C:\\xampp\\htdocs\\Laravel Projects\\tlight\\vendor\\laravel\\framework\\src\\Illuminate\\Routing\\Pipeline.php(30): Illuminate\\Foundation\\Http\\Kernel->Illuminate\\Foundation\\Http\\{closure}(Object(Illuminate\\Http\\Request))
#45 C:\\xampp\\htdocs\\Laravel Projects\\tlight\\vendor\\fideloper\\proxy\\src\\TrustProxies.php(57): Illuminate\\Routing\\Pipeline->Illuminate\\Routing\\{closure}(Object(Illuminate\\Http\\Request))
#46 C:\\xampp\\htdocs\\Laravel Projects\\tlight\\vendor\\laravel\\framework\\src\\Illuminate\\Pipeline\\Pipeline.php(163): Fideloper\\Proxy\\TrustProxies->handle(Object(Illuminate\\Http\\Request), Object(Closure))
#47 C:\\xampp\\htdocs\\Laravel Projects\\tlight\\vendor\\laravel\\framework\\src\\Illuminate\\Routing\\Pipeline.php(53): Illuminate\\Pipeline\\Pipeline->Illuminate\\Pipeline\\{closure}(Object(Illuminate\\Http\\Request))
#48 C:\\xampp\\htdocs\\Laravel Projects\\tlight\\vendor\\laravel\\framework\\src\\Illuminate\\Foundation\\Http\\Middleware\\TransformsRequest.php(21): Illuminate\\Routing\\Pipeline->Illuminate\\Routing\\{closure}(Object(Illuminate\\Http\\Request))
#49 C:\\xampp\\htdocs\\Laravel Projects\\tlight\\vendor\\laravel\\framework\\src\\Illuminate\\Pipeline\\Pipeline.php(163): Illuminate\\Foundation\\Http\\Middleware\\TransformsRequest->handle(Object(Illuminate\\Http\\Request), Object(Closure))
#50 C:\\xampp\\htdocs\\Laravel Projects\\tlight\\vendor\\laravel\\framework\\src\\Illuminate\\Routing\\Pipeline.php(53): Illuminate\\Pipeline\\Pipeline->Illuminate\\Pipeline\\{closure}(Object(Illuminate\\Http\\Request))
#51 C:\\xampp\\htdocs\\Laravel Projects\\tlight\\vendor\\laravel\\framework\\src\\Illuminate\\Foundation\\Http\\Middleware\\TransformsRequest.php(21): Illuminate\\Routing\\Pipeline->Illuminate\\Routing\\{closure}(Object(Illuminate\\Http\\Request))
#52 C:\\xampp\\htdocs\\Laravel Projects\\tlight\\vendor\\laravel\\framework\\src\\Illuminate\\Pipeline\\Pipeline.php(163): Illuminate\\Foundation\\Http\\Middleware\\TransformsRequest->handle(Object(Illuminate\\Http\\Request), Object(Closure))
#53 C:\\xampp\\htdocs\\Laravel Projects\\tlight\\vendor\\laravel\\framework\\src\\Illuminate\\Routing\\Pipeline.php(53): Illuminate\\Pipeline\\Pipeline->Illuminate\\Pipeline\\{closure}(Object(Illuminate\\Http\\Request))
#54 C:\\xampp\\htdocs\\Laravel Projects\\tlight\\vendor\\laravel\\framework\\src\\Illuminate\\Foundation\\Http\\Middleware\\ValidatePostSize.php(27): Illuminate\\Routing\\Pipeline->Illuminate\\Routing\\{closure}(Object(Illuminate\\Http\\Request))
#55 C:\\xampp\\htdocs\\Laravel Projects\\tlight\\vendor\\laravel\\framework\\src\\Illuminate\\Pipeline\\Pipeline.php(163): Illuminate\\Foundation\\Http\\Middleware\\ValidatePostSize->handle(Object(Illuminate\\Http\\Request), Object(Closure))
#56 C:\\xampp\\htdocs\\Laravel Projects\\tlight\\vendor\\laravel\\framework\\src\\Illuminate\\Routing\\Pipeline.php(53): Illuminate\\Pipeline\\Pipeline->Illuminate\\Pipeline\\{closure}(Object(Illuminate\\Http\\Request))
#57 C:\\xampp\\htdocs\\Laravel Projects\\tlight\\vendor\\laravel\\framework\\src\\Illuminate\\Foundation\\Http\\Middleware\\CheckForMaintenanceMode.php(62): Illuminate\\Routing\\Pipeline->Illuminate\\Routing\\{closure}(Object(Illuminate\\Http\\Request))
#58 C:\\xampp\\htdocs\\Laravel Projects\\tlight\\vendor\\laravel\\framework\\src\\Illuminate\\Pipeline\\Pipeline.php(163): Illuminate\\Foundation\\Http\\Middleware\\CheckForMaintenanceMode->handle(Object(Illuminate\\Http\\Request), Object(Closure))
#59 C:\\xampp\\htdocs\\Laravel Projects\\tlight\\vendor\\laravel\\framework\\src\\Illuminate\\Routing\\Pipeline.php(53): Illuminate\\Pipeline\\Pipeline->Illuminate\\Pipeline\\{closure}(Object(Illuminate\\Http\\Request))
#60 C:\\xampp\\htdocs\\Laravel Projects\\tlight\\vendor\\laravel\\framework\\src\\Illuminate\\Pipeline\\Pipeline.php(104): Illuminate\\Routing\\Pipeline->Illuminate\\Routing\\{closure}(Object(Illuminate\\Http\\Request))
#61 C:\\xampp\\htdocs\\Laravel Projects\\tlight\\vendor\\laravel\\framework\\src\\Illuminate\\Foundation\\Http\\Kernel.php(151): Illuminate\\Pipeline\\Pipeline->then(Object(Closure))
#62 C:\\xampp\\htdocs\\Laravel Projects\\tlight\\vendor\\laravel\\framework\\src\\Illuminate\\Foundation\\Http\\Kernel.php(116): Illuminate\\Foundation\\Http\\Kernel->sendRequestThroughRouter(Object(Illuminate\\Http\\Request))
#63 C:\\xampp\\htdocs\\Laravel Projects\\tlight\\public\\index.php(55): Illuminate\\Foundation\\Http\\Kernel->handle(Object(Illuminate\\Http\\Request))
#64 C:\\xampp\\htdocs\\Laravel Projects\\tlight\\server.php(21): require_once('C:\\\\xampp\\\\htdocs...')
#65 {main}
"} 
[2020-11-04 08:11:04] local.ERROR: SQLSTATE[42S22]: Column not found: 1054 Unknown column 'posts.deleted_at' in 'where clause' (SQL: select * from `posts` where `posts`.`deleted_at` is null order by `created_at` desc) {"userId":1,"exception":"[object] (Illuminate\\Database\\QueryException(code: 42S22): SQLSTATE[42S22]: Column not found: 1054 Unknown column 'posts.deleted_at' in 'where clause' (SQL: select * from `posts` where `posts`.`deleted_at` is null order by `created_at` desc) at C:\\xampp\\htdocs\\Laravel Projects\\tlight\\vendor\\laravel\\framework\\src\\Illuminate\\Database\\Connection.php:664, Doctrine\\DBAL\\Driver\\PDOException(code: 42S22): SQLSTATE[42S22]: Column not found: 1054 Unknown column 'posts.deleted_at' in 'where clause' at C:\\xampp\\htdocs\\Laravel Projects\\tlight\\vendor\\doctrine\\dbal\\lib\\Doctrine\\DBAL\\Driver\\PDOConnection.php:72, PDOException(code: 42S22): SQLSTATE[42S22]: Column not found: 1054 Unknown column 'posts.deleted_at' in 'where clause' at C:\\xampp\\htdocs\\Laravel Projects\\tlight\\vendor\\doctrine\\dbal\\lib\\Doctrine\\DBAL\\Driver\\PDOConnection.php:67)
[stacktrace]
#0 C:\\xampp\\htdocs\\Laravel Projects\\tlight\\vendor\\laravel\\framework\\src\\Illuminate\\Database\\Connection.php(624): Illuminate\\Database\\Connection->runQueryCallback('select * from `...', Array, Object(Closure))
#1 C:\\xampp\\htdocs\\Laravel Projects\\tlight\\vendor\\laravel\\framework\\src\\Illuminate\\Database\\Connection.php(333): Illuminate\\Database\\Connection->run('select * from `...', Array, Object(Closure))
#2 C:\\xampp\\htdocs\\Laravel Projects\\tlight\\vendor\\laravel\\framework\\src\\Illuminate\\Database\\Query\\Builder.php(2130): Illuminate\\Database\\Connection->select('select * from `...', Array, true)
#3 C:\\xampp\\htdocs\\Laravel Projects\\tlight\\vendor\\laravel\\framework\\src\\Illuminate\\Database\\Query\\Builder.php(2118): Illuminate\\Database\\Query\\Builder->runSelect()
#4 C:\\xampp\\htdocs\\Laravel Projects\\tlight\\vendor\\laravel\\framework\\src\\Illuminate\\Database\\Query\\Builder.php(2604): Illuminate\\Database\\Query\\Builder->Illuminate\\Database\\Query\\{closure}()
#5 C:\\xampp\\htdocs\\Laravel Projects\\tlight\\vendor\\laravel\\framework\\src\\Illuminate\\Database\\Query\\Builder.php(2119): Illuminate\\Database\\Query\\Builder->onceWithColumns(Array, Object(Closure))
#6 C:\\xampp\\htdocs\\Laravel Projects\\tlight\\vendor\\laravel\\framework\\src\\Illuminate\\Database\\Eloquent\\Builder.php(521): Illuminate\\Database\\Query\\Builder->get(Array)
#7 C:\\xampp\\htdocs\\Laravel Projects\\tlight\\vendor\\laravel\\framework\\src\\Illuminate\\Database\\Eloquent\\Builder.php(505): Illuminate\\Database\\Eloquent\\Builder->getModels(Array)
#8 C:\\xampp\\htdocs\\Laravel Projects\\tlight\\app\\Http\\Controllers\\PostController.php(14): Illuminate\\Database\\Eloquent\\Builder->get()
#9 [internal function]: App\\Http\\Controllers\\PostController->index()
#10 C:\\xampp\\htdocs\\Laravel Projects\\tlight\\vendor\\laravel\\framework\\src\\Illuminate\\Routing\\Controller.php(54): call_user_func_array(Array, Array)
#11 C:\\xampp\\htdocs\\Laravel Projects\\tlight\\vendor\\laravel\\framework\\src\\Illuminate\\Routing\\ControllerDispatcher.php(45): Illuminate\\Routing\\Controller->callAction('index', Array)
#12 C:\\xampp\\htdocs\\Laravel Projects\\tlight\\vendor\\laravel\\framework\\src\\Illuminate\\Routing\\Route.php(219): Illuminate\\Routing\\ControllerDispatcher->dispatch(Object(Illuminate\\Routing\\Route), Object(App\\Http\\Controllers\\PostController), 'index')
#13 C:\\xampp\\htdocs\\Laravel Projects\\tlight\\vendor\\laravel\\framework\\src\\Illuminate\\Routing\\Route.php(176): Illuminate\\Routing\\Route->runController()
#14 C:\\xampp\\htdocs\\Laravel Projects\\tlight\\vendor\\laravel\\framework\\src\\Illuminate\\Routing\\Router.php(680): Illuminate\\Routing\\Route->run()
#15 C:\\xampp\\htdocs\\Laravel Projects\\tlight\\vendor\\laravel\\framework\\src\\Illuminate\\Routing\\Pipeline.php(30): Illuminate\\Routing\\Router->Illuminate\\Routing\\{closure}(Object(Illuminate\\Http\\Request))
#16 C:\\xampp\\htdocs\\Laravel Projects\\tlight\\app\\Http\\Middleware\\SwitchUser.php(22): Illuminate\\Routing\\Pipeline->Illuminate\\Routing\\{closure}(Object(Illuminate\\Http\\Request))
#17 C:\\xampp\\htdocs\\Laravel Projects\\tlight\\vendor\\laravel\\framework\\src\\Illuminate\\Pipeline\\Pipeline.php(163): App\\Http\\Middleware\\SwitchUser->handle(Object(Illuminate\\Http\\Request), Object(Closure))
#18 C:\\xampp\\htdocs\\Laravel Projects\\tlight\\vendor\\laravel\\framework\\src\\Illuminate\\Routing\\Pipeline.php(53): Illuminate\\Pipeline\\Pipeline->Illuminate\\Pipeline\\{closure}(Object(Illuminate\\Http\\Request))
#19 C:\\xampp\\htdocs\\Laravel Projects\\tlight\\vendor\\laravel\\framework\\src\\Illuminate\\Auth\\Middleware\\EnsureEmailIsVerified.php(29): Illuminate\\Routing\\Pipeline->Illuminate\\Routing\\{closure}(Object(Illuminate\\Http\\Request))
#20 C:\\xampp\\htdocs\\Laravel Projects\\tlight\\vendor\\laravel\\framework\\src\\Illuminate\\Pipeline\\Pipeline.php(163): Illuminate\\Auth\\Middleware\\EnsureEmailIsVerified->handle(Object(Illuminate\\Http\\Request), Object(Closure))
#21 C:\\xampp\\htdocs\\Laravel Projects\\tlight\\vendor\\laravel\\framework\\src\\Illuminate\\Routing\\Pipeline.php(53): Illuminate\\Pipeline\\Pipeline->Illuminate\\Pipeline\\{closure}(Object(Illuminate\\Http\\Request))
#22 C:\\xampp\\htdocs\\Laravel Projects\\tlight\\vendor\\laravel\\framework\\src\\Illuminate\\Routing\\Middleware\\SubstituteBindings.php(41): Illuminate\\Routing\\Pipeline->Illuminate\\Routing\\{closure}(Object(Illuminate\\Http\\Request))
#23 C:\\xampp\\htdocs\\Laravel Projects\\tlight\\vendor\\laravel\\framework\\src\\Illuminate\\Pipeline\\Pipeline.php(163): Illuminate\\Routing\\Middleware\\SubstituteBindings->handle(Object(Illuminate\\Http\\Request), Object(Closure))
#24 C:\\xampp\\htdocs\\Laravel Projects\\tlight\\vendor\\laravel\\framework\\src\\Illuminate\\Routing\\Pipeline.php(53): Illuminate\\Pipeline\\Pipeline->Illuminate\\Pipeline\\{closure}(Object(Illuminate\\Http\\Request))
#25 C:\\xampp\\htdocs\\Laravel Projects\\tlight\\vendor\\laravel\\framework\\src\\Illuminate\\Auth\\Middleware\\Authenticate.php(43): Illuminate\\Routing\\Pipeline->Illuminate\\Routing\\{closure}(Object(Illuminate\\Http\\Request))
#26 C:\\xampp\\htdocs\\Laravel Projects\\tlight\\vendor\\laravel\\framework\\src\\Illuminate\\Pipeline\\Pipeline.php(163): Illuminate\\Auth\\Middleware\\Authenticate->handle(Object(Illuminate\\Http\\Request), Object(Closure))
#27 C:\\xampp\\htdocs\\Laravel Projects\\tlight\\vendor\\laravel\\framework\\src\\Illuminate\\Routing\\Pipeline.php(53): Illuminate\\Pipeline\\Pipeline->Illuminate\\Pipeline\\{closure}(Object(Illuminate\\Http\\Request))
#28 C:\\xampp\\htdocs\\Laravel Projects\\tlight\\vendor\\laravel\\framework\\src\\Illuminate\\Foundation\\Http\\Middleware\\VerifyCsrfToken.php(75): Illuminate\\Routing\\Pipeline->Illuminate\\Routing\\{closure}(Object(Illuminate\\Http\\Request))
#29 C:\\xampp\\htdocs\\Laravel Projects\\tlight\\vendor\\laravel\\framework\\src\\Illuminate\\Pipeline\\Pipeline.php(163): Illuminate\\Foundation\\Http\\Middleware\\VerifyCsrfToken->handle(Object(Illuminate\\Http\\Request), Object(Closure))
#30 C:\\xampp\\htdocs\\Laravel Projects\\tlight\\vendor\\laravel\\framework\\src\\Illuminate\\Routing\\Pipeline.php(53): Illuminate\\Pipeline\\Pipeline->Illuminate\\Pipeline\\{closure}(Object(Illuminate\\Http\\Request))
#31 C:\\xampp\\htdocs\\Laravel Projects\\tlight\\vendor\\laravel\\framework\\src\\Illuminate\\View\\Middleware\\ShareErrorsFromSession.php(49): Illuminate\\Routing\\Pipeline->Illuminate\\Routing\\{closure}(Object(Illuminate\\Http\\Request))
#32 C:\\xampp\\htdocs\\Laravel Projects\\tlight\\vendor\\laravel\\framework\\src\\Illuminate\\Pipeline\\Pipeline.php(163): Illuminate\\View\\Middleware\\ShareErrorsFromSession->handle(Object(Illuminate\\Http\\Request), Object(Closure))
#33 C:\\xampp\\htdocs\\Laravel Projects\\tlight\\vendor\\laravel\\framework\\src\\Illuminate\\Routing\\Pipeline.php(53): Illuminate\\Pipeline\\Pipeline->Illuminate\\Pipeline\\{closure}(Object(Illuminate\\Http\\Request))
#34 C:\\xampp\\htdocs\\Laravel Projects\\tlight\\vendor\\laravel\\framework\\src\\Illuminate\\Session\\Middleware\\StartSession.php(56): Illuminate\\Routing\\Pipeline->Illuminate\\Routing\\{closure}(Object(Illuminate\\Http\\Request))
#35 C:\\xampp\\htdocs\\Laravel Projects\\tlight\\vendor\\laravel\\framework\\src\\Illuminate\\Pipeline\\Pipeline.php(163): Illuminate\\Session\\Middleware\\StartSession->handle(Object(Illuminate\\Http\\Request), Object(Closure))
#36 C:\\xampp\\htdocs\\Laravel Projects\\tlight\\vendor\\laravel\\framework\\src\\Illuminate\\Routing\\Pipeline.php(53): Illuminate\\Pipeline\\Pipeline->Illuminate\\Pipeline\\{closure}(Object(Illuminate\\Http\\Request))
#37 C:\\xampp\\htdocs\\Laravel Projects\\tlight\\vendor\\laravel\\framework\\src\\Illuminate\\Cookie\\Middleware\\AddQueuedCookiesToResponse.php(37): Illuminate\\Routing\\Pipeline->Illuminate\\Routing\\{closure}(Object(Illuminate\\Http\\Request))
#38 C:\\xampp\\htdocs\\Laravel Projects\\tlight\\vendor\\laravel\\framework\\src\\Illuminate\\Pipeline\\Pipeline.php(163): Illuminate\\Cookie\\Middleware\\AddQueuedCookiesToResponse->handle(Object(Illuminate\\Http\\Request), Object(Closure))
#39 C:\\xampp\\htdocs\\Laravel Projects\\tlight\\vendor\\laravel\\framework\\src\\Illuminate\\Routing\\Pipeline.php(53): Illuminate\\Pipeline\\Pipeline->Illuminate\\Pipeline\\{closure}(Object(Illuminate\\Http\\Request))
#40 C:\\xampp\\htdocs\\Laravel Projects\\tlight\\vendor\\laravel\\framework\\src\\Illuminate\\Cookie\\Middleware\\EncryptCookies.php(66): Illuminate\\Routing\\Pipeline->Illuminate\\Routing\\{closure}(Object(Illuminate\\Http\\Request))
#41 C:\\xampp\\htdocs\\Laravel Projects\\tlight\\vendor\\laravel\\framework\\src\\Illuminate\\Pipeline\\Pipeline.php(163): Illuminate\\Cookie\\Middleware\\EncryptCookies->handle(Object(Illuminate\\Http\\Request), Object(Closure))
#42 C:\\xampp\\htdocs\\Laravel Projects\\tlight\\vendor\\laravel\\framework\\src\\Illuminate\\Routing\\Pipeline.php(53): Illuminate\\Pipeline\\Pipeline->Illuminate\\Pipeline\\{closure}(Object(Illuminate\\Http\\Request))
#43 C:\\xampp\\htdocs\\Laravel Projects\\tlight\\vendor\\laravel\\framework\\src\\Illuminate\\Pipeline\\Pipeline.php(104): Illuminate\\Routing\\Pipeline->Illuminate\\Routing\\{closure}(Object(Illuminate\\Http\\Request))
#44 C:\\xampp\\htdocs\\Laravel Projects\\tlight\\vendor\\laravel\\framework\\src\\Illuminate\\Routing\\Router.php(682): Illuminate\\Pipeline\\Pipeline->then(Object(Closure))
#45 C:\\xampp\\htdocs\\Laravel Projects\\tlight\\vendor\\laravel\\framework\\src\\Illuminate\\Routing\\Router.php(657): Illuminate\\Routing\\Router->runRouteWithinStack(Object(Illuminate\\Routing\\Route), Object(Illuminate\\Http\\Request))
#46 C:\\xampp\\htdocs\\Laravel Projects\\tlight\\vendor\\laravel\\framework\\src\\Illuminate\\Routing\\Router.php(623): Illuminate\\Routing\\Router->runRoute(Object(Illuminate\\Http\\Request), Object(Illuminate\\Routing\\Route))
#47 C:\\xampp\\htdocs\\Laravel Projects\\tlight\\vendor\\laravel\\framework\\src\\Illuminate\\Routing\\Router.php(612): Illuminate\\Routing\\Router->dispatchToRoute(Object(Illuminate\\Http\\Request))
#48 C:\\xampp\\htdocs\\Laravel Projects\\tlight\\vendor\\laravel\\framework\\src\\Illuminate\\Foundation\\Http\\Kernel.php(176): Illuminate\\Routing\\Router->dispatch(Object(Illuminate\\Http\\Request))
#49 C:\\xampp\\htdocs\\Laravel Projects\\tlight\\vendor\\laravel\\framework\\src\\Illuminate\\Routing\\Pipeline.php(30): Illuminate\\Foundation\\Http\\Kernel->Illuminate\\Foundation\\Http\\{closure}(Object(Illuminate\\Http\\Request))
#50 C:\\xampp\\htdocs\\Laravel Projects\\tlight\\vendor\\fideloper\\proxy\\src\\TrustProxies.php(57): Illuminate\\Routing\\Pipeline->Illuminate\\Routing\\{closure}(Object(Illuminate\\Http\\Request))
#51 C:\\xampp\\htdocs\\Laravel Projects\\tlight\\vendor\\laravel\\framework\\src\\Illuminate\\Pipeline\\Pipeline.php(163): Fideloper\\Proxy\\TrustProxies->handle(Object(Illuminate\\Http\\Request), Object(Closure))
#52 C:\\xampp\\htdocs\\Laravel Projects\\tlight\\vendor\\laravel\\framework\\src\\Illuminate\\Routing\\Pipeline.php(53): Illuminate\\Pipeline\\Pipeline->Illuminate\\Pipeline\\{closure}(Object(Illuminate\\Http\\Request))
#53 C:\\xampp\\htdocs\\Laravel Projects\\tlight\\vendor\\laravel\\framework\\src\\Illuminate\\Foundation\\Http\\Middleware\\TransformsRequest.php(21): Illuminate\\Routing\\Pipeline->Illuminate\\Routing\\{closure}(Object(Illuminate\\Http\\Request))
#54 C:\\xampp\\htdocs\\Laravel Projects\\tlight\\vendor\\laravel\\framework\\src\\Illuminate\\Pipeline\\Pipeline.php(163): Illuminate\\Foundation\\Http\\Middleware\\TransformsRequest->handle(Object(Illuminate\\Http\\Request), Object(Closure))
#55 C:\\xampp\\htdocs\\Laravel Projects\\tlight\\vendor\\laravel\\framework\\src\\Illuminate\\Routing\\Pipeline.php(53): Illuminate\\Pipeline\\Pipeline->Illuminate\\Pipeline\\{closure}(Object(Illuminate\\Http\\Request))
#56 C:\\xampp\\htdocs\\Laravel Projects\\tlight\\vendor\\laravel\\framework\\src\\Illuminate\\Foundation\\Http\\Middleware\\TransformsRequest.php(21): Illuminate\\Routing\\Pipeline->Illuminate\\Routing\\{closure}(Object(Illuminate\\Http\\Request))
#57 C:\\xampp\\htdocs\\Laravel Projects\\tlight\\vendor\\laravel\\framework\\src\\Illuminate\\Pipeline\\Pipeline.php(163): Illuminate\\Foundation\\Http\\Middleware\\TransformsRequest->handle(Object(Illuminate\\Http\\Request), Object(Closure))
#58 C:\\xampp\\htdocs\\Laravel Projects\\tlight\\vendor\\laravel\\framework\\src\\Illuminate\\Routing\\Pipeline.php(53): Illuminate\\Pipeline\\Pipeline->Illuminate\\Pipeline\\{closure}(Object(Illuminate\\Http\\Request))
#59 C:\\xampp\\htdocs\\Laravel Projects\\tlight\\vendor\\laravel\\framework\\src\\Illuminate\\Foundation\\Http\\Middleware\\ValidatePostSize.php(27): Illuminate\\Routing\\Pipeline->Illuminate\\Routing\\{closure}(Object(Illuminate\\Http\\Request))
#60 C:\\xampp\\htdocs\\Laravel Projects\\tlight\\vendor\\laravel\\framework\\src\\Illuminate\\Pipeline\\Pipeline.php(163): Illuminate\\Foundation\\Http\\Middleware\\ValidatePostSize->handle(Object(Illuminate\\Http\\Request), Object(Closure))
#61 C:\\xampp\\htdocs\\Laravel Projects\\tlight\\vendor\\laravel\\framework\\src\\Illuminate\\Routing\\Pipeline.php(53): Illuminate\\Pipeline\\Pipeline->Illuminate\\Pipeline\\{closure}(Object(Illuminate\\Http\\Request))
#62 C:\\xampp\\htdocs\\Laravel Projects\\tlight\\vendor\\laravel\\framework\\src\\Illuminate\\Foundation\\Http\\Middleware\\CheckForMaintenanceMode.php(62): Illuminate\\Routing\\Pipeline->Illuminate\\Routing\\{closure}(Object(Illuminate\\Http\\Request))
#63 C:\\xampp\\htdocs\\Laravel Projects\\tlight\\vendor\\laravel\\framework\\src\\Illuminate\\Pipeline\\Pipeline.php(163): Illuminate\\Foundation\\Http\\Middleware\\CheckForMaintenanceMode->handle(Object(Illuminate\\Http\\Request), Object(Closure))
#64 C:\\xampp\\htdocs\\Laravel Projects\\tlight\\vendor\\laravel\\framework\\src\\Illuminate\\Routing\\Pipeline.php(53): Illuminate\\Pipeline\\Pipeline->Illuminate\\Pipeline\\{closure}(Object(Illuminate\\Http\\Request))
#65 C:\\xampp\\htdocs\\Laravel Projects\\tlight\\vendor\\laravel\\framework\\src\\Illuminate\\Pipeline\\Pipeline.php(104): Illuminate\\Routing\\Pipeline->Illuminate\\Routing\\{closure}(Object(Illuminate\\Http\\Request))
#66 C:\\xampp\\htdocs\\Laravel Projects\\tlight\\vendor\\laravel\\framework\\src\\Illuminate\\Foundation\\Http\\Kernel.php(151): Illuminate\\Pipeline\\Pipeline->then(Object(Closure))
#67 C:\\xampp\\htdocs\\Laravel Projects\\tlight\\vendor\\laravel\\framework\\src\\Illuminate\\Foundation\\Http\\Kernel.php(116): Illuminate\\Foundation\\Http\\Kernel->sendRequestThroughRouter(Object(Illuminate\\Http\\Request))
#68 C:\\xampp\\htdocs\\Laravel Projects\\tlight\\public\\index.php(55): Illuminate\\Foundation\\Http\\Kernel->handle(Object(Illuminate\\Http\\Request))
#69 C:\\xampp\\htdocs\\Laravel Projects\\tlight\\server.php(21): require_once('C:\\\\xampp\\\\htdocs...')
#70 {main}
"} 
[2020-11-04 08:18:01] local.ERROR: Call to a member function format() on null (View: C:\xampp\htdocs\Laravel Projects\tlight\resources\views\admin\posts\index.blade.php) {"userId":1,"exception":"[object] (ErrorException(code: 0): Call to a member function format() on null (View: C:\\xampp\\htdocs\\Laravel Projects\\tlight\esources\\views\\admin\\posts\\index.blade.php) at C:\\xampp\\htdocs\\Laravel Projects\\tlight\\storage\\framework\\views\\06ab947f3da4b2f724f830a864949e8ae725ce50.php:44, Symfony\\Component\\Debug\\Exception\\FatalThrowableError(code: 0): Call to a member function format() on null at C:\\xampp\\htdocs\\Laravel Projects\\tlight\\storage\\framework\\views\\06ab947f3da4b2f724f830a864949e8ae725ce50.php:44)
[stacktrace]
#0 C:\\xampp\\htdocs\\Laravel Projects\\tlight\\vendor\\laravel\\framework\\src\\Illuminate\\View\\Engines\\PhpEngine.php(47): Illuminate\\View\\Engines\\CompilerEngine->handleViewException(Object(Symfony\\Component\\Debug\\Exception\\FatalThrowableError), 1)
#1 C:\\xampp\\htdocs\\Laravel Projects\\tlight\\vendor\\laravel\\framework\\src\\Illuminate\\View\\Engines\\CompilerEngine.php(59): Illuminate\\View\\Engines\\PhpEngine->evaluatePath('C:\\\\xampp\\\\htdocs...', Array)
#2 C:\\xampp\\htdocs\\Laravel Projects\\tlight\\vendor\\laravel\\framework\\src\\Illuminate\\View\\View.php(142): Illuminate\\View\\Engines\\CompilerEngine->get('C:\\\\xampp\\\\htdocs...', Array)
#3 C:\\xampp\\htdocs\\Laravel Projects\\tlight\\vendor\\laravel\\framework\\src\\Illuminate\\View\\View.php(125): Illuminate\\View\\View->getContents()
#4 C:\\xampp\\htdocs\\Laravel Projects\\tlight\\vendor\\laravel\\framework\\src\\Illuminate\\View\\View.php(90): Illuminate\\View\\View->renderContents()
#5 C:\\xampp\\htdocs\\Laravel Projects\\tlight\\vendor\\laravel\\framework\\src\\Illuminate\\Http\\Response.php(42): Illuminate\\View\\View->render()
#6 C:\\xampp\\htdocs\\Laravel Projects\\tlight\\vendor\\symfony\\http-foundation\\Response.php(205): Illuminate\\Http\\Response->setContent(Object(Illuminate\\View\\View))
#7 C:\\xampp\\htdocs\\Laravel Projects\\tlight\\vendor\\laravel\\framework\\src\\Illuminate\\Routing\\Router.php(748): Symfony\\Component\\HttpFoundation\\Response->__construct(Object(Illuminate\\View\\View))
#8 C:\\xampp\\htdocs\\Laravel Projects\\tlight\\vendor\\laravel\\framework\\src\\Illuminate\\Routing\\Router.php(720): Illuminate\\Routing\\Router::toResponse(Object(Illuminate\\Http\\Request), Object(Illuminate\\View\\View))
#9 C:\\xampp\\htdocs\\Laravel Projects\\tlight\\vendor\\laravel\\framework\\src\\Illuminate\\Routing\\Router.php(680): Illuminate\\Routing\\Router->prepareResponse(Object(Illuminate\\Http\\Request), Object(Illuminate\\View\\View))
#10 C:\\xampp\\htdocs\\Laravel Projects\\tlight\\vendor\\laravel\\framework\\src\\Illuminate\\Routing\\Pipeline.php(30): Illuminate\\Routing\\Router->Illuminate\\Routing\\{closure}(Object(Illuminate\\Http\\Request))
#11 C:\\xampp\\htdocs\\Laravel Projects\\tlight\\app\\Http\\Middleware\\SwitchUser.php(22): Illuminate\\Routing\\Pipeline->Illuminate\\Routing\\{closure}(Object(Illuminate\\Http\\Request))
#12 C:\\xampp\\htdocs\\Laravel Projects\\tlight\\vendor\\laravel\\framework\\src\\Illuminate\\Pipeline\\Pipeline.php(163): App\\Http\\Middleware\\SwitchUser->handle(Object(Illuminate\\Http\\Request), Object(Closure))
#13 C:\\xampp\\htdocs\\Laravel Projects\\tlight\\vendor\\laravel\\framework\\src\\Illuminate\\Routing\\Pipeline.php(53): Illuminate\\Pipeline\\Pipeline->Illuminate\\Pipeline\\{closure}(Object(Illuminate\\Http\\Request))
#14 C:\\xampp\\htdocs\\Laravel Projects\\tlight\\vendor\\laravel\\framework\\src\\Illuminate\\Auth\\Middleware\\EnsureEmailIsVerified.php(29): Illuminate\\Routing\\Pipeline->Illuminate\\Routing\\{closure}(Object(Illuminate\\Http\\Request))
#15 C:\\xampp\\htdocs\\Laravel Projects\\tlight\\vendor\\laravel\\framework\\src\\Illuminate\\Pipeline\\Pipeline.php(163): Illuminate\\Auth\\Middleware\\EnsureEmailIsVerified->handle(Object(Illuminate\\Http\\Request), Object(Closure))
#16 C:\\xampp\\htdocs\\Laravel Projects\\tlight\\vendor\\laravel\\framework\\src\\Illuminate\\Routing\\Pipeline.php(53): Illuminate\\Pipeline\\Pipeline->Illuminate\\Pipeline\\{closure}(Object(Illuminate\\Http\\Request))
#17 C:\\xampp\\htdocs\\Laravel Projects\\tlight\\vendor\\laravel\\framework\\src\\Illuminate\\Routing\\Middleware\\SubstituteBindings.php(41): Illuminate\\Routing\\Pipeline->Illuminate\\Routing\\{closure}(Object(Illuminate\\Http\\Request))
#18 C:\\xampp\\htdocs\\Laravel Projects\\tlight\\vendor\\laravel\\framework\\src\\Illuminate\\Pipeline\\Pipeline.php(163): Illuminate\\Routing\\Middleware\\SubstituteBindings->handle(Object(Illuminate\\Http\\Request), Object(Closure))
#19 C:\\xampp\\htdocs\\Laravel Projects\\tlight\\vendor\\laravel\\framework\\src\\Illuminate\\Routing\\Pipeline.php(53): Illuminate\\Pipeline\\Pipeline->Illuminate\\Pipeline\\{closure}(Object(Illuminate\\Http\\Request))
#20 C:\\xampp\\htdocs\\Laravel Projects\\tlight\\vendor\\laravel\\framework\\src\\Illuminate\\Auth\\Middleware\\Authenticate.php(43): Illuminate\\Routing\\Pipeline->Illuminate\\Routing\\{closure}(Object(Illuminate\\Http\\Request))
#21 C:\\xampp\\htdocs\\Laravel Projects\\tlight\\vendor\\laravel\\framework\\src\\Illuminate\\Pipeline\\Pipeline.php(163): Illuminate\\Auth\\Middleware\\Authenticate->handle(Object(Illuminate\\Http\\Request), Object(Closure))
#22 C:\\xampp\\htdocs\\Laravel Projects\\tlight\\vendor\\laravel\\framework\\src\\Illuminate\\Routing\\Pipeline.php(53): Illuminate\\Pipeline\\Pipeline->Illuminate\\Pipeline\\{closure}(Object(Illuminate\\Http\\Request))
#23 C:\\xampp\\htdocs\\Laravel Projects\\tlight\\vendor\\laravel\\framework\\src\\Illuminate\\Foundation\\Http\\Middleware\\VerifyCsrfToken.php(75): Illuminate\\Routing\\Pipeline->Illuminate\\Routing\\{closure}(Object(Illuminate\\Http\\Request))
#24 C:\\xampp\\htdocs\\Laravel Projects\\tlight\\vendor\\laravel\\framework\\src\\Illuminate\\Pipeline\\Pipeline.php(163): Illuminate\\Foundation\\Http\\Middleware\\VerifyCsrfToken->handle(Object(Illuminate\\Http\\Request), Object(Closure))
#25 C:\\xampp\\htdocs\\Laravel Projects\\tlight\\vendor\\laravel\\framework\\src\\Illuminate\\Routing\\Pipeline.php(53): Illuminate\\Pipeline\\Pipeline->Illuminate\\Pipeline\\{closure}(Object(Illuminate\\Http\\Request))
#26 C:\\xampp\\htdocs\\Laravel Projects\\tlight\\vendor\\laravel\\framework\\src\\Illuminate\\View\\Middleware\\ShareErrorsFromSession.php(49): Illuminate\\Routing\\Pipeline->Illuminate\\Routing\\{closure}(Object(Illuminate\\Http\\Request))
#27 C:\\xampp\\htdocs\\Laravel Projects\\tlight\\vendor\\laravel\\framework\\src\\Illuminate\\Pipeline\\Pipeline.php(163): Illuminate\\View\\Middleware\\ShareErrorsFromSession->handle(Object(Illuminate\\Http\\Request), Object(Closure))
#28 C:\\xampp\\htdocs\\Laravel Projects\\tlight\\vendor\\laravel\\framework\\src\\Illuminate\\Routing\\Pipeline.php(53): Illuminate\\Pipeline\\Pipeline->Illuminate\\Pipeline\\{closure}(Object(Illuminate\\Http\\Request))
#29 C:\\xampp\\htdocs\\Laravel Projects\\tlight\\vendor\\laravel\\framework\\src\\Illuminate\\Session\\Middleware\\StartSession.php(56): Illuminate\\Routing\\Pipeline->Illuminate\\Routing\\{closure}(Object(Illuminate\\Http\\Request))
#30 C:\\xampp\\htdocs\\Laravel Projects\\tlight\\vendor\\laravel\\framework\\src\\Illuminate\\Pipeline\\Pipeline.php(163): Illuminate\\Session\\Middleware\\StartSession->handle(Object(Illuminate\\Http\\Request), Object(Closure))
#31 C:\\xampp\\htdocs\\Laravel Projects\\tlight\\vendor\\laravel\\framework\\src\\Illuminate\\Routing\\Pipeline.php(53): Illuminate\\Pipeline\\Pipeline->Illuminate\\Pipeline\\{closure}(Object(Illuminate\\Http\\Request))
#32 C:\\xampp\\htdocs\\Laravel Projects\\tlight\\vendor\\laravel\\framework\\src\\Illuminate\\Cookie\\Middleware\\AddQueuedCookiesToResponse.php(37): Illuminate\\Routing\\Pipeline->Illuminate\\Routing\\{closure}(Object(Illuminate\\Http\\Request))
#33 C:\\xampp\\htdocs\\Laravel Projects\\tlight\\vendor\\laravel\\framework\\src\\Illuminate\\Pipeline\\Pipeline.php(163): Illuminate\\Cookie\\Middleware\\AddQueuedCookiesToResponse->handle(Object(Illuminate\\Http\\Request), Object(Closure))
#34 C:\\xampp\\htdocs\\Laravel Projects\\tlight\\vendor\\laravel\\framework\\src\\Illuminate\\Routing\\Pipeline.php(53): Illuminate\\Pipeline\\Pipeline->Illuminate\\Pipeline\\{closure}(Object(Illuminate\\Http\\Request))
#35 C:\\xampp\\htdocs\\Laravel Projects\\tlight\\vendor\\laravel\\framework\\src\\Illuminate\\Cookie\\Middleware\\EncryptCookies.php(66): Illuminate\\Routing\\Pipeline->Illuminate\\Routing\\{closure}(Object(Illuminate\\Http\\Request))
#36 C:\\xampp\\htdocs\\Laravel Projects\\tlight\\vendor\\laravel\\framework\\src\\Illuminate\\Pipeline\\Pipeline.php(163): Illuminate\\Cookie\\Middleware\\EncryptCookies->handle(Object(Illuminate\\Http\\Request), Object(Closure))
#37 C:\\xampp\\htdocs\\Laravel Projects\\tlight\\vendor\\laravel\\framework\\src\\Illuminate\\Routing\\Pipeline.php(53): Illuminate\\Pipeline\\Pipeline->Illuminate\\Pipeline\\{closure}(Object(Illuminate\\Http\\Request))
#38 C:\\xampp\\htdocs\\Laravel Projects\\tlight\\vendor\\laravel\\framework\\src\\Illuminate\\Pipeline\\Pipeline.php(104): Illuminate\\Routing\\Pipeline->Illuminate\\Routing\\{closure}(Object(Illuminate\\Http\\Request))
#39 C:\\xampp\\htdocs\\Laravel Projects\\tlight\\vendor\\laravel\\framework\\src\\Illuminate\\Routing\\Router.php(682): Illuminate\\Pipeline\\Pipeline->then(Object(Closure))
#40 C:\\xampp\\htdocs\\Laravel Projects\\tlight\\vendor\\laravel\\framework\\src\\Illuminate\\Routing\\Router.php(657): Illuminate\\Routing\\Router->runRouteWithinStack(Object(Illuminate\\Routing\\Route), Object(Illuminate\\Http\\Request))
#41 C:\\xampp\\htdocs\\Laravel Projects\\tlight\\vendor\\laravel\\framework\\src\\Illuminate\\Routing\\Router.php(623): Illuminate\\Routing\\Router->runRoute(Object(Illuminate\\Http\\Request), Object(Illuminate\\Routing\\Route))
#42 C:\\xampp\\htdocs\\Laravel Projects\\tlight\\vendor\\laravel\\framework\\src\\Illuminate\\Routing\\Router.php(612): Illuminate\\Routing\\Router->dispatchToRoute(Object(Illuminate\\Http\\Request))
#43 C:\\xampp\\htdocs\\Laravel Projects\\tlight\\vendor\\laravel\\framework\\src\\Illuminate\\Foundation\\Http\\Kernel.php(176): Illuminate\\Routing\\Router->dispatch(Object(Illuminate\\Http\\Request))
#44 C:\\xampp\\htdocs\\Laravel Projects\\tlight\\vendor\\laravel\\framework\\src\\Illuminate\\Routing\\Pipeline.php(30): Illuminate\\Foundation\\Http\\Kernel->Illuminate\\Foundation\\Http\\{closure}(Object(Illuminate\\Http\\Request))
#45 C:\\xampp\\htdocs\\Laravel Projects\\tlight\\vendor\\fideloper\\proxy\\src\\TrustProxies.php(57): Illuminate\\Routing\\Pipeline->Illuminate\\Routing\\{closure}(Object(Illuminate\\Http\\Request))
#46 C:\\xampp\\htdocs\\Laravel Projects\\tlight\\vendor\\laravel\\framework\\src\\Illuminate\\Pipeline\\Pipeline.php(163): Fideloper\\Proxy\\TrustProxies->handle(Object(Illuminate\\Http\\Request), Object(Closure))
#47 C:\\xampp\\htdocs\\Laravel Projects\\tlight\\vendor\\laravel\\framework\\src\\Illuminate\\Routing\\Pipeline.php(53): Illuminate\\Pipeline\\Pipeline->Illuminate\\Pipeline\\{closure}(Object(Illuminate\\Http\\Request))
#48 C:\\xampp\\htdocs\\Laravel Projects\\tlight\\vendor\\laravel\\framework\\src\\Illuminate\\Foundation\\Http\\Middleware\\TransformsRequest.php(21): Illuminate\\Routing\\Pipeline->Illuminate\\Routing\\{closure}(Object(Illuminate\\Http\\Request))
#49 C:\\xampp\\htdocs\\Laravel Projects\\tlight\\vendor\\laravel\\framework\\src\\Illuminate\\Pipeline\\Pipeline.php(163): Illuminate\\Foundation\\Http\\Middleware\\TransformsRequest->handle(Object(Illuminate\\Http\\Request), Object(Closure))
#50 C:\\xampp\\htdocs\\Laravel Projects\\tlight\\vendor\\laravel\\framework\\src\\Illuminate\\Routing\\Pipeline.php(53): Illuminate\\Pipeline\\Pipeline->Illuminate\\Pipeline\\{closure}(Object(Illuminate\\Http\\Request))
#51 C:\\xampp\\htdocs\\Laravel Projects\\tlight\\vendor\\laravel\\framework\\src\\Illuminate\\Foundation\\Http\\Middleware\\TransformsRequest.php(21): Illuminate\\Routing\\Pipeline->Illuminate\\Routing\\{closure}(Object(Illuminate\\Http\\Request))
#52 C:\\xampp\\htdocs\\Laravel Projects\\tlight\\vendor\\laravel\\framework\\src\\Illuminate\\Pipeline\\Pipeline.php(163): Illuminate\\Foundation\\Http\\Middleware\\TransformsRequest->handle(Object(Illuminate\\Http\\Request), Object(Closure))
#53 C:\\xampp\\htdocs\\Laravel Projects\\tlight\\vendor\\laravel\\framework\\src\\Illuminate\\Routing\\Pipeline.php(53): Illuminate\\Pipeline\\Pipeline->Illuminate\\Pipeline\\{closure}(Object(Illuminate\\Http\\Request))
#54 C:\\xampp\\htdocs\\Laravel Projects\\tlight\\vendor\\laravel\\framework\\src\\Illuminate\\Foundation\\Http\\Middleware\\ValidatePostSize.php(27): Illuminate\\Routing\\Pipeline->Illuminate\\Routing\\{closure}(Object(Illuminate\\Http\\Request))
#55 C:\\xampp\\htdocs\\Laravel Projects\\tlight\\vendor\\laravel\\framework\\src\\Illuminate\\Pipeline\\Pipeline.php(163): Illuminate\\Foundation\\Http\\Middleware\\ValidatePostSize->handle(Object(Illuminate\\Http\\Request), Object(Closure))
#56 C:\\xampp\\htdocs\\Laravel Projects\\tlight\\vendor\\laravel\\framework\\src\\Illuminate\\Routing\\Pipeline.php(53): Illuminate\\Pipeline\\Pipeline->Illuminate\\Pipeline\\{closure}(Object(Illuminate\\Http\\Request))
#57 C:\\xampp\\htdocs\\Laravel Projects\\tlight\\vendor\\laravel\\framework\\src\\Illuminate\\Foundation\\Http\\Middleware\\CheckForMaintenanceMode.php(62): Illuminate\\Routing\\Pipeline->Illuminate\\Routing\\{closure}(Object(Illuminate\\Http\\Request))
#58 C:\\xampp\\htdocs\\Laravel Projects\\tlight\\vendor\\laravel\\framework\\src\\Illuminate\\Pipeline\\Pipeline.php(163): Illuminate\\Foundation\\Http\\Middleware\\CheckForMaintenanceMode->handle(Object(Illuminate\\Http\\Request), Object(Closure))
#59 C:\\xampp\\htdocs\\Laravel Projects\\tlight\\vendor\\laravel\\framework\\src\\Illuminate\\Routing\\Pipeline.php(53): Illuminate\\Pipeline\\Pipeline->Illuminate\\Pipeline\\{closure}(Object(Illuminate\\Http\\Request))
#60 C:\\xampp\\htdocs\\Laravel Projects\\tlight\\vendor\\laravel\\framework\\src\\Illuminate\\Pipeline\\Pipeline.php(104): Illuminate\\Routing\\Pipeline->Illuminate\\Routing\\{closure}(Object(Illuminate\\Http\\Request))
#61 C:\\xampp\\htdocs\\Laravel Projects\\tlight\\vendor\\laravel\\framework\\src\\Illuminate\\Foundation\\Http\\Kernel.php(151): Illuminate\\Pipeline\\Pipeline->then(Object(Closure))
#62 C:\\xampp\\htdocs\\Laravel Projects\\tlight\\vendor\\laravel\\framework\\src\\Illuminate\\Foundation\\Http\\Kernel.php(116): Illuminate\\Foundation\\Http\\Kernel->sendRequestThroughRouter(Object(Illuminate\\Http\\Request))
#63 C:\\xampp\\htdocs\\Laravel Projects\\tlight\\public\\index.php(55): Illuminate\\Foundation\\Http\\Kernel->handle(Object(Illuminate\\Http\\Request))
#64 C:\\xampp\\htdocs\\Laravel Projects\\tlight\\server.php(21): require_once('C:\\\\xampp\\\\htdocs...')
#65 {main}
"} 
[2020-11-04 08:21:56] local.ERROR: Undefined variable: I (View: C:\xampp\htdocs\Laravel Projects\tlight\resources\views\admin\posts\index.blade.php) {"userId":1,"exception":"[object] (ErrorException(code: 0): Undefined variable: I (View: C:\\xampp\\htdocs\\Laravel Projects\\tlight\esources\\views\\admin\\posts\\index.blade.php) at C:\\xampp\\htdocs\\Laravel Projects\\tlight\\storage\\framework\\views\\06ab947f3da4b2f724f830a864949e8ae725ce50.php:44, ErrorException(code: 0): Undefined variable: I at C:\\xampp\\htdocs\\Laravel Projects\\tlight\\storage\\framework\\views\\06ab947f3da4b2f724f830a864949e8ae725ce50.php:44)
[stacktrace]
#0 C:\\xampp\\htdocs\\Laravel Projects\\tlight\\vendor\\laravel\\framework\\src\\Illuminate\\View\\Engines\\PhpEngine.php(45): Illuminate\\View\\Engines\\CompilerEngine->handleViewException(Object(ErrorException), 1)
#1 C:\\xampp\\htdocs\\Laravel Projects\\tlight\\vendor\\laravel\\framework\\src\\Illuminate\\View\\Engines\\CompilerEngine.php(59): Illuminate\\View\\Engines\\PhpEngine->evaluatePath('C:\\\\xampp\\\\htdocs...', Array)
#2 C:\\xampp\\htdocs\\Laravel Projects\\tlight\\vendor\\laravel\\framework\\src\\Illuminate\\View\\View.php(142): Illuminate\\View\\Engines\\CompilerEngine->get('C:\\\\xampp\\\\htdocs...', Array)
#3 C:\\xampp\\htdocs\\Laravel Projects\\tlight\\vendor\\laravel\\framework\\src\\Illuminate\\View\\View.php(125): Illuminate\\View\\View->getContents()
#4 C:\\xampp\\htdocs\\Laravel Projects\\tlight\\vendor\\laravel\\framework\\src\\Illuminate\\View\\View.php(90): Illuminate\\View\\View->renderContents()
#5 C:\\xampp\\htdocs\\Laravel Projects\\tlight\\vendor\\laravel\\framework\\src\\Illuminate\\Http\\Response.php(42): Illuminate\\View\\View->render()
#6 C:\\xampp\\htdocs\\Laravel Projects\\tlight\\vendor\\symfony\\http-foundation\\Response.php(205): Illuminate\\Http\\Response->setContent(Object(Illuminate\\View\\View))
#7 C:\\xampp\\htdocs\\Laravel Projects\\tlight\\vendor\\laravel\\framework\\src\\Illuminate\\Routing\\Router.php(748): Symfony\\Component\\HttpFoundation\\Response->__construct(Object(Illuminate\\View\\View))
#8 C:\\xampp\\htdocs\\Laravel Projects\\tlight\\vendor\\laravel\\framework\\src\\Illuminate\\Routing\\Router.php(720): Illuminate\\Routing\\Router::toResponse(Object(Illuminate\\Http\\Request), Object(Illuminate\\View\\View))
#9 C:\\xampp\\htdocs\\Laravel Projects\\tlight\\vendor\\laravel\\framework\\src\\Illuminate\\Routing\\Router.php(680): Illuminate\\Routing\\Router->prepareResponse(Object(Illuminate\\Http\\Request), Object(Illuminate\\View\\View))
#10 C:\\xampp\\htdocs\\Laravel Projects\\tlight\\vendor\\laravel\\framework\\src\\Illuminate\\Routing\\Pipeline.php(30): Illuminate\\Routing\\Router->Illuminate\\Routing\\{closure}(Object(Illuminate\\Http\\Request))
#11 C:\\xampp\\htdocs\\Laravel Projects\\tlight\\app\\Http\\Middleware\\SwitchUser.php(22): Illuminate\\Routing\\Pipeline->Illuminate\\Routing\\{closure}(Object(Illuminate\\Http\\Request))
#12 C:\\xampp\\htdocs\\Laravel Projects\\tlight\\vendor\\laravel\\framework\\src\\Illuminate\\Pipeline\\Pipeline.php(163): App\\Http\\Middleware\\SwitchUser->handle(Object(Illuminate\\Http\\Request), Object(Closure))
#13 C:\\xampp\\htdocs\\Laravel Projects\\tlight\\vendor\\laravel\\framework\\src\\Illuminate\\Routing\\Pipeline.php(53): Illuminate\\Pipeline\\Pipeline->Illuminate\\Pipeline\\{closure}(Object(Illuminate\\Http\\Request))
#14 C:\\xampp\\htdocs\\Laravel Projects\\tlight\\vendor\\laravel\\framework\\src\\Illuminate\\Auth\\Middleware\\EnsureEmailIsVerified.php(29): Illuminate\\Routing\\Pipeline->Illuminate\\Routing\\{closure}(Object(Illuminate\\Http\\Request))
#15 C:\\xampp\\htdocs\\Laravel Projects\\tlight\\vendor\\laravel\\framework\\src\\Illuminate\\Pipeline\\Pipeline.php(163): Illuminate\\Auth\\Middleware\\EnsureEmailIsVerified->handle(Object(Illuminate\\Http\\Request), Object(Closure))
#16 C:\\xampp\\htdocs\\Laravel Projects\\tlight\\vendor\\laravel\\framework\\src\\Illuminate\\Routing\\Pipeline.php(53): Illuminate\\Pipeline\\Pipeline->Illuminate\\Pipeline\\{closure}(Object(Illuminate\\Http\\Request))
#17 C:\\xampp\\htdocs\\Laravel Projects\\tlight\\vendor\\laravel\\framework\\src\\Illuminate\\Routing\\Middleware\\SubstituteBindings.php(41): Illuminate\\Routing\\Pipeline->Illuminate\\Routing\\{closure}(Object(Illuminate\\Http\\Request))
#18 C:\\xampp\\htdocs\\Laravel Projects\\tlight\\vendor\\laravel\\framework\\src\\Illuminate\\Pipeline\\Pipeline.php(163): Illuminate\\Routing\\Middleware\\SubstituteBindings->handle(Object(Illuminate\\Http\\Request), Object(Closure))
#19 C:\\xampp\\htdocs\\Laravel Projects\\tlight\\vendor\\laravel\\framework\\src\\Illuminate\\Routing\\Pipeline.php(53): Illuminate\\Pipeline\\Pipeline->Illuminate\\Pipeline\\{closure}(Object(Illuminate\\Http\\Request))
#20 C:\\xampp\\htdocs\\Laravel Projects\\tlight\\vendor\\laravel\\framework\\src\\Illuminate\\Auth\\Middleware\\Authenticate.php(43): Illuminate\\Routing\\Pipeline->Illuminate\\Routing\\{closure}(Object(Illuminate\\Http\\Request))
#21 C:\\xampp\\htdocs\\Laravel Projects\\tlight\\vendor\\laravel\\framework\\src\\Illuminate\\Pipeline\\Pipeline.php(163): Illuminate\\Auth\\Middleware\\Authenticate->handle(Object(Illuminate\\Http\\Request), Object(Closure))
#22 C:\\xampp\\htdocs\\Laravel Projects\\tlight\\vendor\\laravel\\framework\\src\\Illuminate\\Routing\\Pipeline.php(53): Illuminate\\Pipeline\\Pipeline->Illuminate\\Pipeline\\{closure}(Object(Illuminate\\Http\\Request))
#23 C:\\xampp\\htdocs\\Laravel Projects\\tlight\\vendor\\laravel\\framework\\src\\Illuminate\\Foundation\\Http\\Middleware\\VerifyCsrfToken.php(75): Illuminate\\Routing\\Pipeline->Illuminate\\Routing\\{closure}(Object(Illuminate\\Http\\Request))
#24 C:\\xampp\\htdocs\\Laravel Projects\\tlight\\vendor\\laravel\\framework\\src\\Illuminate\\Pipeline\\Pipeline.php(163): Illuminate\\Foundation\\Http\\Middleware\\VerifyCsrfToken->handle(Object(Illuminate\\Http\\Request), Object(Closure))
#25 C:\\xampp\\htdocs\\Laravel Projects\\tlight\\vendor\\laravel\\framework\\src\\Illuminate\\Routing\\Pipeline.php(53): Illuminate\\Pipeline\\Pipeline->Illuminate\\Pipeline\\{closure}(Object(Illuminate\\Http\\Request))
#26 C:\\xampp\\htdocs\\Laravel Projects\\tlight\\vendor\\laravel\\framework\\src\\Illuminate\\View\\Middleware\\ShareErrorsFromSession.php(49): Illuminate\\Routing\\Pipeline->Illuminate\\Routing\\{closure}(Object(Illuminate\\Http\\Request))
#27 C:\\xampp\\htdocs\\Laravel Projects\\tlight\\vendor\\laravel\\framework\\src\\Illuminate\\Pipeline\\Pipeline.php(163): Illuminate\\View\\Middleware\\ShareErrorsFromSession->handle(Object(Illuminate\\Http\\Request), Object(Closure))
#28 C:\\xampp\\htdocs\\Laravel Projects\\tlight\\vendor\\laravel\\framework\\src\\Illuminate\\Routing\\Pipeline.php(53): Illuminate\\Pipeline\\Pipeline->Illuminate\\Pipeline\\{closure}(Object(Illuminate\\Http\\Request))
#29 C:\\xampp\\htdocs\\Laravel Projects\\tlight\\vendor\\laravel\\framework\\src\\Illuminate\\Session\\Middleware\\StartSession.php(56): Illuminate\\Routing\\Pipeline->Illuminate\\Routing\\{closure}(Object(Illuminate\\Http\\Request))
#30 C:\\xampp\\htdocs\\Laravel Projects\\tlight\\vendor\\laravel\\framework\\src\\Illuminate\\Pipeline\\Pipeline.php(163): Illuminate\\Session\\Middleware\\StartSession->handle(Object(Illuminate\\Http\\Request), Object(Closure))
#31 C:\\xampp\\htdocs\\Laravel Projects\\tlight\\vendor\\laravel\\framework\\src\\Illuminate\\Routing\\Pipeline.php(53): Illuminate\\Pipeline\\Pipeline->Illuminate\\Pipeline\\{closure}(Object(Illuminate\\Http\\Request))
#32 C:\\xampp\\htdocs\\Laravel Projects\\tlight\\vendor\\laravel\\framework\\src\\Illuminate\\Cookie\\Middleware\\AddQueuedCookiesToResponse.php(37): Illuminate\\Routing\\Pipeline->Illuminate\\Routing\\{closure}(Object(Illuminate\\Http\\Request))
#33 C:\\xampp\\htdocs\\Laravel Projects\\tlight\\vendor\\laravel\\framework\\src\\Illuminate\\Pipeline\\Pipeline.php(163): Illuminate\\Cookie\\Middleware\\AddQueuedCookiesToResponse->handle(Object(Illuminate\\Http\\Request), Object(Closure))
#34 C:\\xampp\\htdocs\\Laravel Projects\\tlight\\vendor\\laravel\\framework\\src\\Illuminate\\Routing\\Pipeline.php(53): Illuminate\\Pipeline\\Pipeline->Illuminate\\Pipeline\\{closure}(Object(Illuminate\\Http\\Request))
#35 C:\\xampp\\htdocs\\Laravel Projects\\tlight\\vendor\\laravel\\framework\\src\\Illuminate\\Cookie\\Middleware\\EncryptCookies.php(66): Illuminate\\Routing\\Pipeline->Illuminate\\Routing\\{closure}(Object(Illuminate\\Http\\Request))
#36 C:\\xampp\\htdocs\\Laravel Projects\\tlight\\vendor\\laravel\\framework\\src\\Illuminate\\Pipeline\\Pipeline.php(163): Illuminate\\Cookie\\Middleware\\EncryptCookies->handle(Object(Illuminate\\Http\\Request), Object(Closure))
#37 C:\\xampp\\htdocs\\Laravel Projects\\tlight\\vendor\\laravel\\framework\\src\\Illuminate\\Routing\\Pipeline.php(53): Illuminate\\Pipeline\\Pipeline->Illuminate\\Pipeline\\{closure}(Object(Illuminate\\Http\\Request))
#38 C:\\xampp\\htdocs\\Laravel Projects\\tlight\\vendor\\laravel\\framework\\src\\Illuminate\\Pipeline\\Pipeline.php(104): Illuminate\\Routing\\Pipeline->Illuminate\\Routing\\{closure}(Object(Illuminate\\Http\\Request))
#39 C:\\xampp\\htdocs\\Laravel Projects\\tlight\\vendor\\laravel\\framework\\src\\Illuminate\\Routing\\Router.php(682): Illuminate\\Pipeline\\Pipeline->then(Object(Closure))
#40 C:\\xampp\\htdocs\\Laravel Projects\\tlight\\vendor\\laravel\\framework\\src\\Illuminate\\Routing\\Router.php(657): Illuminate\\Routing\\Router->runRouteWithinStack(Object(Illuminate\\Routing\\Route), Object(Illuminate\\Http\\Request))
#41 C:\\xampp\\htdocs\\Laravel Projects\\tlight\\vendor\\laravel\\framework\\src\\Illuminate\\Routing\\Router.php(623): Illuminate\\Routing\\Router->runRoute(Object(Illuminate\\Http\\Request), Object(Illuminate\\Routing\\Route))
#42 C:\\xampp\\htdocs\\Laravel Projects\\tlight\\vendor\\laravel\\framework\\src\\Illuminate\\Routing\\Router.php(612): Illuminate\\Routing\\Router->dispatchToRoute(Object(Illuminate\\Http\\Request))
#43 C:\\xampp\\htdocs\\Laravel Projects\\tlight\\vendor\\laravel\\framework\\src\\Illuminate\\Foundation\\Http\\Kernel.php(176): Illuminate\\Routing\\Router->dispatch(Object(Illuminate\\Http\\Request))
#44 C:\\xampp\\htdocs\\Laravel Projects\\tlight\\vendor\\laravel\\framework\\src\\Illuminate\\Routing\\Pipeline.php(30): Illuminate\\Foundation\\Http\\Kernel->Illuminate\\Foundation\\Http\\{closure}(Object(Illuminate\\Http\\Request))
#45 C:\\xampp\\htdocs\\Laravel Projects\\tlight\\vendor\\fideloper\\proxy\\src\\TrustProxies.php(57): Illuminate\\Routing\\Pipeline->Illuminate\\Routing\\{closure}(Object(Illuminate\\Http\\Request))
#46 C:\\xampp\\htdocs\\Laravel Projects\\tlight\\vendor\\laravel\\framework\\src\\Illuminate\\Pipeline\\Pipeline.php(163): Fideloper\\Proxy\\TrustProxies->handle(Object(Illuminate\\Http\\Request), Object(Closure))
#47 C:\\xampp\\htdocs\\Laravel Projects\\tlight\\vendor\\laravel\\framework\\src\\Illuminate\\Routing\\Pipeline.php(53): Illuminate\\Pipeline\\Pipeline->Illuminate\\Pipeline\\{closure}(Object(Illuminate\\Http\\Request))
#48 C:\\xampp\\htdocs\\Laravel Projects\\tlight\\vendor\\laravel\\framework\\src\\Illuminate\\Foundation\\Http\\Middleware\\TransformsRequest.php(21): Illuminate\\Routing\\Pipeline->Illuminate\\Routing\\{closure}(Object(Illuminate\\Http\\Request))
#49 C:\\xampp\\htdocs\\Laravel Projects\\tlight\\vendor\\laravel\\framework\\src\\Illuminate\\Pipeline\\Pipeline.php(163): Illuminate\\Foundation\\Http\\Middleware\\TransformsRequest->handle(Object(Illuminate\\Http\\Request), Object(Closure))
#50 C:\\xampp\\htdocs\\Laravel Projects\\tlight\\vendor\\laravel\\framework\\src\\Illuminate\\Routing\\Pipeline.php(53): Illuminate\\Pipeline\\Pipeline->Illuminate\\Pipeline\\{closure}(Object(Illuminate\\Http\\Request))
#51 C:\\xampp\\htdocs\\Laravel Projects\\tlight\\vendor\\laravel\\framework\\src\\Illuminate\\Foundation\\Http\\Middleware\\TransformsRequest.php(21): Illuminate\\Routing\\Pipeline->Illuminate\\Routing\\{closure}(Object(Illuminate\\Http\\Request))
#52 C:\\xampp\\htdocs\\Laravel Projects\\tlight\\vendor\\laravel\\framework\\src\\Illuminate\\Pipeline\\Pipeline.php(163): Illuminate\\Foundation\\Http\\Middleware\\TransformsRequest->handle(Object(Illuminate\\Http\\Request), Object(Closure))
#53 C:\\xampp\\htdocs\\Laravel Projects\\tlight\\vendor\\laravel\\framework\\src\\Illuminate\\Routing\\Pipeline.php(53): Illuminate\\Pipeline\\Pipeline->Illuminate\\Pipeline\\{closure}(Object(Illuminate\\Http\\Request))
#54 C:\\xampp\\htdocs\\Laravel Projects\\tlight\\vendor\\laravel\\framework\\src\\Illuminate\\Foundation\\Http\\Middleware\\ValidatePostSize.php(27): Illuminate\\Routing\\Pipeline->Illuminate\\Routing\\{closure}(Object(Illuminate\\Http\\Request))
#55 C:\\xampp\\htdocs\\Laravel Projects\\tlight\\vendor\\laravel\\framework\\src\\Illuminate\\Pipeline\\Pipeline.php(163): Illuminate\\Foundation\\Http\\Middleware\\ValidatePostSize->handle(Object(Illuminate\\Http\\Request), Object(Closure))
#56 C:\\xampp\\htdocs\\Laravel Projects\\tlight\\vendor\\laravel\\framework\\src\\Illuminate\\Routing\\Pipeline.php(53): Illuminate\\Pipeline\\Pipeline->Illuminate\\Pipeline\\{closure}(Object(Illuminate\\Http\\Request))
#57 C:\\xampp\\htdocs\\Laravel Projects\\tlight\\vendor\\laravel\\framework\\src\\Illuminate\\Foundation\\Http\\Middleware\\CheckForMaintenanceMode.php(62): Illuminate\\Routing\\Pipeline->Illuminate\\Routing\\{closure}(Object(Illuminate\\Http\\Request))
#58 C:\\xampp\\htdocs\\Laravel Projects\\tlight\\vendor\\laravel\\framework\\src\\Illuminate\\Pipeline\\Pipeline.php(163): Illuminate\\Foundation\\Http\\Middleware\\CheckForMaintenanceMode->handle(Object(Illuminate\\Http\\Request), Object(Closure))
#59 C:\\xampp\\htdocs\\Laravel Projects\\tlight\\vendor\\laravel\\framework\\src\\Illuminate\\Routing\\Pipeline.php(53): Illuminate\\Pipeline\\Pipeline->Illuminate\\Pipeline\\{closure}(Object(Illuminate\\Http\\Request))
#60 C:\\xampp\\htdocs\\Laravel Projects\\tlight\\vendor\\laravel\\framework\\src\\Illuminate\\Pipeline\\Pipeline.php(104): Illuminate\\Routing\\Pipeline->Illuminate\\Routing\\{closure}(Object(Illuminate\\Http\\Request))
#61 C:\\xampp\\htdocs\\Laravel Projects\\tlight\\vendor\\laravel\\framework\\src\\Illuminate\\Foundation\\Http\\Kernel.php(151): Illuminate\\Pipeline\\Pipeline->then(Object(Closure))
#62 C:\\xampp\\htdocs\\Laravel Projects\\tlight\\vendor\\laravel\\framework\\src\\Illuminate\\Foundation\\Http\\Kernel.php(116): Illuminate\\Foundation\\Http\\Kernel->sendRequestThroughRouter(Object(Illuminate\\Http\\Request))
#63 C:\\xampp\\htdocs\\Laravel Projects\\tlight\\public\\index.php(55): Illuminate\\Foundation\\Http\\Kernel->handle(Object(Illuminate\\Http\\Request))
#64 C:\\xampp\\htdocs\\Laravel Projects\\tlight\\server.php(21): require_once('C:\\\\xampp\\\\htdocs...')
#65 {main}
"} 
[2020-11-04 08:22:12] local.ERROR: Undefined variable: I (View: C:\xampp\htdocs\Laravel Projects\tlight\resources\views\admin\posts\index.blade.php) {"userId":1,"exception":"[object] (ErrorException(code: 0): Undefined variable: I (View: C:\\xampp\\htdocs\\Laravel Projects\\tlight\esources\\views\\admin\\posts\\index.blade.php) at C:\\xampp\\htdocs\\Laravel Projects\\tlight\\storage\\framework\\views\\06ab947f3da4b2f724f830a864949e8ae725ce50.php:44, ErrorException(code: 0): Undefined variable: I at C:\\xampp\\htdocs\\Laravel Projects\\tlight\\storage\\framework\\views\\06ab947f3da4b2f724f830a864949e8ae725ce50.php:44)
[stacktrace]
#0 C:\\xampp\\htdocs\\Laravel Projects\\tlight\\vendor\\laravel\\framework\\src\\Illuminate\\View\\Engines\\PhpEngine.php(45): Illuminate\\View\\Engines\\CompilerEngine->handleViewException(Object(ErrorException), 1)
#1 C:\\xampp\\htdocs\\Laravel Projects\\tlight\\vendor\\laravel\\framework\\src\\Illuminate\\View\\Engines\\CompilerEngine.php(59): Illuminate\\View\\Engines\\PhpEngine->evaluatePath('C:\\\\xampp\\\\htdocs...', Array)
#2 C:\\xampp\\htdocs\\Laravel Projects\\tlight\\vendor\\laravel\\framework\\src\\Illuminate\\View\\View.php(142): Illuminate\\View\\Engines\\CompilerEngine->get('C:\\\\xampp\\\\htdocs...', Array)
#3 C:\\xampp\\htdocs\\Laravel Projects\\tlight\\vendor\\laravel\\framework\\src\\Illuminate\\View\\View.php(125): Illuminate\\View\\View->getContents()
#4 C:\\xampp\\htdocs\\Laravel Projects\\tlight\\vendor\\laravel\\framework\\src\\Illuminate\\View\\View.php(90): Illuminate\\View\\View->renderContents()
#5 C:\\xampp\\htdocs\\Laravel Projects\\tlight\\vendor\\laravel\\framework\\src\\Illuminate\\Http\\Response.php(42): Illuminate\\View\\View->render()
#6 C:\\xampp\\htdocs\\Laravel Projects\\tlight\\vendor\\symfony\\http-foundation\\Response.php(205): Illuminate\\Http\\Response->setContent(Object(Illuminate\\View\\View))
#7 C:\\xampp\\htdocs\\Laravel Projects\\tlight\\vendor\\laravel\\framework\\src\\Illuminate\\Routing\\Router.php(748): Symfony\\Component\\HttpFoundation\\Response->__construct(Object(Illuminate\\View\\View))
#8 C:\\xampp\\htdocs\\Laravel Projects\\tlight\\vendor\\laravel\\framework\\src\\Illuminate\\Routing\\Router.php(720): Illuminate\\Routing\\Router::toResponse(Object(Illuminate\\Http\\Request), Object(Illuminate\\View\\View))
#9 C:\\xampp\\htdocs\\Laravel Projects\\tlight\\vendor\\laravel\\framework\\src\\Illuminate\\Routing\\Router.php(680): Illuminate\\Routing\\Router->prepareResponse(Object(Illuminate\\Http\\Request), Object(Illuminate\\View\\View))
#10 C:\\xampp\\htdocs\\Laravel Projects\\tlight\\vendor\\laravel\\framework\\src\\Illuminate\\Routing\\Pipeline.php(30): Illuminate\\Routing\\Router->Illuminate\\Routing\\{closure}(Object(Illuminate\\Http\\Request))
#11 C:\\xampp\\htdocs\\Laravel Projects\\tlight\\app\\Http\\Middleware\\SwitchUser.php(22): Illuminate\\Routing\\Pipeline->Illuminate\\Routing\\{closure}(Object(Illuminate\\Http\\Request))
#12 C:\\xampp\\htdocs\\Laravel Projects\\tlight\\vendor\\laravel\\framework\\src\\Illuminate\\Pipeline\\Pipeline.php(163): App\\Http\\Middleware\\SwitchUser->handle(Object(Illuminate\\Http\\Request), Object(Closure))
#13 C:\\xampp\\htdocs\\Laravel Projects\\tlight\\vendor\\laravel\\framework\\src\\Illuminate\\Routing\\Pipeline.php(53): Illuminate\\Pipeline\\Pipeline->Illuminate\\Pipeline\\{closure}(Object(Illuminate\\Http\\Request))
#14 C:\\xampp\\htdocs\\Laravel Projects\\tlight\\vendor\\laravel\\framework\\src\\Illuminate\\Auth\\Middleware\\EnsureEmailIsVerified.php(29): Illuminate\\Routing\\Pipeline->Illuminate\\Routing\\{closure}(Object(Illuminate\\Http\\Request))
#15 C:\\xampp\\htdocs\\Laravel Projects\\tlight\\vendor\\laravel\\framework\\src\\Illuminate\\Pipeline\\Pipeline.php(163): Illuminate\\Auth\\Middleware\\EnsureEmailIsVerified->handle(Object(Illuminate\\Http\\Request), Object(Closure))
#16 C:\\xampp\\htdocs\\Laravel Projects\\tlight\\vendor\\laravel\\framework\\src\\Illuminate\\Routing\\Pipeline.php(53): Illuminate\\Pipeline\\Pipeline->Illuminate\\Pipeline\\{closure}(Object(Illuminate\\Http\\Request))
#17 C:\\xampp\\htdocs\\Laravel Projects\\tlight\\vendor\\laravel\\framework\\src\\Illuminate\\Routing\\Middleware\\SubstituteBindings.php(41): Illuminate\\Routing\\Pipeline->Illuminate\\Routing\\{closure}(Object(Illuminate\\Http\\Request))
#18 C:\\xampp\\htdocs\\Laravel Projects\\tlight\\vendor\\laravel\\framework\\src\\Illuminate\\Pipeline\\Pipeline.php(163): Illuminate\\Routing\\Middleware\\SubstituteBindings->handle(Object(Illuminate\\Http\\Request), Object(Closure))
#19 C:\\xampp\\htdocs\\Laravel Projects\\tlight\\vendor\\laravel\\framework\\src\\Illuminate\\Routing\\Pipeline.php(53): Illuminate\\Pipeline\\Pipeline->Illuminate\\Pipeline\\{closure}(Object(Illuminate\\Http\\Request))
#20 C:\\xampp\\htdocs\\Laravel Projects\\tlight\\vendor\\laravel\\framework\\src\\Illuminate\\Auth\\Middleware\\Authenticate.php(43): Illuminate\\Routing\\Pipeline->Illuminate\\Routing\\{closure}(Object(Illuminate\\Http\\Request))
#21 C:\\xampp\\htdocs\\Laravel Projects\\tlight\\vendor\\laravel\\framework\\src\\Illuminate\\Pipeline\\Pipeline.php(163): Illuminate\\Auth\\Middleware\\Authenticate->handle(Object(Illuminate\\Http\\Request), Object(Closure))
#22 C:\\xampp\\htdocs\\Laravel Projects\\tlight\\vendor\\laravel\\framework\\src\\Illuminate\\Routing\\Pipeline.php(53): Illuminate\\Pipeline\\Pipeline->Illuminate\\Pipeline\\{closure}(Object(Illuminate\\Http\\Request))
#23 C:\\xampp\\htdocs\\Laravel Projects\\tlight\\vendor\\laravel\\framework\\src\\Illuminate\\Foundation\\Http\\Middleware\\VerifyCsrfToken.php(75): Illuminate\\Routing\\Pipeline->Illuminate\\Routing\\{closure}(Object(Illuminate\\Http\\Request))
#24 C:\\xampp\\htdocs\\Laravel Projects\\tlight\\vendor\\laravel\\framework\\src\\Illuminate\\Pipeline\\Pipeline.php(163): Illuminate\\Foundation\\Http\\Middleware\\VerifyCsrfToken->handle(Object(Illuminate\\Http\\Request), Object(Closure))
#25 C:\\xampp\\htdocs\\Laravel Projects\\tlight\\vendor\\laravel\\framework\\src\\Illuminate\\Routing\\Pipeline.php(53): Illuminate\\Pipeline\\Pipeline->Illuminate\\Pipeline\\{closure}(Object(Illuminate\\Http\\Request))
#26 C:\\xampp\\htdocs\\Laravel Projects\\tlight\\vendor\\laravel\\framework\\src\\Illuminate\\View\\Middleware\\ShareErrorsFromSession.php(49): Illuminate\\Routing\\Pipeline->Illuminate\\Routing\\{closure}(Object(Illuminate\\Http\\Request))
#27 C:\\xampp\\htdocs\\Laravel Projects\\tlight\\vendor\\laravel\\framework\\src\\Illuminate\\Pipeline\\Pipeline.php(163): Illuminate\\View\\Middleware\\ShareErrorsFromSession->handle(Object(Illuminate\\Http\\Request), Object(Closure))
#28 C:\\xampp\\htdocs\\Laravel Projects\\tlight\\vendor\\laravel\\framework\\src\\Illuminate\\Routing\\Pipeline.php(53): Illuminate\\Pipeline\\Pipeline->Illuminate\\Pipeline\\{closure}(Object(Illuminate\\Http\\Request))
#29 C:\\xampp\\htdocs\\Laravel Projects\\tlight\\vendor\\laravel\\framework\\src\\Illuminate\\Session\\Middleware\\StartSession.php(56): Illuminate\\Routing\\Pipeline->Illuminate\\Routing\\{closure}(Object(Illuminate\\Http\\Request))
#30 C:\\xampp\\htdocs\\Laravel Projects\\tlight\\vendor\\laravel\\framework\\src\\Illuminate\\Pipeline\\Pipeline.php(163): Illuminate\\Session\\Middleware\\StartSession->handle(Object(Illuminate\\Http\\Request), Object(Closure))
#31 C:\\xampp\\htdocs\\Laravel Projects\\tlight\\vendor\\laravel\\framework\\src\\Illuminate\\Routing\\Pipeline.php(53): Illuminate\\Pipeline\\Pipeline->Illuminate\\Pipeline\\{closure}(Object(Illuminate\\Http\\Request))
#32 C:\\xampp\\htdocs\\Laravel Projects\\tlight\\vendor\\laravel\\framework\\src\\Illuminate\\Cookie\\Middleware\\AddQueuedCookiesToResponse.php(37): Illuminate\\Routing\\Pipeline->Illuminate\\Routing\\{closure}(Object(Illuminate\\Http\\Request))
#33 C:\\xampp\\htdocs\\Laravel Projects\\tlight\\vendor\\laravel\\framework\\src\\Illuminate\\Pipeline\\Pipeline.php(163): Illuminate\\Cookie\\Middleware\\AddQueuedCookiesToResponse->handle(Object(Illuminate\\Http\\Request), Object(Closure))
#34 C:\\xampp\\htdocs\\Laravel Projects\\tlight\\vendor\\laravel\\framework\\src\\Illuminate\\Routing\\Pipeline.php(53): Illuminate\\Pipeline\\Pipeline->Illuminate\\Pipeline\\{closure}(Object(Illuminate\\Http\\Request))
#35 C:\\xampp\\htdocs\\Laravel Projects\\tlight\\vendor\\laravel\\framework\\src\\Illuminate\\Cookie\\Middleware\\EncryptCookies.php(66): Illuminate\\Routing\\Pipeline->Illuminate\\Routing\\{closure}(Object(Illuminate\\Http\\Request))
#36 C:\\xampp\\htdocs\\Laravel Projects\\tlight\\vendor\\laravel\\framework\\src\\Illuminate\\Pipeline\\Pipeline.php(163): Illuminate\\Cookie\\Middleware\\EncryptCookies->handle(Object(Illuminate\\Http\\Request), Object(Closure))
#37 C:\\xampp\\htdocs\\Laravel Projects\\tlight\\vendor\\laravel\\framework\\src\\Illuminate\\Routing\\Pipeline.php(53): Illuminate\\Pipeline\\Pipeline->Illuminate\\Pipeline\\{closure}(Object(Illuminate\\Http\\Request))
#38 C:\\xampp\\htdocs\\Laravel Projects\\tlight\\vendor\\laravel\\framework\\src\\Illuminate\\Pipeline\\Pipeline.php(104): Illuminate\\Routing\\Pipeline->Illuminate\\Routing\\{closure}(Object(Illuminate\\Http\\Request))
#39 C:\\xampp\\htdocs\\Laravel Projects\\tlight\\vendor\\laravel\\framework\\src\\Illuminate\\Routing\\Router.php(682): Illuminate\\Pipeline\\Pipeline->then(Object(Closure))
#40 C:\\xampp\\htdocs\\Laravel Projects\\tlight\\vendor\\laravel\\framework\\src\\Illuminate\\Routing\\Router.php(657): Illuminate\\Routing\\Router->runRouteWithinStack(Object(Illuminate\\Routing\\Route), Object(Illuminate\\Http\\Request))
#41 C:\\xampp\\htdocs\\Laravel Projects\\tlight\\vendor\\laravel\\framework\\src\\Illuminate\\Routing\\Router.php(623): Illuminate\\Routing\\Router->runRoute(Object(Illuminate\\Http\\Request), Object(Illuminate\\Routing\\Route))
#42 C:\\xampp\\htdocs\\Laravel Projects\\tlight\\vendor\\laravel\\framework\\src\\Illuminate\\Routing\\Router.php(612): Illuminate\\Routing\\Router->dispatchToRoute(Object(Illuminate\\Http\\Request))
#43 C:\\xampp\\htdocs\\Laravel Projects\\tlight\\vendor\\laravel\\framework\\src\\Illuminate\\Foundation\\Http\\Kernel.php(176): Illuminate\\Routing\\Router->dispatch(Object(Illuminate\\Http\\Request))
#44 C:\\xampp\\htdocs\\Laravel Projects\\tlight\\vendor\\laravel\\framework\\src\\Illuminate\\Routing\\Pipeline.php(30): Illuminate\\Foundation\\Http\\Kernel->Illuminate\\Foundation\\Http\\{closure}(Object(Illuminate\\Http\\Request))
#45 C:\\xampp\\htdocs\\Laravel Projects\\tlight\\vendor\\fideloper\\proxy\\src\\TrustProxies.php(57): Illuminate\\Routing\\Pipeline->Illuminate\\Routing\\{closure}(Object(Illuminate\\Http\\Request))
#46 C:\\xampp\\htdocs\\Laravel Projects\\tlight\\vendor\\laravel\\framework\\src\\Illuminate\\Pipeline\\Pipeline.php(163): Fideloper\\Proxy\\TrustProxies->handle(Object(Illuminate\\Http\\Request), Object(Closure))
#47 C:\\xampp\\htdocs\\Laravel Projects\\tlight\\vendor\\laravel\\framework\\src\\Illuminate\\Routing\\Pipeline.php(53): Illuminate\\Pipeline\\Pipeline->Illuminate\\Pipeline\\{closure}(Object(Illuminate\\Http\\Request))
#48 C:\\xampp\\htdocs\\Laravel Projects\\tlight\\vendor\\laravel\\framework\\src\\Illuminate\\Foundation\\Http\\Middleware\\TransformsRequest.php(21): Illuminate\\Routing\\Pipeline->Illuminate\\Routing\\{closure}(Object(Illuminate\\Http\\Request))
#49 C:\\xampp\\htdocs\\Laravel Projects\\tlight\\vendor\\laravel\\framework\\src\\Illuminate\\Pipeline\\Pipeline.php(163): Illuminate\\Foundation\\Http\\Middleware\\TransformsRequest->handle(Object(Illuminate\\Http\\Request), Object(Closure))
#50 C:\\xampp\\htdocs\\Laravel Projects\\tlight\\vendor\\laravel\\framework\\src\\Illuminate\\Routing\\Pipeline.php(53): Illuminate\\Pipeline\\Pipeline->Illuminate\\Pipeline\\{closure}(Object(Illuminate\\Http\\Request))
#51 C:\\xampp\\htdocs\\Laravel Projects\\tlight\\vendor\\laravel\\framework\\src\\Illuminate\\Foundation\\Http\\Middleware\\TransformsRequest.php(21): Illuminate\\Routing\\Pipeline->Illuminate\\Routing\\{closure}(Object(Illuminate\\Http\\Request))
#52 C:\\xampp\\htdocs\\Laravel Projects\\tlight\\vendor\\laravel\\framework\\src\\Illuminate\\Pipeline\\Pipeline.php(163): Illuminate\\Foundation\\Http\\Middleware\\TransformsRequest->handle(Object(Illuminate\\Http\\Request), Object(Closure))
#53 C:\\xampp\\htdocs\\Laravel Projects\\tlight\\vendor\\laravel\\framework\\src\\Illuminate\\Routing\\Pipeline.php(53): Illuminate\\Pipeline\\Pipeline->Illuminate\\Pipeline\\{closure}(Object(Illuminate\\Http\\Request))
#54 C:\\xampp\\htdocs\\Laravel Projects\\tlight\\vendor\\laravel\\framework\\src\\Illuminate\\Foundation\\Http\\Middleware\\ValidatePostSize.php(27): Illuminate\\Routing\\Pipeline->Illuminate\\Routing\\{closure}(Object(Illuminate\\Http\\Request))
#55 C:\\xampp\\htdocs\\Laravel Projects\\tlight\\vendor\\laravel\\framework\\src\\Illuminate\\Pipeline\\Pipeline.php(163): Illuminate\\Foundation\\Http\\Middleware\\ValidatePostSize->handle(Object(Illuminate\\Http\\Request), Object(Closure))
#56 C:\\xampp\\htdocs\\Laravel Projects\\tlight\\vendor\\laravel\\framework\\src\\Illuminate\\Routing\\Pipeline.php(53): Illuminate\\Pipeline\\Pipeline->Illuminate\\Pipeline\\{closure}(Object(Illuminate\\Http\\Request))
#57 C:\\xampp\\htdocs\\Laravel Projects\\tlight\\vendor\\laravel\\framework\\src\\Illuminate\\Foundation\\Http\\Middleware\\CheckForMaintenanceMode.php(62): Illuminate\\Routing\\Pipeline->Illuminate\\Routing\\{closure}(Object(Illuminate\\Http\\Request))
#58 C:\\xampp\\htdocs\\Laravel Projects\\tlight\\vendor\\laravel\\framework\\src\\Illuminate\\Pipeline\\Pipeline.php(163): Illuminate\\Foundation\\Http\\Middleware\\CheckForMaintenanceMode->handle(Object(Illuminate\\Http\\Request), Object(Closure))
#59 C:\\xampp\\htdocs\\Laravel Projects\\tlight\\vendor\\laravel\\framework\\src\\Illuminate\\Routing\\Pipeline.php(53): Illuminate\\Pipeline\\Pipeline->Illuminate\\Pipeline\\{closure}(Object(Illuminate\\Http\\Request))
#60 C:\\xampp\\htdocs\\Laravel Projects\\tlight\\vendor\\laravel\\framework\\src\\Illuminate\\Pipeline\\Pipeline.php(104): Illuminate\\Routing\\Pipeline->Illuminate\\Routing\\{closure}(Object(Illuminate\\Http\\Request))
#61 C:\\xampp\\htdocs\\Laravel Projects\\tlight\\vendor\\laravel\\framework\\src\\Illuminate\\Foundation\\Http\\Kernel.php(151): Illuminate\\Pipeline\\Pipeline->then(Object(Closure))
#62 C:\\xampp\\htdocs\\Laravel Projects\\tlight\\vendor\\laravel\\framework\\src\\Illuminate\\Foundation\\Http\\Kernel.php(116): Illuminate\\Foundation\\Http\\Kernel->sendRequestThroughRouter(Object(Illuminate\\Http\\Request))
#63 C:\\xampp\\htdocs\\Laravel Projects\\tlight\\public\\index.php(55): Illuminate\\Foundation\\Http\\Kernel->handle(Object(Illuminate\\Http\\Request))
#64 C:\\xampp\\htdocs\\Laravel Projects\\tlight\\server.php(21): require_once('C:\\\\xampp\\\\htdocs...')
#65 {main}
"} 
[2020-11-04 08:22:19] local.ERROR: Undefined variable: I (View: C:\xampp\htdocs\Laravel Projects\tlight\resources\views\admin\posts\index.blade.php) {"userId":1,"exception":"[object] (ErrorException(code: 0): Undefined variable: I (View: C:\\xampp\\htdocs\\Laravel Projects\\tlight\esources\\views\\admin\\posts\\index.blade.php) at C:\\xampp\\htdocs\\Laravel Projects\\tlight\\storage\\framework\\views\\06ab947f3da4b2f724f830a864949e8ae725ce50.php:44, ErrorException(code: 0): Undefined variable: I at C:\\xampp\\htdocs\\Laravel Projects\\tlight\\storage\\framework\\views\\06ab947f3da4b2f724f830a864949e8ae725ce50.php:44)
[stacktrace]
#0 C:\\xampp\\htdocs\\Laravel Projects\\tlight\\vendor\\laravel\\framework\\src\\Illuminate\\View\\Engines\\PhpEngine.php(45): Illuminate\\View\\Engines\\CompilerEngine->handleViewException(Object(ErrorException), 1)
#1 C:\\xampp\\htdocs\\Laravel Projects\\tlight\\vendor\\laravel\\framework\\src\\Illuminate\\View\\Engines\\CompilerEngine.php(59): Illuminate\\View\\Engines\\PhpEngine->evaluatePath('C:\\\\xampp\\\\htdocs...', Array)
#2 C:\\xampp\\htdocs\\Laravel Projects\\tlight\\vendor\\laravel\\framework\\src\\Illuminate\\View\\View.php(142): Illuminate\\View\\Engines\\CompilerEngine->get('C:\\\\xampp\\\\htdocs...', Array)
#3 C:\\xampp\\htdocs\\Laravel Projects\\tlight\\vendor\\laravel\\framework\\src\\Illuminate\\View\\View.php(125): Illuminate\\View\\View->getContents()
#4 C:\\xampp\\htdocs\\Laravel Projects\\tlight\\vendor\\laravel\\framework\\src\\Illuminate\\View\\View.php(90): Illuminate\\View\\View->renderContents()
#5 C:\\xampp\\htdocs\\Laravel Projects\\tlight\\vendor\\laravel\\framework\\src\\Illuminate\\Http\\Response.php(42): Illuminate\\View\\View->render()
#6 C:\\xampp\\htdocs\\Laravel Projects\\tlight\\vendor\\symfony\\http-foundation\\Response.php(205): Illuminate\\Http\\Response->setContent(Object(Illuminate\\View\\View))
#7 C:\\xampp\\htdocs\\Laravel Projects\\tlight\\vendor\\laravel\\framework\\src\\Illuminate\\Routing\\Router.php(748): Symfony\\Component\\HttpFoundation\\Response->__construct(Object(Illuminate\\View\\View))
#8 C:\\xampp\\htdocs\\Laravel Projects\\tlight\\vendor\\laravel\\framework\\src\\Illuminate\\Routing\\Router.php(720): Illuminate\\Routing\\Router::toResponse(Object(Illuminate\\Http\\Request), Object(Illuminate\\View\\View))
#9 C:\\xampp\\htdocs\\Laravel Projects\\tlight\\vendor\\laravel\\framework\\src\\Illuminate\\Routing\\Router.php(680): Illuminate\\Routing\\Router->prepareResponse(Object(Illuminate\\Http\\Request), Object(Illuminate\\View\\View))
#10 C:\\xampp\\htdocs\\Laravel Projects\\tlight\\vendor\\laravel\\framework\\src\\Illuminate\\Routing\\Pipeline.php(30): Illuminate\\Routing\\Router->Illuminate\\Routing\\{closure}(Object(Illuminate\\Http\\Request))
#11 C:\\xampp\\htdocs\\Laravel Projects\\tlight\\app\\Http\\Middleware\\SwitchUser.php(22): Illuminate\\Routing\\Pipeline->Illuminate\\Routing\\{closure}(Object(Illuminate\\Http\\Request))
#12 C:\\xampp\\htdocs\\Laravel Projects\\tlight\\vendor\\laravel\\framework\\src\\Illuminate\\Pipeline\\Pipeline.php(163): App\\Http\\Middleware\\SwitchUser->handle(Object(Illuminate\\Http\\Request), Object(Closure))
#13 C:\\xampp\\htdocs\\Laravel Projects\\tlight\\vendor\\laravel\\framework\\src\\Illuminate\\Routing\\Pipeline.php(53): Illuminate\\Pipeline\\Pipeline->Illuminate\\Pipeline\\{closure}(Object(Illuminate\\Http\\Request))
#14 C:\\xampp\\htdocs\\Laravel Projects\\tlight\\vendor\\laravel\\framework\\src\\Illuminate\\Auth\\Middleware\\EnsureEmailIsVerified.php(29): Illuminate\\Routing\\Pipeline->Illuminate\\Routing\\{closure}(Object(Illuminate\\Http\\Request))
#15 C:\\xampp\\htdocs\\Laravel Projects\\tlight\\vendor\\laravel\\framework\\src\\Illuminate\\Pipeline\\Pipeline.php(163): Illuminate\\Auth\\Middleware\\EnsureEmailIsVerified->handle(Object(Illuminate\\Http\\Request), Object(Closure))
#16 C:\\xampp\\htdocs\\Laravel Projects\\tlight\\vendor\\laravel\\framework\\src\\Illuminate\\Routing\\Pipeline.php(53): Illuminate\\Pipeline\\Pipeline->Illuminate\\Pipeline\\{closure}(Object(Illuminate\\Http\\Request))
#17 C:\\xampp\\htdocs\\Laravel Projects\\tlight\\vendor\\laravel\\framework\\src\\Illuminate\\Routing\\Middleware\\SubstituteBindings.php(41): Illuminate\\Routing\\Pipeline->Illuminate\\Routing\\{closure}(Object(Illuminate\\Http\\Request))
#18 C:\\xampp\\htdocs\\Laravel Projects\\tlight\\vendor\\laravel\\framework\\src\\Illuminate\\Pipeline\\Pipeline.php(163): Illuminate\\Routing\\Middleware\\SubstituteBindings->handle(Object(Illuminate\\Http\\Request), Object(Closure))
#19 C:\\xampp\\htdocs\\Laravel Projects\\tlight\\vendor\\laravel\\framework\\src\\Illuminate\\Routing\\Pipeline.php(53): Illuminate\\Pipeline\\Pipeline->Illuminate\\Pipeline\\{closure}(Object(Illuminate\\Http\\Request))
#20 C:\\xampp\\htdocs\\Laravel Projects\\tlight\\vendor\\laravel\\framework\\src\\Illuminate\\Auth\\Middleware\\Authenticate.php(43): Illuminate\\Routing\\Pipeline->Illuminate\\Routing\\{closure}(Object(Illuminate\\Http\\Request))
#21 C:\\xampp\\htdocs\\Laravel Projects\\tlight\\vendor\\laravel\\framework\\src\\Illuminate\\Pipeline\\Pipeline.php(163): Illuminate\\Auth\\Middleware\\Authenticate->handle(Object(Illuminate\\Http\\Request), Object(Closure))
#22 C:\\xampp\\htdocs\\Laravel Projects\\tlight\\vendor\\laravel\\framework\\src\\Illuminate\\Routing\\Pipeline.php(53): Illuminate\\Pipeline\\Pipeline->Illuminate\\Pipeline\\{closure}(Object(Illuminate\\Http\\Request))
#23 C:\\xampp\\htdocs\\Laravel Projects\\tlight\\vendor\\laravel\\framework\\src\\Illuminate\\Foundation\\Http\\Middleware\\VerifyCsrfToken.php(75): Illuminate\\Routing\\Pipeline->Illuminate\\Routing\\{closure}(Object(Illuminate\\Http\\Request))
#24 C:\\xampp\\htdocs\\Laravel Projects\\tlight\\vendor\\laravel\\framework\\src\\Illuminate\\Pipeline\\Pipeline.php(163): Illuminate\\Foundation\\Http\\Middleware\\VerifyCsrfToken->handle(Object(Illuminate\\Http\\Request), Object(Closure))
#25 C:\\xampp\\htdocs\\Laravel Projects\\tlight\\vendor\\laravel\\framework\\src\\Illuminate\\Routing\\Pipeline.php(53): Illuminate\\Pipeline\\Pipeline->Illuminate\\Pipeline\\{closure}(Object(Illuminate\\Http\\Request))
#26 C:\\xampp\\htdocs\\Laravel Projects\\tlight\\vendor\\laravel\\framework\\src\\Illuminate\\View\\Middleware\\ShareErrorsFromSession.php(49): Illuminate\\Routing\\Pipeline->Illuminate\\Routing\\{closure}(Object(Illuminate\\Http\\Request))
#27 C:\\xampp\\htdocs\\Laravel Projects\\tlight\\vendor\\laravel\\framework\\src\\Illuminate\\Pipeline\\Pipeline.php(163): Illuminate\\View\\Middleware\\ShareErrorsFromSession->handle(Object(Illuminate\\Http\\Request), Object(Closure))
#28 C:\\xampp\\htdocs\\Laravel Projects\\tlight\\vendor\\laravel\\framework\\src\\Illuminate\\Routing\\Pipeline.php(53): Illuminate\\Pipeline\\Pipeline->Illuminate\\Pipeline\\{closure}(Object(Illuminate\\Http\\Request))
#29 C:\\xampp\\htdocs\\Laravel Projects\\tlight\\vendor\\laravel\\framework\\src\\Illuminate\\Session\\Middleware\\StartSession.php(56): Illuminate\\Routing\\Pipeline->Illuminate\\Routing\\{closure}(Object(Illuminate\\Http\\Request))
#30 C:\\xampp\\htdocs\\Laravel Projects\\tlight\\vendor\\laravel\\framework\\src\\Illuminate\\Pipeline\\Pipeline.php(163): Illuminate\\Session\\Middleware\\StartSession->handle(Object(Illuminate\\Http\\Request), Object(Closure))
#31 C:\\xampp\\htdocs\\Laravel Projects\\tlight\\vendor\\laravel\\framework\\src\\Illuminate\\Routing\\Pipeline.php(53): Illuminate\\Pipeline\\Pipeline->Illuminate\\Pipeline\\{closure}(Object(Illuminate\\Http\\Request))
#32 C:\\xampp\\htdocs\\Laravel Projects\\tlight\\vendor\\laravel\\framework\\src\\Illuminate\\Cookie\\Middleware\\AddQueuedCookiesToResponse.php(37): Illuminate\\Routing\\Pipeline->Illuminate\\Routing\\{closure}(Object(Illuminate\\Http\\Request))
#33 C:\\xampp\\htdocs\\Laravel Projects\\tlight\\vendor\\laravel\\framework\\src\\Illuminate\\Pipeline\\Pipeline.php(163): Illuminate\\Cookie\\Middleware\\AddQueuedCookiesToResponse->handle(Object(Illuminate\\Http\\Request), Object(Closure))
#34 C:\\xampp\\htdocs\\Laravel Projects\\tlight\\vendor\\laravel\\framework\\src\\Illuminate\\Routing\\Pipeline.php(53): Illuminate\\Pipeline\\Pipeline->Illuminate\\Pipeline\\{closure}(Object(Illuminate\\Http\\Request))
#35 C:\\xampp\\htdocs\\Laravel Projects\\tlight\\vendor\\laravel\\framework\\src\\Illuminate\\Cookie\\Middleware\\EncryptCookies.php(66): Illuminate\\Routing\\Pipeline->Illuminate\\Routing\\{closure}(Object(Illuminate\\Http\\Request))
#36 C:\\xampp\\htdocs\\Laravel Projects\\tlight\\vendor\\laravel\\framework\\src\\Illuminate\\Pipeline\\Pipeline.php(163): Illuminate\\Cookie\\Middleware\\EncryptCookies->handle(Object(Illuminate\\Http\\Request), Object(Closure))
#37 C:\\xampp\\htdocs\\Laravel Projects\\tlight\\vendor\\laravel\\framework\\src\\Illuminate\\Routing\\Pipeline.php(53): Illuminate\\Pipeline\\Pipeline->Illuminate\\Pipeline\\{closure}(Object(Illuminate\\Http\\Request))
#38 C:\\xampp\\htdocs\\Laravel Projects\\tlight\\vendor\\laravel\\framework\\src\\Illuminate\\Pipeline\\Pipeline.php(104): Illuminate\\Routing\\Pipeline->Illuminate\\Routing\\{closure}(Object(Illuminate\\Http\\Request))
#39 C:\\xampp\\htdocs\\Laravel Projects\\tlight\\vendor\\laravel\\framework\\src\\Illuminate\\Routing\\Router.php(682): Illuminate\\Pipeline\\Pipeline->then(Object(Closure))
#40 C:\\xampp\\htdocs\\Laravel Projects\\tlight\\vendor\\laravel\\framework\\src\\Illuminate\\Routing\\Router.php(657): Illuminate\\Routing\\Router->runRouteWithinStack(Object(Illuminate\\Routing\\Route), Object(Illuminate\\Http\\Request))
#41 C:\\xampp\\htdocs\\Laravel Projects\\tlight\\vendor\\laravel\\framework\\src\\Illuminate\\Routing\\Router.php(623): Illuminate\\Routing\\Router->runRoute(Object(Illuminate\\Http\\Request), Object(Illuminate\\Routing\\Route))
#42 C:\\xampp\\htdocs\\Laravel Projects\\tlight\\vendor\\laravel\\framework\\src\\Illuminate\\Routing\\Router.php(612): Illuminate\\Routing\\Router->dispatchToRoute(Object(Illuminate\\Http\\Request))
#43 C:\\xampp\\htdocs\\Laravel Projects\\tlight\\vendor\\laravel\\framework\\src\\Illuminate\\Foundation\\Http\\Kernel.php(176): Illuminate\\Routing\\Router->dispatch(Object(Illuminate\\Http\\Request))
#44 C:\\xampp\\htdocs\\Laravel Projects\\tlight\\vendor\\laravel\\framework\\src\\Illuminate\\Routing\\Pipeline.php(30): Illuminate\\Foundation\\Http\\Kernel->Illuminate\\Foundation\\Http\\{closure}(Object(Illuminate\\Http\\Request))
#45 C:\\xampp\\htdocs\\Laravel Projects\\tlight\\vendor\\fideloper\\proxy\\src\\TrustProxies.php(57): Illuminate\\Routing\\Pipeline->Illuminate\\Routing\\{closure}(Object(Illuminate\\Http\\Request))
#46 C:\\xampp\\htdocs\\Laravel Projects\\tlight\\vendor\\laravel\\framework\\src\\Illuminate\\Pipeline\\Pipeline.php(163): Fideloper\\Proxy\\TrustProxies->handle(Object(Illuminate\\Http\\Request), Object(Closure))
#47 C:\\xampp\\htdocs\\Laravel Projects\\tlight\\vendor\\laravel\\framework\\src\\Illuminate\\Routing\\Pipeline.php(53): Illuminate\\Pipeline\\Pipeline->Illuminate\\Pipeline\\{closure}(Object(Illuminate\\Http\\Request))
#48 C:\\xampp\\htdocs\\Laravel Projects\\tlight\\vendor\\laravel\\framework\\src\\Illuminate\\Foundation\\Http\\Middleware\\TransformsRequest.php(21): Illuminate\\Routing\\Pipeline->Illuminate\\Routing\\{closure}(Object(Illuminate\\Http\\Request))
#49 C:\\xampp\\htdocs\\Laravel Projects\\tlight\\vendor\\laravel\\framework\\src\\Illuminate\\Pipeline\\Pipeline.php(163): Illuminate\\Foundation\\Http\\Middleware\\TransformsRequest->handle(Object(Illuminate\\Http\\Request), Object(Closure))
#50 C:\\xampp\\htdocs\\Laravel Projects\\tlight\\vendor\\laravel\\framework\\src\\Illuminate\\Routing\\Pipeline.php(53): Illuminate\\Pipeline\\Pipeline->Illuminate\\Pipeline\\{closure}(Object(Illuminate\\Http\\Request))
#51 C:\\xampp\\htdocs\\Laravel Projects\\tlight\\vendor\\laravel\\framework\\src\\Illuminate\\Foundation\\Http\\Middleware\\TransformsRequest.php(21): Illuminate\\Routing\\Pipeline->Illuminate\\Routing\\{closure}(Object(Illuminate\\Http\\Request))
#52 C:\\xampp\\htdocs\\Laravel Projects\\tlight\\vendor\\laravel\\framework\\src\\Illuminate\\Pipeline\\Pipeline.php(163): Illuminate\\Foundation\\Http\\Middleware\\TransformsRequest->handle(Object(Illuminate\\Http\\Request), Object(Closure))
#53 C:\\xampp\\htdocs\\Laravel Projects\\tlight\\vendor\\laravel\\framework\\src\\Illuminate\\Routing\\Pipeline.php(53): Illuminate\\Pipeline\\Pipeline->Illuminate\\Pipeline\\{closure}(Object(Illuminate\\Http\\Request))
#54 C:\\xampp\\htdocs\\Laravel Projects\\tlight\\vendor\\laravel\\framework\\src\\Illuminate\\Foundation\\Http\\Middleware\\ValidatePostSize.php(27): Illuminate\\Routing\\Pipeline->Illuminate\\Routing\\{closure}(Object(Illuminate\\Http\\Request))
#55 C:\\xampp\\htdocs\\Laravel Projects\\tlight\\vendor\\laravel\\framework\\src\\Illuminate\\Pipeline\\Pipeline.php(163): Illuminate\\Foundation\\Http\\Middleware\\ValidatePostSize->handle(Object(Illuminate\\Http\\Request), Object(Closure))
#56 C:\\xampp\\htdocs\\Laravel Projects\\tlight\\vendor\\laravel\\framework\\src\\Illuminate\\Routing\\Pipeline.php(53): Illuminate\\Pipeline\\Pipeline->Illuminate\\Pipeline\\{closure}(Object(Illuminate\\Http\\Request))
#57 C:\\xampp\\htdocs\\Laravel Projects\\tlight\\vendor\\laravel\\framework\\src\\Illuminate\\Foundation\\Http\\Middleware\\CheckForMaintenanceMode.php(62): Illuminate\\Routing\\Pipeline->Illuminate\\Routing\\{closure}(Object(Illuminate\\Http\\Request))
#58 C:\\xampp\\htdocs\\Laravel Projects\\tlight\\vendor\\laravel\\framework\\src\\Illuminate\\Pipeline\\Pipeline.php(163): Illuminate\\Foundation\\Http\\Middleware\\CheckForMaintenanceMode->handle(Object(Illuminate\\Http\\Request), Object(Closure))
#59 C:\\xampp\\htdocs\\Laravel Projects\\tlight\\vendor\\laravel\\framework\\src\\Illuminate\\Routing\\Pipeline.php(53): Illuminate\\Pipeline\\Pipeline->Illuminate\\Pipeline\\{closure}(Object(Illuminate\\Http\\Request))
#60 C:\\xampp\\htdocs\\Laravel Projects\\tlight\\vendor\\laravel\\framework\\src\\Illuminate\\Pipeline\\Pipeline.php(104): Illuminate\\Routing\\Pipeline->Illuminate\\Routing\\{closure}(Object(Illuminate\\Http\\Request))
#61 C:\\xampp\\htdocs\\Laravel Projects\\tlight\\vendor\\laravel\\framework\\src\\Illuminate\\Foundation\\Http\\Kernel.php(151): Illuminate\\Pipeline\\Pipeline->then(Object(Closure))
#62 C:\\xampp\\htdocs\\Laravel Projects\\tlight\\vendor\\laravel\\framework\\src\\Illuminate\\Foundation\\Http\\Kernel.php(116): Illuminate\\Foundation\\Http\\Kernel->sendRequestThroughRouter(Object(Illuminate\\Http\\Request))
#63 C:\\xampp\\htdocs\\Laravel Projects\\tlight\\public\\index.php(55): Illuminate\\Foundation\\Http\\Kernel->handle(Object(Illuminate\\Http\\Request))
#64 C:\\xampp\\htdocs\\Laravel Projects\\tlight\\server.php(21): require_once('C:\\\\xampp\\\\htdocs...')
#65 {main}
"} 
[2020-11-04 08:26:07] local.ERROR: Route [posts.trashed] not defined. (View: C:\xampp\htdocs\Laravel Projects\tlight\resources\views\admin\posts\index.blade.php) {"userId":1,"exception":"[object] (ErrorException(code: 0): Route [posts.trashed] not defined. (View: C:\\xampp\\htdocs\\Laravel Projects\\tlight\esources\\views\\admin\\posts\\index.blade.php) at C:\\xampp\\htdocs\\Laravel Projects\\tlight\\vendor\\laravel\\framework\\src\\Illuminate\\Routing\\UrlGenerator.php:388, InvalidArgumentException(code: 0): Route [posts.trashed] not defined. at C:\\xampp\\htdocs\\Laravel Projects\\tlight\\vendor\\laravel\\framework\\src\\Illuminate\\Routing\\UrlGenerator.php:388)
[stacktrace]
#0 C:\\xampp\\htdocs\\Laravel Projects\\tlight\\vendor\\laravel\\framework\\src\\Illuminate\\View\\Engines\\PhpEngine.php(45): Illuminate\\View\\Engines\\CompilerEngine->handleViewException(Object(InvalidArgumentException), 1)
#1 C:\\xampp\\htdocs\\Laravel Projects\\tlight\\vendor\\laravel\\framework\\src\\Illuminate\\View\\Engines\\CompilerEngine.php(59): Illuminate\\View\\Engines\\PhpEngine->evaluatePath('C:\\\\xampp\\\\htdocs...', Array)
#2 C:\\xampp\\htdocs\\Laravel Projects\\tlight\\vendor\\laravel\\framework\\src\\Illuminate\\View\\View.php(142): Illuminate\\View\\Engines\\CompilerEngine->get('C:\\\\xampp\\\\htdocs...', Array)
#3 C:\\xampp\\htdocs\\Laravel Projects\\tlight\\vendor\\laravel\\framework\\src\\Illuminate\\View\\View.php(125): Illuminate\\View\\View->getContents()
#4 C:\\xampp\\htdocs\\Laravel Projects\\tlight\\vendor\\laravel\\framework\\src\\Illuminate\\View\\View.php(90): Illuminate\\View\\View->renderContents()
#5 C:\\xampp\\htdocs\\Laravel Projects\\tlight\\vendor\\laravel\\framework\\src\\Illuminate\\Http\\Response.php(42): Illuminate\\View\\View->render()
#6 C:\\xampp\\htdocs\\Laravel Projects\\tlight\\vendor\\symfony\\http-foundation\\Response.php(205): Illuminate\\Http\\Response->setContent(Object(Illuminate\\View\\View))
#7 C:\\xampp\\htdocs\\Laravel Projects\\tlight\\vendor\\laravel\\framework\\src\\Illuminate\\Routing\\Router.php(748): Symfony\\Component\\HttpFoundation\\Response->__construct(Object(Illuminate\\View\\View))
#8 C:\\xampp\\htdocs\\Laravel Projects\\tlight\\vendor\\laravel\\framework\\src\\Illuminate\\Routing\\Router.php(720): Illuminate\\Routing\\Router::toResponse(Object(Illuminate\\Http\\Request), Object(Illuminate\\View\\View))
#9 C:\\xampp\\htdocs\\Laravel Projects\\tlight\\vendor\\laravel\\framework\\src\\Illuminate\\Routing\\Router.php(680): Illuminate\\Routing\\Router->prepareResponse(Object(Illuminate\\Http\\Request), Object(Illuminate\\View\\View))
#10 C:\\xampp\\htdocs\\Laravel Projects\\tlight\\vendor\\laravel\\framework\\src\\Illuminate\\Routing\\Pipeline.php(30): Illuminate\\Routing\\Router->Illuminate\\Routing\\{closure}(Object(Illuminate\\Http\\Request))
#11 C:\\xampp\\htdocs\\Laravel Projects\\tlight\\app\\Http\\Middleware\\SwitchUser.php(22): Illuminate\\Routing\\Pipeline->Illuminate\\Routing\\{closure}(Object(Illuminate\\Http\\Request))
#12 C:\\xampp\\htdocs\\Laravel Projects\\tlight\\vendor\\laravel\\framework\\src\\Illuminate\\Pipeline\\Pipeline.php(163): App\\Http\\Middleware\\SwitchUser->handle(Object(Illuminate\\Http\\Request), Object(Closure))
#13 C:\\xampp\\htdocs\\Laravel Projects\\tlight\\vendor\\laravel\\framework\\src\\Illuminate\\Routing\\Pipeline.php(53): Illuminate\\Pipeline\\Pipeline->Illuminate\\Pipeline\\{closure}(Object(Illuminate\\Http\\Request))
#14 C:\\xampp\\htdocs\\Laravel Projects\\tlight\\vendor\\laravel\\framework\\src\\Illuminate\\Auth\\Middleware\\EnsureEmailIsVerified.php(29): Illuminate\\Routing\\Pipeline->Illuminate\\Routing\\{closure}(Object(Illuminate\\Http\\Request))
#15 C:\\xampp\\htdocs\\Laravel Projects\\tlight\\vendor\\laravel\\framework\\src\\Illuminate\\Pipeline\\Pipeline.php(163): Illuminate\\Auth\\Middleware\\EnsureEmailIsVerified->handle(Object(Illuminate\\Http\\Request), Object(Closure))
#16 C:\\xampp\\htdocs\\Laravel Projects\\tlight\\vendor\\laravel\\framework\\src\\Illuminate\\Routing\\Pipeline.php(53): Illuminate\\Pipeline\\Pipeline->Illuminate\\Pipeline\\{closure}(Object(Illuminate\\Http\\Request))
#17 C:\\xampp\\htdocs\\Laravel Projects\\tlight\\vendor\\laravel\\framework\\src\\Illuminate\\Routing\\Middleware\\SubstituteBindings.php(41): Illuminate\\Routing\\Pipeline->Illuminate\\Routing\\{closure}(Object(Illuminate\\Http\\Request))
#18 C:\\xampp\\htdocs\\Laravel Projects\\tlight\\vendor\\laravel\\framework\\src\\Illuminate\\Pipeline\\Pipeline.php(163): Illuminate\\Routing\\Middleware\\SubstituteBindings->handle(Object(Illuminate\\Http\\Request), Object(Closure))
#19 C:\\xampp\\htdocs\\Laravel Projects\\tlight\\vendor\\laravel\\framework\\src\\Illuminate\\Routing\\Pipeline.php(53): Illuminate\\Pipeline\\Pipeline->Illuminate\\Pipeline\\{closure}(Object(Illuminate\\Http\\Request))
#20 C:\\xampp\\htdocs\\Laravel Projects\\tlight\\vendor\\laravel\\framework\\src\\Illuminate\\Auth\\Middleware\\Authenticate.php(43): Illuminate\\Routing\\Pipeline->Illuminate\\Routing\\{closure}(Object(Illuminate\\Http\\Request))
#21 C:\\xampp\\htdocs\\Laravel Projects\\tlight\\vendor\\laravel\\framework\\src\\Illuminate\\Pipeline\\Pipeline.php(163): Illuminate\\Auth\\Middleware\\Authenticate->handle(Object(Illuminate\\Http\\Request), Object(Closure))
#22 C:\\xampp\\htdocs\\Laravel Projects\\tlight\\vendor\\laravel\\framework\\src\\Illuminate\\Routing\\Pipeline.php(53): Illuminate\\Pipeline\\Pipeline->Illuminate\\Pipeline\\{closure}(Object(Illuminate\\Http\\Request))
#23 C:\\xampp\\htdocs\\Laravel Projects\\tlight\\vendor\\laravel\\framework\\src\\Illuminate\\Foundation\\Http\\Middleware\\VerifyCsrfToken.php(75): Illuminate\\Routing\\Pipeline->Illuminate\\Routing\\{closure}(Object(Illuminate\\Http\\Request))
#24 C:\\xampp\\htdocs\\Laravel Projects\\tlight\\vendor\\laravel\\framework\\src\\Illuminate\\Pipeline\\Pipeline.php(163): Illuminate\\Foundation\\Http\\Middleware\\VerifyCsrfToken->handle(Object(Illuminate\\Http\\Request), Object(Closure))
#25 C:\\xampp\\htdocs\\Laravel Projects\\tlight\\vendor\\laravel\\framework\\src\\Illuminate\\Routing\\Pipeline.php(53): Illuminate\\Pipeline\\Pipeline->Illuminate\\Pipeline\\{closure}(Object(Illuminate\\Http\\Request))
#26 C:\\xampp\\htdocs\\Laravel Projects\\tlight\\vendor\\laravel\\framework\\src\\Illuminate\\View\\Middleware\\ShareErrorsFromSession.php(49): Illuminate\\Routing\\Pipeline->Illuminate\\Routing\\{closure}(Object(Illuminate\\Http\\Request))
#27 C:\\xampp\\htdocs\\Laravel Projects\\tlight\\vendor\\laravel\\framework\\src\\Illuminate\\Pipeline\\Pipeline.php(163): Illuminate\\View\\Middleware\\ShareErrorsFromSession->handle(Object(Illuminate\\Http\\Request), Object(Closure))
#28 C:\\xampp\\htdocs\\Laravel Projects\\tlight\\vendor\\laravel\\framework\\src\\Illuminate\\Routing\\Pipeline.php(53): Illuminate\\Pipeline\\Pipeline->Illuminate\\Pipeline\\{closure}(Object(Illuminate\\Http\\Request))
#29 C:\\xampp\\htdocs\\Laravel Projects\\tlight\\vendor\\laravel\\framework\\src\\Illuminate\\Session\\Middleware\\StartSession.php(56): Illuminate\\Routing\\Pipeline->Illuminate\\Routing\\{closure}(Object(Illuminate\\Http\\Request))
#30 C:\\xampp\\htdocs\\Laravel Projects\\tlight\\vendor\\laravel\\framework\\src\\Illuminate\\Pipeline\\Pipeline.php(163): Illuminate\\Session\\Middleware\\StartSession->handle(Object(Illuminate\\Http\\Request), Object(Closure))
#31 C:\\xampp\\htdocs\\Laravel Projects\\tlight\\vendor\\laravel\\framework\\src\\Illuminate\\Routing\\Pipeline.php(53): Illuminate\\Pipeline\\Pipeline->Illuminate\\Pipeline\\{closure}(Object(Illuminate\\Http\\Request))
#32 C:\\xampp\\htdocs\\Laravel Projects\\tlight\\vendor\\laravel\\framework\\src\\Illuminate\\Cookie\\Middleware\\AddQueuedCookiesToResponse.php(37): Illuminate\\Routing\\Pipeline->Illuminate\\Routing\\{closure}(Object(Illuminate\\Http\\Request))
#33 C:\\xampp\\htdocs\\Laravel Projects\\tlight\\vendor\\laravel\\framework\\src\\Illuminate\\Pipeline\\Pipeline.php(163): Illuminate\\Cookie\\Middleware\\AddQueuedCookiesToResponse->handle(Object(Illuminate\\Http\\Request), Object(Closure))
#34 C:\\xampp\\htdocs\\Laravel Projects\\tlight\\vendor\\laravel\\framework\\src\\Illuminate\\Routing\\Pipeline.php(53): Illuminate\\Pipeline\\Pipeline->Illuminate\\Pipeline\\{closure}(Object(Illuminate\\Http\\Request))
#35 C:\\xampp\\htdocs\\Laravel Projects\\tlight\\vendor\\laravel\\framework\\src\\Illuminate\\Cookie\\Middleware\\EncryptCookies.php(66): Illuminate\\Routing\\Pipeline->Illuminate\\Routing\\{closure}(Object(Illuminate\\Http\\Request))
#36 C:\\xampp\\htdocs\\Laravel Projects\\tlight\\vendor\\laravel\\framework\\src\\Illuminate\\Pipeline\\Pipeline.php(163): Illuminate\\Cookie\\Middleware\\EncryptCookies->handle(Object(Illuminate\\Http\\Request), Object(Closure))
#37 C:\\xampp\\htdocs\\Laravel Projects\\tlight\\vendor\\laravel\\framework\\src\\Illuminate\\Routing\\Pipeline.php(53): Illuminate\\Pipeline\\Pipeline->Illuminate\\Pipeline\\{closure}(Object(Illuminate\\Http\\Request))
#38 C:\\xampp\\htdocs\\Laravel Projects\\tlight\\vendor\\laravel\\framework\\src\\Illuminate\\Pipeline\\Pipeline.php(104): Illuminate\\Routing\\Pipeline->Illuminate\\Routing\\{closure}(Object(Illuminate\\Http\\Request))
#39 C:\\xampp\\htdocs\\Laravel Projects\\tlight\\vendor\\laravel\\framework\\src\\Illuminate\\Routing\\Router.php(682): Illuminate\\Pipeline\\Pipeline->then(Object(Closure))
#40 C:\\xampp\\htdocs\\Laravel Projects\\tlight\\vendor\\laravel\\framework\\src\\Illuminate\\Routing\\Router.php(657): Illuminate\\Routing\\Router->runRouteWithinStack(Object(Illuminate\\Routing\\Route), Object(Illuminate\\Http\\Request))
#41 C:\\xampp\\htdocs\\Laravel Projects\\tlight\\vendor\\laravel\\framework\\src\\Illuminate\\Routing\\Router.php(623): Illuminate\\Routing\\Router->runRoute(Object(Illuminate\\Http\\Request), Object(Illuminate\\Routing\\Route))
#42 C:\\xampp\\htdocs\\Laravel Projects\\tlight\\vendor\\laravel\\framework\\src\\Illuminate\\Routing\\Router.php(612): Illuminate\\Routing\\Router->dispatchToRoute(Object(Illuminate\\Http\\Request))
#43 C:\\xampp\\htdocs\\Laravel Projects\\tlight\\vendor\\laravel\\framework\\src\\Illuminate\\Foundation\\Http\\Kernel.php(176): Illuminate\\Routing\\Router->dispatch(Object(Illuminate\\Http\\Request))
#44 C:\\xampp\\htdocs\\Laravel Projects\\tlight\\vendor\\laravel\\framework\\src\\Illuminate\\Routing\\Pipeline.php(30): Illuminate\\Foundation\\Http\\Kernel->Illuminate\\Foundation\\Http\\{closure}(Object(Illuminate\\Http\\Request))
#45 C:\\xampp\\htdocs\\Laravel Projects\\tlight\\vendor\\fideloper\\proxy\\src\\TrustProxies.php(57): Illuminate\\Routing\\Pipeline->Illuminate\\Routing\\{closure}(Object(Illuminate\\Http\\Request))
#46 C:\\xampp\\htdocs\\Laravel Projects\\tlight\\vendor\\laravel\\framework\\src\\Illuminate\\Pipeline\\Pipeline.php(163): Fideloper\\Proxy\\TrustProxies->handle(Object(Illuminate\\Http\\Request), Object(Closure))
#47 C:\\xampp\\htdocs\\Laravel Projects\\tlight\\vendor\\laravel\\framework\\src\\Illuminate\\Routing\\Pipeline.php(53): Illuminate\\Pipeline\\Pipeline->Illuminate\\Pipeline\\{closure}(Object(Illuminate\\Http\\Request))
#48 C:\\xampp\\htdocs\\Laravel Projects\\tlight\\vendor\\laravel\\framework\\src\\Illuminate\\Foundation\\Http\\Middleware\\TransformsRequest.php(21): Illuminate\\Routing\\Pipeline->Illuminate\\Routing\\{closure}(Object(Illuminate\\Http\\Request))
#49 C:\\xampp\\htdocs\\Laravel Projects\\tlight\\vendor\\laravel\\framework\\src\\Illuminate\\Pipeline\\Pipeline.php(163): Illuminate\\Foundation\\Http\\Middleware\\TransformsRequest->handle(Object(Illuminate\\Http\\Request), Object(Closure))
#50 C:\\xampp\\htdocs\\Laravel Projects\\tlight\\vendor\\laravel\\framework\\src\\Illuminate\\Routing\\Pipeline.php(53): Illuminate\\Pipeline\\Pipeline->Illuminate\\Pipeline\\{closure}(Object(Illuminate\\Http\\Request))
#51 C:\\xampp\\htdocs\\Laravel Projects\\tlight\\vendor\\laravel\\framework\\src\\Illuminate\\Foundation\\Http\\Middleware\\TransformsRequest.php(21): Illuminate\\Routing\\Pipeline->Illuminate\\Routing\\{closure}(Object(Illuminate\\Http\\Request))
#52 C:\\xampp\\htdocs\\Laravel Projects\\tlight\\vendor\\laravel\\framework\\src\\Illuminate\\Pipeline\\Pipeline.php(163): Illuminate\\Foundation\\Http\\Middleware\\TransformsRequest->handle(Object(Illuminate\\Http\\Request), Object(Closure))
#53 C:\\xampp\\htdocs\\Laravel Projects\\tlight\\vendor\\laravel\\framework\\src\\Illuminate\\Routing\\Pipeline.php(53): Illuminate\\Pipeline\\Pipeline->Illuminate\\Pipeline\\{closure}(Object(Illuminate\\Http\\Request))
#54 C:\\xampp\\htdocs\\Laravel Projects\\tlight\\vendor\\laravel\\framework\\src\\Illuminate\\Foundation\\Http\\Middleware\\ValidatePostSize.php(27): Illuminate\\Routing\\Pipeline->Illuminate\\Routing\\{closure}(Object(Illuminate\\Http\\Request))
#55 C:\\xampp\\htdocs\\Laravel Projects\\tlight\\vendor\\laravel\\framework\\src\\Illuminate\\Pipeline\\Pipeline.php(163): Illuminate\\Foundation\\Http\\Middleware\\ValidatePostSize->handle(Object(Illuminate\\Http\\Request), Object(Closure))
#56 C:\\xampp\\htdocs\\Laravel Projects\\tlight\\vendor\\laravel\\framework\\src\\Illuminate\\Routing\\Pipeline.php(53): Illuminate\\Pipeline\\Pipeline->Illuminate\\Pipeline\\{closure}(Object(Illuminate\\Http\\Request))
#57 C:\\xampp\\htdocs\\Laravel Projects\\tlight\\vendor\\laravel\\framework\\src\\Illuminate\\Foundation\\Http\\Middleware\\CheckForMaintenanceMode.php(62): Illuminate\\Routing\\Pipeline->Illuminate\\Routing\\{closure}(Object(Illuminate\\Http\\Request))
#58 C:\\xampp\\htdocs\\Laravel Projects\\tlight\\vendor\\laravel\\framework\\src\\Illuminate\\Pipeline\\Pipeline.php(163): Illuminate\\Foundation\\Http\\Middleware\\CheckForMaintenanceMode->handle(Object(Illuminate\\Http\\Request), Object(Closure))
#59 C:\\xampp\\htdocs\\Laravel Projects\\tlight\\vendor\\laravel\\framework\\src\\Illuminate\\Routing\\Pipeline.php(53): Illuminate\\Pipeline\\Pipeline->Illuminate\\Pipeline\\{closure}(Object(Illuminate\\Http\\Request))
#60 C:\\xampp\\htdocs\\Laravel Projects\\tlight\\vendor\\laravel\\framework\\src\\Illuminate\\Pipeline\\Pipeline.php(104): Illuminate\\Routing\\Pipeline->Illuminate\\Routing\\{closure}(Object(Illuminate\\Http\\Request))
#61 C:\\xampp\\htdocs\\Laravel Projects\\tlight\\vendor\\laravel\\framework\\src\\Illuminate\\Foundation\\Http\\Kernel.php(151): Illuminate\\Pipeline\\Pipeline->then(Object(Closure))
#62 C:\\xampp\\htdocs\\Laravel Projects\\tlight\\vendor\\laravel\\framework\\src\\Illuminate\\Foundation\\Http\\Kernel.php(116): Illuminate\\Foundation\\Http\\Kernel->sendRequestThroughRouter(Object(Illuminate\\Http\\Request))
#63 C:\\xampp\\htdocs\\Laravel Projects\\tlight\\public\\index.php(55): Illuminate\\Foundation\\Http\\Kernel->handle(Object(Illuminate\\Http\\Request))
#64 C:\\xampp\\htdocs\\Laravel Projects\\tlight\\server.php(21): require_once('C:\\\\xampp\\\\htdocs...')
#65 {main}
"} 
[2020-11-04 08:39:04] local.ERROR: Undefined variable: user (View: C:\xampp\htdocs\Laravel Projects\tlight\resources\views\admin\posts\index.blade.php) {"userId":1,"exception":"[object] (ErrorException(code: 0): Undefined variable: user (View: C:\\xampp\\htdocs\\Laravel Projects\\tlight\esources\\views\\admin\\posts\\index.blade.php) at C:\\xampp\\htdocs\\Laravel Projects\\tlight\\storage\\framework\\views\\06ab947f3da4b2f724f830a864949e8ae725ce50.php:54, ErrorException(code: 0): Undefined variable: user at C:\\xampp\\htdocs\\Laravel Projects\\tlight\\storage\\framework\\views\\06ab947f3da4b2f724f830a864949e8ae725ce50.php:54)
[stacktrace]
#0 C:\\xampp\\htdocs\\Laravel Projects\\tlight\\vendor\\laravel\\framework\\src\\Illuminate\\View\\Engines\\PhpEngine.php(45): Illuminate\\View\\Engines\\CompilerEngine->handleViewException(Object(ErrorException), 1)
#1 C:\\xampp\\htdocs\\Laravel Projects\\tlight\\vendor\\laravel\\framework\\src\\Illuminate\\View\\Engines\\CompilerEngine.php(59): Illuminate\\View\\Engines\\PhpEngine->evaluatePath('C:\\\\xampp\\\\htdocs...', Array)
#2 C:\\xampp\\htdocs\\Laravel Projects\\tlight\\vendor\\laravel\\framework\\src\\Illuminate\\View\\View.php(142): Illuminate\\View\\Engines\\CompilerEngine->get('C:\\\\xampp\\\\htdocs...', Array)
#3 C:\\xampp\\htdocs\\Laravel Projects\\tlight\\vendor\\laravel\\framework\\src\\Illuminate\\View\\View.php(125): Illuminate\\View\\View->getContents()
#4 C:\\xampp\\htdocs\\Laravel Projects\\tlight\\vendor\\laravel\\framework\\src\\Illuminate\\View\\View.php(90): Illuminate\\View\\View->renderContents()
#5 C:\\xampp\\htdocs\\Laravel Projects\\tlight\\vendor\\laravel\\framework\\src\\Illuminate\\Http\\Response.php(42): Illuminate\\View\\View->render()
#6 C:\\xampp\\htdocs\\Laravel Projects\\tlight\\vendor\\symfony\\http-foundation\\Response.php(205): Illuminate\\Http\\Response->setContent(Object(Illuminate\\View\\View))
#7 C:\\xampp\\htdocs\\Laravel Projects\\tlight\\vendor\\laravel\\framework\\src\\Illuminate\\Routing\\Router.php(748): Symfony\\Component\\HttpFoundation\\Response->__construct(Object(Illuminate\\View\\View))
#8 C:\\xampp\\htdocs\\Laravel Projects\\tlight\\vendor\\laravel\\framework\\src\\Illuminate\\Routing\\Router.php(720): Illuminate\\Routing\\Router::toResponse(Object(Illuminate\\Http\\Request), Object(Illuminate\\View\\View))
#9 C:\\xampp\\htdocs\\Laravel Projects\\tlight\\vendor\\laravel\\framework\\src\\Illuminate\\Routing\\Router.php(680): Illuminate\\Routing\\Router->prepareResponse(Object(Illuminate\\Http\\Request), Object(Illuminate\\View\\View))
#10 C:\\xampp\\htdocs\\Laravel Projects\\tlight\\vendor\\laravel\\framework\\src\\Illuminate\\Routing\\Pipeline.php(30): Illuminate\\Routing\\Router->Illuminate\\Routing\\{closure}(Object(Illuminate\\Http\\Request))
#11 C:\\xampp\\htdocs\\Laravel Projects\\tlight\\app\\Http\\Middleware\\SwitchUser.php(22): Illuminate\\Routing\\Pipeline->Illuminate\\Routing\\{closure}(Object(Illuminate\\Http\\Request))
#12 C:\\xampp\\htdocs\\Laravel Projects\\tlight\\vendor\\laravel\\framework\\src\\Illuminate\\Pipeline\\Pipeline.php(163): App\\Http\\Middleware\\SwitchUser->handle(Object(Illuminate\\Http\\Request), Object(Closure))
#13 C:\\xampp\\htdocs\\Laravel Projects\\tlight\\vendor\\laravel\\framework\\src\\Illuminate\\Routing\\Pipeline.php(53): Illuminate\\Pipeline\\Pipeline->Illuminate\\Pipeline\\{closure}(Object(Illuminate\\Http\\Request))
#14 C:\\xampp\\htdocs\\Laravel Projects\\tlight\\vendor\\laravel\\framework\\src\\Illuminate\\Auth\\Middleware\\EnsureEmailIsVerified.php(29): Illuminate\\Routing\\Pipeline->Illuminate\\Routing\\{closure}(Object(Illuminate\\Http\\Request))
#15 C:\\xampp\\htdocs\\Laravel Projects\\tlight\\vendor\\laravel\\framework\\src\\Illuminate\\Pipeline\\Pipeline.php(163): Illuminate\\Auth\\Middleware\\EnsureEmailIsVerified->handle(Object(Illuminate\\Http\\Request), Object(Closure))
#16 C:\\xampp\\htdocs\\Laravel Projects\\tlight\\vendor\\laravel\\framework\\src\\Illuminate\\Routing\\Pipeline.php(53): Illuminate\\Pipeline\\Pipeline->Illuminate\\Pipeline\\{closure}(Object(Illuminate\\Http\\Request))
#17 C:\\xampp\\htdocs\\Laravel Projects\\tlight\\vendor\\laravel\\framework\\src\\Illuminate\\Routing\\Middleware\\SubstituteBindings.php(41): Illuminate\\Routing\\Pipeline->Illuminate\\Routing\\{closure}(Object(Illuminate\\Http\\Request))
#18 C:\\xampp\\htdocs\\Laravel Projects\\tlight\\vendor\\laravel\\framework\\src\\Illuminate\\Pipeline\\Pipeline.php(163): Illuminate\\Routing\\Middleware\\SubstituteBindings->handle(Object(Illuminate\\Http\\Request), Object(Closure))
#19 C:\\xampp\\htdocs\\Laravel Projects\\tlight\\vendor\\laravel\\framework\\src\\Illuminate\\Routing\\Pipeline.php(53): Illuminate\\Pipeline\\Pipeline->Illuminate\\Pipeline\\{closure}(Object(Illuminate\\Http\\Request))
#20 C:\\xampp\\htdocs\\Laravel Projects\\tlight\\vendor\\laravel\\framework\\src\\Illuminate\\Auth\\Middleware\\Authenticate.php(43): Illuminate\\Routing\\Pipeline->Illuminate\\Routing\\{closure}(Object(Illuminate\\Http\\Request))
#21 C:\\xampp\\htdocs\\Laravel Projects\\tlight\\vendor\\laravel\\framework\\src\\Illuminate\\Pipeline\\Pipeline.php(163): Illuminate\\Auth\\Middleware\\Authenticate->handle(Object(Illuminate\\Http\\Request), Object(Closure))
#22 C:\\xampp\\htdocs\\Laravel Projects\\tlight\\vendor\\laravel\\framework\\src\\Illuminate\\Routing\\Pipeline.php(53): Illuminate\\Pipeline\\Pipeline->Illuminate\\Pipeline\\{closure}(Object(Illuminate\\Http\\Request))
#23 C:\\xampp\\htdocs\\Laravel Projects\\tlight\\vendor\\laravel\\framework\\src\\Illuminate\\Foundation\\Http\\Middleware\\VerifyCsrfToken.php(75): Illuminate\\Routing\\Pipeline->Illuminate\\Routing\\{closure}(Object(Illuminate\\Http\\Request))
#24 C:\\xampp\\htdocs\\Laravel Projects\\tlight\\vendor\\laravel\\framework\\src\\Illuminate\\Pipeline\\Pipeline.php(163): Illuminate\\Foundation\\Http\\Middleware\\VerifyCsrfToken->handle(Object(Illuminate\\Http\\Request), Object(Closure))
#25 C:\\xampp\\htdocs\\Laravel Projects\\tlight\\vendor\\laravel\\framework\\src\\Illuminate\\Routing\\Pipeline.php(53): Illuminate\\Pipeline\\Pipeline->Illuminate\\Pipeline\\{closure}(Object(Illuminate\\Http\\Request))
#26 C:\\xampp\\htdocs\\Laravel Projects\\tlight\\vendor\\laravel\\framework\\src\\Illuminate\\View\\Middleware\\ShareErrorsFromSession.php(49): Illuminate\\Routing\\Pipeline->Illuminate\\Routing\\{closure}(Object(Illuminate\\Http\\Request))
#27 C:\\xampp\\htdocs\\Laravel Projects\\tlight\\vendor\\laravel\\framework\\src\\Illuminate\\Pipeline\\Pipeline.php(163): Illuminate\\View\\Middleware\\ShareErrorsFromSession->handle(Object(Illuminate\\Http\\Request), Object(Closure))
#28 C:\\xampp\\htdocs\\Laravel Projects\\tlight\\vendor\\laravel\\framework\\src\\Illuminate\\Routing\\Pipeline.php(53): Illuminate\\Pipeline\\Pipeline->Illuminate\\Pipeline\\{closure}(Object(Illuminate\\Http\\Request))
#29 C:\\xampp\\htdocs\\Laravel Projects\\tlight\\vendor\\laravel\\framework\\src\\Illuminate\\Session\\Middleware\\StartSession.php(56): Illuminate\\Routing\\Pipeline->Illuminate\\Routing\\{closure}(Object(Illuminate\\Http\\Request))
#30 C:\\xampp\\htdocs\\Laravel Projects\\tlight\\vendor\\laravel\\framework\\src\\Illuminate\\Pipeline\\Pipeline.php(163): Illuminate\\Session\\Middleware\\StartSession->handle(Object(Illuminate\\Http\\Request), Object(Closure))
#31 C:\\xampp\\htdocs\\Laravel Projects\\tlight\\vendor\\laravel\\framework\\src\\Illuminate\\Routing\\Pipeline.php(53): Illuminate\\Pipeline\\Pipeline->Illuminate\\Pipeline\\{closure}(Object(Illuminate\\Http\\Request))
#32 C:\\xampp\\htdocs\\Laravel Projects\\tlight\\vendor\\laravel\\framework\\src\\Illuminate\\Cookie\\Middleware\\AddQueuedCookiesToResponse.php(37): Illuminate\\Routing\\Pipeline->Illuminate\\Routing\\{closure}(Object(Illuminate\\Http\\Request))
#33 C:\\xampp\\htdocs\\Laravel Projects\\tlight\\vendor\\laravel\\framework\\src\\Illuminate\\Pipeline\\Pipeline.php(163): Illuminate\\Cookie\\Middleware\\AddQueuedCookiesToResponse->handle(Object(Illuminate\\Http\\Request), Object(Closure))
#34 C:\\xampp\\htdocs\\Laravel Projects\\tlight\\vendor\\laravel\\framework\\src\\Illuminate\\Routing\\Pipeline.php(53): Illuminate\\Pipeline\\Pipeline->Illuminate\\Pipeline\\{closure}(Object(Illuminate\\Http\\Request))
#35 C:\\xampp\\htdocs\\Laravel Projects\\tlight\\vendor\\laravel\\framework\\src\\Illuminate\\Cookie\\Middleware\\EncryptCookies.php(66): Illuminate\\Routing\\Pipeline->Illuminate\\Routing\\{closure}(Object(Illuminate\\Http\\Request))
#36 C:\\xampp\\htdocs\\Laravel Projects\\tlight\\vendor\\laravel\\framework\\src\\Illuminate\\Pipeline\\Pipeline.php(163): Illuminate\\Cookie\\Middleware\\EncryptCookies->handle(Object(Illuminate\\Http\\Request), Object(Closure))
#37 C:\\xampp\\htdocs\\Laravel Projects\\tlight\\vendor\\laravel\\framework\\src\\Illuminate\\Routing\\Pipeline.php(53): Illuminate\\Pipeline\\Pipeline->Illuminate\\Pipeline\\{closure}(Object(Illuminate\\Http\\Request))
#38 C:\\xampp\\htdocs\\Laravel Projects\\tlight\\vendor\\laravel\\framework\\src\\Illuminate\\Pipeline\\Pipeline.php(104): Illuminate\\Routing\\Pipeline->Illuminate\\Routing\\{closure}(Object(Illuminate\\Http\\Request))
#39 C:\\xampp\\htdocs\\Laravel Projects\\tlight\\vendor\\laravel\\framework\\src\\Illuminate\\Routing\\Router.php(682): Illuminate\\Pipeline\\Pipeline->then(Object(Closure))
#40 C:\\xampp\\htdocs\\Laravel Projects\\tlight\\vendor\\laravel\\framework\\src\\Illuminate\\Routing\\Router.php(657): Illuminate\\Routing\\Router->runRouteWithinStack(Object(Illuminate\\Routing\\Route), Object(Illuminate\\Http\\Request))
#41 C:\\xampp\\htdocs\\Laravel Projects\\tlight\\vendor\\laravel\\framework\\src\\Illuminate\\Routing\\Router.php(623): Illuminate\\Routing\\Router->runRoute(Object(Illuminate\\Http\\Request), Object(Illuminate\\Routing\\Route))
#42 C:\\xampp\\htdocs\\Laravel Projects\\tlight\\vendor\\laravel\\framework\\src\\Illuminate\\Routing\\Router.php(612): Illuminate\\Routing\\Router->dispatchToRoute(Object(Illuminate\\Http\\Request))
#43 C:\\xampp\\htdocs\\Laravel Projects\\tlight\\vendor\\laravel\\framework\\src\\Illuminate\\Foundation\\Http\\Kernel.php(176): Illuminate\\Routing\\Router->dispatch(Object(Illuminate\\Http\\Request))
#44 C:\\xampp\\htdocs\\Laravel Projects\\tlight\\vendor\\laravel\\framework\\src\\Illuminate\\Routing\\Pipeline.php(30): Illuminate\\Foundation\\Http\\Kernel->Illuminate\\Foundation\\Http\\{closure}(Object(Illuminate\\Http\\Request))
#45 C:\\xampp\\htdocs\\Laravel Projects\\tlight\\vendor\\fideloper\\proxy\\src\\TrustProxies.php(57): Illuminate\\Routing\\Pipeline->Illuminate\\Routing\\{closure}(Object(Illuminate\\Http\\Request))
#46 C:\\xampp\\htdocs\\Laravel Projects\\tlight\\vendor\\laravel\\framework\\src\\Illuminate\\Pipeline\\Pipeline.php(163): Fideloper\\Proxy\\TrustProxies->handle(Object(Illuminate\\Http\\Request), Object(Closure))
#47 C:\\xampp\\htdocs\\Laravel Projects\\tlight\\vendor\\laravel\\framework\\src\\Illuminate\\Routing\\Pipeline.php(53): Illuminate\\Pipeline\\Pipeline->Illuminate\\Pipeline\\{closure}(Object(Illuminate\\Http\\Request))
#48 C:\\xampp\\htdocs\\Laravel Projects\\tlight\\vendor\\laravel\\framework\\src\\Illuminate\\Foundation\\Http\\Middleware\\TransformsRequest.php(21): Illuminate\\Routing\\Pipeline->Illuminate\\Routing\\{closure}(Object(Illuminate\\Http\\Request))
#49 C:\\xampp\\htdocs\\Laravel Projects\\tlight\\vendor\\laravel\\framework\\src\\Illuminate\\Pipeline\\Pipeline.php(163): Illuminate\\Foundation\\Http\\Middleware\\TransformsRequest->handle(Object(Illuminate\\Http\\Request), Object(Closure))
#50 C:\\xampp\\htdocs\\Laravel Projects\\tlight\\vendor\\laravel\\framework\\src\\Illuminate\\Routing\\Pipeline.php(53): Illuminate\\Pipeline\\Pipeline->Illuminate\\Pipeline\\{closure}(Object(Illuminate\\Http\\Request))
#51 C:\\xampp\\htdocs\\Laravel Projects\\tlight\\vendor\\laravel\\framework\\src\\Illuminate\\Foundation\\Http\\Middleware\\TransformsRequest.php(21): Illuminate\\Routing\\Pipeline->Illuminate\\Routing\\{closure}(Object(Illuminate\\Http\\Request))
#52 C:\\xampp\\htdocs\\Laravel Projects\\tlight\\vendor\\laravel\\framework\\src\\Illuminate\\Pipeline\\Pipeline.php(163): Illuminate\\Foundation\\Http\\Middleware\\TransformsRequest->handle(Object(Illuminate\\Http\\Request), Object(Closure))
#53 C:\\xampp\\htdocs\\Laravel Projects\\tlight\\vendor\\laravel\\framework\\src\\Illuminate\\Routing\\Pipeline.php(53): Illuminate\\Pipeline\\Pipeline->Illuminate\\Pipeline\\{closure}(Object(Illuminate\\Http\\Request))
#54 C:\\xampp\\htdocs\\Laravel Projects\\tlight\\vendor\\laravel\\framework\\src\\Illuminate\\Foundation\\Http\\Middleware\\ValidatePostSize.php(27): Illuminate\\Routing\\Pipeline->Illuminate\\Routing\\{closure}(Object(Illuminate\\Http\\Request))
#55 C:\\xampp\\htdocs\\Laravel Projects\\tlight\\vendor\\laravel\\framework\\src\\Illuminate\\Pipeline\\Pipeline.php(163): Illuminate\\Foundation\\Http\\Middleware\\ValidatePostSize->handle(Object(Illuminate\\Http\\Request), Object(Closure))
#56 C:\\xampp\\htdocs\\Laravel Projects\\tlight\\vendor\\laravel\\framework\\src\\Illuminate\\Routing\\Pipeline.php(53): Illuminate\\Pipeline\\Pipeline->Illuminate\\Pipeline\\{closure}(Object(Illuminate\\Http\\Request))
#57 C:\\xampp\\htdocs\\Laravel Projects\\tlight\\vendor\\laravel\\framework\\src\\Illuminate\\Foundation\\Http\\Middleware\\CheckForMaintenanceMode.php(62): Illuminate\\Routing\\Pipeline->Illuminate\\Routing\\{closure}(Object(Illuminate\\Http\\Request))
#58 C:\\xampp\\htdocs\\Laravel Projects\\tlight\\vendor\\laravel\\framework\\src\\Illuminate\\Pipeline\\Pipeline.php(163): Illuminate\\Foundation\\Http\\Middleware\\CheckForMaintenanceMode->handle(Object(Illuminate\\Http\\Request), Object(Closure))
#59 C:\\xampp\\htdocs\\Laravel Projects\\tlight\\vendor\\laravel\\framework\\src\\Illuminate\\Routing\\Pipeline.php(53): Illuminate\\Pipeline\\Pipeline->Illuminate\\Pipeline\\{closure}(Object(Illuminate\\Http\\Request))
#60 C:\\xampp\\htdocs\\Laravel Projects\\tlight\\vendor\\laravel\\framework\\src\\Illuminate\\Pipeline\\Pipeline.php(104): Illuminate\\Routing\\Pipeline->Illuminate\\Routing\\{closure}(Object(Illuminate\\Http\\Request))
#61 C:\\xampp\\htdocs\\Laravel Projects\\tlight\\vendor\\laravel\\framework\\src\\Illuminate\\Foundation\\Http\\Kernel.php(151): Illuminate\\Pipeline\\Pipeline->then(Object(Closure))
#62 C:\\xampp\\htdocs\\Laravel Projects\\tlight\\vendor\\laravel\\framework\\src\\Illuminate\\Foundation\\Http\\Kernel.php(116): Illuminate\\Foundation\\Http\\Kernel->sendRequestThroughRouter(Object(Illuminate\\Http\\Request))
#63 C:\\xampp\\htdocs\\Laravel Projects\\tlight\\public\\index.php(55): Illuminate\\Foundation\\Http\\Kernel->handle(Object(Illuminate\\Http\\Request))
#64 C:\\xampp\\htdocs\\Laravel Projects\\tlight\\server.php(21): require_once('C:\\\\xampp\\\\htdocs...')
#65 {main}
"} 
[2020-11-04 08:39:45] local.ERROR: Route [posts.verify] not defined. (View: C:\xampp\htdocs\Laravel Projects\tlight\resources\views\admin\posts\index.blade.php) {"userId":1,"exception":"[object] (ErrorException(code: 0): Route [posts.verify] not defined. (View: C:\\xampp\\htdocs\\Laravel Projects\\tlight\esources\\views\\admin\\posts\\index.blade.php) at C:\\xampp\\htdocs\\Laravel Projects\\tlight\\vendor\\laravel\\framework\\src\\Illuminate\\Routing\\UrlGenerator.php:388, InvalidArgumentException(code: 0): Route [posts.verify] not defined. at C:\\xampp\\htdocs\\Laravel Projects\\tlight\\vendor\\laravel\\framework\\src\\Illuminate\\Routing\\UrlGenerator.php:388)
[stacktrace]
#0 C:\\xampp\\htdocs\\Laravel Projects\\tlight\\vendor\\laravel\\framework\\src\\Illuminate\\View\\Engines\\PhpEngine.php(45): Illuminate\\View\\Engines\\CompilerEngine->handleViewException(Object(InvalidArgumentException), 1)
#1 C:\\xampp\\htdocs\\Laravel Projects\\tlight\\vendor\\laravel\\framework\\src\\Illuminate\\View\\Engines\\CompilerEngine.php(59): Illuminate\\View\\Engines\\PhpEngine->evaluatePath('C:\\\\xampp\\\\htdocs...', Array)
#2 C:\\xampp\\htdocs\\Laravel Projects\\tlight\\vendor\\laravel\\framework\\src\\Illuminate\\View\\View.php(142): Illuminate\\View\\Engines\\CompilerEngine->get('C:\\\\xampp\\\\htdocs...', Array)
#3 C:\\xampp\\htdocs\\Laravel Projects\\tlight\\vendor\\laravel\\framework\\src\\Illuminate\\View\\View.php(125): Illuminate\\View\\View->getContents()
#4 C:\\xampp\\htdocs\\Laravel Projects\\tlight\\vendor\\laravel\\framework\\src\\Illuminate\\View\\View.php(90): Illuminate\\View\\View->renderContents()
#5 C:\\xampp\\htdocs\\Laravel Projects\\tlight\\vendor\\laravel\\framework\\src\\Illuminate\\Http\\Response.php(42): Illuminate\\View\\View->render()
#6 C:\\xampp\\htdocs\\Laravel Projects\\tlight\\vendor\\symfony\\http-foundation\\Response.php(205): Illuminate\\Http\\Response->setContent(Object(Illuminate\\View\\View))
#7 C:\\xampp\\htdocs\\Laravel Projects\\tlight\\vendor\\laravel\\framework\\src\\Illuminate\\Routing\\Router.php(748): Symfony\\Component\\HttpFoundation\\Response->__construct(Object(Illuminate\\View\\View))
#8 C:\\xampp\\htdocs\\Laravel Projects\\tlight\\vendor\\laravel\\framework\\src\\Illuminate\\Routing\\Router.php(720): Illuminate\\Routing\\Router::toResponse(Object(Illuminate\\Http\\Request), Object(Illuminate\\View\\View))
#9 C:\\xampp\\htdocs\\Laravel Projects\\tlight\\vendor\\laravel\\framework\\src\\Illuminate\\Routing\\Router.php(680): Illuminate\\Routing\\Router->prepareResponse(Object(Illuminate\\Http\\Request), Object(Illuminate\\View\\View))
#10 C:\\xampp\\htdocs\\Laravel Projects\\tlight\\vendor\\laravel\\framework\\src\\Illuminate\\Routing\\Pipeline.php(30): Illuminate\\Routing\\Router->Illuminate\\Routing\\{closure}(Object(Illuminate\\Http\\Request))
#11 C:\\xampp\\htdocs\\Laravel Projects\\tlight\\app\\Http\\Middleware\\SwitchUser.php(22): Illuminate\\Routing\\Pipeline->Illuminate\\Routing\\{closure}(Object(Illuminate\\Http\\Request))
#12 C:\\xampp\\htdocs\\Laravel Projects\\tlight\\vendor\\laravel\\framework\\src\\Illuminate\\Pipeline\\Pipeline.php(163): App\\Http\\Middleware\\SwitchUser->handle(Object(Illuminate\\Http\\Request), Object(Closure))
#13 C:\\xampp\\htdocs\\Laravel Projects\\tlight\\vendor\\laravel\\framework\\src\\Illuminate\\Routing\\Pipeline.php(53): Illuminate\\Pipeline\\Pipeline->Illuminate\\Pipeline\\{closure}(Object(Illuminate\\Http\\Request))
#14 C:\\xampp\\htdocs\\Laravel Projects\\tlight\\vendor\\laravel\\framework\\src\\Illuminate\\Auth\\Middleware\\EnsureEmailIsVerified.php(29): Illuminate\\Routing\\Pipeline->Illuminate\\Routing\\{closure}(Object(Illuminate\\Http\\Request))
#15 C:\\xampp\\htdocs\\Laravel Projects\\tlight\\vendor\\laravel\\framework\\src\\Illuminate\\Pipeline\\Pipeline.php(163): Illuminate\\Auth\\Middleware\\EnsureEmailIsVerified->handle(Object(Illuminate\\Http\\Request), Object(Closure))
#16 C:\\xampp\\htdocs\\Laravel Projects\\tlight\\vendor\\laravel\\framework\\src\\Illuminate\\Routing\\Pipeline.php(53): Illuminate\\Pipeline\\Pipeline->Illuminate\\Pipeline\\{closure}(Object(Illuminate\\Http\\Request))
#17 C:\\xampp\\htdocs\\Laravel Projects\\tlight\\vendor\\laravel\\framework\\src\\Illuminate\\Routing\\Middleware\\SubstituteBindings.php(41): Illuminate\\Routing\\Pipeline->Illuminate\\Routing\\{closure}(Object(Illuminate\\Http\\Request))
#18 C:\\xampp\\htdocs\\Laravel Projects\\tlight\\vendor\\laravel\\framework\\src\\Illuminate\\Pipeline\\Pipeline.php(163): Illuminate\\Routing\\Middleware\\SubstituteBindings->handle(Object(Illuminate\\Http\\Request), Object(Closure))
#19 C:\\xampp\\htdocs\\Laravel Projects\\tlight\\vendor\\laravel\\framework\\src\\Illuminate\\Routing\\Pipeline.php(53): Illuminate\\Pipeline\\Pipeline->Illuminate\\Pipeline\\{closure}(Object(Illuminate\\Http\\Request))
#20 C:\\xampp\\htdocs\\Laravel Projects\\tlight\\vendor\\laravel\\framework\\src\\Illuminate\\Auth\\Middleware\\Authenticate.php(43): Illuminate\\Routing\\Pipeline->Illuminate\\Routing\\{closure}(Object(Illuminate\\Http\\Request))
#21 C:\\xampp\\htdocs\\Laravel Projects\\tlight\\vendor\\laravel\\framework\\src\\Illuminate\\Pipeline\\Pipeline.php(163): Illuminate\\Auth\\Middleware\\Authenticate->handle(Object(Illuminate\\Http\\Request), Object(Closure))
#22 C:\\xampp\\htdocs\\Laravel Projects\\tlight\\vendor\\laravel\\framework\\src\\Illuminate\\Routing\\Pipeline.php(53): Illuminate\\Pipeline\\Pipeline->Illuminate\\Pipeline\\{closure}(Object(Illuminate\\Http\\Request))
#23 C:\\xampp\\htdocs\\Laravel Projects\\tlight\\vendor\\laravel\\framework\\src\\Illuminate\\Foundation\\Http\\Middleware\\VerifyCsrfToken.php(75): Illuminate\\Routing\\Pipeline->Illuminate\\Routing\\{closure}(Object(Illuminate\\Http\\Request))
#24 C:\\xampp\\htdocs\\Laravel Projects\\tlight\\vendor\\laravel\\framework\\src\\Illuminate\\Pipeline\\Pipeline.php(163): Illuminate\\Foundation\\Http\\Middleware\\VerifyCsrfToken->handle(Object(Illuminate\\Http\\Request), Object(Closure))
#25 C:\\xampp\\htdocs\\Laravel Projects\\tlight\\vendor\\laravel\\framework\\src\\Illuminate\\Routing\\Pipeline.php(53): Illuminate\\Pipeline\\Pipeline->Illuminate\\Pipeline\\{closure}(Object(Illuminate\\Http\\Request))
#26 C:\\xampp\\htdocs\\Laravel Projects\\tlight\\vendor\\laravel\\framework\\src\\Illuminate\\View\\Middleware\\ShareErrorsFromSession.php(49): Illuminate\\Routing\\Pipeline->Illuminate\\Routing\\{closure}(Object(Illuminate\\Http\\Request))
#27 C:\\xampp\\htdocs\\Laravel Projects\\tlight\\vendor\\laravel\\framework\\src\\Illuminate\\Pipeline\\Pipeline.php(163): Illuminate\\View\\Middleware\\ShareErrorsFromSession->handle(Object(Illuminate\\Http\\Request), Object(Closure))
#28 C:\\xampp\\htdocs\\Laravel Projects\\tlight\\vendor\\laravel\\framework\\src\\Illuminate\\Routing\\Pipeline.php(53): Illuminate\\Pipeline\\Pipeline->Illuminate\\Pipeline\\{closure}(Object(Illuminate\\Http\\Request))
#29 C:\\xampp\\htdocs\\Laravel Projects\\tlight\\vendor\\laravel\\framework\\src\\Illuminate\\Session\\Middleware\\StartSession.php(56): Illuminate\\Routing\\Pipeline->Illuminate\\Routing\\{closure}(Object(Illuminate\\Http\\Request))
#30 C:\\xampp\\htdocs\\Laravel Projects\\tlight\\vendor\\laravel\\framework\\src\\Illuminate\\Pipeline\\Pipeline.php(163): Illuminate\\Session\\Middleware\\StartSession->handle(Object(Illuminate\\Http\\Request), Object(Closure))
#31 C:\\xampp\\htdocs\\Laravel Projects\\tlight\\vendor\\laravel\\framework\\src\\Illuminate\\Routing\\Pipeline.php(53): Illuminate\\Pipeline\\Pipeline->Illuminate\\Pipeline\\{closure}(Object(Illuminate\\Http\\Request))
#32 C:\\xampp\\htdocs\\Laravel Projects\\tlight\\vendor\\laravel\\framework\\src\\Illuminate\\Cookie\\Middleware\\AddQueuedCookiesToResponse.php(37): Illuminate\\Routing\\Pipeline->Illuminate\\Routing\\{closure}(Object(Illuminate\\Http\\Request))
#33 C:\\xampp\\htdocs\\Laravel Projects\\tlight\\vendor\\laravel\\framework\\src\\Illuminate\\Pipeline\\Pipeline.php(163): Illuminate\\Cookie\\Middleware\\AddQueuedCookiesToResponse->handle(Object(Illuminate\\Http\\Request), Object(Closure))
#34 C:\\xampp\\htdocs\\Laravel Projects\\tlight\\vendor\\laravel\\framework\\src\\Illuminate\\Routing\\Pipeline.php(53): Illuminate\\Pipeline\\Pipeline->Illuminate\\Pipeline\\{closure}(Object(Illuminate\\Http\\Request))
#35 C:\\xampp\\htdocs\\Laravel Projects\\tlight\\vendor\\laravel\\framework\\src\\Illuminate\\Cookie\\Middleware\\EncryptCookies.php(66): Illuminate\\Routing\\Pipeline->Illuminate\\Routing\\{closure}(Object(Illuminate\\Http\\Request))
#36 C:\\xampp\\htdocs\\Laravel Projects\\tlight\\vendor\\laravel\\framework\\src\\Illuminate\\Pipeline\\Pipeline.php(163): Illuminate\\Cookie\\Middleware\\EncryptCookies->handle(Object(Illuminate\\Http\\Request), Object(Closure))
#37 C:\\xampp\\htdocs\\Laravel Projects\\tlight\\vendor\\laravel\\framework\\src\\Illuminate\\Routing\\Pipeline.php(53): Illuminate\\Pipeline\\Pipeline->Illuminate\\Pipeline\\{closure}(Object(Illuminate\\Http\\Request))
#38 C:\\xampp\\htdocs\\Laravel Projects\\tlight\\vendor\\laravel\\framework\\src\\Illuminate\\Pipeline\\Pipeline.php(104): Illuminate\\Routing\\Pipeline->Illuminate\\Routing\\{closure}(Object(Illuminate\\Http\\Request))
#39 C:\\xampp\\htdocs\\Laravel Projects\\tlight\\vendor\\laravel\\framework\\src\\Illuminate\\Routing\\Router.php(682): Illuminate\\Pipeline\\Pipeline->then(Object(Closure))
#40 C:\\xampp\\htdocs\\Laravel Projects\\tlight\\vendor\\laravel\\framework\\src\\Illuminate\\Routing\\Router.php(657): Illuminate\\Routing\\Router->runRouteWithinStack(Object(Illuminate\\Routing\\Route), Object(Illuminate\\Http\\Request))
#41 C:\\xampp\\htdocs\\Laravel Projects\\tlight\\vendor\\laravel\\framework\\src\\Illuminate\\Routing\\Router.php(623): Illuminate\\Routing\\Router->runRoute(Object(Illuminate\\Http\\Request), Object(Illuminate\\Routing\\Route))
#42 C:\\xampp\\htdocs\\Laravel Projects\\tlight\\vendor\\laravel\\framework\\src\\Illuminate\\Routing\\Router.php(612): Illuminate\\Routing\\Router->dispatchToRoute(Object(Illuminate\\Http\\Request))
#43 C:\\xampp\\htdocs\\Laravel Projects\\tlight\\vendor\\laravel\\framework\\src\\Illuminate\\Foundation\\Http\\Kernel.php(176): Illuminate\\Routing\\Router->dispatch(Object(Illuminate\\Http\\Request))
#44 C:\\xampp\\htdocs\\Laravel Projects\\tlight\\vendor\\laravel\\framework\\src\\Illuminate\\Routing\\Pipeline.php(30): Illuminate\\Foundation\\Http\\Kernel->Illuminate\\Foundation\\Http\\{closure}(Object(Illuminate\\Http\\Request))
#45 C:\\xampp\\htdocs\\Laravel Projects\\tlight\\vendor\\fideloper\\proxy\\src\\TrustProxies.php(57): Illuminate\\Routing\\Pipeline->Illuminate\\Routing\\{closure}(Object(Illuminate\\Http\\Request))
#46 C:\\xampp\\htdocs\\Laravel Projects\\tlight\\vendor\\laravel\\framework\\src\\Illuminate\\Pipeline\\Pipeline.php(163): Fideloper\\Proxy\\TrustProxies->handle(Object(Illuminate\\Http\\Request), Object(Closure))
#47 C:\\xampp\\htdocs\\Laravel Projects\\tlight\\vendor\\laravel\\framework\\src\\Illuminate\\Routing\\Pipeline.php(53): Illuminate\\Pipeline\\Pipeline->Illuminate\\Pipeline\\{closure}(Object(Illuminate\\Http\\Request))
#48 C:\\xampp\\htdocs\\Laravel Projects\\tlight\\vendor\\laravel\\framework\\src\\Illuminate\\Foundation\\Http\\Middleware\\TransformsRequest.php(21): Illuminate\\Routing\\Pipeline->Illuminate\\Routing\\{closure}(Object(Illuminate\\Http\\Request))
#49 C:\\xampp\\htdocs\\Laravel Projects\\tlight\\vendor\\laravel\\framework\\src\\Illuminate\\Pipeline\\Pipeline.php(163): Illuminate\\Foundation\\Http\\Middleware\\TransformsRequest->handle(Object(Illuminate\\Http\\Request), Object(Closure))
#50 C:\\xampp\\htdocs\\Laravel Projects\\tlight\\vendor\\laravel\\framework\\src\\Illuminate\\Routing\\Pipeline.php(53): Illuminate\\Pipeline\\Pipeline->Illuminate\\Pipeline\\{closure}(Object(Illuminate\\Http\\Request))
#51 C:\\xampp\\htdocs\\Laravel Projects\\tlight\\vendor\\laravel\\framework\\src\\Illuminate\\Foundation\\Http\\Middleware\\TransformsRequest.php(21): Illuminate\\Routing\\Pipeline->Illuminate\\Routing\\{closure}(Object(Illuminate\\Http\\Request))
#52 C:\\xampp\\htdocs\\Laravel Projects\\tlight\\vendor\\laravel\\framework\\src\\Illuminate\\Pipeline\\Pipeline.php(163): Illuminate\\Foundation\\Http\\Middleware\\TransformsRequest->handle(Object(Illuminate\\Http\\Request), Object(Closure))
#53 C:\\xampp\\htdocs\\Laravel Projects\\tlight\\vendor\\laravel\\framework\\src\\Illuminate\\Routing\\Pipeline.php(53): Illuminate\\Pipeline\\Pipeline->Illuminate\\Pipeline\\{closure}(Object(Illuminate\\Http\\Request))
#54 C:\\xampp\\htdocs\\Laravel Projects\\tlight\\vendor\\laravel\\framework\\src\\Illuminate\\Foundation\\Http\\Middleware\\ValidatePostSize.php(27): Illuminate\\Routing\\Pipeline->Illuminate\\Routing\\{closure}(Object(Illuminate\\Http\\Request))
#55 C:\\xampp\\htdocs\\Laravel Projects\\tlight\\vendor\\laravel\\framework\\src\\Illuminate\\Pipeline\\Pipeline.php(163): Illuminate\\Foundation\\Http\\Middleware\\ValidatePostSize->handle(Object(Illuminate\\Http\\Request), Object(Closure))
#56 C:\\xampp\\htdocs\\Laravel Projects\\tlight\\vendor\\laravel\\framework\\src\\Illuminate\\Routing\\Pipeline.php(53): Illuminate\\Pipeline\\Pipeline->Illuminate\\Pipeline\\{closure}(Object(Illuminate\\Http\\Request))
#57 C:\\xampp\\htdocs\\Laravel Projects\\tlight\\vendor\\laravel\\framework\\src\\Illuminate\\Foundation\\Http\\Middleware\\CheckForMaintenanceMode.php(62): Illuminate\\Routing\\Pipeline->Illuminate\\Routing\\{closure}(Object(Illuminate\\Http\\Request))
#58 C:\\xampp\\htdocs\\Laravel Projects\\tlight\\vendor\\laravel\\framework\\src\\Illuminate\\Pipeline\\Pipeline.php(163): Illuminate\\Foundation\\Http\\Middleware\\CheckForMaintenanceMode->handle(Object(Illuminate\\Http\\Request), Object(Closure))
#59 C:\\xampp\\htdocs\\Laravel Projects\\tlight\\vendor\\laravel\\framework\\src\\Illuminate\\Routing\\Pipeline.php(53): Illuminate\\Pipeline\\Pipeline->Illuminate\\Pipeline\\{closure}(Object(Illuminate\\Http\\Request))
#60 C:\\xampp\\htdocs\\Laravel Projects\\tlight\\vendor\\laravel\\framework\\src\\Illuminate\\Pipeline\\Pipeline.php(104): Illuminate\\Routing\\Pipeline->Illuminate\\Routing\\{closure}(Object(Illuminate\\Http\\Request))
#61 C:\\xampp\\htdocs\\Laravel Projects\\tlight\\vendor\\laravel\\framework\\src\\Illuminate\\Foundation\\Http\\Kernel.php(151): Illuminate\\Pipeline\\Pipeline->then(Object(Closure))
#62 C:\\xampp\\htdocs\\Laravel Projects\\tlight\\vendor\\laravel\\framework\\src\\Illuminate\\Foundation\\Http\\Kernel.php(116): Illuminate\\Foundation\\Http\\Kernel->sendRequestThroughRouter(Object(Illuminate\\Http\\Request))
#63 C:\\xampp\\htdocs\\Laravel Projects\\tlight\\public\\index.php(55): Illuminate\\Foundation\\Http\\Kernel->handle(Object(Illuminate\\Http\\Request))
#64 C:\\xampp\\htdocs\\Laravel Projects\\tlight\\server.php(21): require_once('C:\\\\xampp\\\\htdocs...')
#65 {main}
"} 
[2020-11-04 08:42:15] local.ERROR: Route [posts.delete] not defined. (View: C:\xampp\htdocs\Laravel Projects\tlight\resources\views\admin\posts\index.blade.php) {"userId":1,"exception":"[object] (ErrorException(code: 0): Route [posts.delete] not defined. (View: C:\\xampp\\htdocs\\Laravel Projects\\tlight\esources\\views\\admin\\posts\\index.blade.php) at C:\\xampp\\htdocs\\Laravel Projects\\tlight\\vendor\\laravel\\framework\\src\\Illuminate\\Routing\\UrlGenerator.php:388, InvalidArgumentException(code: 0): Route [posts.delete] not defined. at C:\\xampp\\htdocs\\Laravel Projects\\tlight\\vendor\\laravel\\framework\\src\\Illuminate\\Routing\\UrlGenerator.php:388)
[stacktrace]
#0 C:\\xampp\\htdocs\\Laravel Projects\\tlight\\vendor\\laravel\\framework\\src\\Illuminate\\View\\Engines\\PhpEngine.php(45): Illuminate\\View\\Engines\\CompilerEngine->handleViewException(Object(InvalidArgumentException), 1)
#1 C:\\xampp\\htdocs\\Laravel Projects\\tlight\\vendor\\laravel\\framework\\src\\Illuminate\\View\\Engines\\CompilerEngine.php(59): Illuminate\\View\\Engines\\PhpEngine->evaluatePath('C:\\\\xampp\\\\htdocs...', Array)
#2 C:\\xampp\\htdocs\\Laravel Projects\\tlight\\vendor\\laravel\\framework\\src\\Illuminate\\View\\View.php(142): Illuminate\\View\\Engines\\CompilerEngine->get('C:\\\\xampp\\\\htdocs...', Array)
#3 C:\\xampp\\htdocs\\Laravel Projects\\tlight\\vendor\\laravel\\framework\\src\\Illuminate\\View\\View.php(125): Illuminate\\View\\View->getContents()
#4 C:\\xampp\\htdocs\\Laravel Projects\\tlight\\vendor\\laravel\\framework\\src\\Illuminate\\View\\View.php(90): Illuminate\\View\\View->renderContents()
#5 C:\\xampp\\htdocs\\Laravel Projects\\tlight\\vendor\\laravel\\framework\\src\\Illuminate\\Http\\Response.php(42): Illuminate\\View\\View->render()
#6 C:\\xampp\\htdocs\\Laravel Projects\\tlight\\vendor\\symfony\\http-foundation\\Response.php(205): Illuminate\\Http\\Response->setContent(Object(Illuminate\\View\\View))
#7 C:\\xampp\\htdocs\\Laravel Projects\\tlight\\vendor\\laravel\\framework\\src\\Illuminate\\Routing\\Router.php(748): Symfony\\Component\\HttpFoundation\\Response->__construct(Object(Illuminate\\View\\View))
#8 C:\\xampp\\htdocs\\Laravel Projects\\tlight\\vendor\\laravel\\framework\\src\\Illuminate\\Routing\\Router.php(720): Illuminate\\Routing\\Router::toResponse(Object(Illuminate\\Http\\Request), Object(Illuminate\\View\\View))
#9 C:\\xampp\\htdocs\\Laravel Projects\\tlight\\vendor\\laravel\\framework\\src\\Illuminate\\Routing\\Router.php(680): Illuminate\\Routing\\Router->prepareResponse(Object(Illuminate\\Http\\Request), Object(Illuminate\\View\\View))
#10 C:\\xampp\\htdocs\\Laravel Projects\\tlight\\vendor\\laravel\\framework\\src\\Illuminate\\Routing\\Pipeline.php(30): Illuminate\\Routing\\Router->Illuminate\\Routing\\{closure}(Object(Illuminate\\Http\\Request))
#11 C:\\xampp\\htdocs\\Laravel Projects\\tlight\\app\\Http\\Middleware\\SwitchUser.php(22): Illuminate\\Routing\\Pipeline->Illuminate\\Routing\\{closure}(Object(Illuminate\\Http\\Request))
#12 C:\\xampp\\htdocs\\Laravel Projects\\tlight\\vendor\\laravel\\framework\\src\\Illuminate\\Pipeline\\Pipeline.php(163): App\\Http\\Middleware\\SwitchUser->handle(Object(Illuminate\\Http\\Request), Object(Closure))
#13 C:\\xampp\\htdocs\\Laravel Projects\\tlight\\vendor\\laravel\\framework\\src\\Illuminate\\Routing\\Pipeline.php(53): Illuminate\\Pipeline\\Pipeline->Illuminate\\Pipeline\\{closure}(Object(Illuminate\\Http\\Request))
#14 C:\\xampp\\htdocs\\Laravel Projects\\tlight\\vendor\\laravel\\framework\\src\\Illuminate\\Auth\\Middleware\\EnsureEmailIsVerified.php(29): Illuminate\\Routing\\Pipeline->Illuminate\\Routing\\{closure}(Object(Illuminate\\Http\\Request))
#15 C:\\xampp\\htdocs\\Laravel Projects\\tlight\\vendor\\laravel\\framework\\src\\Illuminate\\Pipeline\\Pipeline.php(163): Illuminate\\Auth\\Middleware\\EnsureEmailIsVerified->handle(Object(Illuminate\\Http\\Request), Object(Closure))
#16 C:\\xampp\\htdocs\\Laravel Projects\\tlight\\vendor\\laravel\\framework\\src\\Illuminate\\Routing\\Pipeline.php(53): Illuminate\\Pipeline\\Pipeline->Illuminate\\Pipeline\\{closure}(Object(Illuminate\\Http\\Request))
#17 C:\\xampp\\htdocs\\Laravel Projects\\tlight\\vendor\\laravel\\framework\\src\\Illuminate\\Routing\\Middleware\\SubstituteBindings.php(41): Illuminate\\Routing\\Pipeline->Illuminate\\Routing\\{closure}(Object(Illuminate\\Http\\Request))
#18 C:\\xampp\\htdocs\\Laravel Projects\\tlight\\vendor\\laravel\\framework\\src\\Illuminate\\Pipeline\\Pipeline.php(163): Illuminate\\Routing\\Middleware\\SubstituteBindings->handle(Object(Illuminate\\Http\\Request), Object(Closure))
#19 C:\\xampp\\htdocs\\Laravel Projects\\tlight\\vendor\\laravel\\framework\\src\\Illuminate\\Routing\\Pipeline.php(53): Illuminate\\Pipeline\\Pipeline->Illuminate\\Pipeline\\{closure}(Object(Illuminate\\Http\\Request))
#20 C:\\xampp\\htdocs\\Laravel Projects\\tlight\\vendor\\laravel\\framework\\src\\Illuminate\\Auth\\Middleware\\Authenticate.php(43): Illuminate\\Routing\\Pipeline->Illuminate\\Routing\\{closure}(Object(Illuminate\\Http\\Request))
#21 C:\\xampp\\htdocs\\Laravel Projects\\tlight\\vendor\\laravel\\framework\\src\\Illuminate\\Pipeline\\Pipeline.php(163): Illuminate\\Auth\\Middleware\\Authenticate->handle(Object(Illuminate\\Http\\Request), Object(Closure))
#22 C:\\xampp\\htdocs\\Laravel Projects\\tlight\\vendor\\laravel\\framework\\src\\Illuminate\\Routing\\Pipeline.php(53): Illuminate\\Pipeline\\Pipeline->Illuminate\\Pipeline\\{closure}(Object(Illuminate\\Http\\Request))
#23 C:\\xampp\\htdocs\\Laravel Projects\\tlight\\vendor\\laravel\\framework\\src\\Illuminate\\Foundation\\Http\\Middleware\\VerifyCsrfToken.php(75): Illuminate\\Routing\\Pipeline->Illuminate\\Routing\\{closure}(Object(Illuminate\\Http\\Request))
#24 C:\\xampp\\htdocs\\Laravel Projects\\tlight\\vendor\\laravel\\framework\\src\\Illuminate\\Pipeline\\Pipeline.php(163): Illuminate\\Foundation\\Http\\Middleware\\VerifyCsrfToken->handle(Object(Illuminate\\Http\\Request), Object(Closure))
#25 C:\\xampp\\htdocs\\Laravel Projects\\tlight\\vendor\\laravel\\framework\\src\\Illuminate\\Routing\\Pipeline.php(53): Illuminate\\Pipeline\\Pipeline->Illuminate\\Pipeline\\{closure}(Object(Illuminate\\Http\\Request))
#26 C:\\xampp\\htdocs\\Laravel Projects\\tlight\\vendor\\laravel\\framework\\src\\Illuminate\\View\\Middleware\\ShareErrorsFromSession.php(49): Illuminate\\Routing\\Pipeline->Illuminate\\Routing\\{closure}(Object(Illuminate\\Http\\Request))
#27 C:\\xampp\\htdocs\\Laravel Projects\\tlight\\vendor\\laravel\\framework\\src\\Illuminate\\Pipeline\\Pipeline.php(163): Illuminate\\View\\Middleware\\ShareErrorsFromSession->handle(Object(Illuminate\\Http\\Request), Object(Closure))
#28 C:\\xampp\\htdocs\\Laravel Projects\\tlight\\vendor\\laravel\\framework\\src\\Illuminate\\Routing\\Pipeline.php(53): Illuminate\\Pipeline\\Pipeline->Illuminate\\Pipeline\\{closure}(Object(Illuminate\\Http\\Request))
#29 C:\\xampp\\htdocs\\Laravel Projects\\tlight\\vendor\\laravel\\framework\\src\\Illuminate\\Session\\Middleware\\StartSession.php(56): Illuminate\\Routing\\Pipeline->Illuminate\\Routing\\{closure}(Object(Illuminate\\Http\\Request))
#30 C:\\xampp\\htdocs\\Laravel Projects\\tlight\\vendor\\laravel\\framework\\src\\Illuminate\\Pipeline\\Pipeline.php(163): Illuminate\\Session\\Middleware\\StartSession->handle(Object(Illuminate\\Http\\Request), Object(Closure))
#31 C:\\xampp\\htdocs\\Laravel Projects\\tlight\\vendor\\laravel\\framework\\src\\Illuminate\\Routing\\Pipeline.php(53): Illuminate\\Pipeline\\Pipeline->Illuminate\\Pipeline\\{closure}(Object(Illuminate\\Http\\Request))
#32 C:\\xampp\\htdocs\\Laravel Projects\\tlight\\vendor\\laravel\\framework\\src\\Illuminate\\Cookie\\Middleware\\AddQueuedCookiesToResponse.php(37): Illuminate\\Routing\\Pipeline->Illuminate\\Routing\\{closure}(Object(Illuminate\\Http\\Request))
#33 C:\\xampp\\htdocs\\Laravel Projects\\tlight\\vendor\\laravel\\framework\\src\\Illuminate\\Pipeline\\Pipeline.php(163): Illuminate\\Cookie\\Middleware\\AddQueuedCookiesToResponse->handle(Object(Illuminate\\Http\\Request), Object(Closure))
#34 C:\\xampp\\htdocs\\Laravel Projects\\tlight\\vendor\\laravel\\framework\\src\\Illuminate\\Routing\\Pipeline.php(53): Illuminate\\Pipeline\\Pipeline->Illuminate\\Pipeline\\{closure}(Object(Illuminate\\Http\\Request))
#35 C:\\xampp\\htdocs\\Laravel Projects\\tlight\\vendor\\laravel\\framework\\src\\Illuminate\\Cookie\\Middleware\\EncryptCookies.php(66): Illuminate\\Routing\\Pipeline->Illuminate\\Routing\\{closure}(Object(Illuminate\\Http\\Request))
#36 C:\\xampp\\htdocs\\Laravel Projects\\tlight\\vendor\\laravel\\framework\\src\\Illuminate\\Pipeline\\Pipeline.php(163): Illuminate\\Cookie\\Middleware\\EncryptCookies->handle(Object(Illuminate\\Http\\Request), Object(Closure))
#37 C:\\xampp\\htdocs\\Laravel Projects\\tlight\\vendor\\laravel\\framework\\src\\Illuminate\\Routing\\Pipeline.php(53): Illuminate\\Pipeline\\Pipeline->Illuminate\\Pipeline\\{closure}(Object(Illuminate\\Http\\Request))
#38 C:\\xampp\\htdocs\\Laravel Projects\\tlight\\vendor\\laravel\\framework\\src\\Illuminate\\Pipeline\\Pipeline.php(104): Illuminate\\Routing\\Pipeline->Illuminate\\Routing\\{closure}(Object(Illuminate\\Http\\Request))
#39 C:\\xampp\\htdocs\\Laravel Projects\\tlight\\vendor\\laravel\\framework\\src\\Illuminate\\Routing\\Router.php(682): Illuminate\\Pipeline\\Pipeline->then(Object(Closure))
#40 C:\\xampp\\htdocs\\Laravel Projects\\tlight\\vendor\\laravel\\framework\\src\\Illuminate\\Routing\\Router.php(657): Illuminate\\Routing\\Router->runRouteWithinStack(Object(Illuminate\\Routing\\Route), Object(Illuminate\\Http\\Request))
#41 C:\\xampp\\htdocs\\Laravel Projects\\tlight\\vendor\\laravel\\framework\\src\\Illuminate\\Routing\\Router.php(623): Illuminate\\Routing\\Router->runRoute(Object(Illuminate\\Http\\Request), Object(Illuminate\\Routing\\Route))
#42 C:\\xampp\\htdocs\\Laravel Projects\\tlight\\vendor\\laravel\\framework\\src\\Illuminate\\Routing\\Router.php(612): Illuminate\\Routing\\Router->dispatchToRoute(Object(Illuminate\\Http\\Request))
#43 C:\\xampp\\htdocs\\Laravel Projects\\tlight\\vendor\\laravel\\framework\\src\\Illuminate\\Foundation\\Http\\Kernel.php(176): Illuminate\\Routing\\Router->dispatch(Object(Illuminate\\Http\\Request))
#44 C:\\xampp\\htdocs\\Laravel Projects\\tlight\\vendor\\laravel\\framework\\src\\Illuminate\\Routing\\Pipeline.php(30): Illuminate\\Foundation\\Http\\Kernel->Illuminate\\Foundation\\Http\\{closure}(Object(Illuminate\\Http\\Request))
#45 C:\\xampp\\htdocs\\Laravel Projects\\tlight\\vendor\\fideloper\\proxy\\src\\TrustProxies.php(57): Illuminate\\Routing\\Pipeline->Illuminate\\Routing\\{closure}(Object(Illuminate\\Http\\Request))
#46 C:\\xampp\\htdocs\\Laravel Projects\\tlight\\vendor\\laravel\\framework\\src\\Illuminate\\Pipeline\\Pipeline.php(163): Fideloper\\Proxy\\TrustProxies->handle(Object(Illuminate\\Http\\Request), Object(Closure))
#47 C:\\xampp\\htdocs\\Laravel Projects\\tlight\\vendor\\laravel\\framework\\src\\Illuminate\\Routing\\Pipeline.php(53): Illuminate\\Pipeline\\Pipeline->Illuminate\\Pipeline\\{closure}(Object(Illuminate\\Http\\Request))
#48 C:\\xampp\\htdocs\\Laravel Projects\\tlight\\vendor\\laravel\\framework\\src\\Illuminate\\Foundation\\Http\\Middleware\\TransformsRequest.php(21): Illuminate\\Routing\\Pipeline->Illuminate\\Routing\\{closure}(Object(Illuminate\\Http\\Request))
#49 C:\\xampp\\htdocs\\Laravel Projects\\tlight\\vendor\\laravel\\framework\\src\\Illuminate\\Pipeline\\Pipeline.php(163): Illuminate\\Foundation\\Http\\Middleware\\TransformsRequest->handle(Object(Illuminate\\Http\\Request), Object(Closure))
#50 C:\\xampp\\htdocs\\Laravel Projects\\tlight\\vendor\\laravel\\framework\\src\\Illuminate\\Routing\\Pipeline.php(53): Illuminate\\Pipeline\\Pipeline->Illuminate\\Pipeline\\{closure}(Object(Illuminate\\Http\\Request))
#51 C:\\xampp\\htdocs\\Laravel Projects\\tlight\\vendor\\laravel\\framework\\src\\Illuminate\\Foundation\\Http\\Middleware\\TransformsRequest.php(21): Illuminate\\Routing\\Pipeline->Illuminate\\Routing\\{closure}(Object(Illuminate\\Http\\Request))
#52 C:\\xampp\\htdocs\\Laravel Projects\\tlight\\vendor\\laravel\\framework\\src\\Illuminate\\Pipeline\\Pipeline.php(163): Illuminate\\Foundation\\Http\\Middleware\\TransformsRequest->handle(Object(Illuminate\\Http\\Request), Object(Closure))
#53 C:\\xampp\\htdocs\\Laravel Projects\\tlight\\vendor\\laravel\\framework\\src\\Illuminate\\Routing\\Pipeline.php(53): Illuminate\\Pipeline\\Pipeline->Illuminate\\Pipeline\\{closure}(Object(Illuminate\\Http\\Request))
#54 C:\\xampp\\htdocs\\Laravel Projects\\tlight\\vendor\\laravel\\framework\\src\\Illuminate\\Foundation\\Http\\Middleware\\ValidatePostSize.php(27): Illuminate\\Routing\\Pipeline->Illuminate\\Routing\\{closure}(Object(Illuminate\\Http\\Request))
#55 C:\\xampp\\htdocs\\Laravel Projects\\tlight\\vendor\\laravel\\framework\\src\\Illuminate\\Pipeline\\Pipeline.php(163): Illuminate\\Foundation\\Http\\Middleware\\ValidatePostSize->handle(Object(Illuminate\\Http\\Request), Object(Closure))
#56 C:\\xampp\\htdocs\\Laravel Projects\\tlight\\vendor\\laravel\\framework\\src\\Illuminate\\Routing\\Pipeline.php(53): Illuminate\\Pipeline\\Pipeline->Illuminate\\Pipeline\\{closure}(Object(Illuminate\\Http\\Request))
#57 C:\\xampp\\htdocs\\Laravel Projects\\tlight\\vendor\\laravel\\framework\\src\\Illuminate\\Foundation\\Http\\Middleware\\CheckForMaintenanceMode.php(62): Illuminate\\Routing\\Pipeline->Illuminate\\Routing\\{closure}(Object(Illuminate\\Http\\Request))
#58 C:\\xampp\\htdocs\\Laravel Projects\\tlight\\vendor\\laravel\\framework\\src\\Illuminate\\Pipeline\\Pipeline.php(163): Illuminate\\Foundation\\Http\\Middleware\\CheckForMaintenanceMode->handle(Object(Illuminate\\Http\\Request), Object(Closure))
#59 C:\\xampp\\htdocs\\Laravel Projects\\tlight\\vendor\\laravel\\framework\\src\\Illuminate\\Routing\\Pipeline.php(53): Illuminate\\Pipeline\\Pipeline->Illuminate\\Pipeline\\{closure}(Object(Illuminate\\Http\\Request))
#60 C:\\xampp\\htdocs\\Laravel Projects\\tlight\\vendor\\laravel\\framework\\src\\Illuminate\\Pipeline\\Pipeline.php(104): Illuminate\\Routing\\Pipeline->Illuminate\\Routing\\{closure}(Object(Illuminate\\Http\\Request))
#61 C:\\xampp\\htdocs\\Laravel Projects\\tlight\\vendor\\laravel\\framework\\src\\Illuminate\\Foundation\\Http\\Kernel.php(151): Illuminate\\Pipeline\\Pipeline->then(Object(Closure))
#62 C:\\xampp\\htdocs\\Laravel Projects\\tlight\\vendor\\laravel\\framework\\src\\Illuminate\\Foundation\\Http\\Kernel.php(116): Illuminate\\Foundation\\Http\\Kernel->sendRequestThroughRouter(Object(Illuminate\\Http\\Request))
#63 C:\\xampp\\htdocs\\Laravel Projects\\tlight\\public\\index.php(55): Illuminate\\Foundation\\Http\\Kernel->handle(Object(Illuminate\\Http\\Request))
#64 C:\\xampp\\htdocs\\Laravel Projects\\tlight\\server.php(21): require_once('C:\\\\xampp\\\\htdocs...')
#65 {main}
"} 
[2020-11-04 09:00:18] local.ERROR: SQLSTATE[42S22]: Column not found: 1054 Unknown column '3' in 'field list' (SQL: select `3` from `posts` where `posts`.`deleted_at` is null limit 1) {"userId":1,"exception":"[object] (Illuminate\\Database\\QueryException(code: 42S22): SQLSTATE[42S22]: Column not found: 1054 Unknown column '3' in 'field list' (SQL: select `3` from `posts` where `posts`.`deleted_at` is null limit 1) at C:\\xampp\\htdocs\\Laravel Projects\\tlight\\vendor\\laravel\\framework\\src\\Illuminate\\Database\\Connection.php:664, Doctrine\\DBAL\\Driver\\PDOException(code: 42S22): SQLSTATE[42S22]: Column not found: 1054 Unknown column '3' in 'field list' at C:\\xampp\\htdocs\\Laravel Projects\\tlight\\vendor\\doctrine\\dbal\\lib\\Doctrine\\DBAL\\Driver\\PDOConnection.php:72, PDOException(code: 42S22): SQLSTATE[42S22]: Column not found: 1054 Unknown column '3' in 'field list' at C:\\xampp\\htdocs\\Laravel Projects\\tlight\\vendor\\doctrine\\dbal\\lib\\Doctrine\\DBAL\\Driver\\PDOConnection.php:67)
[stacktrace]
#0 C:\\xampp\\htdocs\\Laravel Projects\\tlight\\vendor\\laravel\\framework\\src\\Illuminate\\Database\\Connection.php(624): Illuminate\\Database\\Connection->runQueryCallback('select `3` from...', Array, Object(Closure))
#1 C:\\xampp\\htdocs\\Laravel Projects\\tlight\\vendor\\laravel\\framework\\src\\Illuminate\\Database\\Connection.php(333): Illuminate\\Database\\Connection->run('select `3` from...', Array, Object(Closure))
#2 C:\\xampp\\htdocs\\Laravel Projects\\tlight\\vendor\\laravel\\framework\\src\\Illuminate\\Database\\Query\\Builder.php(2130): Illuminate\\Database\\Connection->select('select `3` from...', Array, true)
#3 C:\\xampp\\htdocs\\Laravel Projects\\tlight\\vendor\\laravel\\framework\\src\\Illuminate\\Database\\Query\\Builder.php(2118): Illuminate\\Database\\Query\\Builder->runSelect()
#4 C:\\xampp\\htdocs\\Laravel Projects\\tlight\\vendor\\laravel\\framework\\src\\Illuminate\\Database\\Query\\Builder.php(2604): Illuminate\\Database\\Query\\Builder->Illuminate\\Database\\Query\\{closure}()
#5 C:\\xampp\\htdocs\\Laravel Projects\\tlight\\vendor\\laravel\\framework\\src\\Illuminate\\Database\\Query\\Builder.php(2119): Illuminate\\Database\\Query\\Builder->onceWithColumns(Array, Object(Closure))
#6 C:\\xampp\\htdocs\\Laravel Projects\\tlight\\vendor\\laravel\\framework\\src\\Illuminate\\Database\\Eloquent\\Builder.php(521): Illuminate\\Database\\Query\\Builder->get('3')
#7 C:\\xampp\\htdocs\\Laravel Projects\\tlight\\vendor\\laravel\\framework\\src\\Illuminate\\Database\\Eloquent\\Builder.php(505): Illuminate\\Database\\Eloquent\\Builder->getModels('3')
#8 C:\\xampp\\htdocs\\Laravel Projects\\tlight\\vendor\\laravel\\framework\\src\\Illuminate\\Database\\Concerns\\BuildsQueries.php(77): Illuminate\\Database\\Eloquent\\Builder->get('3')
#9 C:\\xampp\\htdocs\\Laravel Projects\\tlight\\vendor\\laravel\\framework\\src\\Illuminate\\Database\\Eloquent\\Builder.php(450): Illuminate\\Database\\Eloquent\\Builder->first('3')
#10 C:\\xampp\\htdocs\\Laravel Projects\\tlight\\vendor\\laravel\\framework\\src\\Illuminate\\Support\\Traits\\ForwardsCalls.php(23): Illuminate\\Database\\Eloquent\\Builder->firstOrFail('3')
#11 C:\\xampp\\htdocs\\Laravel Projects\\tlight\\vendor\\laravel\\framework\\src\\Illuminate\\Database\\Eloquent\\Model.php(1618): Illuminate\\Database\\Eloquent\\Model->forwardCallTo(Object(Illuminate\\Database\\Eloquent\\Builder), 'firstOrFail', Array)
#12 C:\\xampp\\htdocs\\Laravel Projects\\tlight\\vendor\\laravel\\framework\\src\\Illuminate\\Database\\Eloquent\\Model.php(1630): Illuminate\\Database\\Eloquent\\Model->__call('firstOrFail', Array)
#13 C:\\xampp\\htdocs\\Laravel Projects\\tlight\\app\\Http\\Controllers\\PostController.php(34): Illuminate\\Database\\Eloquent\\Model::__callStatic('firstOrFail', Array)
#14 [internal function]: App\\Http\\Controllers\\PostController->approve('3')
#15 C:\\xampp\\htdocs\\Laravel Projects\\tlight\\vendor\\laravel\\framework\\src\\Illuminate\\Routing\\Controller.php(54): call_user_func_array(Array, Array)
#16 C:\\xampp\\htdocs\\Laravel Projects\\tlight\\vendor\\laravel\\framework\\src\\Illuminate\\Routing\\ControllerDispatcher.php(45): Illuminate\\Routing\\Controller->callAction('approve', Array)
#17 C:\\xampp\\htdocs\\Laravel Projects\\tlight\\vendor\\laravel\\framework\\src\\Illuminate\\Routing\\Route.php(219): Illuminate\\Routing\\ControllerDispatcher->dispatch(Object(Illuminate\\Routing\\Route), Object(App\\Http\\Controllers\\PostController), 'approve')
#18 C:\\xampp\\htdocs\\Laravel Projects\\tlight\\vendor\\laravel\\framework\\src\\Illuminate\\Routing\\Route.php(176): Illuminate\\Routing\\Route->runController()
#19 C:\\xampp\\htdocs\\Laravel Projects\\tlight\\vendor\\laravel\\framework\\src\\Illuminate\\Routing\\Router.php(680): Illuminate\\Routing\\Route->run()
#20 C:\\xampp\\htdocs\\Laravel Projects\\tlight\\vendor\\laravel\\framework\\src\\Illuminate\\Routing\\Pipeline.php(30): Illuminate\\Routing\\Router->Illuminate\\Routing\\{closure}(Object(Illuminate\\Http\\Request))
#21 C:\\xampp\\htdocs\\Laravel Projects\\tlight\\app\\Http\\Middleware\\SwitchUser.php(22): Illuminate\\Routing\\Pipeline->Illuminate\\Routing\\{closure}(Object(Illuminate\\Http\\Request))
#22 C:\\xampp\\htdocs\\Laravel Projects\\tlight\\vendor\\laravel\\framework\\src\\Illuminate\\Pipeline\\Pipeline.php(163): App\\Http\\Middleware\\SwitchUser->handle(Object(Illuminate\\Http\\Request), Object(Closure))
#23 C:\\xampp\\htdocs\\Laravel Projects\\tlight\\vendor\\laravel\\framework\\src\\Illuminate\\Routing\\Pipeline.php(53): Illuminate\\Pipeline\\Pipeline->Illuminate\\Pipeline\\{closure}(Object(Illuminate\\Http\\Request))
#24 C:\\xampp\\htdocs\\Laravel Projects\\tlight\\vendor\\laravel\\framework\\src\\Illuminate\\Auth\\Middleware\\EnsureEmailIsVerified.php(29): Illuminate\\Routing\\Pipeline->Illuminate\\Routing\\{closure}(Object(Illuminate\\Http\\Request))
#25 C:\\xampp\\htdocs\\Laravel Projects\\tlight\\vendor\\laravel\\framework\\src\\Illuminate\\Pipeline\\Pipeline.php(163): Illuminate\\Auth\\Middleware\\EnsureEmailIsVerified->handle(Object(Illuminate\\Http\\Request), Object(Closure))
#26 C:\\xampp\\htdocs\\Laravel Projects\\tlight\\vendor\\laravel\\framework\\src\\Illuminate\\Routing\\Pipeline.php(53): Illuminate\\Pipeline\\Pipeline->Illuminate\\Pipeline\\{closure}(Object(Illuminate\\Http\\Request))
#27 C:\\xampp\\htdocs\\Laravel Projects\\tlight\\vendor\\laravel\\framework\\src\\Illuminate\\Routing\\Middleware\\SubstituteBindings.php(41): Illuminate\\Routing\\Pipeline->Illuminate\\Routing\\{closure}(Object(Illuminate\\Http\\Request))
#28 C:\\xampp\\htdocs\\Laravel Projects\\tlight\\vendor\\laravel\\framework\\src\\Illuminate\\Pipeline\\Pipeline.php(163): Illuminate\\Routing\\Middleware\\SubstituteBindings->handle(Object(Illuminate\\Http\\Request), Object(Closure))
#29 C:\\xampp\\htdocs\\Laravel Projects\\tlight\\vendor\\laravel\\framework\\src\\Illuminate\\Routing\\Pipeline.php(53): Illuminate\\Pipeline\\Pipeline->Illuminate\\Pipeline\\{closure}(Object(Illuminate\\Http\\Request))
#30 C:\\xampp\\htdocs\\Laravel Projects\\tlight\\vendor\\laravel\\framework\\src\\Illuminate\\Auth\\Middleware\\Authenticate.php(43): Illuminate\\Routing\\Pipeline->Illuminate\\Routing\\{closure}(Object(Illuminate\\Http\\Request))
#31 C:\\xampp\\htdocs\\Laravel Projects\\tlight\\vendor\\laravel\\framework\\src\\Illuminate\\Pipeline\\Pipeline.php(163): Illuminate\\Auth\\Middleware\\Authenticate->handle(Object(Illuminate\\Http\\Request), Object(Closure))
#32 C:\\xampp\\htdocs\\Laravel Projects\\tlight\\vendor\\laravel\\framework\\src\\Illuminate\\Routing\\Pipeline.php(53): Illuminate\\Pipeline\\Pipeline->Illuminate\\Pipeline\\{closure}(Object(Illuminate\\Http\\Request))
#33 C:\\xampp\\htdocs\\Laravel Projects\\tlight\\vendor\\laravel\\framework\\src\\Illuminate\\Foundation\\Http\\Middleware\\VerifyCsrfToken.php(75): Illuminate\\Routing\\Pipeline->Illuminate\\Routing\\{closure}(Object(Illuminate\\Http\\Request))
#34 C:\\xampp\\htdocs\\Laravel Projects\\tlight\\vendor\\laravel\\framework\\src\\Illuminate\\Pipeline\\Pipeline.php(163): Illuminate\\Foundation\\Http\\Middleware\\VerifyCsrfToken->handle(Object(Illuminate\\Http\\Request), Object(Closure))
#35 C:\\xampp\\htdocs\\Laravel Projects\\tlight\\vendor\\laravel\\framework\\src\\Illuminate\\Routing\\Pipeline.php(53): Illuminate\\Pipeline\\Pipeline->Illuminate\\Pipeline\\{closure}(Object(Illuminate\\Http\\Request))
#36 C:\\xampp\\htdocs\\Laravel Projects\\tlight\\vendor\\laravel\\framework\\src\\Illuminate\\View\\Middleware\\ShareErrorsFromSession.php(49): Illuminate\\Routing\\Pipeline->Illuminate\\Routing\\{closure}(Object(Illuminate\\Http\\Request))
#37 C:\\xampp\\htdocs\\Laravel Projects\\tlight\\vendor\\laravel\\framework\\src\\Illuminate\\Pipeline\\Pipeline.php(163): Illuminate\\View\\Middleware\\ShareErrorsFromSession->handle(Object(Illuminate\\Http\\Request), Object(Closure))
#38 C:\\xampp\\htdocs\\Laravel Projects\\tlight\\vendor\\laravel\\framework\\src\\Illuminate\\Routing\\Pipeline.php(53): Illuminate\\Pipeline\\Pipeline->Illuminate\\Pipeline\\{closure}(Object(Illuminate\\Http\\Request))
#39 C:\\xampp\\htdocs\\Laravel Projects\\tlight\\vendor\\laravel\\framework\\src\\Illuminate\\Session\\Middleware\\StartSession.php(56): Illuminate\\Routing\\Pipeline->Illuminate\\Routing\\{closure}(Object(Illuminate\\Http\\Request))
#40 C:\\xampp\\htdocs\\Laravel Projects\\tlight\\vendor\\laravel\\framework\\src\\Illuminate\\Pipeline\\Pipeline.php(163): Illuminate\\Session\\Middleware\\StartSession->handle(Object(Illuminate\\Http\\Request), Object(Closure))
#41 C:\\xampp\\htdocs\\Laravel Projects\\tlight\\vendor\\laravel\\framework\\src\\Illuminate\\Routing\\Pipeline.php(53): Illuminate\\Pipeline\\Pipeline->Illuminate\\Pipeline\\{closure}(Object(Illuminate\\Http\\Request))
#42 C:\\xampp\\htdocs\\Laravel Projects\\tlight\\vendor\\laravel\\framework\\src\\Illuminate\\Cookie\\Middleware\\AddQueuedCookiesToResponse.php(37): Illuminate\\Routing\\Pipeline->Illuminate\\Routing\\{closure}(Object(Illuminate\\Http\\Request))
#43 C:\\xampp\\htdocs\\Laravel Projects\\tlight\\vendor\\laravel\\framework\\src\\Illuminate\\Pipeline\\Pipeline.php(163): Illuminate\\Cookie\\Middleware\\AddQueuedCookiesToResponse->handle(Object(Illuminate\\Http\\Request), Object(Closure))
#44 C:\\xampp\\htdocs\\Laravel Projects\\tlight\\vendor\\laravel\\framework\\src\\Illuminate\\Routing\\Pipeline.php(53): Illuminate\\Pipeline\\Pipeline->Illuminate\\Pipeline\\{closure}(Object(Illuminate\\Http\\Request))
#45 C:\\xampp\\htdocs\\Laravel Projects\\tlight\\vendor\\laravel\\framework\\src\\Illuminate\\Cookie\\Middleware\\EncryptCookies.php(66): Illuminate\\Routing\\Pipeline->Illuminate\\Routing\\{closure}(Object(Illuminate\\Http\\Request))
#46 C:\\xampp\\htdocs\\Laravel Projects\\tlight\\vendor\\laravel\\framework\\src\\Illuminate\\Pipeline\\Pipeline.php(163): Illuminate\\Cookie\\Middleware\\EncryptCookies->handle(Object(Illuminate\\Http\\Request), Object(Closure))
#47 C:\\xampp\\htdocs\\Laravel Projects\\tlight\\vendor\\laravel\\framework\\src\\Illuminate\\Routing\\Pipeline.php(53): Illuminate\\Pipeline\\Pipeline->Illuminate\\Pipeline\\{closure}(Object(Illuminate\\Http\\Request))
#48 C:\\xampp\\htdocs\\Laravel Projects\\tlight\\vendor\\laravel\\framework\\src\\Illuminate\\Pipeline\\Pipeline.php(104): Illuminate\\Routing\\Pipeline->Illuminate\\Routing\\{closure}(Object(Illuminate\\Http\\Request))
#49 C:\\xampp\\htdocs\\Laravel Projects\\tlight\\vendor\\laravel\\framework\\src\\Illuminate\\Routing\\Router.php(682): Illuminate\\Pipeline\\Pipeline->then(Object(Closure))
#50 C:\\xampp\\htdocs\\Laravel Projects\\tlight\\vendor\\laravel\\framework\\src\\Illuminate\\Routing\\Router.php(657): Illuminate\\Routing\\Router->runRouteWithinStack(Object(Illuminate\\Routing\\Route), Object(Illuminate\\Http\\Request))
#51 C:\\xampp\\htdocs\\Laravel Projects\\tlight\\vendor\\laravel\\framework\\src\\Illuminate\\Routing\\Router.php(623): Illuminate\\Routing\\Router->runRoute(Object(Illuminate\\Http\\Request), Object(Illuminate\\Routing\\Route))
#52 C:\\xampp\\htdocs\\Laravel Projects\\tlight\\vendor\\laravel\\framework\\src\\Illuminate\\Routing\\Router.php(612): Illuminate\\Routing\\Router->dispatchToRoute(Object(Illuminate\\Http\\Request))
#53 C:\\xampp\\htdocs\\Laravel Projects\\tlight\\vendor\\laravel\\framework\\src\\Illuminate\\Foundation\\Http\\Kernel.php(176): Illuminate\\Routing\\Router->dispatch(Object(Illuminate\\Http\\Request))
#54 C:\\xampp\\htdocs\\Laravel Projects\\tlight\\vendor\\laravel\\framework\\src\\Illuminate\\Routing\\Pipeline.php(30): Illuminate\\Foundation\\Http\\Kernel->Illuminate\\Foundation\\Http\\{closure}(Object(Illuminate\\Http\\Request))
#55 C:\\xampp\\htdocs\\Laravel Projects\\tlight\\vendor\\fideloper\\proxy\\src\\TrustProxies.php(57): Illuminate\\Routing\\Pipeline->Illuminate\\Routing\\{closure}(Object(Illuminate\\Http\\Request))
#56 C:\\xampp\\htdocs\\Laravel Projects\\tlight\\vendor\\laravel\\framework\\src\\Illuminate\\Pipeline\\Pipeline.php(163): Fideloper\\Proxy\\TrustProxies->handle(Object(Illuminate\\Http\\Request), Object(Closure))
#57 C:\\xampp\\htdocs\\Laravel Projects\\tlight\\vendor\\laravel\\framework\\src\\Illuminate\\Routing\\Pipeline.php(53): Illuminate\\Pipeline\\Pipeline->Illuminate\\Pipeline\\{closure}(Object(Illuminate\\Http\\Request))
#58 C:\\xampp\\htdocs\\Laravel Projects\\tlight\\vendor\\laravel\\framework\\src\\Illuminate\\Foundation\\Http\\Middleware\\TransformsRequest.php(21): Illuminate\\Routing\\Pipeline->Illuminate\\Routing\\{closure}(Object(Illuminate\\Http\\Request))
#59 C:\\xampp\\htdocs\\Laravel Projects\\tlight\\vendor\\laravel\\framework\\src\\Illuminate\\Pipeline\\Pipeline.php(163): Illuminate\\Foundation\\Http\\Middleware\\TransformsRequest->handle(Object(Illuminate\\Http\\Request), Object(Closure))
#60 C:\\xampp\\htdocs\\Laravel Projects\\tlight\\vendor\\laravel\\framework\\src\\Illuminate\\Routing\\Pipeline.php(53): Illuminate\\Pipeline\\Pipeline->Illuminate\\Pipeline\\{closure}(Object(Illuminate\\Http\\Request))
#61 C:\\xampp\\htdocs\\Laravel Projects\\tlight\\vendor\\laravel\\framework\\src\\Illuminate\\Foundation\\Http\\Middleware\\TransformsRequest.php(21): Illuminate\\Routing\\Pipeline->Illuminate\\Routing\\{closure}(Object(Illuminate\\Http\\Request))
#62 C:\\xampp\\htdocs\\Laravel Projects\\tlight\\vendor\\laravel\\framework\\src\\Illuminate\\Pipeline\\Pipeline.php(163): Illuminate\\Foundation\\Http\\Middleware\\TransformsRequest->handle(Object(Illuminate\\Http\\Request), Object(Closure))
#63 C:\\xampp\\htdocs\\Laravel Projects\\tlight\\vendor\\laravel\\framework\\src\\Illuminate\\Routing\\Pipeline.php(53): Illuminate\\Pipeline\\Pipeline->Illuminate\\Pipeline\\{closure}(Object(Illuminate\\Http\\Request))
#64 C:\\xampp\\htdocs\\Laravel Projects\\tlight\\vendor\\laravel\\framework\\src\\Illuminate\\Foundation\\Http\\Middleware\\ValidatePostSize.php(27): Illuminate\\Routing\\Pipeline->Illuminate\\Routing\\{closure}(Object(Illuminate\\Http\\Request))
#65 C:\\xampp\\htdocs\\Laravel Projects\\tlight\\vendor\\laravel\\framework\\src\\Illuminate\\Pipeline\\Pipeline.php(163): Illuminate\\Foundation\\Http\\Middleware\\ValidatePostSize->handle(Object(Illuminate\\Http\\Request), Object(Closure))
#66 C:\\xampp\\htdocs\\Laravel Projects\\tlight\\vendor\\laravel\\framework\\src\\Illuminate\\Routing\\Pipeline.php(53): Illuminate\\Pipeline\\Pipeline->Illuminate\\Pipeline\\{closure}(Object(Illuminate\\Http\\Request))
#67 C:\\xampp\\htdocs\\Laravel Projects\\tlight\\vendor\\laravel\\framework\\src\\Illuminate\\Foundation\\Http\\Middleware\\CheckForMaintenanceMode.php(62): Illuminate\\Routing\\Pipeline->Illuminate\\Routing\\{closure}(Object(Illuminate\\Http\\Request))
#68 C:\\xampp\\htdocs\\Laravel Projects\\tlight\\vendor\\laravel\\framework\\src\\Illuminate\\Pipeline\\Pipeline.php(163): Illuminate\\Foundation\\Http\\Middleware\\CheckForMaintenanceMode->handle(Object(Illuminate\\Http\\Request), Object(Closure))
#69 C:\\xampp\\htdocs\\Laravel Projects\\tlight\\vendor\\laravel\\framework\\src\\Illuminate\\Routing\\Pipeline.php(53): Illuminate\\Pipeline\\Pipeline->Illuminate\\Pipeline\\{closure}(Object(Illuminate\\Http\\Request))
#70 C:\\xampp\\htdocs\\Laravel Projects\\tlight\\vendor\\laravel\\framework\\src\\Illuminate\\Pipeline\\Pipeline.php(104): Illuminate\\Routing\\Pipeline->Illuminate\\Routing\\{closure}(Object(Illuminate\\Http\\Request))
#71 C:\\xampp\\htdocs\\Laravel Projects\\tlight\\vendor\\laravel\\framework\\src\\Illuminate\\Foundation\\Http\\Kernel.php(151): Illuminate\\Pipeline\\Pipeline->then(Object(Closure))
#72 C:\\xampp\\htdocs\\Laravel Projects\\tlight\\vendor\\laravel\\framework\\src\\Illuminate\\Foundation\\Http\\Kernel.php(116): Illuminate\\Foundation\\Http\\Kernel->sendRequestThroughRouter(Object(Illuminate\\Http\\Request))
#73 C:\\xampp\\htdocs\\Laravel Projects\\tlight\\public\\index.php(55): Illuminate\\Foundation\\Http\\Kernel->handle(Object(Illuminate\\Http\\Request))
#74 C:\\xampp\\htdocs\\Laravel Projects\\tlight\\server.php(21): require_once('C:\\\\xampp\\\\htdocs...')
#75 {main}
"} 
[2020-11-04 09:03:11] local.ERROR: SQLSTATE[42S22]: Column not found: 1054 Unknown column '3' in 'field list' (SQL: select `3` from `posts` where `posts`.`deleted_at` is null limit 1) {"userId":1,"exception":"[object] (Illuminate\\Database\\QueryException(code: 42S22): SQLSTATE[42S22]: Column not found: 1054 Unknown column '3' in 'field list' (SQL: select `3` from `posts` where `posts`.`deleted_at` is null limit 1) at C:\\xampp\\htdocs\\Laravel Projects\\tlight\\vendor\\laravel\\framework\\src\\Illuminate\\Database\\Connection.php:664, Doctrine\\DBAL\\Driver\\PDOException(code: 42S22): SQLSTATE[42S22]: Column not found: 1054 Unknown column '3' in 'field list' at C:\\xampp\\htdocs\\Laravel Projects\\tlight\\vendor\\doctrine\\dbal\\lib\\Doctrine\\DBAL\\Driver\\PDOConnection.php:72, PDOException(code: 42S22): SQLSTATE[42S22]: Column not found: 1054 Unknown column '3' in 'field list' at C:\\xampp\\htdocs\\Laravel Projects\\tlight\\vendor\\doctrine\\dbal\\lib\\Doctrine\\DBAL\\Driver\\PDOConnection.php:67)
[stacktrace]
#0 C:\\xampp\\htdocs\\Laravel Projects\\tlight\\vendor\\laravel\\framework\\src\\Illuminate\\Database\\Connection.php(624): Illuminate\\Database\\Connection->runQueryCallback('select `3` from...', Array, Object(Closure))
#1 C:\\xampp\\htdocs\\Laravel Projects\\tlight\\vendor\\laravel\\framework\\src\\Illuminate\\Database\\Connection.php(333): Illuminate\\Database\\Connection->run('select `3` from...', Array, Object(Closure))
#2 C:\\xampp\\htdocs\\Laravel Projects\\tlight\\vendor\\laravel\\framework\\src\\Illuminate\\Database\\Query\\Builder.php(2130): Illuminate\\Database\\Connection->select('select `3` from...', Array, true)
#3 C:\\xampp\\htdocs\\Laravel Projects\\tlight\\vendor\\laravel\\framework\\src\\Illuminate\\Database\\Query\\Builder.php(2118): Illuminate\\Database\\Query\\Builder->runSelect()
#4 C:\\xampp\\htdocs\\Laravel Projects\\tlight\\vendor\\laravel\\framework\\src\\Illuminate\\Database\\Query\\Builder.php(2604): Illuminate\\Database\\Query\\Builder->Illuminate\\Database\\Query\\{closure}()
#5 C:\\xampp\\htdocs\\Laravel Projects\\tlight\\vendor\\laravel\\framework\\src\\Illuminate\\Database\\Query\\Builder.php(2119): Illuminate\\Database\\Query\\Builder->onceWithColumns(Array, Object(Closure))
#6 C:\\xampp\\htdocs\\Laravel Projects\\tlight\\vendor\\laravel\\framework\\src\\Illuminate\\Database\\Eloquent\\Builder.php(521): Illuminate\\Database\\Query\\Builder->get('3')
#7 C:\\xampp\\htdocs\\Laravel Projects\\tlight\\vendor\\laravel\\framework\\src\\Illuminate\\Database\\Eloquent\\Builder.php(505): Illuminate\\Database\\Eloquent\\Builder->getModels('3')
#8 C:\\xampp\\htdocs\\Laravel Projects\\tlight\\vendor\\laravel\\framework\\src\\Illuminate\\Database\\Concerns\\BuildsQueries.php(77): Illuminate\\Database\\Eloquent\\Builder->get('3')
#9 C:\\xampp\\htdocs\\Laravel Projects\\tlight\\vendor\\laravel\\framework\\src\\Illuminate\\Database\\Eloquent\\Builder.php(450): Illuminate\\Database\\Eloquent\\Builder->first('3')
#10 C:\\xampp\\htdocs\\Laravel Projects\\tlight\\vendor\\laravel\\framework\\src\\Illuminate\\Support\\Traits\\ForwardsCalls.php(23): Illuminate\\Database\\Eloquent\\Builder->firstOrFail('3')
#11 C:\\xampp\\htdocs\\Laravel Projects\\tlight\\vendor\\laravel\\framework\\src\\Illuminate\\Database\\Eloquent\\Model.php(1618): Illuminate\\Database\\Eloquent\\Model->forwardCallTo(Object(Illuminate\\Database\\Eloquent\\Builder), 'firstOrFail', Array)
#12 C:\\xampp\\htdocs\\Laravel Projects\\tlight\\vendor\\laravel\\framework\\src\\Illuminate\\Database\\Eloquent\\Model.php(1630): Illuminate\\Database\\Eloquent\\Model->__call('firstOrFail', Array)
#13 C:\\xampp\\htdocs\\Laravel Projects\\tlight\\app\\Http\\Controllers\\PostController.php(53): Illuminate\\Database\\Eloquent\\Model::__callStatic('firstOrFail', Array)
#14 [internal function]: App\\Http\\Controllers\\PostController->unapprove('3')
#15 C:\\xampp\\htdocs\\Laravel Projects\\tlight\\vendor\\laravel\\framework\\src\\Illuminate\\Routing\\Controller.php(54): call_user_func_array(Array, Array)
#16 C:\\xampp\\htdocs\\Laravel Projects\\tlight\\vendor\\laravel\\framework\\src\\Illuminate\\Routing\\ControllerDispatcher.php(45): Illuminate\\Routing\\Controller->callAction('unapprove', Array)
#17 C:\\xampp\\htdocs\\Laravel Projects\\tlight\\vendor\\laravel\\framework\\src\\Illuminate\\Routing\\Route.php(219): Illuminate\\Routing\\ControllerDispatcher->dispatch(Object(Illuminate\\Routing\\Route), Object(App\\Http\\Controllers\\PostController), 'unapprove')
#18 C:\\xampp\\htdocs\\Laravel Projects\\tlight\\vendor\\laravel\\framework\\src\\Illuminate\\Routing\\Route.php(176): Illuminate\\Routing\\Route->runController()
#19 C:\\xampp\\htdocs\\Laravel Projects\\tlight\\vendor\\laravel\\framework\\src\\Illuminate\\Routing\\Router.php(680): Illuminate\\Routing\\Route->run()
#20 C:\\xampp\\htdocs\\Laravel Projects\\tlight\\vendor\\laravel\\framework\\src\\Illuminate\\Routing\\Pipeline.php(30): Illuminate\\Routing\\Router->Illuminate\\Routing\\{closure}(Object(Illuminate\\Http\\Request))
#21 C:\\xampp\\htdocs\\Laravel Projects\\tlight\\app\\Http\\Middleware\\SwitchUser.php(22): Illuminate\\Routing\\Pipeline->Illuminate\\Routing\\{closure}(Object(Illuminate\\Http\\Request))
#22 C:\\xampp\\htdocs\\Laravel Projects\\tlight\\vendor\\laravel\\framework\\src\\Illuminate\\Pipeline\\Pipeline.php(163): App\\Http\\Middleware\\SwitchUser->handle(Object(Illuminate\\Http\\Request), Object(Closure))
#23 C:\\xampp\\htdocs\\Laravel Projects\\tlight\\vendor\\laravel\\framework\\src\\Illuminate\\Routing\\Pipeline.php(53): Illuminate\\Pipeline\\Pipeline->Illuminate\\Pipeline\\{closure}(Object(Illuminate\\Http\\Request))
#24 C:\\xampp\\htdocs\\Laravel Projects\\tlight\\vendor\\laravel\\framework\\src\\Illuminate\\Auth\\Middleware\\EnsureEmailIsVerified.php(29): Illuminate\\Routing\\Pipeline->Illuminate\\Routing\\{closure}(Object(Illuminate\\Http\\Request))
#25 C:\\xampp\\htdocs\\Laravel Projects\\tlight\\vendor\\laravel\\framework\\src\\Illuminate\\Pipeline\\Pipeline.php(163): Illuminate\\Auth\\Middleware\\EnsureEmailIsVerified->handle(Object(Illuminate\\Http\\Request), Object(Closure))
#26 C:\\xampp\\htdocs\\Laravel Projects\\tlight\\vendor\\laravel\\framework\\src\\Illuminate\\Routing\\Pipeline.php(53): Illuminate\\Pipeline\\Pipeline->Illuminate\\Pipeline\\{closure}(Object(Illuminate\\Http\\Request))
#27 C:\\xampp\\htdocs\\Laravel Projects\\tlight\\vendor\\laravel\\framework\\src\\Illuminate\\Routing\\Middleware\\SubstituteBindings.php(41): Illuminate\\Routing\\Pipeline->Illuminate\\Routing\\{closure}(Object(Illuminate\\Http\\Request))
#28 C:\\xampp\\htdocs\\Laravel Projects\\tlight\\vendor\\laravel\\framework\\src\\Illuminate\\Pipeline\\Pipeline.php(163): Illuminate\\Routing\\Middleware\\SubstituteBindings->handle(Object(Illuminate\\Http\\Request), Object(Closure))
#29 C:\\xampp\\htdocs\\Laravel Projects\\tlight\\vendor\\laravel\\framework\\src\\Illuminate\\Routing\\Pipeline.php(53): Illuminate\\Pipeline\\Pipeline->Illuminate\\Pipeline\\{closure}(Object(Illuminate\\Http\\Request))
#30 C:\\xampp\\htdocs\\Laravel Projects\\tlight\\vendor\\laravel\\framework\\src\\Illuminate\\Auth\\Middleware\\Authenticate.php(43): Illuminate\\Routing\\Pipeline->Illuminate\\Routing\\{closure}(Object(Illuminate\\Http\\Request))
#31 C:\\xampp\\htdocs\\Laravel Projects\\tlight\\vendor\\laravel\\framework\\src\\Illuminate\\Pipeline\\Pipeline.php(163): Illuminate\\Auth\\Middleware\\Authenticate->handle(Object(Illuminate\\Http\\Request), Object(Closure))
#32 C:\\xampp\\htdocs\\Laravel Projects\\tlight\\vendor\\laravel\\framework\\src\\Illuminate\\Routing\\Pipeline.php(53): Illuminate\\Pipeline\\Pipeline->Illuminate\\Pipeline\\{closure}(Object(Illuminate\\Http\\Request))
#33 C:\\xampp\\htdocs\\Laravel Projects\\tlight\\vendor\\laravel\\framework\\src\\Illuminate\\Foundation\\Http\\Middleware\\VerifyCsrfToken.php(75): Illuminate\\Routing\\Pipeline->Illuminate\\Routing\\{closure}(Object(Illuminate\\Http\\Request))
#34 C:\\xampp\\htdocs\\Laravel Projects\\tlight\\vendor\\laravel\\framework\\src\\Illuminate\\Pipeline\\Pipeline.php(163): Illuminate\\Foundation\\Http\\Middleware\\VerifyCsrfToken->handle(Object(Illuminate\\Http\\Request), Object(Closure))
#35 C:\\xampp\\htdocs\\Laravel Projects\\tlight\\vendor\\laravel\\framework\\src\\Illuminate\\Routing\\Pipeline.php(53): Illuminate\\Pipeline\\Pipeline->Illuminate\\Pipeline\\{closure}(Object(Illuminate\\Http\\Request))
#36 C:\\xampp\\htdocs\\Laravel Projects\\tlight\\vendor\\laravel\\framework\\src\\Illuminate\\View\\Middleware\\ShareErrorsFromSession.php(49): Illuminate\\Routing\\Pipeline->Illuminate\\Routing\\{closure}(Object(Illuminate\\Http\\Request))
#37 C:\\xampp\\htdocs\\Laravel Projects\\tlight\\vendor\\laravel\\framework\\src\\Illuminate\\Pipeline\\Pipeline.php(163): Illuminate\\View\\Middleware\\ShareErrorsFromSession->handle(Object(Illuminate\\Http\\Request), Object(Closure))
#38 C:\\xampp\\htdocs\\Laravel Projects\\tlight\\vendor\\laravel\\framework\\src\\Illuminate\\Routing\\Pipeline.php(53): Illuminate\\Pipeline\\Pipeline->Illuminate\\Pipeline\\{closure}(Object(Illuminate\\Http\\Request))
#39 C:\\xampp\\htdocs\\Laravel Projects\\tlight\\vendor\\laravel\\framework\\src\\Illuminate\\Session\\Middleware\\StartSession.php(56): Illuminate\\Routing\\Pipeline->Illuminate\\Routing\\{closure}(Object(Illuminate\\Http\\Request))
#40 C:\\xampp\\htdocs\\Laravel Projects\\tlight\\vendor\\laravel\\framework\\src\\Illuminate\\Pipeline\\Pipeline.php(163): Illuminate\\Session\\Middleware\\StartSession->handle(Object(Illuminate\\Http\\Request), Object(Closure))
#41 C:\\xampp\\htdocs\\Laravel Projects\\tlight\\vendor\\laravel\\framework\\src\\Illuminate\\Routing\\Pipeline.php(53): Illuminate\\Pipeline\\Pipeline->Illuminate\\Pipeline\\{closure}(Object(Illuminate\\Http\\Request))
#42 C:\\xampp\\htdocs\\Laravel Projects\\tlight\\vendor\\laravel\\framework\\src\\Illuminate\\Cookie\\Middleware\\AddQueuedCookiesToResponse.php(37): Illuminate\\Routing\\Pipeline->Illuminate\\Routing\\{closure}(Object(Illuminate\\Http\\Request))
#43 C:\\xampp\\htdocs\\Laravel Projects\\tlight\\vendor\\laravel\\framework\\src\\Illuminate\\Pipeline\\Pipeline.php(163): Illuminate\\Cookie\\Middleware\\AddQueuedCookiesToResponse->handle(Object(Illuminate\\Http\\Request), Object(Closure))
#44 C:\\xampp\\htdocs\\Laravel Projects\\tlight\\vendor\\laravel\\framework\\src\\Illuminate\\Routing\\Pipeline.php(53): Illuminate\\Pipeline\\Pipeline->Illuminate\\Pipeline\\{closure}(Object(Illuminate\\Http\\Request))
#45 C:\\xampp\\htdocs\\Laravel Projects\\tlight\\vendor\\laravel\\framework\\src\\Illuminate\\Cookie\\Middleware\\EncryptCookies.php(66): Illuminate\\Routing\\Pipeline->Illuminate\\Routing\\{closure}(Object(Illuminate\\Http\\Request))
#46 C:\\xampp\\htdocs\\Laravel Projects\\tlight\\vendor\\laravel\\framework\\src\\Illuminate\\Pipeline\\Pipeline.php(163): Illuminate\\Cookie\\Middleware\\EncryptCookies->handle(Object(Illuminate\\Http\\Request), Object(Closure))
#47 C:\\xampp\\htdocs\\Laravel Projects\\tlight\\vendor\\laravel\\framework\\src\\Illuminate\\Routing\\Pipeline.php(53): Illuminate\\Pipeline\\Pipeline->Illuminate\\Pipeline\\{closure}(Object(Illuminate\\Http\\Request))
#48 C:\\xampp\\htdocs\\Laravel Projects\\tlight\\vendor\\laravel\\framework\\src\\Illuminate\\Pipeline\\Pipeline.php(104): Illuminate\\Routing\\Pipeline->Illuminate\\Routing\\{closure}(Object(Illuminate\\Http\\Request))
#49 C:\\xampp\\htdocs\\Laravel Projects\\tlight\\vendor\\laravel\\framework\\src\\Illuminate\\Routing\\Router.php(682): Illuminate\\Pipeline\\Pipeline->then(Object(Closure))
#50 C:\\xampp\\htdocs\\Laravel Projects\\tlight\\vendor\\laravel\\framework\\src\\Illuminate\\Routing\\Router.php(657): Illuminate\\Routing\\Router->runRouteWithinStack(Object(Illuminate\\Routing\\Route), Object(Illuminate\\Http\\Request))
#51 C:\\xampp\\htdocs\\Laravel Projects\\tlight\\vendor\\laravel\\framework\\src\\Illuminate\\Routing\\Router.php(623): Illuminate\\Routing\\Router->runRoute(Object(Illuminate\\Http\\Request), Object(Illuminate\\Routing\\Route))
#52 C:\\xampp\\htdocs\\Laravel Projects\\tlight\\vendor\\laravel\\framework\\src\\Illuminate\\Routing\\Router.php(612): Illuminate\\Routing\\Router->dispatchToRoute(Object(Illuminate\\Http\\Request))
#53 C:\\xampp\\htdocs\\Laravel Projects\\tlight\\vendor\\laravel\\framework\\src\\Illuminate\\Foundation\\Http\\Kernel.php(176): Illuminate\\Routing\\Router->dispatch(Object(Illuminate\\Http\\Request))
#54 C:\\xampp\\htdocs\\Laravel Projects\\tlight\\vendor\\laravel\\framework\\src\\Illuminate\\Routing\\Pipeline.php(30): Illuminate\\Foundation\\Http\\Kernel->Illuminate\\Foundation\\Http\\{closure}(Object(Illuminate\\Http\\Request))
#55 C:\\xampp\\htdocs\\Laravel Projects\\tlight\\vendor\\fideloper\\proxy\\src\\TrustProxies.php(57): Illuminate\\Routing\\Pipeline->Illuminate\\Routing\\{closure}(Object(Illuminate\\Http\\Request))
#56 C:\\xampp\\htdocs\\Laravel Projects\\tlight\\vendor\\laravel\\framework\\src\\Illuminate\\Pipeline\\Pipeline.php(163): Fideloper\\Proxy\\TrustProxies->handle(Object(Illuminate\\Http\\Request), Object(Closure))
#57 C:\\xampp\\htdocs\\Laravel Projects\\tlight\\vendor\\laravel\\framework\\src\\Illuminate\\Routing\\Pipeline.php(53): Illuminate\\Pipeline\\Pipeline->Illuminate\\Pipeline\\{closure}(Object(Illuminate\\Http\\Request))
#58 C:\\xampp\\htdocs\\Laravel Projects\\tlight\\vendor\\laravel\\framework\\src\\Illuminate\\Foundation\\Http\\Middleware\\TransformsRequest.php(21): Illuminate\\Routing\\Pipeline->Illuminate\\Routing\\{closure}(Object(Illuminate\\Http\\Request))
#59 C:\\xampp\\htdocs\\Laravel Projects\\tlight\\vendor\\laravel\\framework\\src\\Illuminate\\Pipeline\\Pipeline.php(163): Illuminate\\Foundation\\Http\\Middleware\\TransformsRequest->handle(Object(Illuminate\\Http\\Request), Object(Closure))
#60 C:\\xampp\\htdocs\\Laravel Projects\\tlight\\vendor\\laravel\\framework\\src\\Illuminate\\Routing\\Pipeline.php(53): Illuminate\\Pipeline\\Pipeline->Illuminate\\Pipeline\\{closure}(Object(Illuminate\\Http\\Request))
#61 C:\\xampp\\htdocs\\Laravel Projects\\tlight\\vendor\\laravel\\framework\\src\\Illuminate\\Foundation\\Http\\Middleware\\TransformsRequest.php(21): Illuminate\\Routing\\Pipeline->Illuminate\\Routing\\{closure}(Object(Illuminate\\Http\\Request))
#62 C:\\xampp\\htdocs\\Laravel Projects\\tlight\\vendor\\laravel\\framework\\src\\Illuminate\\Pipeline\\Pipeline.php(163): Illuminate\\Foundation\\Http\\Middleware\\TransformsRequest->handle(Object(Illuminate\\Http\\Request), Object(Closure))
#63 C:\\xampp\\htdocs\\Laravel Projects\\tlight\\vendor\\laravel\\framework\\src\\Illuminate\\Routing\\Pipeline.php(53): Illuminate\\Pipeline\\Pipeline->Illuminate\\Pipeline\\{closure}(Object(Illuminate\\Http\\Request))
#64 C:\\xampp\\htdocs\\Laravel Projects\\tlight\\vendor\\laravel\\framework\\src\\Illuminate\\Foundation\\Http\\Middleware\\ValidatePostSize.php(27): Illuminate\\Routing\\Pipeline->Illuminate\\Routing\\{closure}(Object(Illuminate\\Http\\Request))
#65 C:\\xampp\\htdocs\\Laravel Projects\\tlight\\vendor\\laravel\\framework\\src\\Illuminate\\Pipeline\\Pipeline.php(163): Illuminate\\Foundation\\Http\\Middleware\\ValidatePostSize->handle(Object(Illuminate\\Http\\Request), Object(Closure))
#66 C:\\xampp\\htdocs\\Laravel Projects\\tlight\\vendor\\laravel\\framework\\src\\Illuminate\\Routing\\Pipeline.php(53): Illuminate\\Pipeline\\Pipeline->Illuminate\\Pipeline\\{closure}(Object(Illuminate\\Http\\Request))
#67 C:\\xampp\\htdocs\\Laravel Projects\\tlight\\vendor\\laravel\\framework\\src\\Illuminate\\Foundation\\Http\\Middleware\\CheckForMaintenanceMode.php(62): Illuminate\\Routing\\Pipeline->Illuminate\\Routing\\{closure}(Object(Illuminate\\Http\\Request))
#68 C:\\xampp\\htdocs\\Laravel Projects\\tlight\\vendor\\laravel\\framework\\src\\Illuminate\\Pipeline\\Pipeline.php(163): Illuminate\\Foundation\\Http\\Middleware\\CheckForMaintenanceMode->handle(Object(Illuminate\\Http\\Request), Object(Closure))
#69 C:\\xampp\\htdocs\\Laravel Projects\\tlight\\vendor\\laravel\\framework\\src\\Illuminate\\Routing\\Pipeline.php(53): Illuminate\\Pipeline\\Pipeline->Illuminate\\Pipeline\\{closure}(Object(Illuminate\\Http\\Request))
#70 C:\\xampp\\htdocs\\Laravel Projects\\tlight\\vendor\\laravel\\framework\\src\\Illuminate\\Pipeline\\Pipeline.php(104): Illuminate\\Routing\\Pipeline->Illuminate\\Routing\\{closure}(Object(Illuminate\\Http\\Request))
#71 C:\\xampp\\htdocs\\Laravel Projects\\tlight\\vendor\\laravel\\framework\\src\\Illuminate\\Foundation\\Http\\Kernel.php(151): Illuminate\\Pipeline\\Pipeline->then(Object(Closure))
#72 C:\\xampp\\htdocs\\Laravel Projects\\tlight\\vendor\\laravel\\framework\\src\\Illuminate\\Foundation\\Http\\Kernel.php(116): Illuminate\\Foundation\\Http\\Kernel->sendRequestThroughRouter(Object(Illuminate\\Http\\Request))
#73 C:\\xampp\\htdocs\\Laravel Projects\\tlight\\public\\index.php(55): Illuminate\\Foundation\\Http\\Kernel->handle(Object(Illuminate\\Http\\Request))
#74 C:\\xampp\\htdocs\\Laravel Projects\\tlight\\server.php(21): require_once('C:\\\\xampp\\\\htdocs...')
#75 {main}
"} 
[2020-11-04 09:03:38] local.ERROR: SQLSTATE[42S22]: Column not found: 1054 Unknown column '3' in 'field list' (SQL: select `3` from `posts` where `posts`.`deleted_at` is null limit 1) {"userId":1,"exception":"[object] (Illuminate\\Database\\QueryException(code: 42S22): SQLSTATE[42S22]: Column not found: 1054 Unknown column '3' in 'field list' (SQL: select `3` from `posts` where `posts`.`deleted_at` is null limit 1) at C:\\xampp\\htdocs\\Laravel Projects\\tlight\\vendor\\laravel\\framework\\src\\Illuminate\\Database\\Connection.php:664, Doctrine\\DBAL\\Driver\\PDOException(code: 42S22): SQLSTATE[42S22]: Column not found: 1054 Unknown column '3' in 'field list' at C:\\xampp\\htdocs\\Laravel Projects\\tlight\\vendor\\doctrine\\dbal\\lib\\Doctrine\\DBAL\\Driver\\PDOConnection.php:72, PDOException(code: 42S22): SQLSTATE[42S22]: Column not found: 1054 Unknown column '3' in 'field list' at C:\\xampp\\htdocs\\Laravel Projects\\tlight\\vendor\\doctrine\\dbal\\lib\\Doctrine\\DBAL\\Driver\\PDOConnection.php:67)
[stacktrace]
#0 C:\\xampp\\htdocs\\Laravel Projects\\tlight\\vendor\\laravel\\framework\\src\\Illuminate\\Database\\Connection.php(624): Illuminate\\Database\\Connection->runQueryCallback('select `3` from...', Array, Object(Closure))
#1 C:\\xampp\\htdocs\\Laravel Projects\\tlight\\vendor\\laravel\\framework\\src\\Illuminate\\Database\\Connection.php(333): Illuminate\\Database\\Connection->run('select `3` from...', Array, Object(Closure))
#2 C:\\xampp\\htdocs\\Laravel Projects\\tlight\\vendor\\laravel\\framework\\src\\Illuminate\\Database\\Query\\Builder.php(2130): Illuminate\\Database\\Connection->select('select `3` from...', Array, true)
#3 C:\\xampp\\htdocs\\Laravel Projects\\tlight\\vendor\\laravel\\framework\\src\\Illuminate\\Database\\Query\\Builder.php(2118): Illuminate\\Database\\Query\\Builder->runSelect()
#4 C:\\xampp\\htdocs\\Laravel Projects\\tlight\\vendor\\laravel\\framework\\src\\Illuminate\\Database\\Query\\Builder.php(2604): Illuminate\\Database\\Query\\Builder->Illuminate\\Database\\Query\\{closure}()
#5 C:\\xampp\\htdocs\\Laravel Projects\\tlight\\vendor\\laravel\\framework\\src\\Illuminate\\Database\\Query\\Builder.php(2119): Illuminate\\Database\\Query\\Builder->onceWithColumns(Array, Object(Closure))
#6 C:\\xampp\\htdocs\\Laravel Projects\\tlight\\vendor\\laravel\\framework\\src\\Illuminate\\Database\\Eloquent\\Builder.php(521): Illuminate\\Database\\Query\\Builder->get('3')
#7 C:\\xampp\\htdocs\\Laravel Projects\\tlight\\vendor\\laravel\\framework\\src\\Illuminate\\Database\\Eloquent\\Builder.php(505): Illuminate\\Database\\Eloquent\\Builder->getModels('3')
#8 C:\\xampp\\htdocs\\Laravel Projects\\tlight\\vendor\\laravel\\framework\\src\\Illuminate\\Database\\Concerns\\BuildsQueries.php(77): Illuminate\\Database\\Eloquent\\Builder->get('3')
#9 C:\\xampp\\htdocs\\Laravel Projects\\tlight\\vendor\\laravel\\framework\\src\\Illuminate\\Database\\Eloquent\\Builder.php(450): Illuminate\\Database\\Eloquent\\Builder->first('3')
#10 C:\\xampp\\htdocs\\Laravel Projects\\tlight\\vendor\\laravel\\framework\\src\\Illuminate\\Support\\Traits\\ForwardsCalls.php(23): Illuminate\\Database\\Eloquent\\Builder->firstOrFail('3')
#11 C:\\xampp\\htdocs\\Laravel Projects\\tlight\\vendor\\laravel\\framework\\src\\Illuminate\\Database\\Eloquent\\Model.php(1618): Illuminate\\Database\\Eloquent\\Model->forwardCallTo(Object(Illuminate\\Database\\Eloquent\\Builder), 'firstOrFail', Array)
#12 C:\\xampp\\htdocs\\Laravel Projects\\tlight\\vendor\\laravel\\framework\\src\\Illuminate\\Database\\Eloquent\\Model.php(1630): Illuminate\\Database\\Eloquent\\Model->__call('firstOrFail', Array)
#13 C:\\xampp\\htdocs\\Laravel Projects\\tlight\\app\\Http\\Controllers\\PostController.php(53): Illuminate\\Database\\Eloquent\\Model::__callStatic('firstOrFail', Array)
#14 [internal function]: App\\Http\\Controllers\\PostController->unapprove('3')
#15 C:\\xampp\\htdocs\\Laravel Projects\\tlight\\vendor\\laravel\\framework\\src\\Illuminate\\Routing\\Controller.php(54): call_user_func_array(Array, Array)
#16 C:\\xampp\\htdocs\\Laravel Projects\\tlight\\vendor\\laravel\\framework\\src\\Illuminate\\Routing\\ControllerDispatcher.php(45): Illuminate\\Routing\\Controller->callAction('unapprove', Array)
#17 C:\\xampp\\htdocs\\Laravel Projects\\tlight\\vendor\\laravel\\framework\\src\\Illuminate\\Routing\\Route.php(219): Illuminate\\Routing\\ControllerDispatcher->dispatch(Object(Illuminate\\Routing\\Route), Object(App\\Http\\Controllers\\PostController), 'unapprove')
#18 C:\\xampp\\htdocs\\Laravel Projects\\tlight\\vendor\\laravel\\framework\\src\\Illuminate\\Routing\\Route.php(176): Illuminate\\Routing\\Route->runController()
#19 C:\\xampp\\htdocs\\Laravel Projects\\tlight\\vendor\\laravel\\framework\\src\\Illuminate\\Routing\\Router.php(680): Illuminate\\Routing\\Route->run()
#20 C:\\xampp\\htdocs\\Laravel Projects\\tlight\\vendor\\laravel\\framework\\src\\Illuminate\\Routing\\Pipeline.php(30): Illuminate\\Routing\\Router->Illuminate\\Routing\\{closure}(Object(Illuminate\\Http\\Request))
#21 C:\\xampp\\htdocs\\Laravel Projects\\tlight\\app\\Http\\Middleware\\SwitchUser.php(22): Illuminate\\Routing\\Pipeline->Illuminate\\Routing\\{closure}(Object(Illuminate\\Http\\Request))
#22 C:\\xampp\\htdocs\\Laravel Projects\\tlight\\vendor\\laravel\\framework\\src\\Illuminate\\Pipeline\\Pipeline.php(163): App\\Http\\Middleware\\SwitchUser->handle(Object(Illuminate\\Http\\Request), Object(Closure))
#23 C:\\xampp\\htdocs\\Laravel Projects\\tlight\\vendor\\laravel\\framework\\src\\Illuminate\\Routing\\Pipeline.php(53): Illuminate\\Pipeline\\Pipeline->Illuminate\\Pipeline\\{closure}(Object(Illuminate\\Http\\Request))
#24 C:\\xampp\\htdocs\\Laravel Projects\\tlight\\vendor\\laravel\\framework\\src\\Illuminate\\Auth\\Middleware\\EnsureEmailIsVerified.php(29): Illuminate\\Routing\\Pipeline->Illuminate\\Routing\\{closure}(Object(Illuminate\\Http\\Request))
#25 C:\\xampp\\htdocs\\Laravel Projects\\tlight\\vendor\\laravel\\framework\\src\\Illuminate\\Pipeline\\Pipeline.php(163): Illuminate\\Auth\\Middleware\\EnsureEmailIsVerified->handle(Object(Illuminate\\Http\\Request), Object(Closure))
#26 C:\\xampp\\htdocs\\Laravel Projects\\tlight\\vendor\\laravel\\framework\\src\\Illuminate\\Routing\\Pipeline.php(53): Illuminate\\Pipeline\\Pipeline->Illuminate\\Pipeline\\{closure}(Object(Illuminate\\Http\\Request))
#27 C:\\xampp\\htdocs\\Laravel Projects\\tlight\\vendor\\laravel\\framework\\src\\Illuminate\\Routing\\Middleware\\SubstituteBindings.php(41): Illuminate\\Routing\\Pipeline->Illuminate\\Routing\\{closure}(Object(Illuminate\\Http\\Request))
#28 C:\\xampp\\htdocs\\Laravel Projects\\tlight\\vendor\\laravel\\framework\\src\\Illuminate\\Pipeline\\Pipeline.php(163): Illuminate\\Routing\\Middleware\\SubstituteBindings->handle(Object(Illuminate\\Http\\Request), Object(Closure))
#29 C:\\xampp\\htdocs\\Laravel Projects\\tlight\\vendor\\laravel\\framework\\src\\Illuminate\\Routing\\Pipeline.php(53): Illuminate\\Pipeline\\Pipeline->Illuminate\\Pipeline\\{closure}(Object(Illuminate\\Http\\Request))
#30 C:\\xampp\\htdocs\\Laravel Projects\\tlight\\vendor\\laravel\\framework\\src\\Illuminate\\Auth\\Middleware\\Authenticate.php(43): Illuminate\\Routing\\Pipeline->Illuminate\\Routing\\{closure}(Object(Illuminate\\Http\\Request))
#31 C:\\xampp\\htdocs\\Laravel Projects\\tlight\\vendor\\laravel\\framework\\src\\Illuminate\\Pipeline\\Pipeline.php(163): Illuminate\\Auth\\Middleware\\Authenticate->handle(Object(Illuminate\\Http\\Request), Object(Closure))
#32 C:\\xampp\\htdocs\\Laravel Projects\\tlight\\vendor\\laravel\\framework\\src\\Illuminate\\Routing\\Pipeline.php(53): Illuminate\\Pipeline\\Pipeline->Illuminate\\Pipeline\\{closure}(Object(Illuminate\\Http\\Request))
#33 C:\\xampp\\htdocs\\Laravel Projects\\tlight\\vendor\\laravel\\framework\\src\\Illuminate\\Foundation\\Http\\Middleware\\VerifyCsrfToken.php(75): Illuminate\\Routing\\Pipeline->Illuminate\\Routing\\{closure}(Object(Illuminate\\Http\\Request))
#34 C:\\xampp\\htdocs\\Laravel Projects\\tlight\\vendor\\laravel\\framework\\src\\Illuminate\\Pipeline\\Pipeline.php(163): Illuminate\\Foundation\\Http\\Middleware\\VerifyCsrfToken->handle(Object(Illuminate\\Http\\Request), Object(Closure))
#35 C:\\xampp\\htdocs\\Laravel Projects\\tlight\\vendor\\laravel\\framework\\src\\Illuminate\\Routing\\Pipeline.php(53): Illuminate\\Pipeline\\Pipeline->Illuminate\\Pipeline\\{closure}(Object(Illuminate\\Http\\Request))
#36 C:\\xampp\\htdocs\\Laravel Projects\\tlight\\vendor\\laravel\\framework\\src\\Illuminate\\View\\Middleware\\ShareErrorsFromSession.php(49): Illuminate\\Routing\\Pipeline->Illuminate\\Routing\\{closure}(Object(Illuminate\\Http\\Request))
#37 C:\\xampp\\htdocs\\Laravel Projects\\tlight\\vendor\\laravel\\framework\\src\\Illuminate\\Pipeline\\Pipeline.php(163): Illuminate\\View\\Middleware\\ShareErrorsFromSession->handle(Object(Illuminate\\Http\\Request), Object(Closure))
#38 C:\\xampp\\htdocs\\Laravel Projects\\tlight\\vendor\\laravel\\framework\\src\\Illuminate\\Routing\\Pipeline.php(53): Illuminate\\Pipeline\\Pipeline->Illuminate\\Pipeline\\{closure}(Object(Illuminate\\Http\\Request))
#39 C:\\xampp\\htdocs\\Laravel Projects\\tlight\\vendor\\laravel\\framework\\src\\Illuminate\\Session\\Middleware\\StartSession.php(56): Illuminate\\Routing\\Pipeline->Illuminate\\Routing\\{closure}(Object(Illuminate\\Http\\Request))
#40 C:\\xampp\\htdocs\\Laravel Projects\\tlight\\vendor\\laravel\\framework\\src\\Illuminate\\Pipeline\\Pipeline.php(163): Illuminate\\Session\\Middleware\\StartSession->handle(Object(Illuminate\\Http\\Request), Object(Closure))
#41 C:\\xampp\\htdocs\\Laravel Projects\\tlight\\vendor\\laravel\\framework\\src\\Illuminate\\Routing\\Pipeline.php(53): Illuminate\\Pipeline\\Pipeline->Illuminate\\Pipeline\\{closure}(Object(Illuminate\\Http\\Request))
#42 C:\\xampp\\htdocs\\Laravel Projects\\tlight\\vendor\\laravel\\framework\\src\\Illuminate\\Cookie\\Middleware\\AddQueuedCookiesToResponse.php(37): Illuminate\\Routing\\Pipeline->Illuminate\\Routing\\{closure}(Object(Illuminate\\Http\\Request))
#43 C:\\xampp\\htdocs\\Laravel Projects\\tlight\\vendor\\laravel\\framework\\src\\Illuminate\\Pipeline\\Pipeline.php(163): Illuminate\\Cookie\\Middleware\\AddQueuedCookiesToResponse->handle(Object(Illuminate\\Http\\Request), Object(Closure))
#44 C:\\xampp\\htdocs\\Laravel Projects\\tlight\\vendor\\laravel\\framework\\src\\Illuminate\\Routing\\Pipeline.php(53): Illuminate\\Pipeline\\Pipeline->Illuminate\\Pipeline\\{closure}(Object(Illuminate\\Http\\Request))
#45 C:\\xampp\\htdocs\\Laravel Projects\\tlight\\vendor\\laravel\\framework\\src\\Illuminate\\Cookie\\Middleware\\EncryptCookies.php(66): Illuminate\\Routing\\Pipeline->Illuminate\\Routing\\{closure}(Object(Illuminate\\Http\\Request))
#46 C:\\xampp\\htdocs\\Laravel Projects\\tlight\\vendor\\laravel\\framework\\src\\Illuminate\\Pipeline\\Pipeline.php(163): Illuminate\\Cookie\\Middleware\\EncryptCookies->handle(Object(Illuminate\\Http\\Request), Object(Closure))
#47 C:\\xampp\\htdocs\\Laravel Projects\\tlight\\vendor\\laravel\\framework\\src\\Illuminate\\Routing\\Pipeline.php(53): Illuminate\\Pipeline\\Pipeline->Illuminate\\Pipeline\\{closure}(Object(Illuminate\\Http\\Request))
#48 C:\\xampp\\htdocs\\Laravel Projects\\tlight\\vendor\\laravel\\framework\\src\\Illuminate\\Pipeline\\Pipeline.php(104): Illuminate\\Routing\\Pipeline->Illuminate\\Routing\\{closure}(Object(Illuminate\\Http\\Request))
#49 C:\\xampp\\htdocs\\Laravel Projects\\tlight\\vendor\\laravel\\framework\\src\\Illuminate\\Routing\\Router.php(682): Illuminate\\Pipeline\\Pipeline->then(Object(Closure))
#50 C:\\xampp\\htdocs\\Laravel Projects\\tlight\\vendor\\laravel\\framework\\src\\Illuminate\\Routing\\Router.php(657): Illuminate\\Routing\\Router->runRouteWithinStack(Object(Illuminate\\Routing\\Route), Object(Illuminate\\Http\\Request))
#51 C:\\xampp\\htdocs\\Laravel Projects\\tlight\\vendor\\laravel\\framework\\src\\Illuminate\\Routing\\Router.php(623): Illuminate\\Routing\\Router->runRoute(Object(Illuminate\\Http\\Request), Object(Illuminate\\Routing\\Route))
#52 C:\\xampp\\htdocs\\Laravel Projects\\tlight\\vendor\\laravel\\framework\\src\\Illuminate\\Routing\\Router.php(612): Illuminate\\Routing\\Router->dispatchToRoute(Object(Illuminate\\Http\\Request))
#53 C:\\xampp\\htdocs\\Laravel Projects\\tlight\\vendor\\laravel\\framework\\src\\Illuminate\\Foundation\\Http\\Kernel.php(176): Illuminate\\Routing\\Router->dispatch(Object(Illuminate\\Http\\Request))
#54 C:\\xampp\\htdocs\\Laravel Projects\\tlight\\vendor\\laravel\\framework\\src\\Illuminate\\Routing\\Pipeline.php(30): Illuminate\\Foundation\\Http\\Kernel->Illuminate\\Foundation\\Http\\{closure}(Object(Illuminate\\Http\\Request))
#55 C:\\xampp\\htdocs\\Laravel Projects\\tlight\\vendor\\fideloper\\proxy\\src\\TrustProxies.php(57): Illuminate\\Routing\\Pipeline->Illuminate\\Routing\\{closure}(Object(Illuminate\\Http\\Request))
#56 C:\\xampp\\htdocs\\Laravel Projects\\tlight\\vendor\\laravel\\framework\\src\\Illuminate\\Pipeline\\Pipeline.php(163): Fideloper\\Proxy\\TrustProxies->handle(Object(Illuminate\\Http\\Request), Object(Closure))
#57 C:\\xampp\\htdocs\\Laravel Projects\\tlight\\vendor\\laravel\\framework\\src\\Illuminate\\Routing\\Pipeline.php(53): Illuminate\\Pipeline\\Pipeline->Illuminate\\Pipeline\\{closure}(Object(Illuminate\\Http\\Request))
#58 C:\\xampp\\htdocs\\Laravel Projects\\tlight\\vendor\\laravel\\framework\\src\\Illuminate\\Foundation\\Http\\Middleware\\TransformsRequest.php(21): Illuminate\\Routing\\Pipeline->Illuminate\\Routing\\{closure}(Object(Illuminate\\Http\\Request))
#59 C:\\xampp\\htdocs\\Laravel Projects\\tlight\\vendor\\laravel\\framework\\src\\Illuminate\\Pipeline\\Pipeline.php(163): Illuminate\\Foundation\\Http\\Middleware\\TransformsRequest->handle(Object(Illuminate\\Http\\Request), Object(Closure))
#60 C:\\xampp\\htdocs\\Laravel Projects\\tlight\\vendor\\laravel\\framework\\src\\Illuminate\\Routing\\Pipeline.php(53): Illuminate\\Pipeline\\Pipeline->Illuminate\\Pipeline\\{closure}(Object(Illuminate\\Http\\Request))
#61 C:\\xampp\\htdocs\\Laravel Projects\\tlight\\vendor\\laravel\\framework\\src\\Illuminate\\Foundation\\Http\\Middleware\\TransformsRequest.php(21): Illuminate\\Routing\\Pipeline->Illuminate\\Routing\\{closure}(Object(Illuminate\\Http\\Request))
#62 C:\\xampp\\htdocs\\Laravel Projects\\tlight\\vendor\\laravel\\framework\\src\\Illuminate\\Pipeline\\Pipeline.php(163): Illuminate\\Foundation\\Http\\Middleware\\TransformsRequest->handle(Object(Illuminate\\Http\\Request), Object(Closure))
#63 C:\\xampp\\htdocs\\Laravel Projects\\tlight\\vendor\\laravel\\framework\\src\\Illuminate\\Routing\\Pipeline.php(53): Illuminate\\Pipeline\\Pipeline->Illuminate\\Pipeline\\{closure}(Object(Illuminate\\Http\\Request))
#64 C:\\xampp\\htdocs\\Laravel Projects\\tlight\\vendor\\laravel\\framework\\src\\Illuminate\\Foundation\\Http\\Middleware\\ValidatePostSize.php(27): Illuminate\\Routing\\Pipeline->Illuminate\\Routing\\{closure}(Object(Illuminate\\Http\\Request))
#65 C:\\xampp\\htdocs\\Laravel Projects\\tlight\\vendor\\laravel\\framework\\src\\Illuminate\\Pipeline\\Pipeline.php(163): Illuminate\\Foundation\\Http\\Middleware\\ValidatePostSize->handle(Object(Illuminate\\Http\\Request), Object(Closure))
#66 C:\\xampp\\htdocs\\Laravel Projects\\tlight\\vendor\\laravel\\framework\\src\\Illuminate\\Routing\\Pipeline.php(53): Illuminate\\Pipeline\\Pipeline->Illuminate\\Pipeline\\{closure}(Object(Illuminate\\Http\\Request))
#67 C:\\xampp\\htdocs\\Laravel Projects\\tlight\\vendor\\laravel\\framework\\src\\Illuminate\\Foundation\\Http\\Middleware\\CheckForMaintenanceMode.php(62): Illuminate\\Routing\\Pipeline->Illuminate\\Routing\\{closure}(Object(Illuminate\\Http\\Request))
#68 C:\\xampp\\htdocs\\Laravel Projects\\tlight\\vendor\\laravel\\framework\\src\\Illuminate\\Pipeline\\Pipeline.php(163): Illuminate\\Foundation\\Http\\Middleware\\CheckForMaintenanceMode->handle(Object(Illuminate\\Http\\Request), Object(Closure))
#69 C:\\xampp\\htdocs\\Laravel Projects\\tlight\\vendor\\laravel\\framework\\src\\Illuminate\\Routing\\Pipeline.php(53): Illuminate\\Pipeline\\Pipeline->Illuminate\\Pipeline\\{closure}(Object(Illuminate\\Http\\Request))
#70 C:\\xampp\\htdocs\\Laravel Projects\\tlight\\vendor\\laravel\\framework\\src\\Illuminate\\Pipeline\\Pipeline.php(104): Illuminate\\Routing\\Pipeline->Illuminate\\Routing\\{closure}(Object(Illuminate\\Http\\Request))
#71 C:\\xampp\\htdocs\\Laravel Projects\\tlight\\vendor\\laravel\\framework\\src\\Illuminate\\Foundation\\Http\\Kernel.php(151): Illuminate\\Pipeline\\Pipeline->then(Object(Closure))
#72 C:\\xampp\\htdocs\\Laravel Projects\\tlight\\vendor\\laravel\\framework\\src\\Illuminate\\Foundation\\Http\\Kernel.php(116): Illuminate\\Foundation\\Http\\Kernel->sendRequestThroughRouter(Object(Illuminate\\Http\\Request))
#73 C:\\xampp\\htdocs\\Laravel Projects\\tlight\\public\\index.php(55): Illuminate\\Foundation\\Http\\Kernel->handle(Object(Illuminate\\Http\\Request))
#74 C:\\xampp\\htdocs\\Laravel Projects\\tlight\\server.php(21): require_once('C:\\\\xampp\\\\htdocs...')
#75 {main}
"} 
[2020-11-04 09:04:24] local.ERROR: SQLSTATE[42S22]: Column not found: 1054 Unknown column '3' in 'field list' (SQL: select `3` from `posts` where `posts`.`deleted_at` is null limit 1) {"userId":1,"exception":"[object] (Illuminate\\Database\\QueryException(code: 42S22): SQLSTATE[42S22]: Column not found: 1054 Unknown column '3' in 'field list' (SQL: select `3` from `posts` where `posts`.`deleted_at` is null limit 1) at C:\\xampp\\htdocs\\Laravel Projects\\tlight\\vendor\\laravel\\framework\\src\\Illuminate\\Database\\Connection.php:664, Doctrine\\DBAL\\Driver\\PDOException(code: 42S22): SQLSTATE[42S22]: Column not found: 1054 Unknown column '3' in 'field list' at C:\\xampp\\htdocs\\Laravel Projects\\tlight\\vendor\\doctrine\\dbal\\lib\\Doctrine\\DBAL\\Driver\\PDOConnection.php:72, PDOException(code: 42S22): SQLSTATE[42S22]: Column not found: 1054 Unknown column '3' in 'field list' at C:\\xampp\\htdocs\\Laravel Projects\\tlight\\vendor\\doctrine\\dbal\\lib\\Doctrine\\DBAL\\Driver\\PDOConnection.php:67)
[stacktrace]
#0 C:\\xampp\\htdocs\\Laravel Projects\\tlight\\vendor\\laravel\\framework\\src\\Illuminate\\Database\\Connection.php(624): Illuminate\\Database\\Connection->runQueryCallback('select `3` from...', Array, Object(Closure))
#1 C:\\xampp\\htdocs\\Laravel Projects\\tlight\\vendor\\laravel\\framework\\src\\Illuminate\\Database\\Connection.php(333): Illuminate\\Database\\Connection->run('select `3` from...', Array, Object(Closure))
#2 C:\\xampp\\htdocs\\Laravel Projects\\tlight\\vendor\\laravel\\framework\\src\\Illuminate\\Database\\Query\\Builder.php(2130): Illuminate\\Database\\Connection->select('select `3` from...', Array, true)
#3 C:\\xampp\\htdocs\\Laravel Projects\\tlight\\vendor\\laravel\\framework\\src\\Illuminate\\Database\\Query\\Builder.php(2118): Illuminate\\Database\\Query\\Builder->runSelect()
#4 C:\\xampp\\htdocs\\Laravel Projects\\tlight\\vendor\\laravel\\framework\\src\\Illuminate\\Database\\Query\\Builder.php(2604): Illuminate\\Database\\Query\\Builder->Illuminate\\Database\\Query\\{closure}()
#5 C:\\xampp\\htdocs\\Laravel Projects\\tlight\\vendor\\laravel\\framework\\src\\Illuminate\\Database\\Query\\Builder.php(2119): Illuminate\\Database\\Query\\Builder->onceWithColumns(Array, Object(Closure))
#6 C:\\xampp\\htdocs\\Laravel Projects\\tlight\\vendor\\laravel\\framework\\src\\Illuminate\\Database\\Eloquent\\Builder.php(521): Illuminate\\Database\\Query\\Builder->get('3')
#7 C:\\xampp\\htdocs\\Laravel Projects\\tlight\\vendor\\laravel\\framework\\src\\Illuminate\\Database\\Eloquent\\Builder.php(505): Illuminate\\Database\\Eloquent\\Builder->getModels('3')
#8 C:\\xampp\\htdocs\\Laravel Projects\\tlight\\vendor\\laravel\\framework\\src\\Illuminate\\Database\\Concerns\\BuildsQueries.php(77): Illuminate\\Database\\Eloquent\\Builder->get('3')
#9 C:\\xampp\\htdocs\\Laravel Projects\\tlight\\vendor\\laravel\\framework\\src\\Illuminate\\Database\\Eloquent\\Builder.php(450): Illuminate\\Database\\Eloquent\\Builder->first('3')
#10 C:\\xampp\\htdocs\\Laravel Projects\\tlight\\vendor\\laravel\\framework\\src\\Illuminate\\Support\\Traits\\ForwardsCalls.php(23): Illuminate\\Database\\Eloquent\\Builder->firstOrFail('3')
#11 C:\\xampp\\htdocs\\Laravel Projects\\tlight\\vendor\\laravel\\framework\\src\\Illuminate\\Database\\Eloquent\\Model.php(1618): Illuminate\\Database\\Eloquent\\Model->forwardCallTo(Object(Illuminate\\Database\\Eloquent\\Builder), 'firstOrFail', Array)
#12 C:\\xampp\\htdocs\\Laravel Projects\\tlight\\vendor\\laravel\\framework\\src\\Illuminate\\Database\\Eloquent\\Model.php(1630): Illuminate\\Database\\Eloquent\\Model->__call('firstOrFail', Array)
#13 C:\\xampp\\htdocs\\Laravel Projects\\tlight\\app\\Http\\Controllers\\PostController.php(53): Illuminate\\Database\\Eloquent\\Model::__callStatic('firstOrFail', Array)
#14 [internal function]: App\\Http\\Controllers\\PostController->unapprove('3')
#15 C:\\xampp\\htdocs\\Laravel Projects\\tlight\\vendor\\laravel\\framework\\src\\Illuminate\\Routing\\Controller.php(54): call_user_func_array(Array, Array)
#16 C:\\xampp\\htdocs\\Laravel Projects\\tlight\\vendor\\laravel\\framework\\src\\Illuminate\\Routing\\ControllerDispatcher.php(45): Illuminate\\Routing\\Controller->callAction('unapprove', Array)
#17 C:\\xampp\\htdocs\\Laravel Projects\\tlight\\vendor\\laravel\\framework\\src\\Illuminate\\Routing\\Route.php(219): Illuminate\\Routing\\ControllerDispatcher->dispatch(Object(Illuminate\\Routing\\Route), Object(App\\Http\\Controllers\\PostController), 'unapprove')
#18 C:\\xampp\\htdocs\\Laravel Projects\\tlight\\vendor\\laravel\\framework\\src\\Illuminate\\Routing\\Route.php(176): Illuminate\\Routing\\Route->runController()
#19 C:\\xampp\\htdocs\\Laravel Projects\\tlight\\vendor\\laravel\\framework\\src\\Illuminate\\Routing\\Router.php(680): Illuminate\\Routing\\Route->run()
#20 C:\\xampp\\htdocs\\Laravel Projects\\tlight\\vendor\\laravel\\framework\\src\\Illuminate\\Routing\\Pipeline.php(30): Illuminate\\Routing\\Router->Illuminate\\Routing\\{closure}(Object(Illuminate\\Http\\Request))
#21 C:\\xampp\\htdocs\\Laravel Projects\\tlight\\app\\Http\\Middleware\\SwitchUser.php(22): Illuminate\\Routing\\Pipeline->Illuminate\\Routing\\{closure}(Object(Illuminate\\Http\\Request))
#22 C:\\xampp\\htdocs\\Laravel Projects\\tlight\\vendor\\laravel\\framework\\src\\Illuminate\\Pipeline\\Pipeline.php(163): App\\Http\\Middleware\\SwitchUser->handle(Object(Illuminate\\Http\\Request), Object(Closure))
#23 C:\\xampp\\htdocs\\Laravel Projects\\tlight\\vendor\\laravel\\framework\\src\\Illuminate\\Routing\\Pipeline.php(53): Illuminate\\Pipeline\\Pipeline->Illuminate\\Pipeline\\{closure}(Object(Illuminate\\Http\\Request))
#24 C:\\xampp\\htdocs\\Laravel Projects\\tlight\\vendor\\laravel\\framework\\src\\Illuminate\\Auth\\Middleware\\EnsureEmailIsVerified.php(29): Illuminate\\Routing\\Pipeline->Illuminate\\Routing\\{closure}(Object(Illuminate\\Http\\Request))
#25 C:\\xampp\\htdocs\\Laravel Projects\\tlight\\vendor\\laravel\\framework\\src\\Illuminate\\Pipeline\\Pipeline.php(163): Illuminate\\Auth\\Middleware\\EnsureEmailIsVerified->handle(Object(Illuminate\\Http\\Request), Object(Closure))
#26 C:\\xampp\\htdocs\\Laravel Projects\\tlight\\vendor\\laravel\\framework\\src\\Illuminate\\Routing\\Pipeline.php(53): Illuminate\\Pipeline\\Pipeline->Illuminate\\Pipeline\\{closure}(Object(Illuminate\\Http\\Request))
#27 C:\\xampp\\htdocs\\Laravel Projects\\tlight\\vendor\\laravel\\framework\\src\\Illuminate\\Routing\\Middleware\\SubstituteBindings.php(41): Illuminate\\Routing\\Pipeline->Illuminate\\Routing\\{closure}(Object(Illuminate\\Http\\Request))
#28 C:\\xampp\\htdocs\\Laravel Projects\\tlight\\vendor\\laravel\\framework\\src\\Illuminate\\Pipeline\\Pipeline.php(163): Illuminate\\Routing\\Middleware\\SubstituteBindings->handle(Object(Illuminate\\Http\\Request), Object(Closure))
#29 C:\\xampp\\htdocs\\Laravel Projects\\tlight\\vendor\\laravel\\framework\\src\\Illuminate\\Routing\\Pipeline.php(53): Illuminate\\Pipeline\\Pipeline->Illuminate\\Pipeline\\{closure}(Object(Illuminate\\Http\\Request))
#30 C:\\xampp\\htdocs\\Laravel Projects\\tlight\\vendor\\laravel\\framework\\src\\Illuminate\\Auth\\Middleware\\Authenticate.php(43): Illuminate\\Routing\\Pipeline->Illuminate\\Routing\\{closure}(Object(Illuminate\\Http\\Request))
#31 C:\\xampp\\htdocs\\Laravel Projects\\tlight\\vendor\\laravel\\framework\\src\\Illuminate\\Pipeline\\Pipeline.php(163): Illuminate\\Auth\\Middleware\\Authenticate->handle(Object(Illuminate\\Http\\Request), Object(Closure))
#32 C:\\xampp\\htdocs\\Laravel Projects\\tlight\\vendor\\laravel\\framework\\src\\Illuminate\\Routing\\Pipeline.php(53): Illuminate\\Pipeline\\Pipeline->Illuminate\\Pipeline\\{closure}(Object(Illuminate\\Http\\Request))
#33 C:\\xampp\\htdocs\\Laravel Projects\\tlight\\vendor\\laravel\\framework\\src\\Illuminate\\Foundation\\Http\\Middleware\\VerifyCsrfToken.php(75): Illuminate\\Routing\\Pipeline->Illuminate\\Routing\\{closure}(Object(Illuminate\\Http\\Request))
#34 C:\\xampp\\htdocs\\Laravel Projects\\tlight\\vendor\\laravel\\framework\\src\\Illuminate\\Pipeline\\Pipeline.php(163): Illuminate\\Foundation\\Http\\Middleware\\VerifyCsrfToken->handle(Object(Illuminate\\Http\\Request), Object(Closure))
#35 C:\\xampp\\htdocs\\Laravel Projects\\tlight\\vendor\\laravel\\framework\\src\\Illuminate\\Routing\\Pipeline.php(53): Illuminate\\Pipeline\\Pipeline->Illuminate\\Pipeline\\{closure}(Object(Illuminate\\Http\\Request))
#36 C:\\xampp\\htdocs\\Laravel Projects\\tlight\\vendor\\laravel\\framework\\src\\Illuminate\\View\\Middleware\\ShareErrorsFromSession.php(49): Illuminate\\Routing\\Pipeline->Illuminate\\Routing\\{closure}(Object(Illuminate\\Http\\Request))
#37 C:\\xampp\\htdocs\\Laravel Projects\\tlight\\vendor\\laravel\\framework\\src\\Illuminate\\Pipeline\\Pipeline.php(163): Illuminate\\View\\Middleware\\ShareErrorsFromSession->handle(Object(Illuminate\\Http\\Request), Object(Closure))
#38 C:\\xampp\\htdocs\\Laravel Projects\\tlight\\vendor\\laravel\\framework\\src\\Illuminate\\Routing\\Pipeline.php(53): Illuminate\\Pipeline\\Pipeline->Illuminate\\Pipeline\\{closure}(Object(Illuminate\\Http\\Request))
#39 C:\\xampp\\htdocs\\Laravel Projects\\tlight\\vendor\\laravel\\framework\\src\\Illuminate\\Session\\Middleware\\StartSession.php(56): Illuminate\\Routing\\Pipeline->Illuminate\\Routing\\{closure}(Object(Illuminate\\Http\\Request))
#40 C:\\xampp\\htdocs\\Laravel Projects\\tlight\\vendor\\laravel\\framework\\src\\Illuminate\\Pipeline\\Pipeline.php(163): Illuminate\\Session\\Middleware\\StartSession->handle(Object(Illuminate\\Http\\Request), Object(Closure))
#41 C:\\xampp\\htdocs\\Laravel Projects\\tlight\\vendor\\laravel\\framework\\src\\Illuminate\\Routing\\Pipeline.php(53): Illuminate\\Pipeline\\Pipeline->Illuminate\\Pipeline\\{closure}(Object(Illuminate\\Http\\Request))
#42 C:\\xampp\\htdocs\\Laravel Projects\\tlight\\vendor\\laravel\\framework\\src\\Illuminate\\Cookie\\Middleware\\AddQueuedCookiesToResponse.php(37): Illuminate\\Routing\\Pipeline->Illuminate\\Routing\\{closure}(Object(Illuminate\\Http\\Request))
#43 C:\\xampp\\htdocs\\Laravel Projects\\tlight\\vendor\\laravel\\framework\\src\\Illuminate\\Pipeline\\Pipeline.php(163): Illuminate\\Cookie\\Middleware\\AddQueuedCookiesToResponse->handle(Object(Illuminate\\Http\\Request), Object(Closure))
#44 C:\\xampp\\htdocs\\Laravel Projects\\tlight\\vendor\\laravel\\framework\\src\\Illuminate\\Routing\\Pipeline.php(53): Illuminate\\Pipeline\\Pipeline->Illuminate\\Pipeline\\{closure}(Object(Illuminate\\Http\\Request))
#45 C:\\xampp\\htdocs\\Laravel Projects\\tlight\\vendor\\laravel\\framework\\src\\Illuminate\\Cookie\\Middleware\\EncryptCookies.php(66): Illuminate\\Routing\\Pipeline->Illuminate\\Routing\\{closure}(Object(Illuminate\\Http\\Request))
#46 C:\\xampp\\htdocs\\Laravel Projects\\tlight\\vendor\\laravel\\framework\\src\\Illuminate\\Pipeline\\Pipeline.php(163): Illuminate\\Cookie\\Middleware\\EncryptCookies->handle(Object(Illuminate\\Http\\Request), Object(Closure))
#47 C:\\xampp\\htdocs\\Laravel Projects\\tlight\\vendor\\laravel\\framework\\src\\Illuminate\\Routing\\Pipeline.php(53): Illuminate\\Pipeline\\Pipeline->Illuminate\\Pipeline\\{closure}(Object(Illuminate\\Http\\Request))
#48 C:\\xampp\\htdocs\\Laravel Projects\\tlight\\vendor\\laravel\\framework\\src\\Illuminate\\Pipeline\\Pipeline.php(104): Illuminate\\Routing\\Pipeline->Illuminate\\Routing\\{closure}(Object(Illuminate\\Http\\Request))
#49 C:\\xampp\\htdocs\\Laravel Projects\\tlight\\vendor\\laravel\\framework\\src\\Illuminate\\Routing\\Router.php(682): Illuminate\\Pipeline\\Pipeline->then(Object(Closure))
#50 C:\\xampp\\htdocs\\Laravel Projects\\tlight\\vendor\\laravel\\framework\\src\\Illuminate\\Routing\\Router.php(657): Illuminate\\Routing\\Router->runRouteWithinStack(Object(Illuminate\\Routing\\Route), Object(Illuminate\\Http\\Request))
#51 C:\\xampp\\htdocs\\Laravel Projects\\tlight\\vendor\\laravel\\framework\\src\\Illuminate\\Routing\\Router.php(623): Illuminate\\Routing\\Router->runRoute(Object(Illuminate\\Http\\Request), Object(Illuminate\\Routing\\Route))
#52 C:\\xampp\\htdocs\\Laravel Projects\\tlight\\vendor\\laravel\\framework\\src\\Illuminate\\Routing\\Router.php(612): Illuminate\\Routing\\Router->dispatchToRoute(Object(Illuminate\\Http\\Request))
#53 C:\\xampp\\htdocs\\Laravel Projects\\tlight\\vendor\\laravel\\framework\\src\\Illuminate\\Foundation\\Http\\Kernel.php(176): Illuminate\\Routing\\Router->dispatch(Object(Illuminate\\Http\\Request))
#54 C:\\xampp\\htdocs\\Laravel Projects\\tlight\\vendor\\laravel\\framework\\src\\Illuminate\\Routing\\Pipeline.php(30): Illuminate\\Foundation\\Http\\Kernel->Illuminate\\Foundation\\Http\\{closure}(Object(Illuminate\\Http\\Request))
#55 C:\\xampp\\htdocs\\Laravel Projects\\tlight\\vendor\\fideloper\\proxy\\src\\TrustProxies.php(57): Illuminate\\Routing\\Pipeline->Illuminate\\Routing\\{closure}(Object(Illuminate\\Http\\Request))
#56 C:\\xampp\\htdocs\\Laravel Projects\\tlight\\vendor\\laravel\\framework\\src\\Illuminate\\Pipeline\\Pipeline.php(163): Fideloper\\Proxy\\TrustProxies->handle(Object(Illuminate\\Http\\Request), Object(Closure))
#57 C:\\xampp\\htdocs\\Laravel Projects\\tlight\\vendor\\laravel\\framework\\src\\Illuminate\\Routing\\Pipeline.php(53): Illuminate\\Pipeline\\Pipeline->Illuminate\\Pipeline\\{closure}(Object(Illuminate\\Http\\Request))
#58 C:\\xampp\\htdocs\\Laravel Projects\\tlight\\vendor\\laravel\\framework\\src\\Illuminate\\Foundation\\Http\\Middleware\\TransformsRequest.php(21): Illuminate\\Routing\\Pipeline->Illuminate\\Routing\\{closure}(Object(Illuminate\\Http\\Request))
#59 C:\\xampp\\htdocs\\Laravel Projects\\tlight\\vendor\\laravel\\framework\\src\\Illuminate\\Pipeline\\Pipeline.php(163): Illuminate\\Foundation\\Http\\Middleware\\TransformsRequest->handle(Object(Illuminate\\Http\\Request), Object(Closure))
#60 C:\\xampp\\htdocs\\Laravel Projects\\tlight\\vendor\\laravel\\framework\\src\\Illuminate\\Routing\\Pipeline.php(53): Illuminate\\Pipeline\\Pipeline->Illuminate\\Pipeline\\{closure}(Object(Illuminate\\Http\\Request))
#61 C:\\xampp\\htdocs\\Laravel Projects\\tlight\\vendor\\laravel\\framework\\src\\Illuminate\\Foundation\\Http\\Middleware\\TransformsRequest.php(21): Illuminate\\Routing\\Pipeline->Illuminate\\Routing\\{closure}(Object(Illuminate\\Http\\Request))
#62 C:\\xampp\\htdocs\\Laravel Projects\\tlight\\vendor\\laravel\\framework\\src\\Illuminate\\Pipeline\\Pipeline.php(163): Illuminate\\Foundation\\Http\\Middleware\\TransformsRequest->handle(Object(Illuminate\\Http\\Request), Object(Closure))
#63 C:\\xampp\\htdocs\\Laravel Projects\\tlight\\vendor\\laravel\\framework\\src\\Illuminate\\Routing\\Pipeline.php(53): Illuminate\\Pipeline\\Pipeline->Illuminate\\Pipeline\\{closure}(Object(Illuminate\\Http\\Request))
#64 C:\\xampp\\htdocs\\Laravel Projects\\tlight\\vendor\\laravel\\framework\\src\\Illuminate\\Foundation\\Http\\Middleware\\ValidatePostSize.php(27): Illuminate\\Routing\\Pipeline->Illuminate\\Routing\\{closure}(Object(Illuminate\\Http\\Request))
#65 C:\\xampp\\htdocs\\Laravel Projects\\tlight\\vendor\\laravel\\framework\\src\\Illuminate\\Pipeline\\Pipeline.php(163): Illuminate\\Foundation\\Http\\Middleware\\ValidatePostSize->handle(Object(Illuminate\\Http\\Request), Object(Closure))
#66 C:\\xampp\\htdocs\\Laravel Projects\\tlight\\vendor\\laravel\\framework\\src\\Illuminate\\Routing\\Pipeline.php(53): Illuminate\\Pipeline\\Pipeline->Illuminate\\Pipeline\\{closure}(Object(Illuminate\\Http\\Request))
#67 C:\\xampp\\htdocs\\Laravel Projects\\tlight\\vendor\\laravel\\framework\\src\\Illuminate\\Foundation\\Http\\Middleware\\CheckForMaintenanceMode.php(62): Illuminate\\Routing\\Pipeline->Illuminate\\Routing\\{closure}(Object(Illuminate\\Http\\Request))
#68 C:\\xampp\\htdocs\\Laravel Projects\\tlight\\vendor\\laravel\\framework\\src\\Illuminate\\Pipeline\\Pipeline.php(163): Illuminate\\Foundation\\Http\\Middleware\\CheckForMaintenanceMode->handle(Object(Illuminate\\Http\\Request), Object(Closure))
#69 C:\\xampp\\htdocs\\Laravel Projects\\tlight\\vendor\\laravel\\framework\\src\\Illuminate\\Routing\\Pipeline.php(53): Illuminate\\Pipeline\\Pipeline->Illuminate\\Pipeline\\{closure}(Object(Illuminate\\Http\\Request))
#70 C:\\xampp\\htdocs\\Laravel Projects\\tlight\\vendor\\laravel\\framework\\src\\Illuminate\\Pipeline\\Pipeline.php(104): Illuminate\\Routing\\Pipeline->Illuminate\\Routing\\{closure}(Object(Illuminate\\Http\\Request))
#71 C:\\xampp\\htdocs\\Laravel Projects\\tlight\\vendor\\laravel\\framework\\src\\Illuminate\\Foundation\\Http\\Kernel.php(151): Illuminate\\Pipeline\\Pipeline->then(Object(Closure))
#72 C:\\xampp\\htdocs\\Laravel Projects\\tlight\\vendor\\laravel\\framework\\src\\Illuminate\\Foundation\\Http\\Kernel.php(116): Illuminate\\Foundation\\Http\\Kernel->sendRequestThroughRouter(Object(Illuminate\\Http\\Request))
#73 C:\\xampp\\htdocs\\Laravel Projects\\tlight\\public\\index.php(55): Illuminate\\Foundation\\Http\\Kernel->handle(Object(Illuminate\\Http\\Request))
#74 C:\\xampp\\htdocs\\Laravel Projects\\tlight\\server.php(21): require_once('C:\\\\xampp\\\\htdocs...')
#75 {main}
"} 
[2020-11-04 09:04:44] local.ERROR: Call to undefined method App\Post::fiindOrFail() {"userId":1,"exception":"[object] (BadMethodCallException(code: 0): Call to undefined method App\\Post::fiindOrFail() at C:\\xampp\\htdocs\\Laravel Projects\\tlight\\vendor\\laravel\\framework\\src\\Illuminate\\Support\\Traits\\ForwardsCalls.php:50)
[stacktrace]
#0 C:\\xampp\\htdocs\\Laravel Projects\\tlight\\vendor\\laravel\\framework\\src\\Illuminate\\Support\\Traits\\ForwardsCalls.php(36): Illuminate\\Database\\Eloquent\\Model::throwBadMethodCallException('fiindOrFail')
#1 C:\\xampp\\htdocs\\Laravel Projects\\tlight\\vendor\\laravel\\framework\\src\\Illuminate\\Database\\Eloquent\\Model.php(1618): Illuminate\\Database\\Eloquent\\Model->forwardCallTo(Object(Illuminate\\Database\\Eloquent\\Builder), 'fiindOrFail', Array)
#2 C:\\xampp\\htdocs\\Laravel Projects\\tlight\\vendor\\laravel\\framework\\src\\Illuminate\\Database\\Eloquent\\Model.php(1630): Illuminate\\Database\\Eloquent\\Model->__call('fiindOrFail', Array)
#3 C:\\xampp\\htdocs\\Laravel Projects\\tlight\\app\\Http\\Controllers\\PostController.php(53): Illuminate\\Database\\Eloquent\\Model::__callStatic('fiindOrFail', Array)
#4 [internal function]: App\\Http\\Controllers\\PostController->unapprove('3')
#5 C:\\xampp\\htdocs\\Laravel Projects\\tlight\\vendor\\laravel\\framework\\src\\Illuminate\\Routing\\Controller.php(54): call_user_func_array(Array, Array)
#6 C:\\xampp\\htdocs\\Laravel Projects\\tlight\\vendor\\laravel\\framework\\src\\Illuminate\\Routing\\ControllerDispatcher.php(45): Illuminate\\Routing\\Controller->callAction('unapprove', Array)
#7 C:\\xampp\\htdocs\\Laravel Projects\\tlight\\vendor\\laravel\\framework\\src\\Illuminate\\Routing\\Route.php(219): Illuminate\\Routing\\ControllerDispatcher->dispatch(Object(Illuminate\\Routing\\Route), Object(App\\Http\\Controllers\\PostController), 'unapprove')
#8 C:\\xampp\\htdocs\\Laravel Projects\\tlight\\vendor\\laravel\\framework\\src\\Illuminate\\Routing\\Route.php(176): Illuminate\\Routing\\Route->runController()
#9 C:\\xampp\\htdocs\\Laravel Projects\\tlight\\vendor\\laravel\\framework\\src\\Illuminate\\Routing\\Router.php(680): Illuminate\\Routing\\Route->run()
#10 C:\\xampp\\htdocs\\Laravel Projects\\tlight\\vendor\\laravel\\framework\\src\\Illuminate\\Routing\\Pipeline.php(30): Illuminate\\Routing\\Router->Illuminate\\Routing\\{closure}(Object(Illuminate\\Http\\Request))
#11 C:\\xampp\\htdocs\\Laravel Projects\\tlight\\app\\Http\\Middleware\\SwitchUser.php(22): Illuminate\\Routing\\Pipeline->Illuminate\\Routing\\{closure}(Object(Illuminate\\Http\\Request))
#12 C:\\xampp\\htdocs\\Laravel Projects\\tlight\\vendor\\laravel\\framework\\src\\Illuminate\\Pipeline\\Pipeline.php(163): App\\Http\\Middleware\\SwitchUser->handle(Object(Illuminate\\Http\\Request), Object(Closure))
#13 C:\\xampp\\htdocs\\Laravel Projects\\tlight\\vendor\\laravel\\framework\\src\\Illuminate\\Routing\\Pipeline.php(53): Illuminate\\Pipeline\\Pipeline->Illuminate\\Pipeline\\{closure}(Object(Illuminate\\Http\\Request))
#14 C:\\xampp\\htdocs\\Laravel Projects\\tlight\\vendor\\laravel\\framework\\src\\Illuminate\\Auth\\Middleware\\EnsureEmailIsVerified.php(29): Illuminate\\Routing\\Pipeline->Illuminate\\Routing\\{closure}(Object(Illuminate\\Http\\Request))
#15 C:\\xampp\\htdocs\\Laravel Projects\\tlight\\vendor\\laravel\\framework\\src\\Illuminate\\Pipeline\\Pipeline.php(163): Illuminate\\Auth\\Middleware\\EnsureEmailIsVerified->handle(Object(Illuminate\\Http\\Request), Object(Closure))
#16 C:\\xampp\\htdocs\\Laravel Projects\\tlight\\vendor\\laravel\\framework\\src\\Illuminate\\Routing\\Pipeline.php(53): Illuminate\\Pipeline\\Pipeline->Illuminate\\Pipeline\\{closure}(Object(Illuminate\\Http\\Request))
#17 C:\\xampp\\htdocs\\Laravel Projects\\tlight\\vendor\\laravel\\framework\\src\\Illuminate\\Routing\\Middleware\\SubstituteBindings.php(41): Illuminate\\Routing\\Pipeline->Illuminate\\Routing\\{closure}(Object(Illuminate\\Http\\Request))
#18 C:\\xampp\\htdocs\\Laravel Projects\\tlight\\vendor\\laravel\\framework\\src\\Illuminate\\Pipeline\\Pipeline.php(163): Illuminate\\Routing\\Middleware\\SubstituteBindings->handle(Object(Illuminate\\Http\\Request), Object(Closure))
#19 C:\\xampp\\htdocs\\Laravel Projects\\tlight\\vendor\\laravel\\framework\\src\\Illuminate\\Routing\\Pipeline.php(53): Illuminate\\Pipeline\\Pipeline->Illuminate\\Pipeline\\{closure}(Object(Illuminate\\Http\\Request))
#20 C:\\xampp\\htdocs\\Laravel Projects\\tlight\\vendor\\laravel\\framework\\src\\Illuminate\\Auth\\Middleware\\Authenticate.php(43): Illuminate\\Routing\\Pipeline->Illuminate\\Routing\\{closure}(Object(Illuminate\\Http\\Request))
#21 C:\\xampp\\htdocs\\Laravel Projects\\tlight\\vendor\\laravel\\framework\\src\\Illuminate\\Pipeline\\Pipeline.php(163): Illuminate\\Auth\\Middleware\\Authenticate->handle(Object(Illuminate\\Http\\Request), Object(Closure))
#22 C:\\xampp\\htdocs\\Laravel Projects\\tlight\\vendor\\laravel\\framework\\src\\Illuminate\\Routing\\Pipeline.php(53): Illuminate\\Pipeline\\Pipeline->Illuminate\\Pipeline\\{closure}(Object(Illuminate\\Http\\Request))
#23 C:\\xampp\\htdocs\\Laravel Projects\\tlight\\vendor\\laravel\\framework\\src\\Illuminate\\Foundation\\Http\\Middleware\\VerifyCsrfToken.php(75): Illuminate\\Routing\\Pipeline->Illuminate\\Routing\\{closure}(Object(Illuminate\\Http\\Request))
#24 C:\\xampp\\htdocs\\Laravel Projects\\tlight\\vendor\\laravel\\framework\\src\\Illuminate\\Pipeline\\Pipeline.php(163): Illuminate\\Foundation\\Http\\Middleware\\VerifyCsrfToken->handle(Object(Illuminate\\Http\\Request), Object(Closure))
#25 C:\\xampp\\htdocs\\Laravel Projects\\tlight\\vendor\\laravel\\framework\\src\\Illuminate\\Routing\\Pipeline.php(53): Illuminate\\Pipeline\\Pipeline->Illuminate\\Pipeline\\{closure}(Object(Illuminate\\Http\\Request))
#26 C:\\xampp\\htdocs\\Laravel Projects\\tlight\\vendor\\laravel\\framework\\src\\Illuminate\\View\\Middleware\\ShareErrorsFromSession.php(49): Illuminate\\Routing\\Pipeline->Illuminate\\Routing\\{closure}(Object(Illuminate\\Http\\Request))
#27 C:\\xampp\\htdocs\\Laravel Projects\\tlight\\vendor\\laravel\\framework\\src\\Illuminate\\Pipeline\\Pipeline.php(163): Illuminate\\View\\Middleware\\ShareErrorsFromSession->handle(Object(Illuminate\\Http\\Request), Object(Closure))
#28 C:\\xampp\\htdocs\\Laravel Projects\\tlight\\vendor\\laravel\\framework\\src\\Illuminate\\Routing\\Pipeline.php(53): Illuminate\\Pipeline\\Pipeline->Illuminate\\Pipeline\\{closure}(Object(Illuminate\\Http\\Request))
#29 C:\\xampp\\htdocs\\Laravel Projects\\tlight\\vendor\\laravel\\framework\\src\\Illuminate\\Session\\Middleware\\StartSession.php(56): Illuminate\\Routing\\Pipeline->Illuminate\\Routing\\{closure}(Object(Illuminate\\Http\\Request))
#30 C:\\xampp\\htdocs\\Laravel Projects\\tlight\\vendor\\laravel\\framework\\src\\Illuminate\\Pipeline\\Pipeline.php(163): Illuminate\\Session\\Middleware\\StartSession->handle(Object(Illuminate\\Http\\Request), Object(Closure))
#31 C:\\xampp\\htdocs\\Laravel Projects\\tlight\\vendor\\laravel\\framework\\src\\Illuminate\\Routing\\Pipeline.php(53): Illuminate\\Pipeline\\Pipeline->Illuminate\\Pipeline\\{closure}(Object(Illuminate\\Http\\Request))
#32 C:\\xampp\\htdocs\\Laravel Projects\\tlight\\vendor\\laravel\\framework\\src\\Illuminate\\Cookie\\Middleware\\AddQueuedCookiesToResponse.php(37): Illuminate\\Routing\\Pipeline->Illuminate\\Routing\\{closure}(Object(Illuminate\\Http\\Request))
#33 C:\\xampp\\htdocs\\Laravel Projects\\tlight\\vendor\\laravel\\framework\\src\\Illuminate\\Pipeline\\Pipeline.php(163): Illuminate\\Cookie\\Middleware\\AddQueuedCookiesToResponse->handle(Object(Illuminate\\Http\\Request), Object(Closure))
#34 C:\\xampp\\htdocs\\Laravel Projects\\tlight\\vendor\\laravel\\framework\\src\\Illuminate\\Routing\\Pipeline.php(53): Illuminate\\Pipeline\\Pipeline->Illuminate\\Pipeline\\{closure}(Object(Illuminate\\Http\\Request))
#35 C:\\xampp\\htdocs\\Laravel Projects\\tlight\\vendor\\laravel\\framework\\src\\Illuminate\\Cookie\\Middleware\\EncryptCookies.php(66): Illuminate\\Routing\\Pipeline->Illuminate\\Routing\\{closure}(Object(Illuminate\\Http\\Request))
#36 C:\\xampp\\htdocs\\Laravel Projects\\tlight\\vendor\\laravel\\framework\\src\\Illuminate\\Pipeline\\Pipeline.php(163): Illuminate\\Cookie\\Middleware\\EncryptCookies->handle(Object(Illuminate\\Http\\Request), Object(Closure))
#37 C:\\xampp\\htdocs\\Laravel Projects\\tlight\\vendor\\laravel\\framework\\src\\Illuminate\\Routing\\Pipeline.php(53): Illuminate\\Pipeline\\Pipeline->Illuminate\\Pipeline\\{closure}(Object(Illuminate\\Http\\Request))
#38 C:\\xampp\\htdocs\\Laravel Projects\\tlight\\vendor\\laravel\\framework\\src\\Illuminate\\Pipeline\\Pipeline.php(104): Illuminate\\Routing\\Pipeline->Illuminate\\Routing\\{closure}(Object(Illuminate\\Http\\Request))
#39 C:\\xampp\\htdocs\\Laravel Projects\\tlight\\vendor\\laravel\\framework\\src\\Illuminate\\Routing\\Router.php(682): Illuminate\\Pipeline\\Pipeline->then(Object(Closure))
#40 C:\\xampp\\htdocs\\Laravel Projects\\tlight\\vendor\\laravel\\framework\\src\\Illuminate\\Routing\\Router.php(657): Illuminate\\Routing\\Router->runRouteWithinStack(Object(Illuminate\\Routing\\Route), Object(Illuminate\\Http\\Request))
#41 C:\\xampp\\htdocs\\Laravel Projects\\tlight\\vendor\\laravel\\framework\\src\\Illuminate\\Routing\\Router.php(623): Illuminate\\Routing\\Router->runRoute(Object(Illuminate\\Http\\Request), Object(Illuminate\\Routing\\Route))
#42 C:\\xampp\\htdocs\\Laravel Projects\\tlight\\vendor\\laravel\\framework\\src\\Illuminate\\Routing\\Router.php(612): Illuminate\\Routing\\Router->dispatchToRoute(Object(Illuminate\\Http\\Request))
#43 C:\\xampp\\htdocs\\Laravel Projects\\tlight\\vendor\\laravel\\framework\\src\\Illuminate\\Foundation\\Http\\Kernel.php(176): Illuminate\\Routing\\Router->dispatch(Object(Illuminate\\Http\\Request))
#44 C:\\xampp\\htdocs\\Laravel Projects\\tlight\\vendor\\laravel\\framework\\src\\Illuminate\\Routing\\Pipeline.php(30): Illuminate\\Foundation\\Http\\Kernel->Illuminate\\Foundation\\Http\\{closure}(Object(Illuminate\\Http\\Request))
#45 C:\\xampp\\htdocs\\Laravel Projects\\tlight\\vendor\\fideloper\\proxy\\src\\TrustProxies.php(57): Illuminate\\Routing\\Pipeline->Illuminate\\Routing\\{closure}(Object(Illuminate\\Http\\Request))
#46 C:\\xampp\\htdocs\\Laravel Projects\\tlight\\vendor\\laravel\\framework\\src\\Illuminate\\Pipeline\\Pipeline.php(163): Fideloper\\Proxy\\TrustProxies->handle(Object(Illuminate\\Http\\Request), Object(Closure))
#47 C:\\xampp\\htdocs\\Laravel Projects\\tlight\\vendor\\laravel\\framework\\src\\Illuminate\\Routing\\Pipeline.php(53): Illuminate\\Pipeline\\Pipeline->Illuminate\\Pipeline\\{closure}(Object(Illuminate\\Http\\Request))
#48 C:\\xampp\\htdocs\\Laravel Projects\\tlight\\vendor\\laravel\\framework\\src\\Illuminate\\Foundation\\Http\\Middleware\\TransformsRequest.php(21): Illuminate\\Routing\\Pipeline->Illuminate\\Routing\\{closure}(Object(Illuminate\\Http\\Request))
#49 C:\\xampp\\htdocs\\Laravel Projects\\tlight\\vendor\\laravel\\framework\\src\\Illuminate\\Pipeline\\Pipeline.php(163): Illuminate\\Foundation\\Http\\Middleware\\TransformsRequest->handle(Object(Illuminate\\Http\\Request), Object(Closure))
#50 C:\\xampp\\htdocs\\Laravel Projects\\tlight\\vendor\\laravel\\framework\\src\\Illuminate\\Routing\\Pipeline.php(53): Illuminate\\Pipeline\\Pipeline->Illuminate\\Pipeline\\{closure}(Object(Illuminate\\Http\\Request))
#51 C:\\xampp\\htdocs\\Laravel Projects\\tlight\\vendor\\laravel\\framework\\src\\Illuminate\\Foundation\\Http\\Middleware\\TransformsRequest.php(21): Illuminate\\Routing\\Pipeline->Illuminate\\Routing\\{closure}(Object(Illuminate\\Http\\Request))
#52 C:\\xampp\\htdocs\\Laravel Projects\\tlight\\vendor\\laravel\\framework\\src\\Illuminate\\Pipeline\\Pipeline.php(163): Illuminate\\Foundation\\Http\\Middleware\\TransformsRequest->handle(Object(Illuminate\\Http\\Request), Object(Closure))
#53 C:\\xampp\\htdocs\\Laravel Projects\\tlight\\vendor\\laravel\\framework\\src\\Illuminate\\Routing\\Pipeline.php(53): Illuminate\\Pipeline\\Pipeline->Illuminate\\Pipeline\\{closure}(Object(Illuminate\\Http\\Request))
#54 C:\\xampp\\htdocs\\Laravel Projects\\tlight\\vendor\\laravel\\framework\\src\\Illuminate\\Foundation\\Http\\Middleware\\ValidatePostSize.php(27): Illuminate\\Routing\\Pipeline->Illuminate\\Routing\\{closure}(Object(Illuminate\\Http\\Request))
#55 C:\\xampp\\htdocs\\Laravel Projects\\tlight\\vendor\\laravel\\framework\\src\\Illuminate\\Pipeline\\Pipeline.php(163): Illuminate\\Foundation\\Http\\Middleware\\ValidatePostSize->handle(Object(Illuminate\\Http\\Request), Object(Closure))
#56 C:\\xampp\\htdocs\\Laravel Projects\\tlight\\vendor\\laravel\\framework\\src\\Illuminate\\Routing\\Pipeline.php(53): Illuminate\\Pipeline\\Pipeline->Illuminate\\Pipeline\\{closure}(Object(Illuminate\\Http\\Request))
#57 C:\\xampp\\htdocs\\Laravel Projects\\tlight\\vendor\\laravel\\framework\\src\\Illuminate\\Foundation\\Http\\Middleware\\CheckForMaintenanceMode.php(62): Illuminate\\Routing\\Pipeline->Illuminate\\Routing\\{closure}(Object(Illuminate\\Http\\Request))
#58 C:\\xampp\\htdocs\\Laravel Projects\\tlight\\vendor\\laravel\\framework\\src\\Illuminate\\Pipeline\\Pipeline.php(163): Illuminate\\Foundation\\Http\\Middleware\\CheckForMaintenanceMode->handle(Object(Illuminate\\Http\\Request), Object(Closure))
#59 C:\\xampp\\htdocs\\Laravel Projects\\tlight\\vendor\\laravel\\framework\\src\\Illuminate\\Routing\\Pipeline.php(53): Illuminate\\Pipeline\\Pipeline->Illuminate\\Pipeline\\{closure}(Object(Illuminate\\Http\\Request))
#60 C:\\xampp\\htdocs\\Laravel Projects\\tlight\\vendor\\laravel\\framework\\src\\Illuminate\\Pipeline\\Pipeline.php(104): Illuminate\\Routing\\Pipeline->Illuminate\\Routing\\{closure}(Object(Illuminate\\Http\\Request))
#61 C:\\xampp\\htdocs\\Laravel Projects\\tlight\\vendor\\laravel\\framework\\src\\Illuminate\\Foundation\\Http\\Kernel.php(151): Illuminate\\Pipeline\\Pipeline->then(Object(Closure))
#62 C:\\xampp\\htdocs\\Laravel Projects\\tlight\\vendor\\laravel\\framework\\src\\Illuminate\\Foundation\\Http\\Kernel.php(116): Illuminate\\Foundation\\Http\\Kernel->sendRequestThroughRouter(Object(Illuminate\\Http\\Request))
#63 C:\\xampp\\htdocs\\Laravel Projects\\tlight\\public\\index.php(55): Illuminate\\Foundation\\Http\\Kernel->handle(Object(Illuminate\\Http\\Request))
#64 C:\\xampp\\htdocs\\Laravel Projects\\tlight\\server.php(21): require_once('C:\\\\xampp\\\\htdocs...')
#65 {main}
"} 
[2020-11-04 09:05:13] local.ERROR: Class 'App\Http\Controllers\Setting' not found {"userId":1,"exception":"[object] (Symfony\\Component\\Debug\\Exception\\FatalThrowableError(code: 0): Class 'App\\Http\\Controllers\\Setting' not found at C:\\xampp\\htdocs\\Laravel Projects\\tlight\\app\\Http\\Controllers\\PostController.php:61)
[stacktrace]
#0 [internal function]: App\\Http\\Controllers\\PostController->unapprove('3')
#1 C:\\xampp\\htdocs\\Laravel Projects\\tlight\\vendor\\laravel\\framework\\src\\Illuminate\\Routing\\Controller.php(54): call_user_func_array(Array, Array)
#2 C:\\xampp\\htdocs\\Laravel Projects\\tlight\\vendor\\laravel\\framework\\src\\Illuminate\\Routing\\ControllerDispatcher.php(45): Illuminate\\Routing\\Controller->callAction('unapprove', Array)
#3 C:\\xampp\\htdocs\\Laravel Projects\\tlight\\vendor\\laravel\\framework\\src\\Illuminate\\Routing\\Route.php(219): Illuminate\\Routing\\ControllerDispatcher->dispatch(Object(Illuminate\\Routing\\Route), Object(App\\Http\\Controllers\\PostController), 'unapprove')
#4 C:\\xampp\\htdocs\\Laravel Projects\\tlight\\vendor\\laravel\\framework\\src\\Illuminate\\Routing\\Route.php(176): Illuminate\\Routing\\Route->runController()
#5 C:\\xampp\\htdocs\\Laravel Projects\\tlight\\vendor\\laravel\\framework\\src\\Illuminate\\Routing\\Router.php(680): Illuminate\\Routing\\Route->run()
#6 C:\\xampp\\htdocs\\Laravel Projects\\tlight\\vendor\\laravel\\framework\\src\\Illuminate\\Routing\\Pipeline.php(30): Illuminate\\Routing\\Router->Illuminate\\Routing\\{closure}(Object(Illuminate\\Http\\Request))
#7 C:\\xampp\\htdocs\\Laravel Projects\\tlight\\app\\Http\\Middleware\\SwitchUser.php(22): Illuminate\\Routing\\Pipeline->Illuminate\\Routing\\{closure}(Object(Illuminate\\Http\\Request))
#8 C:\\xampp\\htdocs\\Laravel Projects\\tlight\\vendor\\laravel\\framework\\src\\Illuminate\\Pipeline\\Pipeline.php(163): App\\Http\\Middleware\\SwitchUser->handle(Object(Illuminate\\Http\\Request), Object(Closure))
#9 C:\\xampp\\htdocs\\Laravel Projects\\tlight\\vendor\\laravel\\framework\\src\\Illuminate\\Routing\\Pipeline.php(53): Illuminate\\Pipeline\\Pipeline->Illuminate\\Pipeline\\{closure}(Object(Illuminate\\Http\\Request))
#10 C:\\xampp\\htdocs\\Laravel Projects\\tlight\\vendor\\laravel\\framework\\src\\Illuminate\\Auth\\Middleware\\EnsureEmailIsVerified.php(29): Illuminate\\Routing\\Pipeline->Illuminate\\Routing\\{closure}(Object(Illuminate\\Http\\Request))
#11 C:\\xampp\\htdocs\\Laravel Projects\\tlight\\vendor\\laravel\\framework\\src\\Illuminate\\Pipeline\\Pipeline.php(163): Illuminate\\Auth\\Middleware\\EnsureEmailIsVerified->handle(Object(Illuminate\\Http\\Request), Object(Closure))
#12 C:\\xampp\\htdocs\\Laravel Projects\\tlight\\vendor\\laravel\\framework\\src\\Illuminate\\Routing\\Pipeline.php(53): Illuminate\\Pipeline\\Pipeline->Illuminate\\Pipeline\\{closure}(Object(Illuminate\\Http\\Request))
#13 C:\\xampp\\htdocs\\Laravel Projects\\tlight\\vendor\\laravel\\framework\\src\\Illuminate\\Routing\\Middleware\\SubstituteBindings.php(41): Illuminate\\Routing\\Pipeline->Illuminate\\Routing\\{closure}(Object(Illuminate\\Http\\Request))
#14 C:\\xampp\\htdocs\\Laravel Projects\\tlight\\vendor\\laravel\\framework\\src\\Illuminate\\Pipeline\\Pipeline.php(163): Illuminate\\Routing\\Middleware\\SubstituteBindings->handle(Object(Illuminate\\Http\\Request), Object(Closure))
#15 C:\\xampp\\htdocs\\Laravel Projects\\tlight\\vendor\\laravel\\framework\\src\\Illuminate\\Routing\\Pipeline.php(53): Illuminate\\Pipeline\\Pipeline->Illuminate\\Pipeline\\{closure}(Object(Illuminate\\Http\\Request))
#16 C:\\xampp\\htdocs\\Laravel Projects\\tlight\\vendor\\laravel\\framework\\src\\Illuminate\\Auth\\Middleware\\Authenticate.php(43): Illuminate\\Routing\\Pipeline->Illuminate\\Routing\\{closure}(Object(Illuminate\\Http\\Request))
#17 C:\\xampp\\htdocs\\Laravel Projects\\tlight\\vendor\\laravel\\framework\\src\\Illuminate\\Pipeline\\Pipeline.php(163): Illuminate\\Auth\\Middleware\\Authenticate->handle(Object(Illuminate\\Http\\Request), Object(Closure))
#18 C:\\xampp\\htdocs\\Laravel Projects\\tlight\\vendor\\laravel\\framework\\src\\Illuminate\\Routing\\Pipeline.php(53): Illuminate\\Pipeline\\Pipeline->Illuminate\\Pipeline\\{closure}(Object(Illuminate\\Http\\Request))
#19 C:\\xampp\\htdocs\\Laravel Projects\\tlight\\vendor\\laravel\\framework\\src\\Illuminate\\Foundation\\Http\\Middleware\\VerifyCsrfToken.php(75): Illuminate\\Routing\\Pipeline->Illuminate\\Routing\\{closure}(Object(Illuminate\\Http\\Request))
#20 C:\\xampp\\htdocs\\Laravel Projects\\tlight\\vendor\\laravel\\framework\\src\\Illuminate\\Pipeline\\Pipeline.php(163): Illuminate\\Foundation\\Http\\Middleware\\VerifyCsrfToken->handle(Object(Illuminate\\Http\\Request), Object(Closure))
#21 C:\\xampp\\htdocs\\Laravel Projects\\tlight\\vendor\\laravel\\framework\\src\\Illuminate\\Routing\\Pipeline.php(53): Illuminate\\Pipeline\\Pipeline->Illuminate\\Pipeline\\{closure}(Object(Illuminate\\Http\\Request))
#22 C:\\xampp\\htdocs\\Laravel Projects\\tlight\\vendor\\laravel\\framework\\src\\Illuminate\\View\\Middleware\\ShareErrorsFromSession.php(49): Illuminate\\Routing\\Pipeline->Illuminate\\Routing\\{closure}(Object(Illuminate\\Http\\Request))
#23 C:\\xampp\\htdocs\\Laravel Projects\\tlight\\vendor\\laravel\\framework\\src\\Illuminate\\Pipeline\\Pipeline.php(163): Illuminate\\View\\Middleware\\ShareErrorsFromSession->handle(Object(Illuminate\\Http\\Request), Object(Closure))
#24 C:\\xampp\\htdocs\\Laravel Projects\\tlight\\vendor\\laravel\\framework\\src\\Illuminate\\Routing\\Pipeline.php(53): Illuminate\\Pipeline\\Pipeline->Illuminate\\Pipeline\\{closure}(Object(Illuminate\\Http\\Request))
#25 C:\\xampp\\htdocs\\Laravel Projects\\tlight\\vendor\\laravel\\framework\\src\\Illuminate\\Session\\Middleware\\StartSession.php(56): Illuminate\\Routing\\Pipeline->Illuminate\\Routing\\{closure}(Object(Illuminate\\Http\\Request))
#26 C:\\xampp\\htdocs\\Laravel Projects\\tlight\\vendor\\laravel\\framework\\src\\Illuminate\\Pipeline\\Pipeline.php(163): Illuminate\\Session\\Middleware\\StartSession->handle(Object(Illuminate\\Http\\Request), Object(Closure))
#27 C:\\xampp\\htdocs\\Laravel Projects\\tlight\\vendor\\laravel\\framework\\src\\Illuminate\\Routing\\Pipeline.php(53): Illuminate\\Pipeline\\Pipeline->Illuminate\\Pipeline\\{closure}(Object(Illuminate\\Http\\Request))
#28 C:\\xampp\\htdocs\\Laravel Projects\\tlight\\vendor\\laravel\\framework\\src\\Illuminate\\Cookie\\Middleware\\AddQueuedCookiesToResponse.php(37): Illuminate\\Routing\\Pipeline->Illuminate\\Routing\\{closure}(Object(Illuminate\\Http\\Request))
#29 C:\\xampp\\htdocs\\Laravel Projects\\tlight\\vendor\\laravel\\framework\\src\\Illuminate\\Pipeline\\Pipeline.php(163): Illuminate\\Cookie\\Middleware\\AddQueuedCookiesToResponse->handle(Object(Illuminate\\Http\\Request), Object(Closure))
#30 C:\\xampp\\htdocs\\Laravel Projects\\tlight\\vendor\\laravel\\framework\\src\\Illuminate\\Routing\\Pipeline.php(53): Illuminate\\Pipeline\\Pipeline->Illuminate\\Pipeline\\{closure}(Object(Illuminate\\Http\\Request))
#31 C:\\xampp\\htdocs\\Laravel Projects\\tlight\\vendor\\laravel\\framework\\src\\Illuminate\\Cookie\\Middleware\\EncryptCookies.php(66): Illuminate\\Routing\\Pipeline->Illuminate\\Routing\\{closure}(Object(Illuminate\\Http\\Request))
#32 C:\\xampp\\htdocs\\Laravel Projects\\tlight\\vendor\\laravel\\framework\\src\\Illuminate\\Pipeline\\Pipeline.php(163): Illuminate\\Cookie\\Middleware\\EncryptCookies->handle(Object(Illuminate\\Http\\Request), Object(Closure))
#33 C:\\xampp\\htdocs\\Laravel Projects\\tlight\\vendor\\laravel\\framework\\src\\Illuminate\\Routing\\Pipeline.php(53): Illuminate\\Pipeline\\Pipeline->Illuminate\\Pipeline\\{closure}(Object(Illuminate\\Http\\Request))
#34 C:\\xampp\\htdocs\\Laravel Projects\\tlight\\vendor\\laravel\\framework\\src\\Illuminate\\Pipeline\\Pipeline.php(104): Illuminate\\Routing\\Pipeline->Illuminate\\Routing\\{closure}(Object(Illuminate\\Http\\Request))
#35 C:\\xampp\\htdocs\\Laravel Projects\\tlight\\vendor\\laravel\\framework\\src\\Illuminate\\Routing\\Router.php(682): Illuminate\\Pipeline\\Pipeline->then(Object(Closure))
#36 C:\\xampp\\htdocs\\Laravel Projects\\tlight\\vendor\\laravel\\framework\\src\\Illuminate\\Routing\\Router.php(657): Illuminate\\Routing\\Router->runRouteWithinStack(Object(Illuminate\\Routing\\Route), Object(Illuminate\\Http\\Request))
#37 C:\\xampp\\htdocs\\Laravel Projects\\tlight\\vendor\\laravel\\framework\\src\\Illuminate\\Routing\\Router.php(623): Illuminate\\Routing\\Router->runRoute(Object(Illuminate\\Http\\Request), Object(Illuminate\\Routing\\Route))
#38 C:\\xampp\\htdocs\\Laravel Projects\\tlight\\vendor\\laravel\\framework\\src\\Illuminate\\Routing\\Router.php(612): Illuminate\\Routing\\Router->dispatchToRoute(Object(Illuminate\\Http\\Request))
#39 C:\\xampp\\htdocs\\Laravel Projects\\tlight\\vendor\\laravel\\framework\\src\\Illuminate\\Foundation\\Http\\Kernel.php(176): Illuminate\\Routing\\Router->dispatch(Object(Illuminate\\Http\\Request))
#40 C:\\xampp\\htdocs\\Laravel Projects\\tlight\\vendor\\laravel\\framework\\src\\Illuminate\\Routing\\Pipeline.php(30): Illuminate\\Foundation\\Http\\Kernel->Illuminate\\Foundation\\Http\\{closure}(Object(Illuminate\\Http\\Request))
#41 C:\\xampp\\htdocs\\Laravel Projects\\tlight\\vendor\\fideloper\\proxy\\src\\TrustProxies.php(57): Illuminate\\Routing\\Pipeline->Illuminate\\Routing\\{closure}(Object(Illuminate\\Http\\Request))
#42 C:\\xampp\\htdocs\\Laravel Projects\\tlight\\vendor\\laravel\\framework\\src\\Illuminate\\Pipeline\\Pipeline.php(163): Fideloper\\Proxy\\TrustProxies->handle(Object(Illuminate\\Http\\Request), Object(Closure))
#43 C:\\xampp\\htdocs\\Laravel Projects\\tlight\\vendor\\laravel\\framework\\src\\Illuminate\\Routing\\Pipeline.php(53): Illuminate\\Pipeline\\Pipeline->Illuminate\\Pipeline\\{closure}(Object(Illuminate\\Http\\Request))
#44 C:\\xampp\\htdocs\\Laravel Projects\\tlight\\vendor\\laravel\\framework\\src\\Illuminate\\Foundation\\Http\\Middleware\\TransformsRequest.php(21): Illuminate\\Routing\\Pipeline->Illuminate\\Routing\\{closure}(Object(Illuminate\\Http\\Request))
#45 C:\\xampp\\htdocs\\Laravel Projects\\tlight\\vendor\\laravel\\framework\\src\\Illuminate\\Pipeline\\Pipeline.php(163): Illuminate\\Foundation\\Http\\Middleware\\TransformsRequest->handle(Object(Illuminate\\Http\\Request), Object(Closure))
#46 C:\\xampp\\htdocs\\Laravel Projects\\tlight\\vendor\\laravel\\framework\\src\\Illuminate\\Routing\\Pipeline.php(53): Illuminate\\Pipeline\\Pipeline->Illuminate\\Pipeline\\{closure}(Object(Illuminate\\Http\\Request))
#47 C:\\xampp\\htdocs\\Laravel Projects\\tlight\\vendor\\laravel\\framework\\src\\Illuminate\\Foundation\\Http\\Middleware\\TransformsRequest.php(21): Illuminate\\Routing\\Pipeline->Illuminate\\Routing\\{closure}(Object(Illuminate\\Http\\Request))
#48 C:\\xampp\\htdocs\\Laravel Projects\\tlight\\vendor\\laravel\\framework\\src\\Illuminate\\Pipeline\\Pipeline.php(163): Illuminate\\Foundation\\Http\\Middleware\\TransformsRequest->handle(Object(Illuminate\\Http\\Request), Object(Closure))
#49 C:\\xampp\\htdocs\\Laravel Projects\\tlight\\vendor\\laravel\\framework\\src\\Illuminate\\Routing\\Pipeline.php(53): Illuminate\\Pipeline\\Pipeline->Illuminate\\Pipeline\\{closure}(Object(Illuminate\\Http\\Request))
#50 C:\\xampp\\htdocs\\Laravel Projects\\tlight\\vendor\\laravel\\framework\\src\\Illuminate\\Foundation\\Http\\Middleware\\ValidatePostSize.php(27): Illuminate\\Routing\\Pipeline->Illuminate\\Routing\\{closure}(Object(Illuminate\\Http\\Request))
#51 C:\\xampp\\htdocs\\Laravel Projects\\tlight\\vendor\\laravel\\framework\\src\\Illuminate\\Pipeline\\Pipeline.php(163): Illuminate\\Foundation\\Http\\Middleware\\ValidatePostSize->handle(Object(Illuminate\\Http\\Request), Object(Closure))
#52 C:\\xampp\\htdocs\\Laravel Projects\\tlight\\vendor\\laravel\\framework\\src\\Illuminate\\Routing\\Pipeline.php(53): Illuminate\\Pipeline\\Pipeline->Illuminate\\Pipeline\\{closure}(Object(Illuminate\\Http\\Request))
#53 C:\\xampp\\htdocs\\Laravel Projects\\tlight\\vendor\\laravel\\framework\\src\\Illuminate\\Foundation\\Http\\Middleware\\CheckForMaintenanceMode.php(62): Illuminate\\Routing\\Pipeline->Illuminate\\Routing\\{closure}(Object(Illuminate\\Http\\Request))
#54 C:\\xampp\\htdocs\\Laravel Projects\\tlight\\vendor\\laravel\\framework\\src\\Illuminate\\Pipeline\\Pipeline.php(163): Illuminate\\Foundation\\Http\\Middleware\\CheckForMaintenanceMode->handle(Object(Illuminate\\Http\\Request), Object(Closure))
#55 C:\\xampp\\htdocs\\Laravel Projects\\tlight\\vendor\\laravel\\framework\\src\\Illuminate\\Routing\\Pipeline.php(53): Illuminate\\Pipeline\\Pipeline->Illuminate\\Pipeline\\{closure}(Object(Illuminate\\Http\\Request))
#56 C:\\xampp\\htdocs\\Laravel Projects\\tlight\\vendor\\laravel\\framework\\src\\Illuminate\\Pipeline\\Pipeline.php(104): Illuminate\\Routing\\Pipeline->Illuminate\\Routing\\{closure}(Object(Illuminate\\Http\\Request))
#57 C:\\xampp\\htdocs\\Laravel Projects\\tlight\\vendor\\laravel\\framework\\src\\Illuminate\\Foundation\\Http\\Kernel.php(151): Illuminate\\Pipeline\\Pipeline->then(Object(Closure))
#58 C:\\xampp\\htdocs\\Laravel Projects\\tlight\\vendor\\laravel\\framework\\src\\Illuminate\\Foundation\\Http\\Kernel.php(116): Illuminate\\Foundation\\Http\\Kernel->sendRequestThroughRouter(Object(Illuminate\\Http\\Request))
#59 C:\\xampp\\htdocs\\Laravel Projects\\tlight\\public\\index.php(55): Illuminate\\Foundation\\Http\\Kernel->handle(Object(Illuminate\\Http\\Request))
#60 C:\\xampp\\htdocs\\Laravel Projects\\tlight\\server.php(21): require_once('C:\\\\xampp\\\\htdocs...')
#61 {main}
"} 
[2020-11-04 09:05:46] local.ERROR: Class 'App\Http\Controllers\Setting' not found {"userId":1,"exception":"[object] (Symfony\\Component\\Debug\\Exception\\FatalThrowableError(code: 0): Class 'App\\Http\\Controllers\\Setting' not found at C:\\xampp\\htdocs\\Laravel Projects\\tlight\\app\\Http\\Controllers\\PostController.php:61)
[stacktrace]
#0 [internal function]: App\\Http\\Controllers\\PostController->unapprove('3')
#1 C:\\xampp\\htdocs\\Laravel Projects\\tlight\\vendor\\laravel\\framework\\src\\Illuminate\\Routing\\Controller.php(54): call_user_func_array(Array, Array)
#2 C:\\xampp\\htdocs\\Laravel Projects\\tlight\\vendor\\laravel\\framework\\src\\Illuminate\\Routing\\ControllerDispatcher.php(45): Illuminate\\Routing\\Controller->callAction('unapprove', Array)
#3 C:\\xampp\\htdocs\\Laravel Projects\\tlight\\vendor\\laravel\\framework\\src\\Illuminate\\Routing\\Route.php(219): Illuminate\\Routing\\ControllerDispatcher->dispatch(Object(Illuminate\\Routing\\Route), Object(App\\Http\\Controllers\\PostController), 'unapprove')
#4 C:\\xampp\\htdocs\\Laravel Projects\\tlight\\vendor\\laravel\\framework\\src\\Illuminate\\Routing\\Route.php(176): Illuminate\\Routing\\Route->runController()
#5 C:\\xampp\\htdocs\\Laravel Projects\\tlight\\vendor\\laravel\\framework\\src\\Illuminate\\Routing\\Router.php(680): Illuminate\\Routing\\Route->run()
#6 C:\\xampp\\htdocs\\Laravel Projects\\tlight\\vendor\\laravel\\framework\\src\\Illuminate\\Routing\\Pipeline.php(30): Illuminate\\Routing\\Router->Illuminate\\Routing\\{closure}(Object(Illuminate\\Http\\Request))
#7 C:\\xampp\\htdocs\\Laravel Projects\\tlight\\app\\Http\\Middleware\\SwitchUser.php(22): Illuminate\\Routing\\Pipeline->Illuminate\\Routing\\{closure}(Object(Illuminate\\Http\\Request))
#8 C:\\xampp\\htdocs\\Laravel Projects\\tlight\\vendor\\laravel\\framework\\src\\Illuminate\\Pipeline\\Pipeline.php(163): App\\Http\\Middleware\\SwitchUser->handle(Object(Illuminate\\Http\\Request), Object(Closure))
#9 C:\\xampp\\htdocs\\Laravel Projects\\tlight\\vendor\\laravel\\framework\\src\\Illuminate\\Routing\\Pipeline.php(53): Illuminate\\Pipeline\\Pipeline->Illuminate\\Pipeline\\{closure}(Object(Illuminate\\Http\\Request))
#10 C:\\xampp\\htdocs\\Laravel Projects\\tlight\\vendor\\laravel\\framework\\src\\Illuminate\\Auth\\Middleware\\EnsureEmailIsVerified.php(29): Illuminate\\Routing\\Pipeline->Illuminate\\Routing\\{closure}(Object(Illuminate\\Http\\Request))
#11 C:\\xampp\\htdocs\\Laravel Projects\\tlight\\vendor\\laravel\\framework\\src\\Illuminate\\Pipeline\\Pipeline.php(163): Illuminate\\Auth\\Middleware\\EnsureEmailIsVerified->handle(Object(Illuminate\\Http\\Request), Object(Closure))
#12 C:\\xampp\\htdocs\\Laravel Projects\\tlight\\vendor\\laravel\\framework\\src\\Illuminate\\Routing\\Pipeline.php(53): Illuminate\\Pipeline\\Pipeline->Illuminate\\Pipeline\\{closure}(Object(Illuminate\\Http\\Request))
#13 C:\\xampp\\htdocs\\Laravel Projects\\tlight\\vendor\\laravel\\framework\\src\\Illuminate\\Routing\\Middleware\\SubstituteBindings.php(41): Illuminate\\Routing\\Pipeline->Illuminate\\Routing\\{closure}(Object(Illuminate\\Http\\Request))
#14 C:\\xampp\\htdocs\\Laravel Projects\\tlight\\vendor\\laravel\\framework\\src\\Illuminate\\Pipeline\\Pipeline.php(163): Illuminate\\Routing\\Middleware\\SubstituteBindings->handle(Object(Illuminate\\Http\\Request), Object(Closure))
#15 C:\\xampp\\htdocs\\Laravel Projects\\tlight\\vendor\\laravel\\framework\\src\\Illuminate\\Routing\\Pipeline.php(53): Illuminate\\Pipeline\\Pipeline->Illuminate\\Pipeline\\{closure}(Object(Illuminate\\Http\\Request))
#16 C:\\xampp\\htdocs\\Laravel Projects\\tlight\\vendor\\laravel\\framework\\src\\Illuminate\\Auth\\Middleware\\Authenticate.php(43): Illuminate\\Routing\\Pipeline->Illuminate\\Routing\\{closure}(Object(Illuminate\\Http\\Request))
#17 C:\\xampp\\htdocs\\Laravel Projects\\tlight\\vendor\\laravel\\framework\\src\\Illuminate\\Pipeline\\Pipeline.php(163): Illuminate\\Auth\\Middleware\\Authenticate->handle(Object(Illuminate\\Http\\Request), Object(Closure))
#18 C:\\xampp\\htdocs\\Laravel Projects\\tlight\\vendor\\laravel\\framework\\src\\Illuminate\\Routing\\Pipeline.php(53): Illuminate\\Pipeline\\Pipeline->Illuminate\\Pipeline\\{closure}(Object(Illuminate\\Http\\Request))
#19 C:\\xampp\\htdocs\\Laravel Projects\\tlight\\vendor\\laravel\\framework\\src\\Illuminate\\Foundation\\Http\\Middleware\\VerifyCsrfToken.php(75): Illuminate\\Routing\\Pipeline->Illuminate\\Routing\\{closure}(Object(Illuminate\\Http\\Request))
#20 C:\\xampp\\htdocs\\Laravel Projects\\tlight\\vendor\\laravel\\framework\\src\\Illuminate\\Pipeline\\Pipeline.php(163): Illuminate\\Foundation\\Http\\Middleware\\VerifyCsrfToken->handle(Object(Illuminate\\Http\\Request), Object(Closure))
#21 C:\\xampp\\htdocs\\Laravel Projects\\tlight\\vendor\\laravel\\framework\\src\\Illuminate\\Routing\\Pipeline.php(53): Illuminate\\Pipeline\\Pipeline->Illuminate\\Pipeline\\{closure}(Object(Illuminate\\Http\\Request))
#22 C:\\xampp\\htdocs\\Laravel Projects\\tlight\\vendor\\laravel\\framework\\src\\Illuminate\\View\\Middleware\\ShareErrorsFromSession.php(49): Illuminate\\Routing\\Pipeline->Illuminate\\Routing\\{closure}(Object(Illuminate\\Http\\Request))
#23 C:\\xampp\\htdocs\\Laravel Projects\\tlight\\vendor\\laravel\\framework\\src\\Illuminate\\Pipeline\\Pipeline.php(163): Illuminate\\View\\Middleware\\ShareErrorsFromSession->handle(Object(Illuminate\\Http\\Request), Object(Closure))
#24 C:\\xampp\\htdocs\\Laravel Projects\\tlight\\vendor\\laravel\\framework\\src\\Illuminate\\Routing\\Pipeline.php(53): Illuminate\\Pipeline\\Pipeline->Illuminate\\Pipeline\\{closure}(Object(Illuminate\\Http\\Request))
#25 C:\\xampp\\htdocs\\Laravel Projects\\tlight\\vendor\\laravel\\framework\\src\\Illuminate\\Session\\Middleware\\StartSession.php(56): Illuminate\\Routing\\Pipeline->Illuminate\\Routing\\{closure}(Object(Illuminate\\Http\\Request))
#26 C:\\xampp\\htdocs\\Laravel Projects\\tlight\\vendor\\laravel\\framework\\src\\Illuminate\\Pipeline\\Pipeline.php(163): Illuminate\\Session\\Middleware\\StartSession->handle(Object(Illuminate\\Http\\Request), Object(Closure))
#27 C:\\xampp\\htdocs\\Laravel Projects\\tlight\\vendor\\laravel\\framework\\src\\Illuminate\\Routing\\Pipeline.php(53): Illuminate\\Pipeline\\Pipeline->Illuminate\\Pipeline\\{closure}(Object(Illuminate\\Http\\Request))
#28 C:\\xampp\\htdocs\\Laravel Projects\\tlight\\vendor\\laravel\\framework\\src\\Illuminate\\Cookie\\Middleware\\AddQueuedCookiesToResponse.php(37): Illuminate\\Routing\\Pipeline->Illuminate\\Routing\\{closure}(Object(Illuminate\\Http\\Request))
#29 C:\\xampp\\htdocs\\Laravel Projects\\tlight\\vendor\\laravel\\framework\\src\\Illuminate\\Pipeline\\Pipeline.php(163): Illuminate\\Cookie\\Middleware\\AddQueuedCookiesToResponse->handle(Object(Illuminate\\Http\\Request), Object(Closure))
#30 C:\\xampp\\htdocs\\Laravel Projects\\tlight\\vendor\\laravel\\framework\\src\\Illuminate\\Routing\\Pipeline.php(53): Illuminate\\Pipeline\\Pipeline->Illuminate\\Pipeline\\{closure}(Object(Illuminate\\Http\\Request))
#31 C:\\xampp\\htdocs\\Laravel Projects\\tlight\\vendor\\laravel\\framework\\src\\Illuminate\\Cookie\\Middleware\\EncryptCookies.php(66): Illuminate\\Routing\\Pipeline->Illuminate\\Routing\\{closure}(Object(Illuminate\\Http\\Request))
#32 C:\\xampp\\htdocs\\Laravel Projects\\tlight\\vendor\\laravel\\framework\\src\\Illuminate\\Pipeline\\Pipeline.php(163): Illuminate\\Cookie\\Middleware\\EncryptCookies->handle(Object(Illuminate\\Http\\Request), Object(Closure))
#33 C:\\xampp\\htdocs\\Laravel Projects\\tlight\\vendor\\laravel\\framework\\src\\Illuminate\\Routing\\Pipeline.php(53): Illuminate\\Pipeline\\Pipeline->Illuminate\\Pipeline\\{closure}(Object(Illuminate\\Http\\Request))
#34 C:\\xampp\\htdocs\\Laravel Projects\\tlight\\vendor\\laravel\\framework\\src\\Illuminate\\Pipeline\\Pipeline.php(104): Illuminate\\Routing\\Pipeline->Illuminate\\Routing\\{closure}(Object(Illuminate\\Http\\Request))
#35 C:\\xampp\\htdocs\\Laravel Projects\\tlight\\vendor\\laravel\\framework\\src\\Illuminate\\Routing\\Router.php(682): Illuminate\\Pipeline\\Pipeline->then(Object(Closure))
#36 C:\\xampp\\htdocs\\Laravel Projects\\tlight\\vendor\\laravel\\framework\\src\\Illuminate\\Routing\\Router.php(657): Illuminate\\Routing\\Router->runRouteWithinStack(Object(Illuminate\\Routing\\Route), Object(Illuminate\\Http\\Request))
#37 C:\\xampp\\htdocs\\Laravel Projects\\tlight\\vendor\\laravel\\framework\\src\\Illuminate\\Routing\\Router.php(623): Illuminate\\Routing\\Router->runRoute(Object(Illuminate\\Http\\Request), Object(Illuminate\\Routing\\Route))
#38 C:\\xampp\\htdocs\\Laravel Projects\\tlight\\vendor\\laravel\\framework\\src\\Illuminate\\Routing\\Router.php(612): Illuminate\\Routing\\Router->dispatchToRoute(Object(Illuminate\\Http\\Request))
#39 C:\\xampp\\htdocs\\Laravel Projects\\tlight\\vendor\\laravel\\framework\\src\\Illuminate\\Foundation\\Http\\Kernel.php(176): Illuminate\\Routing\\Router->dispatch(Object(Illuminate\\Http\\Request))
#40 C:\\xampp\\htdocs\\Laravel Projects\\tlight\\vendor\\laravel\\framework\\src\\Illuminate\\Routing\\Pipeline.php(30): Illuminate\\Foundation\\Http\\Kernel->Illuminate\\Foundation\\Http\\{closure}(Object(Illuminate\\Http\\Request))
#41 C:\\xampp\\htdocs\\Laravel Projects\\tlight\\vendor\\fideloper\\proxy\\src\\TrustProxies.php(57): Illuminate\\Routing\\Pipeline->Illuminate\\Routing\\{closure}(Object(Illuminate\\Http\\Request))
#42 C:\\xampp\\htdocs\\Laravel Projects\\tlight\\vendor\\laravel\\framework\\src\\Illuminate\\Pipeline\\Pipeline.php(163): Fideloper\\Proxy\\TrustProxies->handle(Object(Illuminate\\Http\\Request), Object(Closure))
#43 C:\\xampp\\htdocs\\Laravel Projects\\tlight\\vendor\\laravel\\framework\\src\\Illuminate\\Routing\\Pipeline.php(53): Illuminate\\Pipeline\\Pipeline->Illuminate\\Pipeline\\{closure}(Object(Illuminate\\Http\\Request))
#44 C:\\xampp\\htdocs\\Laravel Projects\\tlight\\vendor\\laravel\\framework\\src\\Illuminate\\Foundation\\Http\\Middleware\\TransformsRequest.php(21): Illuminate\\Routing\\Pipeline->Illuminate\\Routing\\{closure}(Object(Illuminate\\Http\\Request))
#45 C:\\xampp\\htdocs\\Laravel Projects\\tlight\\vendor\\laravel\\framework\\src\\Illuminate\\Pipeline\\Pipeline.php(163): Illuminate\\Foundation\\Http\\Middleware\\TransformsRequest->handle(Object(Illuminate\\Http\\Request), Object(Closure))
#46 C:\\xampp\\htdocs\\Laravel Projects\\tlight\\vendor\\laravel\\framework\\src\\Illuminate\\Routing\\Pipeline.php(53): Illuminate\\Pipeline\\Pipeline->Illuminate\\Pipeline\\{closure}(Object(Illuminate\\Http\\Request))
#47 C:\\xampp\\htdocs\\Laravel Projects\\tlight\\vendor\\laravel\\framework\\src\\Illuminate\\Foundation\\Http\\Middleware\\TransformsRequest.php(21): Illuminate\\Routing\\Pipeline->Illuminate\\Routing\\{closure}(Object(Illuminate\\Http\\Request))
#48 C:\\xampp\\htdocs\\Laravel Projects\\tlight\\vendor\\laravel\\framework\\src\\Illuminate\\Pipeline\\Pipeline.php(163): Illuminate\\Foundation\\Http\\Middleware\\TransformsRequest->handle(Object(Illuminate\\Http\\Request), Object(Closure))
#49 C:\\xampp\\htdocs\\Laravel Projects\\tlight\\vendor\\laravel\\framework\\src\\Illuminate\\Routing\\Pipeline.php(53): Illuminate\\Pipeline\\Pipeline->Illuminate\\Pipeline\\{closure}(Object(Illuminate\\Http\\Request))
#50 C:\\xampp\\htdocs\\Laravel Projects\\tlight\\vendor\\laravel\\framework\\src\\Illuminate\\Foundation\\Http\\Middleware\\ValidatePostSize.php(27): Illuminate\\Routing\\Pipeline->Illuminate\\Routing\\{closure}(Object(Illuminate\\Http\\Request))
#51 C:\\xampp\\htdocs\\Laravel Projects\\tlight\\vendor\\laravel\\framework\\src\\Illuminate\\Pipeline\\Pipeline.php(163): Illuminate\\Foundation\\Http\\Middleware\\ValidatePostSize->handle(Object(Illuminate\\Http\\Request), Object(Closure))
#52 C:\\xampp\\htdocs\\Laravel Projects\\tlight\\vendor\\laravel\\framework\\src\\Illuminate\\Routing\\Pipeline.php(53): Illuminate\\Pipeline\\Pipeline->Illuminate\\Pipeline\\{closure}(Object(Illuminate\\Http\\Request))
#53 C:\\xampp\\htdocs\\Laravel Projects\\tlight\\vendor\\laravel\\framework\\src\\Illuminate\\Foundation\\Http\\Middleware\\CheckForMaintenanceMode.php(62): Illuminate\\Routing\\Pipeline->Illuminate\\Routing\\{closure}(Object(Illuminate\\Http\\Request))
#54 C:\\xampp\\htdocs\\Laravel Projects\\tlight\\vendor\\laravel\\framework\\src\\Illuminate\\Pipeline\\Pipeline.php(163): Illuminate\\Foundation\\Http\\Middleware\\CheckForMaintenanceMode->handle(Object(Illuminate\\Http\\Request), Object(Closure))
#55 C:\\xampp\\htdocs\\Laravel Projects\\tlight\\vendor\\laravel\\framework\\src\\Illuminate\\Routing\\Pipeline.php(53): Illuminate\\Pipeline\\Pipeline->Illuminate\\Pipeline\\{closure}(Object(Illuminate\\Http\\Request))
#56 C:\\xampp\\htdocs\\Laravel Projects\\tlight\\vendor\\laravel\\framework\\src\\Illuminate\\Pipeline\\Pipeline.php(104): Illuminate\\Routing\\Pipeline->Illuminate\\Routing\\{closure}(Object(Illuminate\\Http\\Request))
#57 C:\\xampp\\htdocs\\Laravel Projects\\tlight\\vendor\\laravel\\framework\\src\\Illuminate\\Foundation\\Http\\Kernel.php(151): Illuminate\\Pipeline\\Pipeline->then(Object(Closure))
#58 C:\\xampp\\htdocs\\Laravel Projects\\tlight\\vendor\\laravel\\framework\\src\\Illuminate\\Foundation\\Http\\Kernel.php(116): Illuminate\\Foundation\\Http\\Kernel->sendRequestThroughRouter(Object(Illuminate\\Http\\Request))
#59 C:\\xampp\\htdocs\\Laravel Projects\\tlight\\public\\index.php(55): Illuminate\\Foundation\\Http\\Kernel->handle(Object(Illuminate\\Http\\Request))
#60 C:\\xampp\\htdocs\\Laravel Projects\\tlight\\server.php(21): require_once('C:\\\\xampp\\\\htdocs...')
#61 {main}
"} 
[2020-11-04 09:06:03] local.ERROR: Add [user_id] to fillable property to allow mass assignment on [App\Notification]. {"userId":1,"exception":"[object] (Illuminate\\Database\\Eloquent\\MassAssignmentException(code: 0): Add [user_id] to fillable property to allow mass assignment on [App\\Notification]. at C:\\xampp\\htdocs\\Laravel Projects\\tlight\\vendor\\laravel\\framework\\src\\Illuminate\\Database\\Eloquent\\Model.php:331)
[stacktrace]
#0 C:\\xampp\\htdocs\\Laravel Projects\\tlight\\vendor\\laravel\\framework\\src\\Illuminate\\Database\\Eloquent\\Model.php(171): Illuminate\\Database\\Eloquent\\Model->fill(Array)
#1 C:\\xampp\\htdocs\\Laravel Projects\\tlight\\vendor\\laravel\\framework\\src\\Illuminate\\Database\\Eloquent\\Model.php(392): Illuminate\\Database\\Eloquent\\Model->__construct(Array)
#2 C:\\xampp\\htdocs\\Laravel Projects\\tlight\\vendor\\laravel\\framework\\src\\Illuminate\\Database\\Eloquent\\Builder.php(1119): Illuminate\\Database\\Eloquent\\Model->newInstance(Array)
#3 C:\\xampp\\htdocs\\Laravel Projects\\tlight\\vendor\\laravel\\framework\\src\\Illuminate\\Database\\Eloquent\\Builder.php(794): Illuminate\\Database\\Eloquent\\Builder->newModelInstance(Array)
#4 C:\\xampp\\htdocs\\Laravel Projects\\tlight\\vendor\\laravel\\framework\\src\\Illuminate\\Support\\Traits\\ForwardsCalls.php(23): Illuminate\\Database\\Eloquent\\Builder->create(Array)
#5 C:\\xampp\\htdocs\\Laravel Projects\\tlight\\vendor\\laravel\\framework\\src\\Illuminate\\Database\\Eloquent\\Model.php(1618): Illuminate\\Database\\Eloquent\\Model->forwardCallTo(Object(Illuminate\\Database\\Eloquent\\Builder), 'create', Array)
#6 C:\\xampp\\htdocs\\Laravel Projects\\tlight\\vendor\\laravel\\framework\\src\\Illuminate\\Database\\Eloquent\\Model.php(1630): Illuminate\\Database\\Eloquent\\Model->__call('create', Array)
#7 C:\\xampp\\htdocs\\Laravel Projects\\tlight\\app\\Http\\Controllers\\PostController.php(62): Illuminate\\Database\\Eloquent\\Model::__callStatic('create', Array)
#8 [internal function]: App\\Http\\Controllers\\PostController->unapprove('3')
#9 C:\\xampp\\htdocs\\Laravel Projects\\tlight\\vendor\\laravel\\framework\\src\\Illuminate\\Routing\\Controller.php(54): call_user_func_array(Array, Array)
#10 C:\\xampp\\htdocs\\Laravel Projects\\tlight\\vendor\\laravel\\framework\\src\\Illuminate\\Routing\\ControllerDispatcher.php(45): Illuminate\\Routing\\Controller->callAction('unapprove', Array)
#11 C:\\xampp\\htdocs\\Laravel Projects\\tlight\\vendor\\laravel\\framework\\src\\Illuminate\\Routing\\Route.php(219): Illuminate\\Routing\\ControllerDispatcher->dispatch(Object(Illuminate\\Routing\\Route), Object(App\\Http\\Controllers\\PostController), 'unapprove')
#12 C:\\xampp\\htdocs\\Laravel Projects\\tlight\\vendor\\laravel\\framework\\src\\Illuminate\\Routing\\Route.php(176): Illuminate\\Routing\\Route->runController()
#13 C:\\xampp\\htdocs\\Laravel Projects\\tlight\\vendor\\laravel\\framework\\src\\Illuminate\\Routing\\Router.php(680): Illuminate\\Routing\\Route->run()
#14 C:\\xampp\\htdocs\\Laravel Projects\\tlight\\vendor\\laravel\\framework\\src\\Illuminate\\Routing\\Pipeline.php(30): Illuminate\\Routing\\Router->Illuminate\\Routing\\{closure}(Object(Illuminate\\Http\\Request))
#15 C:\\xampp\\htdocs\\Laravel Projects\\tlight\\app\\Http\\Middleware\\SwitchUser.php(22): Illuminate\\Routing\\Pipeline->Illuminate\\Routing\\{closure}(Object(Illuminate\\Http\\Request))
#16 C:\\xampp\\htdocs\\Laravel Projects\\tlight\\vendor\\laravel\\framework\\src\\Illuminate\\Pipeline\\Pipeline.php(163): App\\Http\\Middleware\\SwitchUser->handle(Object(Illuminate\\Http\\Request), Object(Closure))
#17 C:\\xampp\\htdocs\\Laravel Projects\\tlight\\vendor\\laravel\\framework\\src\\Illuminate\\Routing\\Pipeline.php(53): Illuminate\\Pipeline\\Pipeline->Illuminate\\Pipeline\\{closure}(Object(Illuminate\\Http\\Request))
#18 C:\\xampp\\htdocs\\Laravel Projects\\tlight\\vendor\\laravel\\framework\\src\\Illuminate\\Auth\\Middleware\\EnsureEmailIsVerified.php(29): Illuminate\\Routing\\Pipeline->Illuminate\\Routing\\{closure}(Object(Illuminate\\Http\\Request))
#19 C:\\xampp\\htdocs\\Laravel Projects\\tlight\\vendor\\laravel\\framework\\src\\Illuminate\\Pipeline\\Pipeline.php(163): Illuminate\\Auth\\Middleware\\EnsureEmailIsVerified->handle(Object(Illuminate\\Http\\Request), Object(Closure))
#20 C:\\xampp\\htdocs\\Laravel Projects\\tlight\\vendor\\laravel\\framework\\src\\Illuminate\\Routing\\Pipeline.php(53): Illuminate\\Pipeline\\Pipeline->Illuminate\\Pipeline\\{closure}(Object(Illuminate\\Http\\Request))
#21 C:\\xampp\\htdocs\\Laravel Projects\\tlight\\vendor\\laravel\\framework\\src\\Illuminate\\Routing\\Middleware\\SubstituteBindings.php(41): Illuminate\\Routing\\Pipeline->Illuminate\\Routing\\{closure}(Object(Illuminate\\Http\\Request))
#22 C:\\xampp\\htdocs\\Laravel Projects\\tlight\\vendor\\laravel\\framework\\src\\Illuminate\\Pipeline\\Pipeline.php(163): Illuminate\\Routing\\Middleware\\SubstituteBindings->handle(Object(Illuminate\\Http\\Request), Object(Closure))
#23 C:\\xampp\\htdocs\\Laravel Projects\\tlight\\vendor\\laravel\\framework\\src\\Illuminate\\Routing\\Pipeline.php(53): Illuminate\\Pipeline\\Pipeline->Illuminate\\Pipeline\\{closure}(Object(Illuminate\\Http\\Request))
#24 C:\\xampp\\htdocs\\Laravel Projects\\tlight\\vendor\\laravel\\framework\\src\\Illuminate\\Auth\\Middleware\\Authenticate.php(43): Illuminate\\Routing\\Pipeline->Illuminate\\Routing\\{closure}(Object(Illuminate\\Http\\Request))
#25 C:\\xampp\\htdocs\\Laravel Projects\\tlight\\vendor\\laravel\\framework\\src\\Illuminate\\Pipeline\\Pipeline.php(163): Illuminate\\Auth\\Middleware\\Authenticate->handle(Object(Illuminate\\Http\\Request), Object(Closure))
#26 C:\\xampp\\htdocs\\Laravel Projects\\tlight\\vendor\\laravel\\framework\\src\\Illuminate\\Routing\\Pipeline.php(53): Illuminate\\Pipeline\\Pipeline->Illuminate\\Pipeline\\{closure}(Object(Illuminate\\Http\\Request))
#27 C:\\xampp\\htdocs\\Laravel Projects\\tlight\\vendor\\laravel\\framework\\src\\Illuminate\\Foundation\\Http\\Middleware\\VerifyCsrfToken.php(75): Illuminate\\Routing\\Pipeline->Illuminate\\Routing\\{closure}(Object(Illuminate\\Http\\Request))
#28 C:\\xampp\\htdocs\\Laravel Projects\\tlight\\vendor\\laravel\\framework\\src\\Illuminate\\Pipeline\\Pipeline.php(163): Illuminate\\Foundation\\Http\\Middleware\\VerifyCsrfToken->handle(Object(Illuminate\\Http\\Request), Object(Closure))
#29 C:\\xampp\\htdocs\\Laravel Projects\\tlight\\vendor\\laravel\\framework\\src\\Illuminate\\Routing\\Pipeline.php(53): Illuminate\\Pipeline\\Pipeline->Illuminate\\Pipeline\\{closure}(Object(Illuminate\\Http\\Request))
#30 C:\\xampp\\htdocs\\Laravel Projects\\tlight\\vendor\\laravel\\framework\\src\\Illuminate\\View\\Middleware\\ShareErrorsFromSession.php(49): Illuminate\\Routing\\Pipeline->Illuminate\\Routing\\{closure}(Object(Illuminate\\Http\\Request))
#31 C:\\xampp\\htdocs\\Laravel Projects\\tlight\\vendor\\laravel\\framework\\src\\Illuminate\\Pipeline\\Pipeline.php(163): Illuminate\\View\\Middleware\\ShareErrorsFromSession->handle(Object(Illuminate\\Http\\Request), Object(Closure))
#32 C:\\xampp\\htdocs\\Laravel Projects\\tlight\\vendor\\laravel\\framework\\src\\Illuminate\\Routing\\Pipeline.php(53): Illuminate\\Pipeline\\Pipeline->Illuminate\\Pipeline\\{closure}(Object(Illuminate\\Http\\Request))
#33 C:\\xampp\\htdocs\\Laravel Projects\\tlight\\vendor\\laravel\\framework\\src\\Illuminate\\Session\\Middleware\\StartSession.php(56): Illuminate\\Routing\\Pipeline->Illuminate\\Routing\\{closure}(Object(Illuminate\\Http\\Request))
#34 C:\\xampp\\htdocs\\Laravel Projects\\tlight\\vendor\\laravel\\framework\\src\\Illuminate\\Pipeline\\Pipeline.php(163): Illuminate\\Session\\Middleware\\StartSession->handle(Object(Illuminate\\Http\\Request), Object(Closure))
#35 C:\\xampp\\htdocs\\Laravel Projects\\tlight\\vendor\\laravel\\framework\\src\\Illuminate\\Routing\\Pipeline.php(53): Illuminate\\Pipeline\\Pipeline->Illuminate\\Pipeline\\{closure}(Object(Illuminate\\Http\\Request))
#36 C:\\xampp\\htdocs\\Laravel Projects\\tlight\\vendor\\laravel\\framework\\src\\Illuminate\\Cookie\\Middleware\\AddQueuedCookiesToResponse.php(37): Illuminate\\Routing\\Pipeline->Illuminate\\Routing\\{closure}(Object(Illuminate\\Http\\Request))
#37 C:\\xampp\\htdocs\\Laravel Projects\\tlight\\vendor\\laravel\\framework\\src\\Illuminate\\Pipeline\\Pipeline.php(163): Illuminate\\Cookie\\Middleware\\AddQueuedCookiesToResponse->handle(Object(Illuminate\\Http\\Request), Object(Closure))
#38 C:\\xampp\\htdocs\\Laravel Projects\\tlight\\vendor\\laravel\\framework\\src\\Illuminate\\Routing\\Pipeline.php(53): Illuminate\\Pipeline\\Pipeline->Illuminate\\Pipeline\\{closure}(Object(Illuminate\\Http\\Request))
#39 C:\\xampp\\htdocs\\Laravel Projects\\tlight\\vendor\\laravel\\framework\\src\\Illuminate\\Cookie\\Middleware\\EncryptCookies.php(66): Illuminate\\Routing\\Pipeline->Illuminate\\Routing\\{closure}(Object(Illuminate\\Http\\Request))
#40 C:\\xampp\\htdocs\\Laravel Projects\\tlight\\vendor\\laravel\\framework\\src\\Illuminate\\Pipeline\\Pipeline.php(163): Illuminate\\Cookie\\Middleware\\EncryptCookies->handle(Object(Illuminate\\Http\\Request), Object(Closure))
#41 C:\\xampp\\htdocs\\Laravel Projects\\tlight\\vendor\\laravel\\framework\\src\\Illuminate\\Routing\\Pipeline.php(53): Illuminate\\Pipeline\\Pipeline->Illuminate\\Pipeline\\{closure}(Object(Illuminate\\Http\\Request))
#42 C:\\xampp\\htdocs\\Laravel Projects\\tlight\\vendor\\laravel\\framework\\src\\Illuminate\\Pipeline\\Pipeline.php(104): Illuminate\\Routing\\Pipeline->Illuminate\\Routing\\{closure}(Object(Illuminate\\Http\\Request))
#43 C:\\xampp\\htdocs\\Laravel Projects\\tlight\\vendor\\laravel\\framework\\src\\Illuminate\\Routing\\Router.php(682): Illuminate\\Pipeline\\Pipeline->then(Object(Closure))
#44 C:\\xampp\\htdocs\\Laravel Projects\\tlight\\vendor\\laravel\\framework\\src\\Illuminate\\Routing\\Router.php(657): Illuminate\\Routing\\Router->runRouteWithinStack(Object(Illuminate\\Routing\\Route), Object(Illuminate\\Http\\Request))
#45 C:\\xampp\\htdocs\\Laravel Projects\\tlight\\vendor\\laravel\\framework\\src\\Illuminate\\Routing\\Router.php(623): Illuminate\\Routing\\Router->runRoute(Object(Illuminate\\Http\\Request), Object(Illuminate\\Routing\\Route))
#46 C:\\xampp\\htdocs\\Laravel Projects\\tlight\\vendor\\laravel\\framework\\src\\Illuminate\\Routing\\Router.php(612): Illuminate\\Routing\\Router->dispatchToRoute(Object(Illuminate\\Http\\Request))
#47 C:\\xampp\\htdocs\\Laravel Projects\\tlight\\vendor\\laravel\\framework\\src\\Illuminate\\Foundation\\Http\\Kernel.php(176): Illuminate\\Routing\\Router->dispatch(Object(Illuminate\\Http\\Request))
#48 C:\\xampp\\htdocs\\Laravel Projects\\tlight\\vendor\\laravel\\framework\\src\\Illuminate\\Routing\\Pipeline.php(30): Illuminate\\Foundation\\Http\\Kernel->Illuminate\\Foundation\\Http\\{closure}(Object(Illuminate\\Http\\Request))
#49 C:\\xampp\\htdocs\\Laravel Projects\\tlight\\vendor\\fideloper\\proxy\\src\\TrustProxies.php(57): Illuminate\\Routing\\Pipeline->Illuminate\\Routing\\{closure}(Object(Illuminate\\Http\\Request))
#50 C:\\xampp\\htdocs\\Laravel Projects\\tlight\\vendor\\laravel\\framework\\src\\Illuminate\\Pipeline\\Pipeline.php(163): Fideloper\\Proxy\\TrustProxies->handle(Object(Illuminate\\Http\\Request), Object(Closure))
#51 C:\\xampp\\htdocs\\Laravel Projects\\tlight\\vendor\\laravel\\framework\\src\\Illuminate\\Routing\\Pipeline.php(53): Illuminate\\Pipeline\\Pipeline->Illuminate\\Pipeline\\{closure}(Object(Illuminate\\Http\\Request))
#52 C:\\xampp\\htdocs\\Laravel Projects\\tlight\\vendor\\laravel\\framework\\src\\Illuminate\\Foundation\\Http\\Middleware\\TransformsRequest.php(21): Illuminate\\Routing\\Pipeline->Illuminate\\Routing\\{closure}(Object(Illuminate\\Http\\Request))
#53 C:\\xampp\\htdocs\\Laravel Projects\\tlight\\vendor\\laravel\\framework\\src\\Illuminate\\Pipeline\\Pipeline.php(163): Illuminate\\Foundation\\Http\\Middleware\\TransformsRequest->handle(Object(Illuminate\\Http\\Request), Object(Closure))
#54 C:\\xampp\\htdocs\\Laravel Projects\\tlight\\vendor\\laravel\\framework\\src\\Illuminate\\Routing\\Pipeline.php(53): Illuminate\\Pipeline\\Pipeline->Illuminate\\Pipeline\\{closure}(Object(Illuminate\\Http\\Request))
#55 C:\\xampp\\htdocs\\Laravel Projects\\tlight\\vendor\\laravel\\framework\\src\\Illuminate\\Foundation\\Http\\Middleware\\TransformsRequest.php(21): Illuminate\\Routing\\Pipeline->Illuminate\\Routing\\{closure}(Object(Illuminate\\Http\\Request))
#56 C:\\xampp\\htdocs\\Laravel Projects\\tlight\\vendor\\laravel\\framework\\src\\Illuminate\\Pipeline\\Pipeline.php(163): Illuminate\\Foundation\\Http\\Middleware\\TransformsRequest->handle(Object(Illuminate\\Http\\Request), Object(Closure))
#57 C:\\xampp\\htdocs\\Laravel Projects\\tlight\\vendor\\laravel\\framework\\src\\Illuminate\\Routing\\Pipeline.php(53): Illuminate\\Pipeline\\Pipeline->Illuminate\\Pipeline\\{closure}(Object(Illuminate\\Http\\Request))
#58 C:\\xampp\\htdocs\\Laravel Projects\\tlight\\vendor\\laravel\\framework\\src\\Illuminate\\Foundation\\Http\\Middleware\\ValidatePostSize.php(27): Illuminate\\Routing\\Pipeline->Illuminate\\Routing\\{closure}(Object(Illuminate\\Http\\Request))
#59 C:\\xampp\\htdocs\\Laravel Projects\\tlight\\vendor\\laravel\\framework\\src\\Illuminate\\Pipeline\\Pipeline.php(163): Illuminate\\Foundation\\Http\\Middleware\\ValidatePostSize->handle(Object(Illuminate\\Http\\Request), Object(Closure))
#60 C:\\xampp\\htdocs\\Laravel Projects\\tlight\\vendor\\laravel\\framework\\src\\Illuminate\\Routing\\Pipeline.php(53): Illuminate\\Pipeline\\Pipeline->Illuminate\\Pipeline\\{closure}(Object(Illuminate\\Http\\Request))
#61 C:\\xampp\\htdocs\\Laravel Projects\\tlight\\vendor\\laravel\\framework\\src\\Illuminate\\Foundation\\Http\\Middleware\\CheckForMaintenanceMode.php(62): Illuminate\\Routing\\Pipeline->Illuminate\\Routing\\{closure}(Object(Illuminate\\Http\\Request))
#62 C:\\xampp\\htdocs\\Laravel Projects\\tlight\\vendor\\laravel\\framework\\src\\Illuminate\\Pipeline\\Pipeline.php(163): Illuminate\\Foundation\\Http\\Middleware\\CheckForMaintenanceMode->handle(Object(Illuminate\\Http\\Request), Object(Closure))
#63 C:\\xampp\\htdocs\\Laravel Projects\\tlight\\vendor\\laravel\\framework\\src\\Illuminate\\Routing\\Pipeline.php(53): Illuminate\\Pipeline\\Pipeline->Illuminate\\Pipeline\\{closure}(Object(Illuminate\\Http\\Request))
#64 C:\\xampp\\htdocs\\Laravel Projects\\tlight\\vendor\\laravel\\framework\\src\\Illuminate\\Pipeline\\Pipeline.php(104): Illuminate\\Routing\\Pipeline->Illuminate\\Routing\\{closure}(Object(Illuminate\\Http\\Request))
#65 C:\\xampp\\htdocs\\Laravel Projects\\tlight\\vendor\\laravel\\framework\\src\\Illuminate\\Foundation\\Http\\Kernel.php(151): Illuminate\\Pipeline\\Pipeline->then(Object(Closure))
#66 C:\\xampp\\htdocs\\Laravel Projects\\tlight\\vendor\\laravel\\framework\\src\\Illuminate\\Foundation\\Http\\Kernel.php(116): Illuminate\\Foundation\\Http\\Kernel->sendRequestThroughRouter(Object(Illuminate\\Http\\Request))
#67 C:\\xampp\\htdocs\\Laravel Projects\\tlight\\public\\index.php(55): Illuminate\\Foundation\\Http\\Kernel->handle(Object(Illuminate\\Http\\Request))
#68 C:\\xampp\\htdocs\\Laravel Projects\\tlight\\server.php(21): require_once('C:\\\\xampp\\\\htdocs...')
#69 {main}
"} 
[2020-11-04 09:06:51] local.ERROR: SQLSTATE[23000]: Integrity constraint violation: 1048 Column 'title' cannot be null (SQL: insert into `notifications` (`user_id`, `permission`, `title`, `updated_at`, `created_at`) values (2, 1, ?, 2020-11-04 09:06:51, 2020-11-04 09:06:51)) {"userId":1,"exception":"[object] (Illuminate\\Database\\QueryException(code: 23000): SQLSTATE[23000]: Integrity constraint violation: 1048 Column 'title' cannot be null (SQL: insert into `notifications` (`user_id`, `permission`, `title`, `updated_at`, `created_at`) values (2, 1, ?, 2020-11-04 09:06:51, 2020-11-04 09:06:51)) at C:\\xampp\\htdocs\\Laravel Projects\\tlight\\vendor\\laravel\\framework\\src\\Illuminate\\Database\\Connection.php:664, Doctrine\\DBAL\\Driver\\PDOException(code: 23000): SQLSTATE[23000]: Integrity constraint violation: 1048 Column 'title' cannot be null at C:\\xampp\\htdocs\\Laravel Projects\\tlight\\vendor\\doctrine\\dbal\\lib\\Doctrine\\DBAL\\Driver\\PDOStatement.php:131, PDOException(code: 23000): SQLSTATE[23000]: Integrity constraint violation: 1048 Column 'title' cannot be null at C:\\xampp\\htdocs\\Laravel Projects\\tlight\\vendor\\doctrine\\dbal\\lib\\Doctrine\\DBAL\\Driver\\PDOStatement.php:129)
[stacktrace]
#0 C:\\xampp\\htdocs\\Laravel Projects\\tlight\\vendor\\laravel\\framework\\src\\Illuminate\\Database\\Connection.php(624): Illuminate\\Database\\Connection->runQueryCallback('insert into `no...', Array, Object(Closure))
#1 C:\\xampp\\htdocs\\Laravel Projects\\tlight\\vendor\\laravel\\framework\\src\\Illuminate\\Database\\Connection.php(459): Illuminate\\Database\\Connection->run('insert into `no...', Array, Object(Closure))
#2 C:\\xampp\\htdocs\\Laravel Projects\\tlight\\vendor\\laravel\\framework\\src\\Illuminate\\Database\\Connection.php(411): Illuminate\\Database\\Connection->statement('insert into `no...', Array)
#3 C:\\xampp\\htdocs\\Laravel Projects\\tlight\\vendor\\laravel\\framework\\src\\Illuminate\\Database\\Query\\Processors\\Processor.php(32): Illuminate\\Database\\Connection->insert('insert into `no...', Array)
#4 C:\\xampp\\htdocs\\Laravel Projects\\tlight\\vendor\\laravel\\framework\\src\\Illuminate\\Database\\Query\\Builder.php(2690): Illuminate\\Database\\Query\\Processors\\Processor->processInsertGetId(Object(Illuminate\\Database\\Query\\Builder), 'insert into `no...', Array, 'id')
#5 C:\\xampp\\htdocs\\Laravel Projects\\tlight\\vendor\\laravel\\framework\\src\\Illuminate\\Database\\Eloquent\\Builder.php(1353): Illuminate\\Database\\Query\\Builder->insertGetId(Array, 'id')
#6 C:\\xampp\\htdocs\\Laravel Projects\\tlight\\vendor\\laravel\\framework\\src\\Illuminate\\Database\\Eloquent\\Model.php(839): Illuminate\\Database\\Eloquent\\Builder->__call('insertGetId', Array)
#7 C:\\xampp\\htdocs\\Laravel Projects\\tlight\\vendor\\laravel\\framework\\src\\Illuminate\\Database\\Eloquent\\Model.php(804): Illuminate\\Database\\Eloquent\\Model->insertAndSetId(Object(Illuminate\\Database\\Eloquent\\Builder), Array)
#8 C:\\xampp\\htdocs\\Laravel Projects\\tlight\\vendor\\laravel\\framework\\src\\Illuminate\\Database\\Eloquent\\Model.php(667): Illuminate\\Database\\Eloquent\\Model->performInsert(Object(Illuminate\\Database\\Eloquent\\Builder))
#9 C:\\xampp\\htdocs\\Laravel Projects\\tlight\\vendor\\laravel\\framework\\src\\Illuminate\\Database\\Eloquent\\Builder.php(795): Illuminate\\Database\\Eloquent\\Model->save()
#10 C:\\xampp\\htdocs\\Laravel Projects\\tlight\\vendor\\laravel\\framework\\src\\Illuminate\\Support\\helpers.php(1124): Illuminate\\Database\\Eloquent\\Builder->Illuminate\\Database\\Eloquent\\{closure}(Object(App\\Notification))
#11 C:\\xampp\\htdocs\\Laravel Projects\\tlight\\vendor\\laravel\\framework\\src\\Illuminate\\Database\\Eloquent\\Builder.php(796): tap(Object(App\\Notification), Object(Closure))
#12 C:\\xampp\\htdocs\\Laravel Projects\\tlight\\vendor\\laravel\\framework\\src\\Illuminate\\Support\\Traits\\ForwardsCalls.php(23): Illuminate\\Database\\Eloquent\\Builder->create(Array)
#13 C:\\xampp\\htdocs\\Laravel Projects\\tlight\\vendor\\laravel\\framework\\src\\Illuminate\\Database\\Eloquent\\Model.php(1618): Illuminate\\Database\\Eloquent\\Model->forwardCallTo(Object(Illuminate\\Database\\Eloquent\\Builder), 'create', Array)
#14 C:\\xampp\\htdocs\\Laravel Projects\\tlight\\vendor\\laravel\\framework\\src\\Illuminate\\Database\\Eloquent\\Model.php(1630): Illuminate\\Database\\Eloquent\\Model->__call('create', Array)
#15 C:\\xampp\\htdocs\\Laravel Projects\\tlight\\app\\Http\\Controllers\\PostController.php(62): Illuminate\\Database\\Eloquent\\Model::__callStatic('create', Array)
#16 [internal function]: App\\Http\\Controllers\\PostController->unapprove('3')
#17 C:\\xampp\\htdocs\\Laravel Projects\\tlight\\vendor\\laravel\\framework\\src\\Illuminate\\Routing\\Controller.php(54): call_user_func_array(Array, Array)
#18 C:\\xampp\\htdocs\\Laravel Projects\\tlight\\vendor\\laravel\\framework\\src\\Illuminate\\Routing\\ControllerDispatcher.php(45): Illuminate\\Routing\\Controller->callAction('unapprove', Array)
#19 C:\\xampp\\htdocs\\Laravel Projects\\tlight\\vendor\\laravel\\framework\\src\\Illuminate\\Routing\\Route.php(219): Illuminate\\Routing\\ControllerDispatcher->dispatch(Object(Illuminate\\Routing\\Route), Object(App\\Http\\Controllers\\PostController), 'unapprove')
#20 C:\\xampp\\htdocs\\Laravel Projects\\tlight\\vendor\\laravel\\framework\\src\\Illuminate\\Routing\\Route.php(176): Illuminate\\Routing\\Route->runController()
#21 C:\\xampp\\htdocs\\Laravel Projects\\tlight\\vendor\\laravel\\framework\\src\\Illuminate\\Routing\\Router.php(680): Illuminate\\Routing\\Route->run()
#22 C:\\xampp\\htdocs\\Laravel Projects\\tlight\\vendor\\laravel\\framework\\src\\Illuminate\\Routing\\Pipeline.php(30): Illuminate\\Routing\\Router->Illuminate\\Routing\\{closure}(Object(Illuminate\\Http\\Request))
#23 C:\\xampp\\htdocs\\Laravel Projects\\tlight\\app\\Http\\Middleware\\SwitchUser.php(22): Illuminate\\Routing\\Pipeline->Illuminate\\Routing\\{closure}(Object(Illuminate\\Http\\Request))
#24 C:\\xampp\\htdocs\\Laravel Projects\\tlight\\vendor\\laravel\\framework\\src\\Illuminate\\Pipeline\\Pipeline.php(163): App\\Http\\Middleware\\SwitchUser->handle(Object(Illuminate\\Http\\Request), Object(Closure))
#25 C:\\xampp\\htdocs\\Laravel Projects\\tlight\\vendor\\laravel\\framework\\src\\Illuminate\\Routing\\Pipeline.php(53): Illuminate\\Pipeline\\Pipeline->Illuminate\\Pipeline\\{closure}(Object(Illuminate\\Http\\Request))
#26 C:\\xampp\\htdocs\\Laravel Projects\\tlight\\vendor\\laravel\\framework\\src\\Illuminate\\Auth\\Middleware\\EnsureEmailIsVerified.php(29): Illuminate\\Routing\\Pipeline->Illuminate\\Routing\\{closure}(Object(Illuminate\\Http\\Request))
#27 C:\\xampp\\htdocs\\Laravel Projects\\tlight\\vendor\\laravel\\framework\\src\\Illuminate\\Pipeline\\Pipeline.php(163): Illuminate\\Auth\\Middleware\\EnsureEmailIsVerified->handle(Object(Illuminate\\Http\\Request), Object(Closure))
#28 C:\\xampp\\htdocs\\Laravel Projects\\tlight\\vendor\\laravel\\framework\\src\\Illuminate\\Routing\\Pipeline.php(53): Illuminate\\Pipeline\\Pipeline->Illuminate\\Pipeline\\{closure}(Object(Illuminate\\Http\\Request))
#29 C:\\xampp\\htdocs\\Laravel Projects\\tlight\\vendor\\laravel\\framework\\src\\Illuminate\\Routing\\Middleware\\SubstituteBindings.php(41): Illuminate\\Routing\\Pipeline->Illuminate\\Routing\\{closure}(Object(Illuminate\\Http\\Request))
#30 C:\\xampp\\htdocs\\Laravel Projects\\tlight\\vendor\\laravel\\framework\\src\\Illuminate\\Pipeline\\Pipeline.php(163): Illuminate\\Routing\\Middleware\\SubstituteBindings->handle(Object(Illuminate\\Http\\Request), Object(Closure))
#31 C:\\xampp\\htdocs\\Laravel Projects\\tlight\\vendor\\laravel\\framework\\src\\Illuminate\\Routing\\Pipeline.php(53): Illuminate\\Pipeline\\Pipeline->Illuminate\\Pipeline\\{closure}(Object(Illuminate\\Http\\Request))
#32 C:\\xampp\\htdocs\\Laravel Projects\\tlight\\vendor\\laravel\\framework\\src\\Illuminate\\Auth\\Middleware\\Authenticate.php(43): Illuminate\\Routing\\Pipeline->Illuminate\\Routing\\{closure}(Object(Illuminate\\Http\\Request))
#33 C:\\xampp\\htdocs\\Laravel Projects\\tlight\\vendor\\laravel\\framework\\src\\Illuminate\\Pipeline\\Pipeline.php(163): Illuminate\\Auth\\Middleware\\Authenticate->handle(Object(Illuminate\\Http\\Request), Object(Closure))
#34 C:\\xampp\\htdocs\\Laravel Projects\\tlight\\vendor\\laravel\\framework\\src\\Illuminate\\Routing\\Pipeline.php(53): Illuminate\\Pipeline\\Pipeline->Illuminate\\Pipeline\\{closure}(Object(Illuminate\\Http\\Request))
#35 C:\\xampp\\htdocs\\Laravel Projects\\tlight\\vendor\\laravel\\framework\\src\\Illuminate\\Foundation\\Http\\Middleware\\VerifyCsrfToken.php(75): Illuminate\\Routing\\Pipeline->Illuminate\\Routing\\{closure}(Object(Illuminate\\Http\\Request))
#36 C:\\xampp\\htdocs\\Laravel Projects\\tlight\\vendor\\laravel\\framework\\src\\Illuminate\\Pipeline\\Pipeline.php(163): Illuminate\\Foundation\\Http\\Middleware\\VerifyCsrfToken->handle(Object(Illuminate\\Http\\Request), Object(Closure))
#37 C:\\xampp\\htdocs\\Laravel Projects\\tlight\\vendor\\laravel\\framework\\src\\Illuminate\\Routing\\Pipeline.php(53): Illuminate\\Pipeline\\Pipeline->Illuminate\\Pipeline\\{closure}(Object(Illuminate\\Http\\Request))
#38 C:\\xampp\\htdocs\\Laravel Projects\\tlight\\vendor\\laravel\\framework\\src\\Illuminate\\View\\Middleware\\ShareErrorsFromSession.php(49): Illuminate\\Routing\\Pipeline->Illuminate\\Routing\\{closure}(Object(Illuminate\\Http\\Request))
#39 C:\\xampp\\htdocs\\Laravel Projects\\tlight\\vendor\\laravel\\framework\\src\\Illuminate\\Pipeline\\Pipeline.php(163): Illuminate\\View\\Middleware\\ShareErrorsFromSession->handle(Object(Illuminate\\Http\\Request), Object(Closure))
#40 C:\\xampp\\htdocs\\Laravel Projects\\tlight\\vendor\\laravel\\framework\\src\\Illuminate\\Routing\\Pipeline.php(53): Illuminate\\Pipeline\\Pipeline->Illuminate\\Pipeline\\{closure}(Object(Illuminate\\Http\\Request))
#41 C:\\xampp\\htdocs\\Laravel Projects\\tlight\\vendor\\laravel\\framework\\src\\Illuminate\\Session\\Middleware\\StartSession.php(56): Illuminate\\Routing\\Pipeline->Illuminate\\Routing\\{closure}(Object(Illuminate\\Http\\Request))
#42 C:\\xampp\\htdocs\\Laravel Projects\\tlight\\vendor\\laravel\\framework\\src\\Illuminate\\Pipeline\\Pipeline.php(163): Illuminate\\Session\\Middleware\\StartSession->handle(Object(Illuminate\\Http\\Request), Object(Closure))
#43 C:\\xampp\\htdocs\\Laravel Projects\\tlight\\vendor\\laravel\\framework\\src\\Illuminate\\Routing\\Pipeline.php(53): Illuminate\\Pipeline\\Pipeline->Illuminate\\Pipeline\\{closure}(Object(Illuminate\\Http\\Request))
#44 C:\\xampp\\htdocs\\Laravel Projects\\tlight\\vendor\\laravel\\framework\\src\\Illuminate\\Cookie\\Middleware\\AddQueuedCookiesToResponse.php(37): Illuminate\\Routing\\Pipeline->Illuminate\\Routing\\{closure}(Object(Illuminate\\Http\\Request))
#45 C:\\xampp\\htdocs\\Laravel Projects\\tlight\\vendor\\laravel\\framework\\src\\Illuminate\\Pipeline\\Pipeline.php(163): Illuminate\\Cookie\\Middleware\\AddQueuedCookiesToResponse->handle(Object(Illuminate\\Http\\Request), Object(Closure))
#46 C:\\xampp\\htdocs\\Laravel Projects\\tlight\\vendor\\laravel\\framework\\src\\Illuminate\\Routing\\Pipeline.php(53): Illuminate\\Pipeline\\Pipeline->Illuminate\\Pipeline\\{closure}(Object(Illuminate\\Http\\Request))
#47 C:\\xampp\\htdocs\\Laravel Projects\\tlight\\vendor\\laravel\\framework\\src\\Illuminate\\Cookie\\Middleware\\EncryptCookies.php(66): Illuminate\\Routing\\Pipeline->Illuminate\\Routing\\{closure}(Object(Illuminate\\Http\\Request))
#48 C:\\xampp\\htdocs\\Laravel Projects\\tlight\\vendor\\laravel\\framework\\src\\Illuminate\\Pipeline\\Pipeline.php(163): Illuminate\\Cookie\\Middleware\\EncryptCookies->handle(Object(Illuminate\\Http\\Request), Object(Closure))
#49 C:\\xampp\\htdocs\\Laravel Projects\\tlight\\vendor\\laravel\\framework\\src\\Illuminate\\Routing\\Pipeline.php(53): Illuminate\\Pipeline\\Pipeline->Illuminate\\Pipeline\\{closure}(Object(Illuminate\\Http\\Request))
#50 C:\\xampp\\htdocs\\Laravel Projects\\tlight\\vendor\\laravel\\framework\\src\\Illuminate\\Pipeline\\Pipeline.php(104): Illuminate\\Routing\\Pipeline->Illuminate\\Routing\\{closure}(Object(Illuminate\\Http\\Request))
#51 C:\\xampp\\htdocs\\Laravel Projects\\tlight\\vendor\\laravel\\framework\\src\\Illuminate\\Routing\\Router.php(682): Illuminate\\Pipeline\\Pipeline->then(Object(Closure))
#52 C:\\xampp\\htdocs\\Laravel Projects\\tlight\\vendor\\laravel\\framework\\src\\Illuminate\\Routing\\Router.php(657): Illuminate\\Routing\\Router->runRouteWithinStack(Object(Illuminate\\Routing\\Route), Object(Illuminate\\Http\\Request))
#53 C:\\xampp\\htdocs\\Laravel Projects\\tlight\\vendor\\laravel\\framework\\src\\Illuminate\\Routing\\Router.php(623): Illuminate\\Routing\\Router->runRoute(Object(Illuminate\\Http\\Request), Object(Illuminate\\Routing\\Route))
#54 C:\\xampp\\htdocs\\Laravel Projects\\tlight\\vendor\\laravel\\framework\\src\\Illuminate\\Routing\\Router.php(612): Illuminate\\Routing\\Router->dispatchToRoute(Object(Illuminate\\Http\\Request))
#55 C:\\xampp\\htdocs\\Laravel Projects\\tlight\\vendor\\laravel\\framework\\src\\Illuminate\\Foundation\\Http\\Kernel.php(176): Illuminate\\Routing\\Router->dispatch(Object(Illuminate\\Http\\Request))
#56 C:\\xampp\\htdocs\\Laravel Projects\\tlight\\vendor\\laravel\\framework\\src\\Illuminate\\Routing\\Pipeline.php(30): Illuminate\\Foundation\\Http\\Kernel->Illuminate\\Foundation\\Http\\{closure}(Object(Illuminate\\Http\\Request))
#57 C:\\xampp\\htdocs\\Laravel Projects\\tlight\\vendor\\fideloper\\proxy\\src\\TrustProxies.php(57): Illuminate\\Routing\\Pipeline->Illuminate\\Routing\\{closure}(Object(Illuminate\\Http\\Request))
#58 C:\\xampp\\htdocs\\Laravel Projects\\tlight\\vendor\\laravel\\framework\\src\\Illuminate\\Pipeline\\Pipeline.php(163): Fideloper\\Proxy\\TrustProxies->handle(Object(Illuminate\\Http\\Request), Object(Closure))
#59 C:\\xampp\\htdocs\\Laravel Projects\\tlight\\vendor\\laravel\\framework\\src\\Illuminate\\Routing\\Pipeline.php(53): Illuminate\\Pipeline\\Pipeline->Illuminate\\Pipeline\\{closure}(Object(Illuminate\\Http\\Request))
#60 C:\\xampp\\htdocs\\Laravel Projects\\tlight\\vendor\\laravel\\framework\\src\\Illuminate\\Foundation\\Http\\Middleware\\TransformsRequest.php(21): Illuminate\\Routing\\Pipeline->Illuminate\\Routing\\{closure}(Object(Illuminate\\Http\\Request))
#61 C:\\xampp\\htdocs\\Laravel Projects\\tlight\\vendor\\laravel\\framework\\src\\Illuminate\\Pipeline\\Pipeline.php(163): Illuminate\\Foundation\\Http\\Middleware\\TransformsRequest->handle(Object(Illuminate\\Http\\Request), Object(Closure))
#62 C:\\xampp\\htdocs\\Laravel Projects\\tlight\\vendor\\laravel\\framework\\src\\Illuminate\\Routing\\Pipeline.php(53): Illuminate\\Pipeline\\Pipeline->Illuminate\\Pipeline\\{closure}(Object(Illuminate\\Http\\Request))
#63 C:\\xampp\\htdocs\\Laravel Projects\\tlight\\vendor\\laravel\\framework\\src\\Illuminate\\Foundation\\Http\\Middleware\\TransformsRequest.php(21): Illuminate\\Routing\\Pipeline->Illuminate\\Routing\\{closure}(Object(Illuminate\\Http\\Request))
#64 C:\\xampp\\htdocs\\Laravel Projects\\tlight\\vendor\\laravel\\framework\\src\\Illuminate\\Pipeline\\Pipeline.php(163): Illuminate\\Foundation\\Http\\Middleware\\TransformsRequest->handle(Object(Illuminate\\Http\\Request), Object(Closure))
#65 C:\\xampp\\htdocs\\Laravel Projects\\tlight\\vendor\\laravel\\framework\\src\\Illuminate\\Routing\\Pipeline.php(53): Illuminate\\Pipeline\\Pipeline->Illuminate\\Pipeline\\{closure}(Object(Illuminate\\Http\\Request))
#66 C:\\xampp\\htdocs\\Laravel Projects\\tlight\\vendor\\laravel\\framework\\src\\Illuminate\\Foundation\\Http\\Middleware\\ValidatePostSize.php(27): Illuminate\\Routing\\Pipeline->Illuminate\\Routing\\{closure}(Object(Illuminate\\Http\\Request))
#67 C:\\xampp\\htdocs\\Laravel Projects\\tlight\\vendor\\laravel\\framework\\src\\Illuminate\\Pipeline\\Pipeline.php(163): Illuminate\\Foundation\\Http\\Middleware\\ValidatePostSize->handle(Object(Illuminate\\Http\\Request), Object(Closure))
#68 C:\\xampp\\htdocs\\Laravel Projects\\tlight\\vendor\\laravel\\framework\\src\\Illuminate\\Routing\\Pipeline.php(53): Illuminate\\Pipeline\\Pipeline->Illuminate\\Pipeline\\{closure}(Object(Illuminate\\Http\\Request))
#69 C:\\xampp\\htdocs\\Laravel Projects\\tlight\\vendor\\laravel\\framework\\src\\Illuminate\\Foundation\\Http\\Middleware\\CheckForMaintenanceMode.php(62): Illuminate\\Routing\\Pipeline->Illuminate\\Routing\\{closure}(Object(Illuminate\\Http\\Request))
#70 C:\\xampp\\htdocs\\Laravel Projects\\tlight\\vendor\\laravel\\framework\\src\\Illuminate\\Pipeline\\Pipeline.php(163): Illuminate\\Foundation\\Http\\Middleware\\CheckForMaintenanceMode->handle(Object(Illuminate\\Http\\Request), Object(Closure))
#71 C:\\xampp\\htdocs\\Laravel Projects\\tlight\\vendor\\laravel\\framework\\src\\Illuminate\\Routing\\Pipeline.php(53): Illuminate\\Pipeline\\Pipeline->Illuminate\\Pipeline\\{closure}(Object(Illuminate\\Http\\Request))
#72 C:\\xampp\\htdocs\\Laravel Projects\\tlight\\vendor\\laravel\\framework\\src\\Illuminate\\Pipeline\\Pipeline.php(104): Illuminate\\Routing\\Pipeline->Illuminate\\Routing\\{closure}(Object(Illuminate\\Http\\Request))
#73 C:\\xampp\\htdocs\\Laravel Projects\\tlight\\vendor\\laravel\\framework\\src\\Illuminate\\Foundation\\Http\\Kernel.php(151): Illuminate\\Pipeline\\Pipeline->then(Object(Closure))
#74 C:\\xampp\\htdocs\\Laravel Projects\\tlight\\vendor\\laravel\\framework\\src\\Illuminate\\Foundation\\Http\\Kernel.php(116): Illuminate\\Foundation\\Http\\Kernel->sendRequestThroughRouter(Object(Illuminate\\Http\\Request))
#75 C:\\xampp\\htdocs\\Laravel Projects\\tlight\\public\\index.php(55): Illuminate\\Foundation\\Http\\Kernel->handle(Object(Illuminate\\Http\\Request))
#76 C:\\xampp\\htdocs\\Laravel Projects\\tlight\\server.php(21): require_once('C:\\\\xampp\\\\htdocs...')
#77 {main}
"} 
[2020-11-04 09:10:33] local.ERROR: Route [post.index] not defined. {"userId":1,"exception":"[object] (InvalidArgumentException(code: 0): Route [post.index] not defined. at C:\\xampp\\htdocs\\Laravel Projects\\tlight\\vendor\\laravel\\framework\\src\\Illuminate\\Routing\\UrlGenerator.php:388)
[stacktrace]
#0 C:\\xampp\\htdocs\\Laravel Projects\\tlight\\vendor\\laravel\\framework\\src\\Illuminate\\Foundation\\helpers.php(782): Illuminate\\Routing\\UrlGenerator->route('post.index', Array, true)
#1 C:\\xampp\\htdocs\\Laravel Projects\\tlight\\app\\Http\\Controllers\\PostController.php(67): route('post.index')
#2 [internal function]: App\\Http\\Controllers\\PostController->unapprove('3')
#3 C:\\xampp\\htdocs\\Laravel Projects\\tlight\\vendor\\laravel\\framework\\src\\Illuminate\\Routing\\Controller.php(54): call_user_func_array(Array, Array)
#4 C:\\xampp\\htdocs\\Laravel Projects\\tlight\\vendor\\laravel\\framework\\src\\Illuminate\\Routing\\ControllerDispatcher.php(45): Illuminate\\Routing\\Controller->callAction('unapprove', Array)
#5 C:\\xampp\\htdocs\\Laravel Projects\\tlight\\vendor\\laravel\\framework\\src\\Illuminate\\Routing\\Route.php(219): Illuminate\\Routing\\ControllerDispatcher->dispatch(Object(Illuminate\\Routing\\Route), Object(App\\Http\\Controllers\\PostController), 'unapprove')
#6 C:\\xampp\\htdocs\\Laravel Projects\\tlight\\vendor\\laravel\\framework\\src\\Illuminate\\Routing\\Route.php(176): Illuminate\\Routing\\Route->runController()
#7 C:\\xampp\\htdocs\\Laravel Projects\\tlight\\vendor\\laravel\\framework\\src\\Illuminate\\Routing\\Router.php(680): Illuminate\\Routing\\Route->run()
#8 C:\\xampp\\htdocs\\Laravel Projects\\tlight\\vendor\\laravel\\framework\\src\\Illuminate\\Routing\\Pipeline.php(30): Illuminate\\Routing\\Router->Illuminate\\Routing\\{closure}(Object(Illuminate\\Http\\Request))
#9 C:\\xampp\\htdocs\\Laravel Projects\\tlight\\app\\Http\\Middleware\\SwitchUser.php(22): Illuminate\\Routing\\Pipeline->Illuminate\\Routing\\{closure}(Object(Illuminate\\Http\\Request))
#10 C:\\xampp\\htdocs\\Laravel Projects\\tlight\\vendor\\laravel\\framework\\src\\Illuminate\\Pipeline\\Pipeline.php(163): App\\Http\\Middleware\\SwitchUser->handle(Object(Illuminate\\Http\\Request), Object(Closure))
#11 C:\\xampp\\htdocs\\Laravel Projects\\tlight\\vendor\\laravel\\framework\\src\\Illuminate\\Routing\\Pipeline.php(53): Illuminate\\Pipeline\\Pipeline->Illuminate\\Pipeline\\{closure}(Object(Illuminate\\Http\\Request))
#12 C:\\xampp\\htdocs\\Laravel Projects\\tlight\\vendor\\laravel\\framework\\src\\Illuminate\\Auth\\Middleware\\EnsureEmailIsVerified.php(29): Illuminate\\Routing\\Pipeline->Illuminate\\Routing\\{closure}(Object(Illuminate\\Http\\Request))
#13 C:\\xampp\\htdocs\\Laravel Projects\\tlight\\vendor\\laravel\\framework\\src\\Illuminate\\Pipeline\\Pipeline.php(163): Illuminate\\Auth\\Middleware\\EnsureEmailIsVerified->handle(Object(Illuminate\\Http\\Request), Object(Closure))
#14 C:\\xampp\\htdocs\\Laravel Projects\\tlight\\vendor\\laravel\\framework\\src\\Illuminate\\Routing\\Pipeline.php(53): Illuminate\\Pipeline\\Pipeline->Illuminate\\Pipeline\\{closure}(Object(Illuminate\\Http\\Request))
#15 C:\\xampp\\htdocs\\Laravel Projects\\tlight\\vendor\\laravel\\framework\\src\\Illuminate\\Routing\\Middleware\\SubstituteBindings.php(41): Illuminate\\Routing\\Pipeline->Illuminate\\Routing\\{closure}(Object(Illuminate\\Http\\Request))
#16 C:\\xampp\\htdocs\\Laravel Projects\\tlight\\vendor\\laravel\\framework\\src\\Illuminate\\Pipeline\\Pipeline.php(163): Illuminate\\Routing\\Middleware\\SubstituteBindings->handle(Object(Illuminate\\Http\\Request), Object(Closure))
#17 C:\\xampp\\htdocs\\Laravel Projects\\tlight\\vendor\\laravel\\framework\\src\\Illuminate\\Routing\\Pipeline.php(53): Illuminate\\Pipeline\\Pipeline->Illuminate\\Pipeline\\{closure}(Object(Illuminate\\Http\\Request))
#18 C:\\xampp\\htdocs\\Laravel Projects\\tlight\\vendor\\laravel\\framework\\src\\Illuminate\\Auth\\Middleware\\Authenticate.php(43): Illuminate\\Routing\\Pipeline->Illuminate\\Routing\\{closure}(Object(Illuminate\\Http\\Request))
#19 C:\\xampp\\htdocs\\Laravel Projects\\tlight\\vendor\\laravel\\framework\\src\\Illuminate\\Pipeline\\Pipeline.php(163): Illuminate\\Auth\\Middleware\\Authenticate->handle(Object(Illuminate\\Http\\Request), Object(Closure))
#20 C:\\xampp\\htdocs\\Laravel Projects\\tlight\\vendor\\laravel\\framework\\src\\Illuminate\\Routing\\Pipeline.php(53): Illuminate\\Pipeline\\Pipeline->Illuminate\\Pipeline\\{closure}(Object(Illuminate\\Http\\Request))
#21 C:\\xampp\\htdocs\\Laravel Projects\\tlight\\vendor\\laravel\\framework\\src\\Illuminate\\Foundation\\Http\\Middleware\\VerifyCsrfToken.php(75): Illuminate\\Routing\\Pipeline->Illuminate\\Routing\\{closure}(Object(Illuminate\\Http\\Request))
#22 C:\\xampp\\htdocs\\Laravel Projects\\tlight\\vendor\\laravel\\framework\\src\\Illuminate\\Pipeline\\Pipeline.php(163): Illuminate\\Foundation\\Http\\Middleware\\VerifyCsrfToken->handle(Object(Illuminate\\Http\\Request), Object(Closure))
#23 C:\\xampp\\htdocs\\Laravel Projects\\tlight\\vendor\\laravel\\framework\\src\\Illuminate\\Routing\\Pipeline.php(53): Illuminate\\Pipeline\\Pipeline->Illuminate\\Pipeline\\{closure}(Object(Illuminate\\Http\\Request))
#24 C:\\xampp\\htdocs\\Laravel Projects\\tlight\\vendor\\laravel\\framework\\src\\Illuminate\\View\\Middleware\\ShareErrorsFromSession.php(49): Illuminate\\Routing\\Pipeline->Illuminate\\Routing\\{closure}(Object(Illuminate\\Http\\Request))
#25 C:\\xampp\\htdocs\\Laravel Projects\\tlight\\vendor\\laravel\\framework\\src\\Illuminate\\Pipeline\\Pipeline.php(163): Illuminate\\View\\Middleware\\ShareErrorsFromSession->handle(Object(Illuminate\\Http\\Request), Object(Closure))
#26 C:\\xampp\\htdocs\\Laravel Projects\\tlight\\vendor\\laravel\\framework\\src\\Illuminate\\Routing\\Pipeline.php(53): Illuminate\\Pipeline\\Pipeline->Illuminate\\Pipeline\\{closure}(Object(Illuminate\\Http\\Request))
#27 C:\\xampp\\htdocs\\Laravel Projects\\tlight\\vendor\\laravel\\framework\\src\\Illuminate\\Session\\Middleware\\StartSession.php(56): Illuminate\\Routing\\Pipeline->Illuminate\\Routing\\{closure}(Object(Illuminate\\Http\\Request))
#28 C:\\xampp\\htdocs\\Laravel Projects\\tlight\\vendor\\laravel\\framework\\src\\Illuminate\\Pipeline\\Pipeline.php(163): Illuminate\\Session\\Middleware\\StartSession->handle(Object(Illuminate\\Http\\Request), Object(Closure))
#29 C:\\xampp\\htdocs\\Laravel Projects\\tlight\\vendor\\laravel\\framework\\src\\Illuminate\\Routing\\Pipeline.php(53): Illuminate\\Pipeline\\Pipeline->Illuminate\\Pipeline\\{closure}(Object(Illuminate\\Http\\Request))
#30 C:\\xampp\\htdocs\\Laravel Projects\\tlight\\vendor\\laravel\\framework\\src\\Illuminate\\Cookie\\Middleware\\AddQueuedCookiesToResponse.php(37): Illuminate\\Routing\\Pipeline->Illuminate\\Routing\\{closure}(Object(Illuminate\\Http\\Request))
#31 C:\\xampp\\htdocs\\Laravel Projects\\tlight\\vendor\\laravel\\framework\\src\\Illuminate\\Pipeline\\Pipeline.php(163): Illuminate\\Cookie\\Middleware\\AddQueuedCookiesToResponse->handle(Object(Illuminate\\Http\\Request), Object(Closure))
#32 C:\\xampp\\htdocs\\Laravel Projects\\tlight\\vendor\\laravel\\framework\\src\\Illuminate\\Routing\\Pipeline.php(53): Illuminate\\Pipeline\\Pipeline->Illuminate\\Pipeline\\{closure}(Object(Illuminate\\Http\\Request))
#33 C:\\xampp\\htdocs\\Laravel Projects\\tlight\\vendor\\laravel\\framework\\src\\Illuminate\\Cookie\\Middleware\\EncryptCookies.php(66): Illuminate\\Routing\\Pipeline->Illuminate\\Routing\\{closure}(Object(Illuminate\\Http\\Request))
#34 C:\\xampp\\htdocs\\Laravel Projects\\tlight\\vendor\\laravel\\framework\\src\\Illuminate\\Pipeline\\Pipeline.php(163): Illuminate\\Cookie\\Middleware\\EncryptCookies->handle(Object(Illuminate\\Http\\Request), Object(Closure))
#35 C:\\xampp\\htdocs\\Laravel Projects\\tlight\\vendor\\laravel\\framework\\src\\Illuminate\\Routing\\Pipeline.php(53): Illuminate\\Pipeline\\Pipeline->Illuminate\\Pipeline\\{closure}(Object(Illuminate\\Http\\Request))
#36 C:\\xampp\\htdocs\\Laravel Projects\\tlight\\vendor\\laravel\\framework\\src\\Illuminate\\Pipeline\\Pipeline.php(104): Illuminate\\Routing\\Pipeline->Illuminate\\Routing\\{closure}(Object(Illuminate\\Http\\Request))
#37 C:\\xampp\\htdocs\\Laravel Projects\\tlight\\vendor\\laravel\\framework\\src\\Illuminate\\Routing\\Router.php(682): Illuminate\\Pipeline\\Pipeline->then(Object(Closure))
#38 C:\\xampp\\htdocs\\Laravel Projects\\tlight\\vendor\\laravel\\framework\\src\\Illuminate\\Routing\\Router.php(657): Illuminate\\Routing\\Router->runRouteWithinStack(Object(Illuminate\\Routing\\Route), Object(Illuminate\\Http\\Request))
#39 C:\\xampp\\htdocs\\Laravel Projects\\tlight\\vendor\\laravel\\framework\\src\\Illuminate\\Routing\\Router.php(623): Illuminate\\Routing\\Router->runRoute(Object(Illuminate\\Http\\Request), Object(Illuminate\\Routing\\Route))
#40 C:\\xampp\\htdocs\\Laravel Projects\\tlight\\vendor\\laravel\\framework\\src\\Illuminate\\Routing\\Router.php(612): Illuminate\\Routing\\Router->dispatchToRoute(Object(Illuminate\\Http\\Request))
#41 C:\\xampp\\htdocs\\Laravel Projects\\tlight\\vendor\\laravel\\framework\\src\\Illuminate\\Foundation\\Http\\Kernel.php(176): Illuminate\\Routing\\Router->dispatch(Object(Illuminate\\Http\\Request))
#42 C:\\xampp\\htdocs\\Laravel Projects\\tlight\\vendor\\laravel\\framework\\src\\Illuminate\\Routing\\Pipeline.php(30): Illuminate\\Foundation\\Http\\Kernel->Illuminate\\Foundation\\Http\\{closure}(Object(Illuminate\\Http\\Request))
#43 C:\\xampp\\htdocs\\Laravel Projects\\tlight\\vendor\\fideloper\\proxy\\src\\TrustProxies.php(57): Illuminate\\Routing\\Pipeline->Illuminate\\Routing\\{closure}(Object(Illuminate\\Http\\Request))
#44 C:\\xampp\\htdocs\\Laravel Projects\\tlight\\vendor\\laravel\\framework\\src\\Illuminate\\Pipeline\\Pipeline.php(163): Fideloper\\Proxy\\TrustProxies->handle(Object(Illuminate\\Http\\Request), Object(Closure))
#45 C:\\xampp\\htdocs\\Laravel Projects\\tlight\\vendor\\laravel\\framework\\src\\Illuminate\\Routing\\Pipeline.php(53): Illuminate\\Pipeline\\Pipeline->Illuminate\\Pipeline\\{closure}(Object(Illuminate\\Http\\Request))
#46 C:\\xampp\\htdocs\\Laravel Projects\\tlight\\vendor\\laravel\\framework\\src\\Illuminate\\Foundation\\Http\\Middleware\\TransformsRequest.php(21): Illuminate\\Routing\\Pipeline->Illuminate\\Routing\\{closure}(Object(Illuminate\\Http\\Request))
#47 C:\\xampp\\htdocs\\Laravel Projects\\tlight\\vendor\\laravel\\framework\\src\\Illuminate\\Pipeline\\Pipeline.php(163): Illuminate\\Foundation\\Http\\Middleware\\TransformsRequest->handle(Object(Illuminate\\Http\\Request), Object(Closure))
#48 C:\\xampp\\htdocs\\Laravel Projects\\tlight\\vendor\\laravel\\framework\\src\\Illuminate\\Routing\\Pipeline.php(53): Illuminate\\Pipeline\\Pipeline->Illuminate\\Pipeline\\{closure}(Object(Illuminate\\Http\\Request))
#49 C:\\xampp\\htdocs\\Laravel Projects\\tlight\\vendor\\laravel\\framework\\src\\Illuminate\\Foundation\\Http\\Middleware\\TransformsRequest.php(21): Illuminate\\Routing\\Pipeline->Illuminate\\Routing\\{closure}(Object(Illuminate\\Http\\Request))
#50 C:\\xampp\\htdocs\\Laravel Projects\\tlight\\vendor\\laravel\\framework\\src\\Illuminate\\Pipeline\\Pipeline.php(163): Illuminate\\Foundation\\Http\\Middleware\\TransformsRequest->handle(Object(Illuminate\\Http\\Request), Object(Closure))
#51 C:\\xampp\\htdocs\\Laravel Projects\\tlight\\vendor\\laravel\\framework\\src\\Illuminate\\Routing\\Pipeline.php(53): Illuminate\\Pipeline\\Pipeline->Illuminate\\Pipeline\\{closure}(Object(Illuminate\\Http\\Request))
#52 C:\\xampp\\htdocs\\Laravel Projects\\tlight\\vendor\\laravel\\framework\\src\\Illuminate\\Foundation\\Http\\Middleware\\ValidatePostSize.php(27): Illuminate\\Routing\\Pipeline->Illuminate\\Routing\\{closure}(Object(Illuminate\\Http\\Request))
#53 C:\\xampp\\htdocs\\Laravel Projects\\tlight\\vendor\\laravel\\framework\\src\\Illuminate\\Pipeline\\Pipeline.php(163): Illuminate\\Foundation\\Http\\Middleware\\ValidatePostSize->handle(Object(Illuminate\\Http\\Request), Object(Closure))
#54 C:\\xampp\\htdocs\\Laravel Projects\\tlight\\vendor\\laravel\\framework\\src\\Illuminate\\Routing\\Pipeline.php(53): Illuminate\\Pipeline\\Pipeline->Illuminate\\Pipeline\\{closure}(Object(Illuminate\\Http\\Request))
#55 C:\\xampp\\htdocs\\Laravel Projects\\tlight\\vendor\\laravel\\framework\\src\\Illuminate\\Foundation\\Http\\Middleware\\CheckForMaintenanceMode.php(62): Illuminate\\Routing\\Pipeline->Illuminate\\Routing\\{closure}(Object(Illuminate\\Http\\Request))
#56 C:\\xampp\\htdocs\\Laravel Projects\\tlight\\vendor\\laravel\\framework\\src\\Illuminate\\Pipeline\\Pipeline.php(163): Illuminate\\Foundation\\Http\\Middleware\\CheckForMaintenanceMode->handle(Object(Illuminate\\Http\\Request), Object(Closure))
#57 C:\\xampp\\htdocs\\Laravel Projects\\tlight\\vendor\\laravel\\framework\\src\\Illuminate\\Routing\\Pipeline.php(53): Illuminate\\Pipeline\\Pipeline->Illuminate\\Pipeline\\{closure}(Object(Illuminate\\Http\\Request))
#58 C:\\xampp\\htdocs\\Laravel Projects\\tlight\\vendor\\laravel\\framework\\src\\Illuminate\\Pipeline\\Pipeline.php(104): Illuminate\\Routing\\Pipeline->Illuminate\\Routing\\{closure}(Object(Illuminate\\Http\\Request))
#59 C:\\xampp\\htdocs\\Laravel Projects\\tlight\\vendor\\laravel\\framework\\src\\Illuminate\\Foundation\\Http\\Kernel.php(151): Illuminate\\Pipeline\\Pipeline->then(Object(Closure))
#60 C:\\xampp\\htdocs\\Laravel Projects\\tlight\\vendor\\laravel\\framework\\src\\Illuminate\\Foundation\\Http\\Kernel.php(116): Illuminate\\Foundation\\Http\\Kernel->sendRequestThroughRouter(Object(Illuminate\\Http\\Request))
#61 C:\\xampp\\htdocs\\Laravel Projects\\tlight\\public\\index.php(55): Illuminate\\Foundation\\Http\\Kernel->handle(Object(Illuminate\\Http\\Request))
#62 C:\\xampp\\htdocs\\Laravel Projects\\tlight\\server.php(21): require_once('C:\\\\xampp\\\\htdocs...')
#63 {main}
"} 
[2020-11-04 09:13:54] local.ERROR: Undefined variable: i (View: C:\xampp\htdocs\Laravel Projects\tlight\resources\views\admin\posts\trashed.blade.php) {"userId":1,"exception":"[object] (ErrorException(code: 0): Undefined variable: i (View: C:\\xampp\\htdocs\\Laravel Projects\\tlight\esources\\views\\admin\\posts\\trashed.blade.php) at C:\\xampp\\htdocs\\Laravel Projects\\tlight\\storage\\framework\\views\\eddbd08ec55c0945606a67805f119d253c45f153.php:43, ErrorException(code: 0): Undefined variable: i at C:\\xampp\\htdocs\\Laravel Projects\\tlight\\storage\\framework\\views\\eddbd08ec55c0945606a67805f119d253c45f153.php:43)
[stacktrace]
#0 C:\\xampp\\htdocs\\Laravel Projects\\tlight\\vendor\\laravel\\framework\\src\\Illuminate\\View\\Engines\\PhpEngine.php(45): Illuminate\\View\\Engines\\CompilerEngine->handleViewException(Object(ErrorException), 1)
#1 C:\\xampp\\htdocs\\Laravel Projects\\tlight\\vendor\\laravel\\framework\\src\\Illuminate\\View\\Engines\\CompilerEngine.php(59): Illuminate\\View\\Engines\\PhpEngine->evaluatePath('C:\\\\xampp\\\\htdocs...', Array)
#2 C:\\xampp\\htdocs\\Laravel Projects\\tlight\\vendor\\laravel\\framework\\src\\Illuminate\\View\\View.php(142): Illuminate\\View\\Engines\\CompilerEngine->get('C:\\\\xampp\\\\htdocs...', Array)
#3 C:\\xampp\\htdocs\\Laravel Projects\\tlight\\vendor\\laravel\\framework\\src\\Illuminate\\View\\View.php(125): Illuminate\\View\\View->getContents()
#4 C:\\xampp\\htdocs\\Laravel Projects\\tlight\\vendor\\laravel\\framework\\src\\Illuminate\\View\\View.php(90): Illuminate\\View\\View->renderContents()
#5 C:\\xampp\\htdocs\\Laravel Projects\\tlight\\vendor\\laravel\\framework\\src\\Illuminate\\Http\\Response.php(42): Illuminate\\View\\View->render()
#6 C:\\xampp\\htdocs\\Laravel Projects\\tlight\\vendor\\symfony\\http-foundation\\Response.php(205): Illuminate\\Http\\Response->setContent(Object(Illuminate\\View\\View))
#7 C:\\xampp\\htdocs\\Laravel Projects\\tlight\\vendor\\laravel\\framework\\src\\Illuminate\\Routing\\Router.php(748): Symfony\\Component\\HttpFoundation\\Response->__construct(Object(Illuminate\\View\\View))
#8 C:\\xampp\\htdocs\\Laravel Projects\\tlight\\vendor\\laravel\\framework\\src\\Illuminate\\Routing\\Router.php(720): Illuminate\\Routing\\Router::toResponse(Object(Illuminate\\Http\\Request), Object(Illuminate\\View\\View))
#9 C:\\xampp\\htdocs\\Laravel Projects\\tlight\\vendor\\laravel\\framework\\src\\Illuminate\\Routing\\Router.php(680): Illuminate\\Routing\\Router->prepareResponse(Object(Illuminate\\Http\\Request), Object(Illuminate\\View\\View))
#10 C:\\xampp\\htdocs\\Laravel Projects\\tlight\\vendor\\laravel\\framework\\src\\Illuminate\\Routing\\Pipeline.php(30): Illuminate\\Routing\\Router->Illuminate\\Routing\\{closure}(Object(Illuminate\\Http\\Request))
#11 C:\\xampp\\htdocs\\Laravel Projects\\tlight\\app\\Http\\Middleware\\SwitchUser.php(22): Illuminate\\Routing\\Pipeline->Illuminate\\Routing\\{closure}(Object(Illuminate\\Http\\Request))
#12 C:\\xampp\\htdocs\\Laravel Projects\\tlight\\vendor\\laravel\\framework\\src\\Illuminate\\Pipeline\\Pipeline.php(163): App\\Http\\Middleware\\SwitchUser->handle(Object(Illuminate\\Http\\Request), Object(Closure))
#13 C:\\xampp\\htdocs\\Laravel Projects\\tlight\\vendor\\laravel\\framework\\src\\Illuminate\\Routing\\Pipeline.php(53): Illuminate\\Pipeline\\Pipeline->Illuminate\\Pipeline\\{closure}(Object(Illuminate\\Http\\Request))
#14 C:\\xampp\\htdocs\\Laravel Projects\\tlight\\vendor\\laravel\\framework\\src\\Illuminate\\Auth\\Middleware\\EnsureEmailIsVerified.php(29): Illuminate\\Routing\\Pipeline->Illuminate\\Routing\\{closure}(Object(Illuminate\\Http\\Request))
#15 C:\\xampp\\htdocs\\Laravel Projects\\tlight\\vendor\\laravel\\framework\\src\\Illuminate\\Pipeline\\Pipeline.php(163): Illuminate\\Auth\\Middleware\\EnsureEmailIsVerified->handle(Object(Illuminate\\Http\\Request), Object(Closure))
#16 C:\\xampp\\htdocs\\Laravel Projects\\tlight\\vendor\\laravel\\framework\\src\\Illuminate\\Routing\\Pipeline.php(53): Illuminate\\Pipeline\\Pipeline->Illuminate\\Pipeline\\{closure}(Object(Illuminate\\Http\\Request))
#17 C:\\xampp\\htdocs\\Laravel Projects\\tlight\\vendor\\laravel\\framework\\src\\Illuminate\\Routing\\Middleware\\SubstituteBindings.php(41): Illuminate\\Routing\\Pipeline->Illuminate\\Routing\\{closure}(Object(Illuminate\\Http\\Request))
#18 C:\\xampp\\htdocs\\Laravel Projects\\tlight\\vendor\\laravel\\framework\\src\\Illuminate\\Pipeline\\Pipeline.php(163): Illuminate\\Routing\\Middleware\\SubstituteBindings->handle(Object(Illuminate\\Http\\Request), Object(Closure))
#19 C:\\xampp\\htdocs\\Laravel Projects\\tlight\\vendor\\laravel\\framework\\src\\Illuminate\\Routing\\Pipeline.php(53): Illuminate\\Pipeline\\Pipeline->Illuminate\\Pipeline\\{closure}(Object(Illuminate\\Http\\Request))
#20 C:\\xampp\\htdocs\\Laravel Projects\\tlight\\vendor\\laravel\\framework\\src\\Illuminate\\Auth\\Middleware\\Authenticate.php(43): Illuminate\\Routing\\Pipeline->Illuminate\\Routing\\{closure}(Object(Illuminate\\Http\\Request))
#21 C:\\xampp\\htdocs\\Laravel Projects\\tlight\\vendor\\laravel\\framework\\src\\Illuminate\\Pipeline\\Pipeline.php(163): Illuminate\\Auth\\Middleware\\Authenticate->handle(Object(Illuminate\\Http\\Request), Object(Closure))
#22 C:\\xampp\\htdocs\\Laravel Projects\\tlight\\vendor\\laravel\\framework\\src\\Illuminate\\Routing\\Pipeline.php(53): Illuminate\\Pipeline\\Pipeline->Illuminate\\Pipeline\\{closure}(Object(Illuminate\\Http\\Request))
#23 C:\\xampp\\htdocs\\Laravel Projects\\tlight\\vendor\\laravel\\framework\\src\\Illuminate\\Foundation\\Http\\Middleware\\VerifyCsrfToken.php(75): Illuminate\\Routing\\Pipeline->Illuminate\\Routing\\{closure}(Object(Illuminate\\Http\\Request))
#24 C:\\xampp\\htdocs\\Laravel Projects\\tlight\\vendor\\laravel\\framework\\src\\Illuminate\\Pipeline\\Pipeline.php(163): Illuminate\\Foundation\\Http\\Middleware\\VerifyCsrfToken->handle(Object(Illuminate\\Http\\Request), Object(Closure))
#25 C:\\xampp\\htdocs\\Laravel Projects\\tlight\\vendor\\laravel\\framework\\src\\Illuminate\\Routing\\Pipeline.php(53): Illuminate\\Pipeline\\Pipeline->Illuminate\\Pipeline\\{closure}(Object(Illuminate\\Http\\Request))
#26 C:\\xampp\\htdocs\\Laravel Projects\\tlight\\vendor\\laravel\\framework\\src\\Illuminate\\View\\Middleware\\ShareErrorsFromSession.php(49): Illuminate\\Routing\\Pipeline->Illuminate\\Routing\\{closure}(Object(Illuminate\\Http\\Request))
#27 C:\\xampp\\htdocs\\Laravel Projects\\tlight\\vendor\\laravel\\framework\\src\\Illuminate\\Pipeline\\Pipeline.php(163): Illuminate\\View\\Middleware\\ShareErrorsFromSession->handle(Object(Illuminate\\Http\\Request), Object(Closure))
#28 C:\\xampp\\htdocs\\Laravel Projects\\tlight\\vendor\\laravel\\framework\\src\\Illuminate\\Routing\\Pipeline.php(53): Illuminate\\Pipeline\\Pipeline->Illuminate\\Pipeline\\{closure}(Object(Illuminate\\Http\\Request))
#29 C:\\xampp\\htdocs\\Laravel Projects\\tlight\\vendor\\laravel\\framework\\src\\Illuminate\\Session\\Middleware\\StartSession.php(56): Illuminate\\Routing\\Pipeline->Illuminate\\Routing\\{closure}(Object(Illuminate\\Http\\Request))
#30 C:\\xampp\\htdocs\\Laravel Projects\\tlight\\vendor\\laravel\\framework\\src\\Illuminate\\Pipeline\\Pipeline.php(163): Illuminate\\Session\\Middleware\\StartSession->handle(Object(Illuminate\\Http\\Request), Object(Closure))
#31 C:\\xampp\\htdocs\\Laravel Projects\\tlight\\vendor\\laravel\\framework\\src\\Illuminate\\Routing\\Pipeline.php(53): Illuminate\\Pipeline\\Pipeline->Illuminate\\Pipeline\\{closure}(Object(Illuminate\\Http\\Request))
#32 C:\\xampp\\htdocs\\Laravel Projects\\tlight\\vendor\\laravel\\framework\\src\\Illuminate\\Cookie\\Middleware\\AddQueuedCookiesToResponse.php(37): Illuminate\\Routing\\Pipeline->Illuminate\\Routing\\{closure}(Object(Illuminate\\Http\\Request))
#33 C:\\xampp\\htdocs\\Laravel Projects\\tlight\\vendor\\laravel\\framework\\src\\Illuminate\\Pipeline\\Pipeline.php(163): Illuminate\\Cookie\\Middleware\\AddQueuedCookiesToResponse->handle(Object(Illuminate\\Http\\Request), Object(Closure))
#34 C:\\xampp\\htdocs\\Laravel Projects\\tlight\\vendor\\laravel\\framework\\src\\Illuminate\\Routing\\Pipeline.php(53): Illuminate\\Pipeline\\Pipeline->Illuminate\\Pipeline\\{closure}(Object(Illuminate\\Http\\Request))
#35 C:\\xampp\\htdocs\\Laravel Projects\\tlight\\vendor\\laravel\\framework\\src\\Illuminate\\Cookie\\Middleware\\EncryptCookies.php(66): Illuminate\\Routing\\Pipeline->Illuminate\\Routing\\{closure}(Object(Illuminate\\Http\\Request))
#36 C:\\xampp\\htdocs\\Laravel Projects\\tlight\\vendor\\laravel\\framework\\src\\Illuminate\\Pipeline\\Pipeline.php(163): Illuminate\\Cookie\\Middleware\\EncryptCookies->handle(Object(Illuminate\\Http\\Request), Object(Closure))
#37 C:\\xampp\\htdocs\\Laravel Projects\\tlight\\vendor\\laravel\\framework\\src\\Illuminate\\Routing\\Pipeline.php(53): Illuminate\\Pipeline\\Pipeline->Illuminate\\Pipeline\\{closure}(Object(Illuminate\\Http\\Request))
#38 C:\\xampp\\htdocs\\Laravel Projects\\tlight\\vendor\\laravel\\framework\\src\\Illuminate\\Pipeline\\Pipeline.php(104): Illuminate\\Routing\\Pipeline->Illuminate\\Routing\\{closure}(Object(Illuminate\\Http\\Request))
#39 C:\\xampp\\htdocs\\Laravel Projects\\tlight\\vendor\\laravel\\framework\\src\\Illuminate\\Routing\\Router.php(682): Illuminate\\Pipeline\\Pipeline->then(Object(Closure))
#40 C:\\xampp\\htdocs\\Laravel Projects\\tlight\\vendor\\laravel\\framework\\src\\Illuminate\\Routing\\Router.php(657): Illuminate\\Routing\\Router->runRouteWithinStack(Object(Illuminate\\Routing\\Route), Object(Illuminate\\Http\\Request))
#41 C:\\xampp\\htdocs\\Laravel Projects\\tlight\\vendor\\laravel\\framework\\src\\Illuminate\\Routing\\Router.php(623): Illuminate\\Routing\\Router->runRoute(Object(Illuminate\\Http\\Request), Object(Illuminate\\Routing\\Route))
#42 C:\\xampp\\htdocs\\Laravel Projects\\tlight\\vendor\\laravel\\framework\\src\\Illuminate\\Routing\\Router.php(612): Illuminate\\Routing\\Router->dispatchToRoute(Object(Illuminate\\Http\\Request))
#43 C:\\xampp\\htdocs\\Laravel Projects\\tlight\\vendor\\laravel\\framework\\src\\Illuminate\\Foundation\\Http\\Kernel.php(176): Illuminate\\Routing\\Router->dispatch(Object(Illuminate\\Http\\Request))
#44 C:\\xampp\\htdocs\\Laravel Projects\\tlight\\vendor\\laravel\\framework\\src\\Illuminate\\Routing\\Pipeline.php(30): Illuminate\\Foundation\\Http\\Kernel->Illuminate\\Foundation\\Http\\{closure}(Object(Illuminate\\Http\\Request))
#45 C:\\xampp\\htdocs\\Laravel Projects\\tlight\\vendor\\fideloper\\proxy\\src\\TrustProxies.php(57): Illuminate\\Routing\\Pipeline->Illuminate\\Routing\\{closure}(Object(Illuminate\\Http\\Request))
#46 C:\\xampp\\htdocs\\Laravel Projects\\tlight\\vendor\\laravel\\framework\\src\\Illuminate\\Pipeline\\Pipeline.php(163): Fideloper\\Proxy\\TrustProxies->handle(Object(Illuminate\\Http\\Request), Object(Closure))
#47 C:\\xampp\\htdocs\\Laravel Projects\\tlight\\vendor\\laravel\\framework\\src\\Illuminate\\Routing\\Pipeline.php(53): Illuminate\\Pipeline\\Pipeline->Illuminate\\Pipeline\\{closure}(Object(Illuminate\\Http\\Request))
#48 C:\\xampp\\htdocs\\Laravel Projects\\tlight\\vendor\\laravel\\framework\\src\\Illuminate\\Foundation\\Http\\Middleware\\TransformsRequest.php(21): Illuminate\\Routing\\Pipeline->Illuminate\\Routing\\{closure}(Object(Illuminate\\Http\\Request))
#49 C:\\xampp\\htdocs\\Laravel Projects\\tlight\\vendor\\laravel\\framework\\src\\Illuminate\\Pipeline\\Pipeline.php(163): Illuminate\\Foundation\\Http\\Middleware\\TransformsRequest->handle(Object(Illuminate\\Http\\Request), Object(Closure))
#50 C:\\xampp\\htdocs\\Laravel Projects\\tlight\\vendor\\laravel\\framework\\src\\Illuminate\\Routing\\Pipeline.php(53): Illuminate\\Pipeline\\Pipeline->Illuminate\\Pipeline\\{closure}(Object(Illuminate\\Http\\Request))
#51 C:\\xampp\\htdocs\\Laravel Projects\\tlight\\vendor\\laravel\\framework\\src\\Illuminate\\Foundation\\Http\\Middleware\\TransformsRequest.php(21): Illuminate\\Routing\\Pipeline->Illuminate\\Routing\\{closure}(Object(Illuminate\\Http\\Request))
#52 C:\\xampp\\htdocs\\Laravel Projects\\tlight\\vendor\\laravel\\framework\\src\\Illuminate\\Pipeline\\Pipeline.php(163): Illuminate\\Foundation\\Http\\Middleware\\TransformsRequest->handle(Object(Illuminate\\Http\\Request), Object(Closure))
#53 C:\\xampp\\htdocs\\Laravel Projects\\tlight\\vendor\\laravel\\framework\\src\\Illuminate\\Routing\\Pipeline.php(53): Illuminate\\Pipeline\\Pipeline->Illuminate\\Pipeline\\{closure}(Object(Illuminate\\Http\\Request))
#54 C:\\xampp\\htdocs\\Laravel Projects\\tlight\\vendor\\laravel\\framework\\src\\Illuminate\\Foundation\\Http\\Middleware\\ValidatePostSize.php(27): Illuminate\\Routing\\Pipeline->Illuminate\\Routing\\{closure}(Object(Illuminate\\Http\\Request))
#55 C:\\xampp\\htdocs\\Laravel Projects\\tlight\\vendor\\laravel\\framework\\src\\Illuminate\\Pipeline\\Pipeline.php(163): Illuminate\\Foundation\\Http\\Middleware\\ValidatePostSize->handle(Object(Illuminate\\Http\\Request), Object(Closure))
#56 C:\\xampp\\htdocs\\Laravel Projects\\tlight\\vendor\\laravel\\framework\\src\\Illuminate\\Routing\\Pipeline.php(53): Illuminate\\Pipeline\\Pipeline->Illuminate\\Pipeline\\{closure}(Object(Illuminate\\Http\\Request))
#57 C:\\xampp\\htdocs\\Laravel Projects\\tlight\\vendor\\laravel\\framework\\src\\Illuminate\\Foundation\\Http\\Middleware\\CheckForMaintenanceMode.php(62): Illuminate\\Routing\\Pipeline->Illuminate\\Routing\\{closure}(Object(Illuminate\\Http\\Request))
#58 C:\\xampp\\htdocs\\Laravel Projects\\tlight\\vendor\\laravel\\framework\\src\\Illuminate\\Pipeline\\Pipeline.php(163): Illuminate\\Foundation\\Http\\Middleware\\CheckForMaintenanceMode->handle(Object(Illuminate\\Http\\Request), Object(Closure))
#59 C:\\xampp\\htdocs\\Laravel Projects\\tlight\\vendor\\laravel\\framework\\src\\Illuminate\\Routing\\Pipeline.php(53): Illuminate\\Pipeline\\Pipeline->Illuminate\\Pipeline\\{closure}(Object(Illuminate\\Http\\Request))
#60 C:\\xampp\\htdocs\\Laravel Projects\\tlight\\vendor\\laravel\\framework\\src\\Illuminate\\Pipeline\\Pipeline.php(104): Illuminate\\Routing\\Pipeline->Illuminate\\Routing\\{closure}(Object(Illuminate\\Http\\Request))
#61 C:\\xampp\\htdocs\\Laravel Projects\\tlight\\vendor\\laravel\\framework\\src\\Illuminate\\Foundation\\Http\\Kernel.php(151): Illuminate\\Pipeline\\Pipeline->then(Object(Closure))
#62 C:\\xampp\\htdocs\\Laravel Projects\\tlight\\vendor\\laravel\\framework\\src\\Illuminate\\Foundation\\Http\\Kernel.php(116): Illuminate\\Foundation\\Http\\Kernel->sendRequestThroughRouter(Object(Illuminate\\Http\\Request))
#63 C:\\xampp\\htdocs\\Laravel Projects\\tlight\\public\\index.php(55): Illuminate\\Foundation\\Http\\Kernel->handle(Object(Illuminate\\Http\\Request))
#64 C:\\xampp\\htdocs\\Laravel Projects\\tlight\\server.php(21): require_once('C:\\\\xampp\\\\htdocs...')
#65 {main}
"} 
[2020-11-04 16:07:58] local.ERROR: Undefined variable: i (View: C:\xampp\htdocs\Laravel Projects\tlight\resources\views\admin\posts\trashed.blade.php) {"userId":1,"exception":"[object] (ErrorException(code: 0): Undefined variable: i (View: C:\\xampp\\htdocs\\Laravel Projects\\tlight\esources\\views\\admin\\posts\\trashed.blade.php) at C:\\xampp\\htdocs\\Laravel Projects\\tlight\\storage\\framework\\views\\eddbd08ec55c0945606a67805f119d253c45f153.php:43, ErrorException(code: 0): Undefined variable: i at C:\\xampp\\htdocs\\Laravel Projects\\tlight\\storage\\framework\\views\\eddbd08ec55c0945606a67805f119d253c45f153.php:43)
[stacktrace]
#0 C:\\xampp\\htdocs\\Laravel Projects\\tlight\\vendor\\laravel\\framework\\src\\Illuminate\\View\\Engines\\PhpEngine.php(45): Illuminate\\View\\Engines\\CompilerEngine->handleViewException(Object(ErrorException), 1)
#1 C:\\xampp\\htdocs\\Laravel Projects\\tlight\\vendor\\laravel\\framework\\src\\Illuminate\\View\\Engines\\CompilerEngine.php(59): Illuminate\\View\\Engines\\PhpEngine->evaluatePath('C:\\\\xampp\\\\htdocs...', Array)
#2 C:\\xampp\\htdocs\\Laravel Projects\\tlight\\vendor\\laravel\\framework\\src\\Illuminate\\View\\View.php(142): Illuminate\\View\\Engines\\CompilerEngine->get('C:\\\\xampp\\\\htdocs...', Array)
#3 C:\\xampp\\htdocs\\Laravel Projects\\tlight\\vendor\\laravel\\framework\\src\\Illuminate\\View\\View.php(125): Illuminate\\View\\View->getContents()
#4 C:\\xampp\\htdocs\\Laravel Projects\\tlight\\vendor\\laravel\\framework\\src\\Illuminate\\View\\View.php(90): Illuminate\\View\\View->renderContents()
#5 C:\\xampp\\htdocs\\Laravel Projects\\tlight\\vendor\\laravel\\framework\\src\\Illuminate\\Http\\Response.php(42): Illuminate\\View\\View->render()
#6 C:\\xampp\\htdocs\\Laravel Projects\\tlight\\vendor\\symfony\\http-foundation\\Response.php(205): Illuminate\\Http\\Response->setContent(Object(Illuminate\\View\\View))
#7 C:\\xampp\\htdocs\\Laravel Projects\\tlight\\vendor\\laravel\\framework\\src\\Illuminate\\Routing\\Router.php(748): Symfony\\Component\\HttpFoundation\\Response->__construct(Object(Illuminate\\View\\View))
#8 C:\\xampp\\htdocs\\Laravel Projects\\tlight\\vendor\\laravel\\framework\\src\\Illuminate\\Routing\\Router.php(720): Illuminate\\Routing\\Router::toResponse(Object(Illuminate\\Http\\Request), Object(Illuminate\\View\\View))
#9 C:\\xampp\\htdocs\\Laravel Projects\\tlight\\vendor\\laravel\\framework\\src\\Illuminate\\Routing\\Router.php(680): Illuminate\\Routing\\Router->prepareResponse(Object(Illuminate\\Http\\Request), Object(Illuminate\\View\\View))
#10 C:\\xampp\\htdocs\\Laravel Projects\\tlight\\vendor\\laravel\\framework\\src\\Illuminate\\Routing\\Pipeline.php(30): Illuminate\\Routing\\Router->Illuminate\\Routing\\{closure}(Object(Illuminate\\Http\\Request))
#11 C:\\xampp\\htdocs\\Laravel Projects\\tlight\\app\\Http\\Middleware\\SwitchUser.php(22): Illuminate\\Routing\\Pipeline->Illuminate\\Routing\\{closure}(Object(Illuminate\\Http\\Request))
#12 C:\\xampp\\htdocs\\Laravel Projects\\tlight\\vendor\\laravel\\framework\\src\\Illuminate\\Pipeline\\Pipeline.php(163): App\\Http\\Middleware\\SwitchUser->handle(Object(Illuminate\\Http\\Request), Object(Closure))
#13 C:\\xampp\\htdocs\\Laravel Projects\\tlight\\vendor\\laravel\\framework\\src\\Illuminate\\Routing\\Pipeline.php(53): Illuminate\\Pipeline\\Pipeline->Illuminate\\Pipeline\\{closure}(Object(Illuminate\\Http\\Request))
#14 C:\\xampp\\htdocs\\Laravel Projects\\tlight\\vendor\\laravel\\framework\\src\\Illuminate\\Auth\\Middleware\\EnsureEmailIsVerified.php(29): Illuminate\\Routing\\Pipeline->Illuminate\\Routing\\{closure}(Object(Illuminate\\Http\\Request))
#15 C:\\xampp\\htdocs\\Laravel Projects\\tlight\\vendor\\laravel\\framework\\src\\Illuminate\\Pipeline\\Pipeline.php(163): Illuminate\\Auth\\Middleware\\EnsureEmailIsVerified->handle(Object(Illuminate\\Http\\Request), Object(Closure))
#16 C:\\xampp\\htdocs\\Laravel Projects\\tlight\\vendor\\laravel\\framework\\src\\Illuminate\\Routing\\Pipeline.php(53): Illuminate\\Pipeline\\Pipeline->Illuminate\\Pipeline\\{closure}(Object(Illuminate\\Http\\Request))
#17 C:\\xampp\\htdocs\\Laravel Projects\\tlight\\vendor\\laravel\\framework\\src\\Illuminate\\Routing\\Middleware\\SubstituteBindings.php(41): Illuminate\\Routing\\Pipeline->Illuminate\\Routing\\{closure}(Object(Illuminate\\Http\\Request))
#18 C:\\xampp\\htdocs\\Laravel Projects\\tlight\\vendor\\laravel\\framework\\src\\Illuminate\\Pipeline\\Pipeline.php(163): Illuminate\\Routing\\Middleware\\SubstituteBindings->handle(Object(Illuminate\\Http\\Request), Object(Closure))
#19 C:\\xampp\\htdocs\\Laravel Projects\\tlight\\vendor\\laravel\\framework\\src\\Illuminate\\Routing\\Pipeline.php(53): Illuminate\\Pipeline\\Pipeline->Illuminate\\Pipeline\\{closure}(Object(Illuminate\\Http\\Request))
#20 C:\\xampp\\htdocs\\Laravel Projects\\tlight\\vendor\\laravel\\framework\\src\\Illuminate\\Auth\\Middleware\\Authenticate.php(43): Illuminate\\Routing\\Pipeline->Illuminate\\Routing\\{closure}(Object(Illuminate\\Http\\Request))
#21 C:\\xampp\\htdocs\\Laravel Projects\\tlight\\vendor\\laravel\\framework\\src\\Illuminate\\Pipeline\\Pipeline.php(163): Illuminate\\Auth\\Middleware\\Authenticate->handle(Object(Illuminate\\Http\\Request), Object(Closure))
#22 C:\\xampp\\htdocs\\Laravel Projects\\tlight\\vendor\\laravel\\framework\\src\\Illuminate\\Routing\\Pipeline.php(53): Illuminate\\Pipeline\\Pipeline->Illuminate\\Pipeline\\{closure}(Object(Illuminate\\Http\\Request))
#23 C:\\xampp\\htdocs\\Laravel Projects\\tlight\\vendor\\laravel\\framework\\src\\Illuminate\\Foundation\\Http\\Middleware\\VerifyCsrfToken.php(75): Illuminate\\Routing\\Pipeline->Illuminate\\Routing\\{closure}(Object(Illuminate\\Http\\Request))
#24 C:\\xampp\\htdocs\\Laravel Projects\\tlight\\vendor\\laravel\\framework\\src\\Illuminate\\Pipeline\\Pipeline.php(163): Illuminate\\Foundation\\Http\\Middleware\\VerifyCsrfToken->handle(Object(Illuminate\\Http\\Request), Object(Closure))
#25 C:\\xampp\\htdocs\\Laravel Projects\\tlight\\vendor\\laravel\\framework\\src\\Illuminate\\Routing\\Pipeline.php(53): Illuminate\\Pipeline\\Pipeline->Illuminate\\Pipeline\\{closure}(Object(Illuminate\\Http\\Request))
#26 C:\\xampp\\htdocs\\Laravel Projects\\tlight\\vendor\\laravel\\framework\\src\\Illuminate\\View\\Middleware\\ShareErrorsFromSession.php(49): Illuminate\\Routing\\Pipeline->Illuminate\\Routing\\{closure}(Object(Illuminate\\Http\\Request))
#27 C:\\xampp\\htdocs\\Laravel Projects\\tlight\\vendor\\laravel\\framework\\src\\Illuminate\\Pipeline\\Pipeline.php(163): Illuminate\\View\\Middleware\\ShareErrorsFromSession->handle(Object(Illuminate\\Http\\Request), Object(Closure))
#28 C:\\xampp\\htdocs\\Laravel Projects\\tlight\\vendor\\laravel\\framework\\src\\Illuminate\\Routing\\Pipeline.php(53): Illuminate\\Pipeline\\Pipeline->Illuminate\\Pipeline\\{closure}(Object(Illuminate\\Http\\Request))
#29 C:\\xampp\\htdocs\\Laravel Projects\\tlight\\vendor\\laravel\\framework\\src\\Illuminate\\Session\\Middleware\\StartSession.php(56): Illuminate\\Routing\\Pipeline->Illuminate\\Routing\\{closure}(Object(Illuminate\\Http\\Request))
#30 C:\\xampp\\htdocs\\Laravel Projects\\tlight\\vendor\\laravel\\framework\\src\\Illuminate\\Pipeline\\Pipeline.php(163): Illuminate\\Session\\Middleware\\StartSession->handle(Object(Illuminate\\Http\\Request), Object(Closure))
#31 C:\\xampp\\htdocs\\Laravel Projects\\tlight\\vendor\\laravel\\framework\\src\\Illuminate\\Routing\\Pipeline.php(53): Illuminate\\Pipeline\\Pipeline->Illuminate\\Pipeline\\{closure}(Object(Illuminate\\Http\\Request))
#32 C:\\xampp\\htdocs\\Laravel Projects\\tlight\\vendor\\laravel\\framework\\src\\Illuminate\\Cookie\\Middleware\\AddQueuedCookiesToResponse.php(37): Illuminate\\Routing\\Pipeline->Illuminate\\Routing\\{closure}(Object(Illuminate\\Http\\Request))
#33 C:\\xampp\\htdocs\\Laravel Projects\\tlight\\vendor\\laravel\\framework\\src\\Illuminate\\Pipeline\\Pipeline.php(163): Illuminate\\Cookie\\Middleware\\AddQueuedCookiesToResponse->handle(Object(Illuminate\\Http\\Request), Object(Closure))
#34 C:\\xampp\\htdocs\\Laravel Projects\\tlight\\vendor\\laravel\\framework\\src\\Illuminate\\Routing\\Pipeline.php(53): Illuminate\\Pipeline\\Pipeline->Illuminate\\Pipeline\\{closure}(Object(Illuminate\\Http\\Request))
#35 C:\\xampp\\htdocs\\Laravel Projects\\tlight\\vendor\\laravel\\framework\\src\\Illuminate\\Cookie\\Middleware\\EncryptCookies.php(66): Illuminate\\Routing\\Pipeline->Illuminate\\Routing\\{closure}(Object(Illuminate\\Http\\Request))
#36 C:\\xampp\\htdocs\\Laravel Projects\\tlight\\vendor\\laravel\\framework\\src\\Illuminate\\Pipeline\\Pipeline.php(163): Illuminate\\Cookie\\Middleware\\EncryptCookies->handle(Object(Illuminate\\Http\\Request), Object(Closure))
#37 C:\\xampp\\htdocs\\Laravel Projects\\tlight\\vendor\\laravel\\framework\\src\\Illuminate\\Routing\\Pipeline.php(53): Illuminate\\Pipeline\\Pipeline->Illuminate\\Pipeline\\{closure}(Object(Illuminate\\Http\\Request))
#38 C:\\xampp\\htdocs\\Laravel Projects\\tlight\\vendor\\laravel\\framework\\src\\Illuminate\\Pipeline\\Pipeline.php(104): Illuminate\\Routing\\Pipeline->Illuminate\\Routing\\{closure}(Object(Illuminate\\Http\\Request))
#39 C:\\xampp\\htdocs\\Laravel Projects\\tlight\\vendor\\laravel\\framework\\src\\Illuminate\\Routing\\Router.php(682): Illuminate\\Pipeline\\Pipeline->then(Object(Closure))
#40 C:\\xampp\\htdocs\\Laravel Projects\\tlight\\vendor\\laravel\\framework\\src\\Illuminate\\Routing\\Router.php(657): Illuminate\\Routing\\Router->runRouteWithinStack(Object(Illuminate\\Routing\\Route), Object(Illuminate\\Http\\Request))
#41 C:\\xampp\\htdocs\\Laravel Projects\\tlight\\vendor\\laravel\\framework\\src\\Illuminate\\Routing\\Router.php(623): Illuminate\\Routing\\Router->runRoute(Object(Illuminate\\Http\\Request), Object(Illuminate\\Routing\\Route))
#42 C:\\xampp\\htdocs\\Laravel Projects\\tlight\\vendor\\laravel\\framework\\src\\Illuminate\\Routing\\Router.php(612): Illuminate\\Routing\\Router->dispatchToRoute(Object(Illuminate\\Http\\Request))
#43 C:\\xampp\\htdocs\\Laravel Projects\\tlight\\vendor\\laravel\\framework\\src\\Illuminate\\Foundation\\Http\\Kernel.php(176): Illuminate\\Routing\\Router->dispatch(Object(Illuminate\\Http\\Request))
#44 C:\\xampp\\htdocs\\Laravel Projects\\tlight\\vendor\\laravel\\framework\\src\\Illuminate\\Routing\\Pipeline.php(30): Illuminate\\Foundation\\Http\\Kernel->Illuminate\\Foundation\\Http\\{closure}(Object(Illuminate\\Http\\Request))
#45 C:\\xampp\\htdocs\\Laravel Projects\\tlight\\vendor\\fideloper\\proxy\\src\\TrustProxies.php(57): Illuminate\\Routing\\Pipeline->Illuminate\\Routing\\{closure}(Object(Illuminate\\Http\\Request))
#46 C:\\xampp\\htdocs\\Laravel Projects\\tlight\\vendor\\laravel\\framework\\src\\Illuminate\\Pipeline\\Pipeline.php(163): Fideloper\\Proxy\\TrustProxies->handle(Object(Illuminate\\Http\\Request), Object(Closure))
#47 C:\\xampp\\htdocs\\Laravel Projects\\tlight\\vendor\\laravel\\framework\\src\\Illuminate\\Routing\\Pipeline.php(53): Illuminate\\Pipeline\\Pipeline->Illuminate\\Pipeline\\{closure}(Object(Illuminate\\Http\\Request))
#48 C:\\xampp\\htdocs\\Laravel Projects\\tlight\\vendor\\laravel\\framework\\src\\Illuminate\\Foundation\\Http\\Middleware\\TransformsRequest.php(21): Illuminate\\Routing\\Pipeline->Illuminate\\Routing\\{closure}(Object(Illuminate\\Http\\Request))
#49 C:\\xampp\\htdocs\\Laravel Projects\\tlight\\vendor\\laravel\\framework\\src\\Illuminate\\Pipeline\\Pipeline.php(163): Illuminate\\Foundation\\Http\\Middleware\\TransformsRequest->handle(Object(Illuminate\\Http\\Request), Object(Closure))
#50 C:\\xampp\\htdocs\\Laravel Projects\\tlight\\vendor\\laravel\\framework\\src\\Illuminate\\Routing\\Pipeline.php(53): Illuminate\\Pipeline\\Pipeline->Illuminate\\Pipeline\\{closure}(Object(Illuminate\\Http\\Request))
#51 C:\\xampp\\htdocs\\Laravel Projects\\tlight\\vendor\\laravel\\framework\\src\\Illuminate\\Foundation\\Http\\Middleware\\TransformsRequest.php(21): Illuminate\\Routing\\Pipeline->Illuminate\\Routing\\{closure}(Object(Illuminate\\Http\\Request))
#52 C:\\xampp\\htdocs\\Laravel Projects\\tlight\\vendor\\laravel\\framework\\src\\Illuminate\\Pipeline\\Pipeline.php(163): Illuminate\\Foundation\\Http\\Middleware\\TransformsRequest->handle(Object(Illuminate\\Http\\Request), Object(Closure))
#53 C:\\xampp\\htdocs\\Laravel Projects\\tlight\\vendor\\laravel\\framework\\src\\Illuminate\\Routing\\Pipeline.php(53): Illuminate\\Pipeline\\Pipeline->Illuminate\\Pipeline\\{closure}(Object(Illuminate\\Http\\Request))
#54 C:\\xampp\\htdocs\\Laravel Projects\\tlight\\vendor\\laravel\\framework\\src\\Illuminate\\Foundation\\Http\\Middleware\\ValidatePostSize.php(27): Illuminate\\Routing\\Pipeline->Illuminate\\Routing\\{closure}(Object(Illuminate\\Http\\Request))
#55 C:\\xampp\\htdocs\\Laravel Projects\\tlight\\vendor\\laravel\\framework\\src\\Illuminate\\Pipeline\\Pipeline.php(163): Illuminate\\Foundation\\Http\\Middleware\\ValidatePostSize->handle(Object(Illuminate\\Http\\Request), Object(Closure))
#56 C:\\xampp\\htdocs\\Laravel Projects\\tlight\\vendor\\laravel\\framework\\src\\Illuminate\\Routing\\Pipeline.php(53): Illuminate\\Pipeline\\Pipeline->Illuminate\\Pipeline\\{closure}(Object(Illuminate\\Http\\Request))
#57 C:\\xampp\\htdocs\\Laravel Projects\\tlight\\vendor\\laravel\\framework\\src\\Illuminate\\Foundation\\Http\\Middleware\\CheckForMaintenanceMode.php(62): Illuminate\\Routing\\Pipeline->Illuminate\\Routing\\{closure}(Object(Illuminate\\Http\\Request))
#58 C:\\xampp\\htdocs\\Laravel Projects\\tlight\\vendor\\laravel\\framework\\src\\Illuminate\\Pipeline\\Pipeline.php(163): Illuminate\\Foundation\\Http\\Middleware\\CheckForMaintenanceMode->handle(Object(Illuminate\\Http\\Request), Object(Closure))
#59 C:\\xampp\\htdocs\\Laravel Projects\\tlight\\vendor\\laravel\\framework\\src\\Illuminate\\Routing\\Pipeline.php(53): Illuminate\\Pipeline\\Pipeline->Illuminate\\Pipeline\\{closure}(Object(Illuminate\\Http\\Request))
#60 C:\\xampp\\htdocs\\Laravel Projects\\tlight\\vendor\\laravel\\framework\\src\\Illuminate\\Pipeline\\Pipeline.php(104): Illuminate\\Routing\\Pipeline->Illuminate\\Routing\\{closure}(Object(Illuminate\\Http\\Request))
#61 C:\\xampp\\htdocs\\Laravel Projects\\tlight\\vendor\\laravel\\framework\\src\\Illuminate\\Foundation\\Http\\Kernel.php(151): Illuminate\\Pipeline\\Pipeline->then(Object(Closure))
#62 C:\\xampp\\htdocs\\Laravel Projects\\tlight\\vendor\\laravel\\framework\\src\\Illuminate\\Foundation\\Http\\Kernel.php(116): Illuminate\\Foundation\\Http\\Kernel->sendRequestThroughRouter(Object(Illuminate\\Http\\Request))
#63 C:\\xampp\\htdocs\\Laravel Projects\\tlight\\public\\index.php(55): Illuminate\\Foundation\\Http\\Kernel->handle(Object(Illuminate\\Http\\Request))
#64 C:\\xampp\\htdocs\\Laravel Projects\\tlight\\server.php(21): require_once('C:\\\\xampp\\\\htdocs...')
#65 {main}
"} 
[2020-11-04 16:10:16] local.ERROR: Route [post.index] not defined. {"userId":1,"exception":"[object] (InvalidArgumentException(code: 0): Route [post.index] not defined. at C:\\xampp\\htdocs\\Laravel Projects\\tlight\\vendor\\laravel\\framework\\src\\Illuminate\\Routing\\UrlGenerator.php:388)
[stacktrace]
#0 C:\\xampp\\htdocs\\Laravel Projects\\tlight\\vendor\\laravel\\framework\\src\\Illuminate\\Foundation\\helpers.php(782): Illuminate\\Routing\\UrlGenerator->route('post.index', Array, true)
#1 C:\\xampp\\htdocs\\Laravel Projects\\tlight\\app\\Http\\Controllers\\PostController.php(125): route('post.index')
#2 [internal function]: App\\Http\\Controllers\\PostController->restore('3')
#3 C:\\xampp\\htdocs\\Laravel Projects\\tlight\\vendor\\laravel\\framework\\src\\Illuminate\\Routing\\Controller.php(54): call_user_func_array(Array, Array)
#4 C:\\xampp\\htdocs\\Laravel Projects\\tlight\\vendor\\laravel\\framework\\src\\Illuminate\\Routing\\ControllerDispatcher.php(45): Illuminate\\Routing\\Controller->callAction('restore', Array)
#5 C:\\xampp\\htdocs\\Laravel Projects\\tlight\\vendor\\laravel\\framework\\src\\Illuminate\\Routing\\Route.php(219): Illuminate\\Routing\\ControllerDispatcher->dispatch(Object(Illuminate\\Routing\\Route), Object(App\\Http\\Controllers\\PostController), 'restore')
#6 C:\\xampp\\htdocs\\Laravel Projects\\tlight\\vendor\\laravel\\framework\\src\\Illuminate\\Routing\\Route.php(176): Illuminate\\Routing\\Route->runController()
#7 C:\\xampp\\htdocs\\Laravel Projects\\tlight\\vendor\\laravel\\framework\\src\\Illuminate\\Routing\\Router.php(680): Illuminate\\Routing\\Route->run()
#8 C:\\xampp\\htdocs\\Laravel Projects\\tlight\\vendor\\laravel\\framework\\src\\Illuminate\\Routing\\Pipeline.php(30): Illuminate\\Routing\\Router->Illuminate\\Routing\\{closure}(Object(Illuminate\\Http\\Request))
#9 C:\\xampp\\htdocs\\Laravel Projects\\tlight\\app\\Http\\Middleware\\SwitchUser.php(22): Illuminate\\Routing\\Pipeline->Illuminate\\Routing\\{closure}(Object(Illuminate\\Http\\Request))
#10 C:\\xampp\\htdocs\\Laravel Projects\\tlight\\vendor\\laravel\\framework\\src\\Illuminate\\Pipeline\\Pipeline.php(163): App\\Http\\Middleware\\SwitchUser->handle(Object(Illuminate\\Http\\Request), Object(Closure))
#11 C:\\xampp\\htdocs\\Laravel Projects\\tlight\\vendor\\laravel\\framework\\src\\Illuminate\\Routing\\Pipeline.php(53): Illuminate\\Pipeline\\Pipeline->Illuminate\\Pipeline\\{closure}(Object(Illuminate\\Http\\Request))
#12 C:\\xampp\\htdocs\\Laravel Projects\\tlight\\vendor\\laravel\\framework\\src\\Illuminate\\Auth\\Middleware\\EnsureEmailIsVerified.php(29): Illuminate\\Routing\\Pipeline->Illuminate\\Routing\\{closure}(Object(Illuminate\\Http\\Request))
#13 C:\\xampp\\htdocs\\Laravel Projects\\tlight\\vendor\\laravel\\framework\\src\\Illuminate\\Pipeline\\Pipeline.php(163): Illuminate\\Auth\\Middleware\\EnsureEmailIsVerified->handle(Object(Illuminate\\Http\\Request), Object(Closure))
#14 C:\\xampp\\htdocs\\Laravel Projects\\tlight\\vendor\\laravel\\framework\\src\\Illuminate\\Routing\\Pipeline.php(53): Illuminate\\Pipeline\\Pipeline->Illuminate\\Pipeline\\{closure}(Object(Illuminate\\Http\\Request))
#15 C:\\xampp\\htdocs\\Laravel Projects\\tlight\\vendor\\laravel\\framework\\src\\Illuminate\\Routing\\Middleware\\SubstituteBindings.php(41): Illuminate\\Routing\\Pipeline->Illuminate\\Routing\\{closure}(Object(Illuminate\\Http\\Request))
#16 C:\\xampp\\htdocs\\Laravel Projects\\tlight\\vendor\\laravel\\framework\\src\\Illuminate\\Pipeline\\Pipeline.php(163): Illuminate\\Routing\\Middleware\\SubstituteBindings->handle(Object(Illuminate\\Http\\Request), Object(Closure))
#17 C:\\xampp\\htdocs\\Laravel Projects\\tlight\\vendor\\laravel\\framework\\src\\Illuminate\\Routing\\Pipeline.php(53): Illuminate\\Pipeline\\Pipeline->Illuminate\\Pipeline\\{closure}(Object(Illuminate\\Http\\Request))
#18 C:\\xampp\\htdocs\\Laravel Projects\\tlight\\vendor\\laravel\\framework\\src\\Illuminate\\Auth\\Middleware\\Authenticate.php(43): Illuminate\\Routing\\Pipeline->Illuminate\\Routing\\{closure}(Object(Illuminate\\Http\\Request))
#19 C:\\xampp\\htdocs\\Laravel Projects\\tlight\\vendor\\laravel\\framework\\src\\Illuminate\\Pipeline\\Pipeline.php(163): Illuminate\\Auth\\Middleware\\Authenticate->handle(Object(Illuminate\\Http\\Request), Object(Closure))
#20 C:\\xampp\\htdocs\\Laravel Projects\\tlight\\vendor\\laravel\\framework\\src\\Illuminate\\Routing\\Pipeline.php(53): Illuminate\\Pipeline\\Pipeline->Illuminate\\Pipeline\\{closure}(Object(Illuminate\\Http\\Request))
#21 C:\\xampp\\htdocs\\Laravel Projects\\tlight\\vendor\\laravel\\framework\\src\\Illuminate\\Foundation\\Http\\Middleware\\VerifyCsrfToken.php(75): Illuminate\\Routing\\Pipeline->Illuminate\\Routing\\{closure}(Object(Illuminate\\Http\\Request))
#22 C:\\xampp\\htdocs\\Laravel Projects\\tlight\\vendor\\laravel\\framework\\src\\Illuminate\\Pipeline\\Pipeline.php(163): Illuminate\\Foundation\\Http\\Middleware\\VerifyCsrfToken->handle(Object(Illuminate\\Http\\Request), Object(Closure))
#23 C:\\xampp\\htdocs\\Laravel Projects\\tlight\\vendor\\laravel\\framework\\src\\Illuminate\\Routing\\Pipeline.php(53): Illuminate\\Pipeline\\Pipeline->Illuminate\\Pipeline\\{closure}(Object(Illuminate\\Http\\Request))
#24 C:\\xampp\\htdocs\\Laravel Projects\\tlight\\vendor\\laravel\\framework\\src\\Illuminate\\View\\Middleware\\ShareErrorsFromSession.php(49): Illuminate\\Routing\\Pipeline->Illuminate\\Routing\\{closure}(Object(Illuminate\\Http\\Request))
#25 C:\\xampp\\htdocs\\Laravel Projects\\tlight\\vendor\\laravel\\framework\\src\\Illuminate\\Pipeline\\Pipeline.php(163): Illuminate\\View\\Middleware\\ShareErrorsFromSession->handle(Object(Illuminate\\Http\\Request), Object(Closure))
#26 C:\\xampp\\htdocs\\Laravel Projects\\tlight\\vendor\\laravel\\framework\\src\\Illuminate\\Routing\\Pipeline.php(53): Illuminate\\Pipeline\\Pipeline->Illuminate\\Pipeline\\{closure}(Object(Illuminate\\Http\\Request))
#27 C:\\xampp\\htdocs\\Laravel Projects\\tlight\\vendor\\laravel\\framework\\src\\Illuminate\\Session\\Middleware\\StartSession.php(56): Illuminate\\Routing\\Pipeline->Illuminate\\Routing\\{closure}(Object(Illuminate\\Http\\Request))
#28 C:\\xampp\\htdocs\\Laravel Projects\\tlight\\vendor\\laravel\\framework\\src\\Illuminate\\Pipeline\\Pipeline.php(163): Illuminate\\Session\\Middleware\\StartSession->handle(Object(Illuminate\\Http\\Request), Object(Closure))
#29 C:\\xampp\\htdocs\\Laravel Projects\\tlight\\vendor\\laravel\\framework\\src\\Illuminate\\Routing\\Pipeline.php(53): Illuminate\\Pipeline\\Pipeline->Illuminate\\Pipeline\\{closure}(Object(Illuminate\\Http\\Request))
#30 C:\\xampp\\htdocs\\Laravel Projects\\tlight\\vendor\\laravel\\framework\\src\\Illuminate\\Cookie\\Middleware\\AddQueuedCookiesToResponse.php(37): Illuminate\\Routing\\Pipeline->Illuminate\\Routing\\{closure}(Object(Illuminate\\Http\\Request))
#31 C:\\xampp\\htdocs\\Laravel Projects\\tlight\\vendor\\laravel\\framework\\src\\Illuminate\\Pipeline\\Pipeline.php(163): Illuminate\\Cookie\\Middleware\\AddQueuedCookiesToResponse->handle(Object(Illuminate\\Http\\Request), Object(Closure))
#32 C:\\xampp\\htdocs\\Laravel Projects\\tlight\\vendor\\laravel\\framework\\src\\Illuminate\\Routing\\Pipeline.php(53): Illuminate\\Pipeline\\Pipeline->Illuminate\\Pipeline\\{closure}(Object(Illuminate\\Http\\Request))
#33 C:\\xampp\\htdocs\\Laravel Projects\\tlight\\vendor\\laravel\\framework\\src\\Illuminate\\Cookie\\Middleware\\EncryptCookies.php(66): Illuminate\\Routing\\Pipeline->Illuminate\\Routing\\{closure}(Object(Illuminate\\Http\\Request))
#34 C:\\xampp\\htdocs\\Laravel Projects\\tlight\\vendor\\laravel\\framework\\src\\Illuminate\\Pipeline\\Pipeline.php(163): Illuminate\\Cookie\\Middleware\\EncryptCookies->handle(Object(Illuminate\\Http\\Request), Object(Closure))
#35 C:\\xampp\\htdocs\\Laravel Projects\\tlight\\vendor\\laravel\\framework\\src\\Illuminate\\Routing\\Pipeline.php(53): Illuminate\\Pipeline\\Pipeline->Illuminate\\Pipeline\\{closure}(Object(Illuminate\\Http\\Request))
#36 C:\\xampp\\htdocs\\Laravel Projects\\tlight\\vendor\\laravel\\framework\\src\\Illuminate\\Pipeline\\Pipeline.php(104): Illuminate\\Routing\\Pipeline->Illuminate\\Routing\\{closure}(Object(Illuminate\\Http\\Request))
#37 C:\\xampp\\htdocs\\Laravel Projects\\tlight\\vendor\\laravel\\framework\\src\\Illuminate\\Routing\\Router.php(682): Illuminate\\Pipeline\\Pipeline->then(Object(Closure))
#38 C:\\xampp\\htdocs\\Laravel Projects\\tlight\\vendor\\laravel\\framework\\src\\Illuminate\\Routing\\Router.php(657): Illuminate\\Routing\\Router->runRouteWithinStack(Object(Illuminate\\Routing\\Route), Object(Illuminate\\Http\\Request))
#39 C:\\xampp\\htdocs\\Laravel Projects\\tlight\\vendor\\laravel\\framework\\src\\Illuminate\\Routing\\Router.php(623): Illuminate\\Routing\\Router->runRoute(Object(Illuminate\\Http\\Request), Object(Illuminate\\Routing\\Route))
#40 C:\\xampp\\htdocs\\Laravel Projects\\tlight\\vendor\\laravel\\framework\\src\\Illuminate\\Routing\\Router.php(612): Illuminate\\Routing\\Router->dispatchToRoute(Object(Illuminate\\Http\\Request))
#41 C:\\xampp\\htdocs\\Laravel Projects\\tlight\\vendor\\laravel\\framework\\src\\Illuminate\\Foundation\\Http\\Kernel.php(176): Illuminate\\Routing\\Router->dispatch(Object(Illuminate\\Http\\Request))
#42 C:\\xampp\\htdocs\\Laravel Projects\\tlight\\vendor\\laravel\\framework\\src\\Illuminate\\Routing\\Pipeline.php(30): Illuminate\\Foundation\\Http\\Kernel->Illuminate\\Foundation\\Http\\{closure}(Object(Illuminate\\Http\\Request))
#43 C:\\xampp\\htdocs\\Laravel Projects\\tlight\\vendor\\fideloper\\proxy\\src\\TrustProxies.php(57): Illuminate\\Routing\\Pipeline->Illuminate\\Routing\\{closure}(Object(Illuminate\\Http\\Request))
#44 C:\\xampp\\htdocs\\Laravel Projects\\tlight\\vendor\\laravel\\framework\\src\\Illuminate\\Pipeline\\Pipeline.php(163): Fideloper\\Proxy\\TrustProxies->handle(Object(Illuminate\\Http\\Request), Object(Closure))
#45 C:\\xampp\\htdocs\\Laravel Projects\\tlight\\vendor\\laravel\\framework\\src\\Illuminate\\Routing\\Pipeline.php(53): Illuminate\\Pipeline\\Pipeline->Illuminate\\Pipeline\\{closure}(Object(Illuminate\\Http\\Request))
#46 C:\\xampp\\htdocs\\Laravel Projects\\tlight\\vendor\\laravel\\framework\\src\\Illuminate\\Foundation\\Http\\Middleware\\TransformsRequest.php(21): Illuminate\\Routing\\Pipeline->Illuminate\\Routing\\{closure}(Object(Illuminate\\Http\\Request))
#47 C:\\xampp\\htdocs\\Laravel Projects\\tlight\\vendor\\laravel\\framework\\src\\Illuminate\\Pipeline\\Pipeline.php(163): Illuminate\\Foundation\\Http\\Middleware\\TransformsRequest->handle(Object(Illuminate\\Http\\Request), Object(Closure))
#48 C:\\xampp\\htdocs\\Laravel Projects\\tlight\\vendor\\laravel\\framework\\src\\Illuminate\\Routing\\Pipeline.php(53): Illuminate\\Pipeline\\Pipeline->Illuminate\\Pipeline\\{closure}(Object(Illuminate\\Http\\Request))
#49 C:\\xampp\\htdocs\\Laravel Projects\\tlight\\vendor\\laravel\\framework\\src\\Illuminate\\Foundation\\Http\\Middleware\\TransformsRequest.php(21): Illuminate\\Routing\\Pipeline->Illuminate\\Routing\\{closure}(Object(Illuminate\\Http\\Request))
#50 C:\\xampp\\htdocs\\Laravel Projects\\tlight\\vendor\\laravel\\framework\\src\\Illuminate\\Pipeline\\Pipeline.php(163): Illuminate\\Foundation\\Http\\Middleware\\TransformsRequest->handle(Object(Illuminate\\Http\\Request), Object(Closure))
#51 C:\\xampp\\htdocs\\Laravel Projects\\tlight\\vendor\\laravel\\framework\\src\\Illuminate\\Routing\\Pipeline.php(53): Illuminate\\Pipeline\\Pipeline->Illuminate\\Pipeline\\{closure}(Object(Illuminate\\Http\\Request))
#52 C:\\xampp\\htdocs\\Laravel Projects\\tlight\\vendor\\laravel\\framework\\src\\Illuminate\\Foundation\\Http\\Middleware\\ValidatePostSize.php(27): Illuminate\\Routing\\Pipeline->Illuminate\\Routing\\{closure}(Object(Illuminate\\Http\\Request))
#53 C:\\xampp\\htdocs\\Laravel Projects\\tlight\\vendor\\laravel\\framework\\src\\Illuminate\\Pipeline\\Pipeline.php(163): Illuminate\\Foundation\\Http\\Middleware\\ValidatePostSize->handle(Object(Illuminate\\Http\\Request), Object(Closure))
#54 C:\\xampp\\htdocs\\Laravel Projects\\tlight\\vendor\\laravel\\framework\\src\\Illuminate\\Routing\\Pipeline.php(53): Illuminate\\Pipeline\\Pipeline->Illuminate\\Pipeline\\{closure}(Object(Illuminate\\Http\\Request))
#55 C:\\xampp\\htdocs\\Laravel Projects\\tlight\\vendor\\laravel\\framework\\src\\Illuminate\\Foundation\\Http\\Middleware\\CheckForMaintenanceMode.php(62): Illuminate\\Routing\\Pipeline->Illuminate\\Routing\\{closure}(Object(Illuminate\\Http\\Request))
#56 C:\\xampp\\htdocs\\Laravel Projects\\tlight\\vendor\\laravel\\framework\\src\\Illuminate\\Pipeline\\Pipeline.php(163): Illuminate\\Foundation\\Http\\Middleware\\CheckForMaintenanceMode->handle(Object(Illuminate\\Http\\Request), Object(Closure))
#57 C:\\xampp\\htdocs\\Laravel Projects\\tlight\\vendor\\laravel\\framework\\src\\Illuminate\\Routing\\Pipeline.php(53): Illuminate\\Pipeline\\Pipeline->Illuminate\\Pipeline\\{closure}(Object(Illuminate\\Http\\Request))
#58 C:\\xampp\\htdocs\\Laravel Projects\\tlight\\vendor\\laravel\\framework\\src\\Illuminate\\Pipeline\\Pipeline.php(104): Illuminate\\Routing\\Pipeline->Illuminate\\Routing\\{closure}(Object(Illuminate\\Http\\Request))
#59 C:\\xampp\\htdocs\\Laravel Projects\\tlight\\vendor\\laravel\\framework\\src\\Illuminate\\Foundation\\Http\\Kernel.php(151): Illuminate\\Pipeline\\Pipeline->then(Object(Closure))
#60 C:\\xampp\\htdocs\\Laravel Projects\\tlight\\vendor\\laravel\\framework\\src\\Illuminate\\Foundation\\Http\\Kernel.php(116): Illuminate\\Foundation\\Http\\Kernel->sendRequestThroughRouter(Object(Illuminate\\Http\\Request))
#61 C:\\xampp\\htdocs\\Laravel Projects\\tlight\\public\\index.php(55): Illuminate\\Foundation\\Http\\Kernel->handle(Object(Illuminate\\Http\\Request))
#62 C:\\xampp\\htdocs\\Laravel Projects\\tlight\\server.php(21): require_once('C:\\\\xampp\\\\htdocs...')
#63 {main}
"} 
[2020-11-04 16:16:35] local.ERROR: compact(): Undefined variable: settings {"userId":1,"exception":"[object] (ErrorException(code: 0): compact(): Undefined variable: settings at C:\\xampp\\htdocs\\Laravel Projects\\tlight\\app\\Http\\Controllers\\SettingController.php:16)
[stacktrace]
#0 [internal function]: Illuminate\\Foundation\\Bootstrap\\HandleExceptions->handleError(8, 'compact(): Unde...', 'C:\\\\xampp\\\\htdocs...', 16, Array)
#1 C:\\xampp\\htdocs\\Laravel Projects\\tlight\\app\\Http\\Controllers\\SettingController.php(16): compact('settings')
#2 [internal function]: App\\Http\\Controllers\\SettingController->index()
#3 C:\\xampp\\htdocs\\Laravel Projects\\tlight\\vendor\\laravel\\framework\\src\\Illuminate\\Routing\\Controller.php(54): call_user_func_array(Array, Array)
#4 C:\\xampp\\htdocs\\Laravel Projects\\tlight\\vendor\\laravel\\framework\\src\\Illuminate\\Routing\\ControllerDispatcher.php(45): Illuminate\\Routing\\Controller->callAction('index', Array)
#5 C:\\xampp\\htdocs\\Laravel Projects\\tlight\\vendor\\laravel\\framework\\src\\Illuminate\\Routing\\Route.php(219): Illuminate\\Routing\\ControllerDispatcher->dispatch(Object(Illuminate\\Routing\\Route), Object(App\\Http\\Controllers\\SettingController), 'index')
#6 C:\\xampp\\htdocs\\Laravel Projects\\tlight\\vendor\\laravel\\framework\\src\\Illuminate\\Routing\\Route.php(176): Illuminate\\Routing\\Route->runController()
#7 C:\\xampp\\htdocs\\Laravel Projects\\tlight\\vendor\\laravel\\framework\\src\\Illuminate\\Routing\\Router.php(680): Illuminate\\Routing\\Route->run()
#8 C:\\xampp\\htdocs\\Laravel Projects\\tlight\\vendor\\laravel\\framework\\src\\Illuminate\\Routing\\Pipeline.php(30): Illuminate\\Routing\\Router->Illuminate\\Routing\\{closure}(Object(Illuminate\\Http\\Request))
#9 C:\\xampp\\htdocs\\Laravel Projects\\tlight\\app\\Http\\Middleware\\SwitchUser.php(22): Illuminate\\Routing\\Pipeline->Illuminate\\Routing\\{closure}(Object(Illuminate\\Http\\Request))
#10 C:\\xampp\\htdocs\\Laravel Projects\\tlight\\vendor\\laravel\\framework\\src\\Illuminate\\Pipeline\\Pipeline.php(163): App\\Http\\Middleware\\SwitchUser->handle(Object(Illuminate\\Http\\Request), Object(Closure))
#11 C:\\xampp\\htdocs\\Laravel Projects\\tlight\\vendor\\laravel\\framework\\src\\Illuminate\\Routing\\Pipeline.php(53): Illuminate\\Pipeline\\Pipeline->Illuminate\\Pipeline\\{closure}(Object(Illuminate\\Http\\Request))
#12 C:\\xampp\\htdocs\\Laravel Projects\\tlight\\vendor\\laravel\\framework\\src\\Illuminate\\Auth\\Middleware\\EnsureEmailIsVerified.php(29): Illuminate\\Routing\\Pipeline->Illuminate\\Routing\\{closure}(Object(Illuminate\\Http\\Request))
#13 C:\\xampp\\htdocs\\Laravel Projects\\tlight\\vendor\\laravel\\framework\\src\\Illuminate\\Pipeline\\Pipeline.php(163): Illuminate\\Auth\\Middleware\\EnsureEmailIsVerified->handle(Object(Illuminate\\Http\\Request), Object(Closure))
#14 C:\\xampp\\htdocs\\Laravel Projects\\tlight\\vendor\\laravel\\framework\\src\\Illuminate\\Routing\\Pipeline.php(53): Illuminate\\Pipeline\\Pipeline->Illuminate\\Pipeline\\{closure}(Object(Illuminate\\Http\\Request))
#15 C:\\xampp\\htdocs\\Laravel Projects\\tlight\\vendor\\laravel\\framework\\src\\Illuminate\\Routing\\Middleware\\SubstituteBindings.php(41): Illuminate\\Routing\\Pipeline->Illuminate\\Routing\\{closure}(Object(Illuminate\\Http\\Request))
#16 C:\\xampp\\htdocs\\Laravel Projects\\tlight\\vendor\\laravel\\framework\\src\\Illuminate\\Pipeline\\Pipeline.php(163): Illuminate\\Routing\\Middleware\\SubstituteBindings->handle(Object(Illuminate\\Http\\Request), Object(Closure))
#17 C:\\xampp\\htdocs\\Laravel Projects\\tlight\\vendor\\laravel\\framework\\src\\Illuminate\\Routing\\Pipeline.php(53): Illuminate\\Pipeline\\Pipeline->Illuminate\\Pipeline\\{closure}(Object(Illuminate\\Http\\Request))
#18 C:\\xampp\\htdocs\\Laravel Projects\\tlight\\vendor\\laravel\\framework\\src\\Illuminate\\Auth\\Middleware\\Authenticate.php(43): Illuminate\\Routing\\Pipeline->Illuminate\\Routing\\{closure}(Object(Illuminate\\Http\\Request))
#19 C:\\xampp\\htdocs\\Laravel Projects\\tlight\\vendor\\laravel\\framework\\src\\Illuminate\\Pipeline\\Pipeline.php(163): Illuminate\\Auth\\Middleware\\Authenticate->handle(Object(Illuminate\\Http\\Request), Object(Closure))
#20 C:\\xampp\\htdocs\\Laravel Projects\\tlight\\vendor\\laravel\\framework\\src\\Illuminate\\Routing\\Pipeline.php(53): Illuminate\\Pipeline\\Pipeline->Illuminate\\Pipeline\\{closure}(Object(Illuminate\\Http\\Request))
#21 C:\\xampp\\htdocs\\Laravel Projects\\tlight\\vendor\\laravel\\framework\\src\\Illuminate\\Foundation\\Http\\Middleware\\VerifyCsrfToken.php(75): Illuminate\\Routing\\Pipeline->Illuminate\\Routing\\{closure}(Object(Illuminate\\Http\\Request))
#22 C:\\xampp\\htdocs\\Laravel Projects\\tlight\\vendor\\laravel\\framework\\src\\Illuminate\\Pipeline\\Pipeline.php(163): Illuminate\\Foundation\\Http\\Middleware\\VerifyCsrfToken->handle(Object(Illuminate\\Http\\Request), Object(Closure))
#23 C:\\xampp\\htdocs\\Laravel Projects\\tlight\\vendor\\laravel\\framework\\src\\Illuminate\\Routing\\Pipeline.php(53): Illuminate\\Pipeline\\Pipeline->Illuminate\\Pipeline\\{closure}(Object(Illuminate\\Http\\Request))
#24 C:\\xampp\\htdocs\\Laravel Projects\\tlight\\vendor\\laravel\\framework\\src\\Illuminate\\View\\Middleware\\ShareErrorsFromSession.php(49): Illuminate\\Routing\\Pipeline->Illuminate\\Routing\\{closure}(Object(Illuminate\\Http\\Request))
#25 C:\\xampp\\htdocs\\Laravel Projects\\tlight\\vendor\\laravel\\framework\\src\\Illuminate\\Pipeline\\Pipeline.php(163): Illuminate\\View\\Middleware\\ShareErrorsFromSession->handle(Object(Illuminate\\Http\\Request), Object(Closure))
#26 C:\\xampp\\htdocs\\Laravel Projects\\tlight\\vendor\\laravel\\framework\\src\\Illuminate\\Routing\\Pipeline.php(53): Illuminate\\Pipeline\\Pipeline->Illuminate\\Pipeline\\{closure}(Object(Illuminate\\Http\\Request))
#27 C:\\xampp\\htdocs\\Laravel Projects\\tlight\\vendor\\laravel\\framework\\src\\Illuminate\\Session\\Middleware\\StartSession.php(56): Illuminate\\Routing\\Pipeline->Illuminate\\Routing\\{closure}(Object(Illuminate\\Http\\Request))
#28 C:\\xampp\\htdocs\\Laravel Projects\\tlight\\vendor\\laravel\\framework\\src\\Illuminate\\Pipeline\\Pipeline.php(163): Illuminate\\Session\\Middleware\\StartSession->handle(Object(Illuminate\\Http\\Request), Object(Closure))
#29 C:\\xampp\\htdocs\\Laravel Projects\\tlight\\vendor\\laravel\\framework\\src\\Illuminate\\Routing\\Pipeline.php(53): Illuminate\\Pipeline\\Pipeline->Illuminate\\Pipeline\\{closure}(Object(Illuminate\\Http\\Request))
#30 C:\\xampp\\htdocs\\Laravel Projects\\tlight\\vendor\\laravel\\framework\\src\\Illuminate\\Cookie\\Middleware\\AddQueuedCookiesToResponse.php(37): Illuminate\\Routing\\Pipeline->Illuminate\\Routing\\{closure}(Object(Illuminate\\Http\\Request))
#31 C:\\xampp\\htdocs\\Laravel Projects\\tlight\\vendor\\laravel\\framework\\src\\Illuminate\\Pipeline\\Pipeline.php(163): Illuminate\\Cookie\\Middleware\\AddQueuedCookiesToResponse->handle(Object(Illuminate\\Http\\Request), Object(Closure))
#32 C:\\xampp\\htdocs\\Laravel Projects\\tlight\\vendor\\laravel\\framework\\src\\Illuminate\\Routing\\Pipeline.php(53): Illuminate\\Pipeline\\Pipeline->Illuminate\\Pipeline\\{closure}(Object(Illuminate\\Http\\Request))
#33 C:\\xampp\\htdocs\\Laravel Projects\\tlight\\vendor\\laravel\\framework\\src\\Illuminate\\Cookie\\Middleware\\EncryptCookies.php(66): Illuminate\\Routing\\Pipeline->Illuminate\\Routing\\{closure}(Object(Illuminate\\Http\\Request))
#34 C:\\xampp\\htdocs\\Laravel Projects\\tlight\\vendor\\laravel\\framework\\src\\Illuminate\\Pipeline\\Pipeline.php(163): Illuminate\\Cookie\\Middleware\\EncryptCookies->handle(Object(Illuminate\\Http\\Request), Object(Closure))
#35 C:\\xampp\\htdocs\\Laravel Projects\\tlight\\vendor\\laravel\\framework\\src\\Illuminate\\Routing\\Pipeline.php(53): Illuminate\\Pipeline\\Pipeline->Illuminate\\Pipeline\\{closure}(Object(Illuminate\\Http\\Request))
#36 C:\\xampp\\htdocs\\Laravel Projects\\tlight\\vendor\\laravel\\framework\\src\\Illuminate\\Pipeline\\Pipeline.php(104): Illuminate\\Routing\\Pipeline->Illuminate\\Routing\\{closure}(Object(Illuminate\\Http\\Request))
#37 C:\\xampp\\htdocs\\Laravel Projects\\tlight\\vendor\\laravel\\framework\\src\\Illuminate\\Routing\\Router.php(682): Illuminate\\Pipeline\\Pipeline->then(Object(Closure))
#38 C:\\xampp\\htdocs\\Laravel Projects\\tlight\\vendor\\laravel\\framework\\src\\Illuminate\\Routing\\Router.php(657): Illuminate\\Routing\\Router->runRouteWithinStack(Object(Illuminate\\Routing\\Route), Object(Illuminate\\Http\\Request))
#39 C:\\xampp\\htdocs\\Laravel Projects\\tlight\\vendor\\laravel\\framework\\src\\Illuminate\\Routing\\Router.php(623): Illuminate\\Routing\\Router->runRoute(Object(Illuminate\\Http\\Request), Object(Illuminate\\Routing\\Route))
#40 C:\\xampp\\htdocs\\Laravel Projects\\tlight\\vendor\\laravel\\framework\\src\\Illuminate\\Routing\\Router.php(612): Illuminate\\Routing\\Router->dispatchToRoute(Object(Illuminate\\Http\\Request))
#41 C:\\xampp\\htdocs\\Laravel Projects\\tlight\\vendor\\laravel\\framework\\src\\Illuminate\\Foundation\\Http\\Kernel.php(176): Illuminate\\Routing\\Router->dispatch(Object(Illuminate\\Http\\Request))
#42 C:\\xampp\\htdocs\\Laravel Projects\\tlight\\vendor\\laravel\\framework\\src\\Illuminate\\Routing\\Pipeline.php(30): Illuminate\\Foundation\\Http\\Kernel->Illuminate\\Foundation\\Http\\{closure}(Object(Illuminate\\Http\\Request))
#43 C:\\xampp\\htdocs\\Laravel Projects\\tlight\\vendor\\fideloper\\proxy\\src\\TrustProxies.php(57): Illuminate\\Routing\\Pipeline->Illuminate\\Routing\\{closure}(Object(Illuminate\\Http\\Request))
#44 C:\\xampp\\htdocs\\Laravel Projects\\tlight\\vendor\\laravel\\framework\\src\\Illuminate\\Pipeline\\Pipeline.php(163): Fideloper\\Proxy\\TrustProxies->handle(Object(Illuminate\\Http\\Request), Object(Closure))
#45 C:\\xampp\\htdocs\\Laravel Projects\\tlight\\vendor\\laravel\\framework\\src\\Illuminate\\Routing\\Pipeline.php(53): Illuminate\\Pipeline\\Pipeline->Illuminate\\Pipeline\\{closure}(Object(Illuminate\\Http\\Request))
#46 C:\\xampp\\htdocs\\Laravel Projects\\tlight\\vendor\\laravel\\framework\\src\\Illuminate\\Foundation\\Http\\Middleware\\TransformsRequest.php(21): Illuminate\\Routing\\Pipeline->Illuminate\\Routing\\{closure}(Object(Illuminate\\Http\\Request))
#47 C:\\xampp\\htdocs\\Laravel Projects\\tlight\\vendor\\laravel\\framework\\src\\Illuminate\\Pipeline\\Pipeline.php(163): Illuminate\\Foundation\\Http\\Middleware\\TransformsRequest->handle(Object(Illuminate\\Http\\Request), Object(Closure))
#48 C:\\xampp\\htdocs\\Laravel Projects\\tlight\\vendor\\laravel\\framework\\src\\Illuminate\\Routing\\Pipeline.php(53): Illuminate\\Pipeline\\Pipeline->Illuminate\\Pipeline\\{closure}(Object(Illuminate\\Http\\Request))
#49 C:\\xampp\\htdocs\\Laravel Projects\\tlight\\vendor\\laravel\\framework\\src\\Illuminate\\Foundation\\Http\\Middleware\\TransformsRequest.php(21): Illuminate\\Routing\\Pipeline->Illuminate\\Routing\\{closure}(Object(Illuminate\\Http\\Request))
#50 C:\\xampp\\htdocs\\Laravel Projects\\tlight\\vendor\\laravel\\framework\\src\\Illuminate\\Pipeline\\Pipeline.php(163): Illuminate\\Foundation\\Http\\Middleware\\TransformsRequest->handle(Object(Illuminate\\Http\\Request), Object(Closure))
#51 C:\\xampp\\htdocs\\Laravel Projects\\tlight\\vendor\\laravel\\framework\\src\\Illuminate\\Routing\\Pipeline.php(53): Illuminate\\Pipeline\\Pipeline->Illuminate\\Pipeline\\{closure}(Object(Illuminate\\Http\\Request))
#52 C:\\xampp\\htdocs\\Laravel Projects\\tlight\\vendor\\laravel\\framework\\src\\Illuminate\\Foundation\\Http\\Middleware\\ValidatePostSize.php(27): Illuminate\\Routing\\Pipeline->Illuminate\\Routing\\{closure}(Object(Illuminate\\Http\\Request))
#53 C:\\xampp\\htdocs\\Laravel Projects\\tlight\\vendor\\laravel\\framework\\src\\Illuminate\\Pipeline\\Pipeline.php(163): Illuminate\\Foundation\\Http\\Middleware\\ValidatePostSize->handle(Object(Illuminate\\Http\\Request), Object(Closure))
#54 C:\\xampp\\htdocs\\Laravel Projects\\tlight\\vendor\\laravel\\framework\\src\\Illuminate\\Routing\\Pipeline.php(53): Illuminate\\Pipeline\\Pipeline->Illuminate\\Pipeline\\{closure}(Object(Illuminate\\Http\\Request))
#55 C:\\xampp\\htdocs\\Laravel Projects\\tlight\\vendor\\laravel\\framework\\src\\Illuminate\\Foundation\\Http\\Middleware\\CheckForMaintenanceMode.php(62): Illuminate\\Routing\\Pipeline->Illuminate\\Routing\\{closure}(Object(Illuminate\\Http\\Request))
#56 C:\\xampp\\htdocs\\Laravel Projects\\tlight\\vendor\\laravel\\framework\\src\\Illuminate\\Pipeline\\Pipeline.php(163): Illuminate\\Foundation\\Http\\Middleware\\CheckForMaintenanceMode->handle(Object(Illuminate\\Http\\Request), Object(Closure))
#57 C:\\xampp\\htdocs\\Laravel Projects\\tlight\\vendor\\laravel\\framework\\src\\Illuminate\\Routing\\Pipeline.php(53): Illuminate\\Pipeline\\Pipeline->Illuminate\\Pipeline\\{closure}(Object(Illuminate\\Http\\Request))
#58 C:\\xampp\\htdocs\\Laravel Projects\\tlight\\vendor\\laravel\\framework\\src\\Illuminate\\Pipeline\\Pipeline.php(104): Illuminate\\Routing\\Pipeline->Illuminate\\Routing\\{closure}(Object(Illuminate\\Http\\Request))
#59 C:\\xampp\\htdocs\\Laravel Projects\\tlight\\vendor\\laravel\\framework\\src\\Illuminate\\Foundation\\Http\\Kernel.php(151): Illuminate\\Pipeline\\Pipeline->then(Object(Closure))
#60 C:\\xampp\\htdocs\\Laravel Projects\\tlight\\vendor\\laravel\\framework\\src\\Illuminate\\Foundation\\Http\\Kernel.php(116): Illuminate\\Foundation\\Http\\Kernel->sendRequestThroughRouter(Object(Illuminate\\Http\\Request))
#61 C:\\xampp\\htdocs\\Laravel Projects\\tlight\\public\\index.php(55): Illuminate\\Foundation\\Http\\Kernel->handle(Object(Illuminate\\Http\\Request))
#62 C:\\xampp\\htdocs\\Laravel Projects\\tlight\\server.php(21): require_once('C:\\\\xampp\\\\htdocs...')
#63 {main}
"} 
[2020-11-04 16:16:45] local.ERROR: Undefined variable: user (View: C:\xampp\htdocs\Laravel Projects\tlight\resources\views\admin\settings\edit.blade.php) {"userId":1,"exception":"[object] (ErrorException(code: 0): Undefined variable: user (View: C:\\xampp\\htdocs\\Laravel Projects\\tlight\esources\\views\\admin\\settings\\edit.blade.php) at C:\\xampp\\htdocs\\Laravel Projects\\tlight\\storage\\framework\\views\\8a7e3e9267f7f984b263f510e4ffcef1e131354f.php:33, ErrorException(code: 0): Undefined variable: user at C:\\xampp\\htdocs\\Laravel Projects\\tlight\\storage\\framework\\views\\8a7e3e9267f7f984b263f510e4ffcef1e131354f.php:33)
[stacktrace]
#0 C:\\xampp\\htdocs\\Laravel Projects\\tlight\\vendor\\laravel\\framework\\src\\Illuminate\\View\\Engines\\PhpEngine.php(45): Illuminate\\View\\Engines\\CompilerEngine->handleViewException(Object(ErrorException), 1)
#1 C:\\xampp\\htdocs\\Laravel Projects\\tlight\\vendor\\laravel\\framework\\src\\Illuminate\\View\\Engines\\CompilerEngine.php(59): Illuminate\\View\\Engines\\PhpEngine->evaluatePath('C:\\\\xampp\\\\htdocs...', Array)
#2 C:\\xampp\\htdocs\\Laravel Projects\\tlight\\vendor\\laravel\\framework\\src\\Illuminate\\View\\View.php(142): Illuminate\\View\\Engines\\CompilerEngine->get('C:\\\\xampp\\\\htdocs...', Array)
#3 C:\\xampp\\htdocs\\Laravel Projects\\tlight\\vendor\\laravel\\framework\\src\\Illuminate\\View\\View.php(125): Illuminate\\View\\View->getContents()
#4 C:\\xampp\\htdocs\\Laravel Projects\\tlight\\vendor\\laravel\\framework\\src\\Illuminate\\View\\View.php(90): Illuminate\\View\\View->renderContents()
#5 C:\\xampp\\htdocs\\Laravel Projects\\tlight\\vendor\\laravel\\framework\\src\\Illuminate\\Http\\Response.php(42): Illuminate\\View\\View->render()
#6 C:\\xampp\\htdocs\\Laravel Projects\\tlight\\vendor\\symfony\\http-foundation\\Response.php(205): Illuminate\\Http\\Response->setContent(Object(Illuminate\\View\\View))
#7 C:\\xampp\\htdocs\\Laravel Projects\\tlight\\vendor\\laravel\\framework\\src\\Illuminate\\Routing\\Router.php(748): Symfony\\Component\\HttpFoundation\\Response->__construct(Object(Illuminate\\View\\View))
#8 C:\\xampp\\htdocs\\Laravel Projects\\tlight\\vendor\\laravel\\framework\\src\\Illuminate\\Routing\\Router.php(720): Illuminate\\Routing\\Router::toResponse(Object(Illuminate\\Http\\Request), Object(Illuminate\\View\\View))
#9 C:\\xampp\\htdocs\\Laravel Projects\\tlight\\vendor\\laravel\\framework\\src\\Illuminate\\Routing\\Router.php(680): Illuminate\\Routing\\Router->prepareResponse(Object(Illuminate\\Http\\Request), Object(Illuminate\\View\\View))
#10 C:\\xampp\\htdocs\\Laravel Projects\\tlight\\vendor\\laravel\\framework\\src\\Illuminate\\Routing\\Pipeline.php(30): Illuminate\\Routing\\Router->Illuminate\\Routing\\{closure}(Object(Illuminate\\Http\\Request))
#11 C:\\xampp\\htdocs\\Laravel Projects\\tlight\\app\\Http\\Middleware\\SwitchUser.php(22): Illuminate\\Routing\\Pipeline->Illuminate\\Routing\\{closure}(Object(Illuminate\\Http\\Request))
#12 C:\\xampp\\htdocs\\Laravel Projects\\tlight\\vendor\\laravel\\framework\\src\\Illuminate\\Pipeline\\Pipeline.php(163): App\\Http\\Middleware\\SwitchUser->handle(Object(Illuminate\\Http\\Request), Object(Closure))
#13 C:\\xampp\\htdocs\\Laravel Projects\\tlight\\vendor\\laravel\\framework\\src\\Illuminate\\Routing\\Pipeline.php(53): Illuminate\\Pipeline\\Pipeline->Illuminate\\Pipeline\\{closure}(Object(Illuminate\\Http\\Request))
#14 C:\\xampp\\htdocs\\Laravel Projects\\tlight\\vendor\\laravel\\framework\\src\\Illuminate\\Auth\\Middleware\\EnsureEmailIsVerified.php(29): Illuminate\\Routing\\Pipeline->Illuminate\\Routing\\{closure}(Object(Illuminate\\Http\\Request))
#15 C:\\xampp\\htdocs\\Laravel Projects\\tlight\\vendor\\laravel\\framework\\src\\Illuminate\\Pipeline\\Pipeline.php(163): Illuminate\\Auth\\Middleware\\EnsureEmailIsVerified->handle(Object(Illuminate\\Http\\Request), Object(Closure))
#16 C:\\xampp\\htdocs\\Laravel Projects\\tlight\\vendor\\laravel\\framework\\src\\Illuminate\\Routing\\Pipeline.php(53): Illuminate\\Pipeline\\Pipeline->Illuminate\\Pipeline\\{closure}(Object(Illuminate\\Http\\Request))
#17 C:\\xampp\\htdocs\\Laravel Projects\\tlight\\vendor\\laravel\\framework\\src\\Illuminate\\Routing\\Middleware\\SubstituteBindings.php(41): Illuminate\\Routing\\Pipeline->Illuminate\\Routing\\{closure}(Object(Illuminate\\Http\\Request))
#18 C:\\xampp\\htdocs\\Laravel Projects\\tlight\\vendor\\laravel\\framework\\src\\Illuminate\\Pipeline\\Pipeline.php(163): Illuminate\\Routing\\Middleware\\SubstituteBindings->handle(Object(Illuminate\\Http\\Request), Object(Closure))
#19 C:\\xampp\\htdocs\\Laravel Projects\\tlight\\vendor\\laravel\\framework\\src\\Illuminate\\Routing\\Pipeline.php(53): Illuminate\\Pipeline\\Pipeline->Illuminate\\Pipeline\\{closure}(Object(Illuminate\\Http\\Request))
#20 C:\\xampp\\htdocs\\Laravel Projects\\tlight\\vendor\\laravel\\framework\\src\\Illuminate\\Auth\\Middleware\\Authenticate.php(43): Illuminate\\Routing\\Pipeline->Illuminate\\Routing\\{closure}(Object(Illuminate\\Http\\Request))
#21 C:\\xampp\\htdocs\\Laravel Projects\\tlight\\vendor\\laravel\\framework\\src\\Illuminate\\Pipeline\\Pipeline.php(163): Illuminate\\Auth\\Middleware\\Authenticate->handle(Object(Illuminate\\Http\\Request), Object(Closure))
#22 C:\\xampp\\htdocs\\Laravel Projects\\tlight\\vendor\\laravel\\framework\\src\\Illuminate\\Routing\\Pipeline.php(53): Illuminate\\Pipeline\\Pipeline->Illuminate\\Pipeline\\{closure}(Object(Illuminate\\Http\\Request))
#23 C:\\xampp\\htdocs\\Laravel Projects\\tlight\\vendor\\laravel\\framework\\src\\Illuminate\\Foundation\\Http\\Middleware\\VerifyCsrfToken.php(75): Illuminate\\Routing\\Pipeline->Illuminate\\Routing\\{closure}(Object(Illuminate\\Http\\Request))
#24 C:\\xampp\\htdocs\\Laravel Projects\\tlight\\vendor\\laravel\\framework\\src\\Illuminate\\Pipeline\\Pipeline.php(163): Illuminate\\Foundation\\Http\\Middleware\\VerifyCsrfToken->handle(Object(Illuminate\\Http\\Request), Object(Closure))
#25 C:\\xampp\\htdocs\\Laravel Projects\\tlight\\vendor\\laravel\\framework\\src\\Illuminate\\Routing\\Pipeline.php(53): Illuminate\\Pipeline\\Pipeline->Illuminate\\Pipeline\\{closure}(Object(Illuminate\\Http\\Request))
#26 C:\\xampp\\htdocs\\Laravel Projects\\tlight\\vendor\\laravel\\framework\\src\\Illuminate\\View\\Middleware\\ShareErrorsFromSession.php(49): Illuminate\\Routing\\Pipeline->Illuminate\\Routing\\{closure}(Object(Illuminate\\Http\\Request))
#27 C:\\xampp\\htdocs\\Laravel Projects\\tlight\\vendor\\laravel\\framework\\src\\Illuminate\\Pipeline\\Pipeline.php(163): Illuminate\\View\\Middleware\\ShareErrorsFromSession->handle(Object(Illuminate\\Http\\Request), Object(Closure))
#28 C:\\xampp\\htdocs\\Laravel Projects\\tlight\\vendor\\laravel\\framework\\src\\Illuminate\\Routing\\Pipeline.php(53): Illuminate\\Pipeline\\Pipeline->Illuminate\\Pipeline\\{closure}(Object(Illuminate\\Http\\Request))
#29 C:\\xampp\\htdocs\\Laravel Projects\\tlight\\vendor\\laravel\\framework\\src\\Illuminate\\Session\\Middleware\\StartSession.php(56): Illuminate\\Routing\\Pipeline->Illuminate\\Routing\\{closure}(Object(Illuminate\\Http\\Request))
#30 C:\\xampp\\htdocs\\Laravel Projects\\tlight\\vendor\\laravel\\framework\\src\\Illuminate\\Pipeline\\Pipeline.php(163): Illuminate\\Session\\Middleware\\StartSession->handle(Object(Illuminate\\Http\\Request), Object(Closure))
#31 C:\\xampp\\htdocs\\Laravel Projects\\tlight\\vendor\\laravel\\framework\\src\\Illuminate\\Routing\\Pipeline.php(53): Illuminate\\Pipeline\\Pipeline->Illuminate\\Pipeline\\{closure}(Object(Illuminate\\Http\\Request))
#32 C:\\xampp\\htdocs\\Laravel Projects\\tlight\\vendor\\laravel\\framework\\src\\Illuminate\\Cookie\\Middleware\\AddQueuedCookiesToResponse.php(37): Illuminate\\Routing\\Pipeline->Illuminate\\Routing\\{closure}(Object(Illuminate\\Http\\Request))
#33 C:\\xampp\\htdocs\\Laravel Projects\\tlight\\vendor\\laravel\\framework\\src\\Illuminate\\Pipeline\\Pipeline.php(163): Illuminate\\Cookie\\Middleware\\AddQueuedCookiesToResponse->handle(Object(Illuminate\\Http\\Request), Object(Closure))
#34 C:\\xampp\\htdocs\\Laravel Projects\\tlight\\vendor\\laravel\\framework\\src\\Illuminate\\Routing\\Pipeline.php(53): Illuminate\\Pipeline\\Pipeline->Illuminate\\Pipeline\\{closure}(Object(Illuminate\\Http\\Request))
#35 C:\\xampp\\htdocs\\Laravel Projects\\tlight\\vendor\\laravel\\framework\\src\\Illuminate\\Cookie\\Middleware\\EncryptCookies.php(66): Illuminate\\Routing\\Pipeline->Illuminate\\Routing\\{closure}(Object(Illuminate\\Http\\Request))
#36 C:\\xampp\\htdocs\\Laravel Projects\\tlight\\vendor\\laravel\\framework\\src\\Illuminate\\Pipeline\\Pipeline.php(163): Illuminate\\Cookie\\Middleware\\EncryptCookies->handle(Object(Illuminate\\Http\\Request), Object(Closure))
#37 C:\\xampp\\htdocs\\Laravel Projects\\tlight\\vendor\\laravel\\framework\\src\\Illuminate\\Routing\\Pipeline.php(53): Illuminate\\Pipeline\\Pipeline->Illuminate\\Pipeline\\{closure}(Object(Illuminate\\Http\\Request))
#38 C:\\xampp\\htdocs\\Laravel Projects\\tlight\\vendor\\laravel\\framework\\src\\Illuminate\\Pipeline\\Pipeline.php(104): Illuminate\\Routing\\Pipeline->Illuminate\\Routing\\{closure}(Object(Illuminate\\Http\\Request))
#39 C:\\xampp\\htdocs\\Laravel Projects\\tlight\\vendor\\laravel\\framework\\src\\Illuminate\\Routing\\Router.php(682): Illuminate\\Pipeline\\Pipeline->then(Object(Closure))
#40 C:\\xampp\\htdocs\\Laravel Projects\\tlight\\vendor\\laravel\\framework\\src\\Illuminate\\Routing\\Router.php(657): Illuminate\\Routing\\Router->runRouteWithinStack(Object(Illuminate\\Routing\\Route), Object(Illuminate\\Http\\Request))
#41 C:\\xampp\\htdocs\\Laravel Projects\\tlight\\vendor\\laravel\\framework\\src\\Illuminate\\Routing\\Router.php(623): Illuminate\\Routing\\Router->runRoute(Object(Illuminate\\Http\\Request), Object(Illuminate\\Routing\\Route))
#42 C:\\xampp\\htdocs\\Laravel Projects\\tlight\\vendor\\laravel\\framework\\src\\Illuminate\\Routing\\Router.php(612): Illuminate\\Routing\\Router->dispatchToRoute(Object(Illuminate\\Http\\Request))
#43 C:\\xampp\\htdocs\\Laravel Projects\\tlight\\vendor\\laravel\\framework\\src\\Illuminate\\Foundation\\Http\\Kernel.php(176): Illuminate\\Routing\\Router->dispatch(Object(Illuminate\\Http\\Request))
#44 C:\\xampp\\htdocs\\Laravel Projects\\tlight\\vendor\\laravel\\framework\\src\\Illuminate\\Routing\\Pipeline.php(30): Illuminate\\Foundation\\Http\\Kernel->Illuminate\\Foundation\\Http\\{closure}(Object(Illuminate\\Http\\Request))
#45 C:\\xampp\\htdocs\\Laravel Projects\\tlight\\vendor\\fideloper\\proxy\\src\\TrustProxies.php(57): Illuminate\\Routing\\Pipeline->Illuminate\\Routing\\{closure}(Object(Illuminate\\Http\\Request))
#46 C:\\xampp\\htdocs\\Laravel Projects\\tlight\\vendor\\laravel\\framework\\src\\Illuminate\\Pipeline\\Pipeline.php(163): Fideloper\\Proxy\\TrustProxies->handle(Object(Illuminate\\Http\\Request), Object(Closure))
#47 C:\\xampp\\htdocs\\Laravel Projects\\tlight\\vendor\\laravel\\framework\\src\\Illuminate\\Routing\\Pipeline.php(53): Illuminate\\Pipeline\\Pipeline->Illuminate\\Pipeline\\{closure}(Object(Illuminate\\Http\\Request))
#48 C:\\xampp\\htdocs\\Laravel Projects\\tlight\\vendor\\laravel\\framework\\src\\Illuminate\\Foundation\\Http\\Middleware\\TransformsRequest.php(21): Illuminate\\Routing\\Pipeline->Illuminate\\Routing\\{closure}(Object(Illuminate\\Http\\Request))
#49 C:\\xampp\\htdocs\\Laravel Projects\\tlight\\vendor\\laravel\\framework\\src\\Illuminate\\Pipeline\\Pipeline.php(163): Illuminate\\Foundation\\Http\\Middleware\\TransformsRequest->handle(Object(Illuminate\\Http\\Request), Object(Closure))
#50 C:\\xampp\\htdocs\\Laravel Projects\\tlight\\vendor\\laravel\\framework\\src\\Illuminate\\Routing\\Pipeline.php(53): Illuminate\\Pipeline\\Pipeline->Illuminate\\Pipeline\\{closure}(Object(Illuminate\\Http\\Request))
#51 C:\\xampp\\htdocs\\Laravel Projects\\tlight\\vendor\\laravel\\framework\\src\\Illuminate\\Foundation\\Http\\Middleware\\TransformsRequest.php(21): Illuminate\\Routing\\Pipeline->Illuminate\\Routing\\{closure}(Object(Illuminate\\Http\\Request))
#52 C:\\xampp\\htdocs\\Laravel Projects\\tlight\\vendor\\laravel\\framework\\src\\Illuminate\\Pipeline\\Pipeline.php(163): Illuminate\\Foundation\\Http\\Middleware\\TransformsRequest->handle(Object(Illuminate\\Http\\Request), Object(Closure))
#53 C:\\xampp\\htdocs\\Laravel Projects\\tlight\\vendor\\laravel\\framework\\src\\Illuminate\\Routing\\Pipeline.php(53): Illuminate\\Pipeline\\Pipeline->Illuminate\\Pipeline\\{closure}(Object(Illuminate\\Http\\Request))
#54 C:\\xampp\\htdocs\\Laravel Projects\\tlight\\vendor\\laravel\\framework\\src\\Illuminate\\Foundation\\Http\\Middleware\\ValidatePostSize.php(27): Illuminate\\Routing\\Pipeline->Illuminate\\Routing\\{closure}(Object(Illuminate\\Http\\Request))
#55 C:\\xampp\\htdocs\\Laravel Projects\\tlight\\vendor\\laravel\\framework\\src\\Illuminate\\Pipeline\\Pipeline.php(163): Illuminate\\Foundation\\Http\\Middleware\\ValidatePostSize->handle(Object(Illuminate\\Http\\Request), Object(Closure))
#56 C:\\xampp\\htdocs\\Laravel Projects\\tlight\\vendor\\laravel\\framework\\src\\Illuminate\\Routing\\Pipeline.php(53): Illuminate\\Pipeline\\Pipeline->Illuminate\\Pipeline\\{closure}(Object(Illuminate\\Http\\Request))
#57 C:\\xampp\\htdocs\\Laravel Projects\\tlight\\vendor\\laravel\\framework\\src\\Illuminate\\Foundation\\Http\\Middleware\\CheckForMaintenanceMode.php(62): Illuminate\\Routing\\Pipeline->Illuminate\\Routing\\{closure}(Object(Illuminate\\Http\\Request))
#58 C:\\xampp\\htdocs\\Laravel Projects\\tlight\\vendor\\laravel\\framework\\src\\Illuminate\\Pipeline\\Pipeline.php(163): Illuminate\\Foundation\\Http\\Middleware\\CheckForMaintenanceMode->handle(Object(Illuminate\\Http\\Request), Object(Closure))
#59 C:\\xampp\\htdocs\\Laravel Projects\\tlight\\vendor\\laravel\\framework\\src\\Illuminate\\Routing\\Pipeline.php(53): Illuminate\\Pipeline\\Pipeline->Illuminate\\Pipeline\\{closure}(Object(Illuminate\\Http\\Request))
#60 C:\\xampp\\htdocs\\Laravel Projects\\tlight\\vendor\\laravel\\framework\\src\\Illuminate\\Pipeline\\Pipeline.php(104): Illuminate\\Routing\\Pipeline->Illuminate\\Routing\\{closure}(Object(Illuminate\\Http\\Request))
#61 C:\\xampp\\htdocs\\Laravel Projects\\tlight\\vendor\\laravel\\framework\\src\\Illuminate\\Foundation\\Http\\Kernel.php(151): Illuminate\\Pipeline\\Pipeline->then(Object(Closure))
#62 C:\\xampp\\htdocs\\Laravel Projects\\tlight\\vendor\\laravel\\framework\\src\\Illuminate\\Foundation\\Http\\Kernel.php(116): Illuminate\\Foundation\\Http\\Kernel->sendRequestThroughRouter(Object(Illuminate\\Http\\Request))
#63 C:\\xampp\\htdocs\\Laravel Projects\\tlight\\public\\index.php(55): Illuminate\\Foundation\\Http\\Kernel->handle(Object(Illuminate\\Http\\Request))
#64 C:\\xampp\\htdocs\\Laravel Projects\\tlight\\server.php(21): require_once('C:\\\\xampp\\\\htdocs...')
#65 {main}
"} 
[2020-11-04 16:17:35] local.ERROR: Property [id] does not exist on this collection instance. (View: C:\xampp\htdocs\Laravel Projects\tlight\resources\views\admin\settings\edit.blade.php) {"userId":1,"exception":"[object] (ErrorException(code: 0): Property [id] does not exist on this collection instance. (View: C:\\xampp\\htdocs\\Laravel Projects\\tlight\esources\\views\\admin\\settings\\edit.blade.php) at C:\\xampp\\htdocs\\Laravel Projects\\tlight\\vendor\\laravel\\framework\\src\\Illuminate\\Support\\Collection.php:2160, Exception(code: 0): Property [id] does not exist on this collection instance. at C:\\xampp\\htdocs\\Laravel Projects\\tlight\\vendor\\laravel\\framework\\src\\Illuminate\\Support\\Collection.php:2160)
[stacktrace]
#0 C:\\xampp\\htdocs\\Laravel Projects\\tlight\\vendor\\laravel\\framework\\src\\Illuminate\\View\\Engines\\PhpEngine.php(45): Illuminate\\View\\Engines\\CompilerEngine->handleViewException(Object(Exception), 1)
#1 C:\\xampp\\htdocs\\Laravel Projects\\tlight\\vendor\\laravel\\framework\\src\\Illuminate\\View\\Engines\\CompilerEngine.php(59): Illuminate\\View\\Engines\\PhpEngine->evaluatePath('C:\\\\xampp\\\\htdocs...', Array)
#2 C:\\xampp\\htdocs\\Laravel Projects\\tlight\\vendor\\laravel\\framework\\src\\Illuminate\\View\\View.php(142): Illuminate\\View\\Engines\\CompilerEngine->get('C:\\\\xampp\\\\htdocs...', Array)
#3 C:\\xampp\\htdocs\\Laravel Projects\\tlight\\vendor\\laravel\\framework\\src\\Illuminate\\View\\View.php(125): Illuminate\\View\\View->getContents()
#4 C:\\xampp\\htdocs\\Laravel Projects\\tlight\\vendor\\laravel\\framework\\src\\Illuminate\\View\\View.php(90): Illuminate\\View\\View->renderContents()
#5 C:\\xampp\\htdocs\\Laravel Projects\\tlight\\vendor\\laravel\\framework\\src\\Illuminate\\Http\\Response.php(42): Illuminate\\View\\View->render()
#6 C:\\xampp\\htdocs\\Laravel Projects\\tlight\\vendor\\symfony\\http-foundation\\Response.php(205): Illuminate\\Http\\Response->setContent(Object(Illuminate\\View\\View))
#7 C:\\xampp\\htdocs\\Laravel Projects\\tlight\\vendor\\laravel\\framework\\src\\Illuminate\\Routing\\Router.php(748): Symfony\\Component\\HttpFoundation\\Response->__construct(Object(Illuminate\\View\\View))
#8 C:\\xampp\\htdocs\\Laravel Projects\\tlight\\vendor\\laravel\\framework\\src\\Illuminate\\Routing\\Router.php(720): Illuminate\\Routing\\Router::toResponse(Object(Illuminate\\Http\\Request), Object(Illuminate\\View\\View))
#9 C:\\xampp\\htdocs\\Laravel Projects\\tlight\\vendor\\laravel\\framework\\src\\Illuminate\\Routing\\Router.php(680): Illuminate\\Routing\\Router->prepareResponse(Object(Illuminate\\Http\\Request), Object(Illuminate\\View\\View))
#10 C:\\xampp\\htdocs\\Laravel Projects\\tlight\\vendor\\laravel\\framework\\src\\Illuminate\\Routing\\Pipeline.php(30): Illuminate\\Routing\\Router->Illuminate\\Routing\\{closure}(Object(Illuminate\\Http\\Request))
#11 C:\\xampp\\htdocs\\Laravel Projects\\tlight\\app\\Http\\Middleware\\SwitchUser.php(22): Illuminate\\Routing\\Pipeline->Illuminate\\Routing\\{closure}(Object(Illuminate\\Http\\Request))
#12 C:\\xampp\\htdocs\\Laravel Projects\\tlight\\vendor\\laravel\\framework\\src\\Illuminate\\Pipeline\\Pipeline.php(163): App\\Http\\Middleware\\SwitchUser->handle(Object(Illuminate\\Http\\Request), Object(Closure))
#13 C:\\xampp\\htdocs\\Laravel Projects\\tlight\\vendor\\laravel\\framework\\src\\Illuminate\\Routing\\Pipeline.php(53): Illuminate\\Pipeline\\Pipeline->Illuminate\\Pipeline\\{closure}(Object(Illuminate\\Http\\Request))
#14 C:\\xampp\\htdocs\\Laravel Projects\\tlight\\vendor\\laravel\\framework\\src\\Illuminate\\Auth\\Middleware\\EnsureEmailIsVerified.php(29): Illuminate\\Routing\\Pipeline->Illuminate\\Routing\\{closure}(Object(Illuminate\\Http\\Request))
#15 C:\\xampp\\htdocs\\Laravel Projects\\tlight\\vendor\\laravel\\framework\\src\\Illuminate\\Pipeline\\Pipeline.php(163): Illuminate\\Auth\\Middleware\\EnsureEmailIsVerified->handle(Object(Illuminate\\Http\\Request), Object(Closure))
#16 C:\\xampp\\htdocs\\Laravel Projects\\tlight\\vendor\\laravel\\framework\\src\\Illuminate\\Routing\\Pipeline.php(53): Illuminate\\Pipeline\\Pipeline->Illuminate\\Pipeline\\{closure}(Object(Illuminate\\Http\\Request))
#17 C:\\xampp\\htdocs\\Laravel Projects\\tlight\\vendor\\laravel\\framework\\src\\Illuminate\\Routing\\Middleware\\SubstituteBindings.php(41): Illuminate\\Routing\\Pipeline->Illuminate\\Routing\\{closure}(Object(Illuminate\\Http\\Request))
#18 C:\\xampp\\htdocs\\Laravel Projects\\tlight\\vendor\\laravel\\framework\\src\\Illuminate\\Pipeline\\Pipeline.php(163): Illuminate\\Routing\\Middleware\\SubstituteBindings->handle(Object(Illuminate\\Http\\Request), Object(Closure))
#19 C:\\xampp\\htdocs\\Laravel Projects\\tlight\\vendor\\laravel\\framework\\src\\Illuminate\\Routing\\Pipeline.php(53): Illuminate\\Pipeline\\Pipeline->Illuminate\\Pipeline\\{closure}(Object(Illuminate\\Http\\Request))
#20 C:\\xampp\\htdocs\\Laravel Projects\\tlight\\vendor\\laravel\\framework\\src\\Illuminate\\Auth\\Middleware\\Authenticate.php(43): Illuminate\\Routing\\Pipeline->Illuminate\\Routing\\{closure}(Object(Illuminate\\Http\\Request))
#21 C:\\xampp\\htdocs\\Laravel Projects\\tlight\\vendor\\laravel\\framework\\src\\Illuminate\\Pipeline\\Pipeline.php(163): Illuminate\\Auth\\Middleware\\Authenticate->handle(Object(Illuminate\\Http\\Request), Object(Closure))
#22 C:\\xampp\\htdocs\\Laravel Projects\\tlight\\vendor\\laravel\\framework\\src\\Illuminate\\Routing\\Pipeline.php(53): Illuminate\\Pipeline\\Pipeline->Illuminate\\Pipeline\\{closure}(Object(Illuminate\\Http\\Request))
#23 C:\\xampp\\htdocs\\Laravel Projects\\tlight\\vendor\\laravel\\framework\\src\\Illuminate\\Foundation\\Http\\Middleware\\VerifyCsrfToken.php(75): Illuminate\\Routing\\Pipeline->Illuminate\\Routing\\{closure}(Object(Illuminate\\Http\\Request))
#24 C:\\xampp\\htdocs\\Laravel Projects\\tlight\\vendor\\laravel\\framework\\src\\Illuminate\\Pipeline\\Pipeline.php(163): Illuminate\\Foundation\\Http\\Middleware\\VerifyCsrfToken->handle(Object(Illuminate\\Http\\Request), Object(Closure))
#25 C:\\xampp\\htdocs\\Laravel Projects\\tlight\\vendor\\laravel\\framework\\src\\Illuminate\\Routing\\Pipeline.php(53): Illuminate\\Pipeline\\Pipeline->Illuminate\\Pipeline\\{closure}(Object(Illuminate\\Http\\Request))
#26 C:\\xampp\\htdocs\\Laravel Projects\\tlight\\vendor\\laravel\\framework\\src\\Illuminate\\View\\Middleware\\ShareErrorsFromSession.php(49): Illuminate\\Routing\\Pipeline->Illuminate\\Routing\\{closure}(Object(Illuminate\\Http\\Request))
#27 C:\\xampp\\htdocs\\Laravel Projects\\tlight\\vendor\\laravel\\framework\\src\\Illuminate\\Pipeline\\Pipeline.php(163): Illuminate\\View\\Middleware\\ShareErrorsFromSession->handle(Object(Illuminate\\Http\\Request), Object(Closure))
#28 C:\\xampp\\htdocs\\Laravel Projects\\tlight\\vendor\\laravel\\framework\\src\\Illuminate\\Routing\\Pipeline.php(53): Illuminate\\Pipeline\\Pipeline->Illuminate\\Pipeline\\{closure}(Object(Illuminate\\Http\\Request))
#29 C:\\xampp\\htdocs\\Laravel Projects\\tlight\\vendor\\laravel\\framework\\src\\Illuminate\\Session\\Middleware\\StartSession.php(56): Illuminate\\Routing\\Pipeline->Illuminate\\Routing\\{closure}(Object(Illuminate\\Http\\Request))
#30 C:\\xampp\\htdocs\\Laravel Projects\\tlight\\vendor\\laravel\\framework\\src\\Illuminate\\Pipeline\\Pipeline.php(163): Illuminate\\Session\\Middleware\\StartSession->handle(Object(Illuminate\\Http\\Request), Object(Closure))
#31 C:\\xampp\\htdocs\\Laravel Projects\\tlight\\vendor\\laravel\\framework\\src\\Illuminate\\Routing\\Pipeline.php(53): Illuminate\\Pipeline\\Pipeline->Illuminate\\Pipeline\\{closure}(Object(Illuminate\\Http\\Request))
#32 C:\\xampp\\htdocs\\Laravel Projects\\tlight\\vendor\\laravel\\framework\\src\\Illuminate\\Cookie\\Middleware\\AddQueuedCookiesToResponse.php(37): Illuminate\\Routing\\Pipeline->Illuminate\\Routing\\{closure}(Object(Illuminate\\Http\\Request))
#33 C:\\xampp\\htdocs\\Laravel Projects\\tlight\\vendor\\laravel\\framework\\src\\Illuminate\\Pipeline\\Pipeline.php(163): Illuminate\\Cookie\\Middleware\\AddQueuedCookiesToResponse->handle(Object(Illuminate\\Http\\Request), Object(Closure))
#34 C:\\xampp\\htdocs\\Laravel Projects\\tlight\\vendor\\laravel\\framework\\src\\Illuminate\\Routing\\Pipeline.php(53): Illuminate\\Pipeline\\Pipeline->Illuminate\\Pipeline\\{closure}(Object(Illuminate\\Http\\Request))
#35 C:\\xampp\\htdocs\\Laravel Projects\\tlight\\vendor\\laravel\\framework\\src\\Illuminate\\Cookie\\Middleware\\EncryptCookies.php(66): Illuminate\\Routing\\Pipeline->Illuminate\\Routing\\{closure}(Object(Illuminate\\Http\\Request))
#36 C:\\xampp\\htdocs\\Laravel Projects\\tlight\\vendor\\laravel\\framework\\src\\Illuminate\\Pipeline\\Pipeline.php(163): Illuminate\\Cookie\\Middleware\\EncryptCookies->handle(Object(Illuminate\\Http\\Request), Object(Closure))
#37 C:\\xampp\\htdocs\\Laravel Projects\\tlight\\vendor\\laravel\\framework\\src\\Illuminate\\Routing\\Pipeline.php(53): Illuminate\\Pipeline\\Pipeline->Illuminate\\Pipeline\\{closure}(Object(Illuminate\\Http\\Request))
#38 C:\\xampp\\htdocs\\Laravel Projects\\tlight\\vendor\\laravel\\framework\\src\\Illuminate\\Pipeline\\Pipeline.php(104): Illuminate\\Routing\\Pipeline->Illuminate\\Routing\\{closure}(Object(Illuminate\\Http\\Request))
#39 C:\\xampp\\htdocs\\Laravel Projects\\tlight\\vendor\\laravel\\framework\\src\\Illuminate\\Routing\\Router.php(682): Illuminate\\Pipeline\\Pipeline->then(Object(Closure))
#40 C:\\xampp\\htdocs\\Laravel Projects\\tlight\\vendor\\laravel\\framework\\src\\Illuminate\\Routing\\Router.php(657): Illuminate\\Routing\\Router->runRouteWithinStack(Object(Illuminate\\Routing\\Route), Object(Illuminate\\Http\\Request))
#41 C:\\xampp\\htdocs\\Laravel Projects\\tlight\\vendor\\laravel\\framework\\src\\Illuminate\\Routing\\Router.php(623): Illuminate\\Routing\\Router->runRoute(Object(Illuminate\\Http\\Request), Object(Illuminate\\Routing\\Route))
#42 C:\\xampp\\htdocs\\Laravel Projects\\tlight\\vendor\\laravel\\framework\\src\\Illuminate\\Routing\\Router.php(612): Illuminate\\Routing\\Router->dispatchToRoute(Object(Illuminate\\Http\\Request))
#43 C:\\xampp\\htdocs\\Laravel Projects\\tlight\\vendor\\laravel\\framework\\src\\Illuminate\\Foundation\\Http\\Kernel.php(176): Illuminate\\Routing\\Router->dispatch(Object(Illuminate\\Http\\Request))
#44 C:\\xampp\\htdocs\\Laravel Projects\\tlight\\vendor\\laravel\\framework\\src\\Illuminate\\Routing\\Pipeline.php(30): Illuminate\\Foundation\\Http\\Kernel->Illuminate\\Foundation\\Http\\{closure}(Object(Illuminate\\Http\\Request))
#45 C:\\xampp\\htdocs\\Laravel Projects\\tlight\\vendor\\fideloper\\proxy\\src\\TrustProxies.php(57): Illuminate\\Routing\\Pipeline->Illuminate\\Routing\\{closure}(Object(Illuminate\\Http\\Request))
#46 C:\\xampp\\htdocs\\Laravel Projects\\tlight\\vendor\\laravel\\framework\\src\\Illuminate\\Pipeline\\Pipeline.php(163): Fideloper\\Proxy\\TrustProxies->handle(Object(Illuminate\\Http\\Request), Object(Closure))
#47 C:\\xampp\\htdocs\\Laravel Projects\\tlight\\vendor\\laravel\\framework\\src\\Illuminate\\Routing\\Pipeline.php(53): Illuminate\\Pipeline\\Pipeline->Illuminate\\Pipeline\\{closure}(Object(Illuminate\\Http\\Request))
#48 C:\\xampp\\htdocs\\Laravel Projects\\tlight\\vendor\\laravel\\framework\\src\\Illuminate\\Foundation\\Http\\Middleware\\TransformsRequest.php(21): Illuminate\\Routing\\Pipeline->Illuminate\\Routing\\{closure}(Object(Illuminate\\Http\\Request))
#49 C:\\xampp\\htdocs\\Laravel Projects\\tlight\\vendor\\laravel\\framework\\src\\Illuminate\\Pipeline\\Pipeline.php(163): Illuminate\\Foundation\\Http\\Middleware\\TransformsRequest->handle(Object(Illuminate\\Http\\Request), Object(Closure))
#50 C:\\xampp\\htdocs\\Laravel Projects\\tlight\\vendor\\laravel\\framework\\src\\Illuminate\\Routing\\Pipeline.php(53): Illuminate\\Pipeline\\Pipeline->Illuminate\\Pipeline\\{closure}(Object(Illuminate\\Http\\Request))
#51 C:\\xampp\\htdocs\\Laravel Projects\\tlight\\vendor\\laravel\\framework\\src\\Illuminate\\Foundation\\Http\\Middleware\\TransformsRequest.php(21): Illuminate\\Routing\\Pipeline->Illuminate\\Routing\\{closure}(Object(Illuminate\\Http\\Request))
#52 C:\\xampp\\htdocs\\Laravel Projects\\tlight\\vendor\\laravel\\framework\\src\\Illuminate\\Pipeline\\Pipeline.php(163): Illuminate\\Foundation\\Http\\Middleware\\TransformsRequest->handle(Object(Illuminate\\Http\\Request), Object(Closure))
#53 C:\\xampp\\htdocs\\Laravel Projects\\tlight\\vendor\\laravel\\framework\\src\\Illuminate\\Routing\\Pipeline.php(53): Illuminate\\Pipeline\\Pipeline->Illuminate\\Pipeline\\{closure}(Object(Illuminate\\Http\\Request))
#54 C:\\xampp\\htdocs\\Laravel Projects\\tlight\\vendor\\laravel\\framework\\src\\Illuminate\\Foundation\\Http\\Middleware\\ValidatePostSize.php(27): Illuminate\\Routing\\Pipeline->Illuminate\\Routing\\{closure}(Object(Illuminate\\Http\\Request))
#55 C:\\xampp\\htdocs\\Laravel Projects\\tlight\\vendor\\laravel\\framework\\src\\Illuminate\\Pipeline\\Pipeline.php(163): Illuminate\\Foundation\\Http\\Middleware\\ValidatePostSize->handle(Object(Illuminate\\Http\\Request), Object(Closure))
#56 C:\\xampp\\htdocs\\Laravel Projects\\tlight\\vendor\\laravel\\framework\\src\\Illuminate\\Routing\\Pipeline.php(53): Illuminate\\Pipeline\\Pipeline->Illuminate\\Pipeline\\{closure}(Object(Illuminate\\Http\\Request))
#57 C:\\xampp\\htdocs\\Laravel Projects\\tlight\\vendor\\laravel\\framework\\src\\Illuminate\\Foundation\\Http\\Middleware\\CheckForMaintenanceMode.php(62): Illuminate\\Routing\\Pipeline->Illuminate\\Routing\\{closure}(Object(Illuminate\\Http\\Request))
#58 C:\\xampp\\htdocs\\Laravel Projects\\tlight\\vendor\\laravel\\framework\\src\\Illuminate\\Pipeline\\Pipeline.php(163): Illuminate\\Foundation\\Http\\Middleware\\CheckForMaintenanceMode->handle(Object(Illuminate\\Http\\Request), Object(Closure))
#59 C:\\xampp\\htdocs\\Laravel Projects\\tlight\\vendor\\laravel\\framework\\src\\Illuminate\\Routing\\Pipeline.php(53): Illuminate\\Pipeline\\Pipeline->Illuminate\\Pipeline\\{closure}(Object(Illuminate\\Http\\Request))
#60 C:\\xampp\\htdocs\\Laravel Projects\\tlight\\vendor\\laravel\\framework\\src\\Illuminate\\Pipeline\\Pipeline.php(104): Illuminate\\Routing\\Pipeline->Illuminate\\Routing\\{closure}(Object(Illuminate\\Http\\Request))
#61 C:\\xampp\\htdocs\\Laravel Projects\\tlight\\vendor\\laravel\\framework\\src\\Illuminate\\Foundation\\Http\\Kernel.php(151): Illuminate\\Pipeline\\Pipeline->then(Object(Closure))
#62 C:\\xampp\\htdocs\\Laravel Projects\\tlight\\vendor\\laravel\\framework\\src\\Illuminate\\Foundation\\Http\\Kernel.php(116): Illuminate\\Foundation\\Http\\Kernel->sendRequestThroughRouter(Object(Illuminate\\Http\\Request))
#63 C:\\xampp\\htdocs\\Laravel Projects\\tlight\\public\\index.php(55): Illuminate\\Foundation\\Http\\Kernel->handle(Object(Illuminate\\Http\\Request))
#64 C:\\xampp\\htdocs\\Laravel Projects\\tlight\\server.php(21): require_once('C:\\\\xampp\\\\htdocs...')
#65 {main}
"} 
[2020-11-04 16:18:21] local.ERROR: Property [settingname] does not exist on this collection instance. (View: C:\xampp\htdocs\Laravel Projects\tlight\resources\views\admin\settings\edit.blade.php) {"userId":1,"exception":"[object] (ErrorException(code: 0): Property [settingname] does not exist on this collection instance. (View: C:\\xampp\\htdocs\\Laravel Projects\\tlight\esources\\views\\admin\\settings\\edit.blade.php) at C:\\xampp\\htdocs\\Laravel Projects\\tlight\\vendor\\laravel\\framework\\src\\Illuminate\\Support\\Collection.php:2160, Exception(code: 0): Property [settingname] does not exist on this collection instance. at C:\\xampp\\htdocs\\Laravel Projects\\tlight\\vendor\\laravel\\framework\\src\\Illuminate\\Support\\Collection.php:2160)
[stacktrace]
#0 C:\\xampp\\htdocs\\Laravel Projects\\tlight\\vendor\\laravel\\framework\\src\\Illuminate\\View\\Engines\\PhpEngine.php(45): Illuminate\\View\\Engines\\CompilerEngine->handleViewException(Object(Exception), 1)
#1 C:\\xampp\\htdocs\\Laravel Projects\\tlight\\vendor\\laravel\\framework\\src\\Illuminate\\View\\Engines\\CompilerEngine.php(59): Illuminate\\View\\Engines\\PhpEngine->evaluatePath('C:\\\\xampp\\\\htdocs...', Array)
#2 C:\\xampp\\htdocs\\Laravel Projects\\tlight\\vendor\\laravel\\framework\\src\\Illuminate\\View\\View.php(142): Illuminate\\View\\Engines\\CompilerEngine->get('C:\\\\xampp\\\\htdocs...', Array)
#3 C:\\xampp\\htdocs\\Laravel Projects\\tlight\\vendor\\laravel\\framework\\src\\Illuminate\\View\\View.php(125): Illuminate\\View\\View->getContents()
#4 C:\\xampp\\htdocs\\Laravel Projects\\tlight\\vendor\\laravel\\framework\\src\\Illuminate\\View\\View.php(90): Illuminate\\View\\View->renderContents()
#5 C:\\xampp\\htdocs\\Laravel Projects\\tlight\\vendor\\laravel\\framework\\src\\Illuminate\\Http\\Response.php(42): Illuminate\\View\\View->render()
#6 C:\\xampp\\htdocs\\Laravel Projects\\tlight\\vendor\\symfony\\http-foundation\\Response.php(205): Illuminate\\Http\\Response->setContent(Object(Illuminate\\View\\View))
#7 C:\\xampp\\htdocs\\Laravel Projects\\tlight\\vendor\\laravel\\framework\\src\\Illuminate\\Routing\\Router.php(748): Symfony\\Component\\HttpFoundation\\Response->__construct(Object(Illuminate\\View\\View))
#8 C:\\xampp\\htdocs\\Laravel Projects\\tlight\\vendor\\laravel\\framework\\src\\Illuminate\\Routing\\Router.php(720): Illuminate\\Routing\\Router::toResponse(Object(Illuminate\\Http\\Request), Object(Illuminate\\View\\View))
#9 C:\\xampp\\htdocs\\Laravel Projects\\tlight\\vendor\\laravel\\framework\\src\\Illuminate\\Routing\\Router.php(680): Illuminate\\Routing\\Router->prepareResponse(Object(Illuminate\\Http\\Request), Object(Illuminate\\View\\View))
#10 C:\\xampp\\htdocs\\Laravel Projects\\tlight\\vendor\\laravel\\framework\\src\\Illuminate\\Routing\\Pipeline.php(30): Illuminate\\Routing\\Router->Illuminate\\Routing\\{closure}(Object(Illuminate\\Http\\Request))
#11 C:\\xampp\\htdocs\\Laravel Projects\\tlight\\app\\Http\\Middleware\\SwitchUser.php(22): Illuminate\\Routing\\Pipeline->Illuminate\\Routing\\{closure}(Object(Illuminate\\Http\\Request))
#12 C:\\xampp\\htdocs\\Laravel Projects\\tlight\\vendor\\laravel\\framework\\src\\Illuminate\\Pipeline\\Pipeline.php(163): App\\Http\\Middleware\\SwitchUser->handle(Object(Illuminate\\Http\\Request), Object(Closure))
#13 C:\\xampp\\htdocs\\Laravel Projects\\tlight\\vendor\\laravel\\framework\\src\\Illuminate\\Routing\\Pipeline.php(53): Illuminate\\Pipeline\\Pipeline->Illuminate\\Pipeline\\{closure}(Object(Illuminate\\Http\\Request))
#14 C:\\xampp\\htdocs\\Laravel Projects\\tlight\\vendor\\laravel\\framework\\src\\Illuminate\\Auth\\Middleware\\EnsureEmailIsVerified.php(29): Illuminate\\Routing\\Pipeline->Illuminate\\Routing\\{closure}(Object(Illuminate\\Http\\Request))
#15 C:\\xampp\\htdocs\\Laravel Projects\\tlight\\vendor\\laravel\\framework\\src\\Illuminate\\Pipeline\\Pipeline.php(163): Illuminate\\Auth\\Middleware\\EnsureEmailIsVerified->handle(Object(Illuminate\\Http\\Request), Object(Closure))
#16 C:\\xampp\\htdocs\\Laravel Projects\\tlight\\vendor\\laravel\\framework\\src\\Illuminate\\Routing\\Pipeline.php(53): Illuminate\\Pipeline\\Pipeline->Illuminate\\Pipeline\\{closure}(Object(Illuminate\\Http\\Request))
#17 C:\\xampp\\htdocs\\Laravel Projects\\tlight\\vendor\\laravel\\framework\\src\\Illuminate\\Routing\\Middleware\\SubstituteBindings.php(41): Illuminate\\Routing\\Pipeline->Illuminate\\Routing\\{closure}(Object(Illuminate\\Http\\Request))
#18 C:\\xampp\\htdocs\\Laravel Projects\\tlight\\vendor\\laravel\\framework\\src\\Illuminate\\Pipeline\\Pipeline.php(163): Illuminate\\Routing\\Middleware\\SubstituteBindings->handle(Object(Illuminate\\Http\\Request), Object(Closure))
#19 C:\\xampp\\htdocs\\Laravel Projects\\tlight\\vendor\\laravel\\framework\\src\\Illuminate\\Routing\\Pipeline.php(53): Illuminate\\Pipeline\\Pipeline->Illuminate\\Pipeline\\{closure}(Object(Illuminate\\Http\\Request))
#20 C:\\xampp\\htdocs\\Laravel Projects\\tlight\\vendor\\laravel\\framework\\src\\Illuminate\\Auth\\Middleware\\Authenticate.php(43): Illuminate\\Routing\\Pipeline->Illuminate\\Routing\\{closure}(Object(Illuminate\\Http\\Request))
#21 C:\\xampp\\htdocs\\Laravel Projects\\tlight\\vendor\\laravel\\framework\\src\\Illuminate\\Pipeline\\Pipeline.php(163): Illuminate\\Auth\\Middleware\\Authenticate->handle(Object(Illuminate\\Http\\Request), Object(Closure))
#22 C:\\xampp\\htdocs\\Laravel Projects\\tlight\\vendor\\laravel\\framework\\src\\Illuminate\\Routing\\Pipeline.php(53): Illuminate\\Pipeline\\Pipeline->Illuminate\\Pipeline\\{closure}(Object(Illuminate\\Http\\Request))
#23 C:\\xampp\\htdocs\\Laravel Projects\\tlight\\vendor\\laravel\\framework\\src\\Illuminate\\Foundation\\Http\\Middleware\\VerifyCsrfToken.php(75): Illuminate\\Routing\\Pipeline->Illuminate\\Routing\\{closure}(Object(Illuminate\\Http\\Request))
#24 C:\\xampp\\htdocs\\Laravel Projects\\tlight\\vendor\\laravel\\framework\\src\\Illuminate\\Pipeline\\Pipeline.php(163): Illuminate\\Foundation\\Http\\Middleware\\VerifyCsrfToken->handle(Object(Illuminate\\Http\\Request), Object(Closure))
#25 C:\\xampp\\htdocs\\Laravel Projects\\tlight\\vendor\\laravel\\framework\\src\\Illuminate\\Routing\\Pipeline.php(53): Illuminate\\Pipeline\\Pipeline->Illuminate\\Pipeline\\{closure}(Object(Illuminate\\Http\\Request))
#26 C:\\xampp\\htdocs\\Laravel Projects\\tlight\\vendor\\laravel\\framework\\src\\Illuminate\\View\\Middleware\\ShareErrorsFromSession.php(49): Illuminate\\Routing\\Pipeline->Illuminate\\Routing\\{closure}(Object(Illuminate\\Http\\Request))
#27 C:\\xampp\\htdocs\\Laravel Projects\\tlight\\vendor\\laravel\\framework\\src\\Illuminate\\Pipeline\\Pipeline.php(163): Illuminate\\View\\Middleware\\ShareErrorsFromSession->handle(Object(Illuminate\\Http\\Request), Object(Closure))
#28 C:\\xampp\\htdocs\\Laravel Projects\\tlight\\vendor\\laravel\\framework\\src\\Illuminate\\Routing\\Pipeline.php(53): Illuminate\\Pipeline\\Pipeline->Illuminate\\Pipeline\\{closure}(Object(Illuminate\\Http\\Request))
#29 C:\\xampp\\htdocs\\Laravel Projects\\tlight\\vendor\\laravel\\framework\\src\\Illuminate\\Session\\Middleware\\StartSession.php(56): Illuminate\\Routing\\Pipeline->Illuminate\\Routing\\{closure}(Object(Illuminate\\Http\\Request))
#30 C:\\xampp\\htdocs\\Laravel Projects\\tlight\\vendor\\laravel\\framework\\src\\Illuminate\\Pipeline\\Pipeline.php(163): Illuminate\\Session\\Middleware\\StartSession->handle(Object(Illuminate\\Http\\Request), Object(Closure))
#31 C:\\xampp\\htdocs\\Laravel Projects\\tlight\\vendor\\laravel\\framework\\src\\Illuminate\\Routing\\Pipeline.php(53): Illuminate\\Pipeline\\Pipeline->Illuminate\\Pipeline\\{closure}(Object(Illuminate\\Http\\Request))
#32 C:\\xampp\\htdocs\\Laravel Projects\\tlight\\vendor\\laravel\\framework\\src\\Illuminate\\Cookie\\Middleware\\AddQueuedCookiesToResponse.php(37): Illuminate\\Routing\\Pipeline->Illuminate\\Routing\\{closure}(Object(Illuminate\\Http\\Request))
#33 C:\\xampp\\htdocs\\Laravel Projects\\tlight\\vendor\\laravel\\framework\\src\\Illuminate\\Pipeline\\Pipeline.php(163): Illuminate\\Cookie\\Middleware\\AddQueuedCookiesToResponse->handle(Object(Illuminate\\Http\\Request), Object(Closure))
#34 C:\\xampp\\htdocs\\Laravel Projects\\tlight\\vendor\\laravel\\framework\\src\\Illuminate\\Routing\\Pipeline.php(53): Illuminate\\Pipeline\\Pipeline->Illuminate\\Pipeline\\{closure}(Object(Illuminate\\Http\\Request))
#35 C:\\xampp\\htdocs\\Laravel Projects\\tlight\\vendor\\laravel\\framework\\src\\Illuminate\\Cookie\\Middleware\\EncryptCookies.php(66): Illuminate\\Routing\\Pipeline->Illuminate\\Routing\\{closure}(Object(Illuminate\\Http\\Request))
#36 C:\\xampp\\htdocs\\Laravel Projects\\tlight\\vendor\\laravel\\framework\\src\\Illuminate\\Pipeline\\Pipeline.php(163): Illuminate\\Cookie\\Middleware\\EncryptCookies->handle(Object(Illuminate\\Http\\Request), Object(Closure))
#37 C:\\xampp\\htdocs\\Laravel Projects\\tlight\\vendor\\laravel\\framework\\src\\Illuminate\\Routing\\Pipeline.php(53): Illuminate\\Pipeline\\Pipeline->Illuminate\\Pipeline\\{closure}(Object(Illuminate\\Http\\Request))
#38 C:\\xampp\\htdocs\\Laravel Projects\\tlight\\vendor\\laravel\\framework\\src\\Illuminate\\Pipeline\\Pipeline.php(104): Illuminate\\Routing\\Pipeline->Illuminate\\Routing\\{closure}(Object(Illuminate\\Http\\Request))
#39 C:\\xampp\\htdocs\\Laravel Projects\\tlight\\vendor\\laravel\\framework\\src\\Illuminate\\Routing\\Router.php(682): Illuminate\\Pipeline\\Pipeline->then(Object(Closure))
#40 C:\\xampp\\htdocs\\Laravel Projects\\tlight\\vendor\\laravel\\framework\\src\\Illuminate\\Routing\\Router.php(657): Illuminate\\Routing\\Router->runRouteWithinStack(Object(Illuminate\\Routing\\Route), Object(Illuminate\\Http\\Request))
#41 C:\\xampp\\htdocs\\Laravel Projects\\tlight\\vendor\\laravel\\framework\\src\\Illuminate\\Routing\\Router.php(623): Illuminate\\Routing\\Router->runRoute(Object(Illuminate\\Http\\Request), Object(Illuminate\\Routing\\Route))
#42 C:\\xampp\\htdocs\\Laravel Projects\\tlight\\vendor\\laravel\\framework\\src\\Illuminate\\Routing\\Router.php(612): Illuminate\\Routing\\Router->dispatchToRoute(Object(Illuminate\\Http\\Request))
#43 C:\\xampp\\htdocs\\Laravel Projects\\tlight\\vendor\\laravel\\framework\\src\\Illuminate\\Foundation\\Http\\Kernel.php(176): Illuminate\\Routing\\Router->dispatch(Object(Illuminate\\Http\\Request))
#44 C:\\xampp\\htdocs\\Laravel Projects\\tlight\\vendor\\laravel\\framework\\src\\Illuminate\\Routing\\Pipeline.php(30): Illuminate\\Foundation\\Http\\Kernel->Illuminate\\Foundation\\Http\\{closure}(Object(Illuminate\\Http\\Request))
#45 C:\\xampp\\htdocs\\Laravel Projects\\tlight\\vendor\\fideloper\\proxy\\src\\TrustProxies.php(57): Illuminate\\Routing\\Pipeline->Illuminate\\Routing\\{closure}(Object(Illuminate\\Http\\Request))
#46 C:\\xampp\\htdocs\\Laravel Projects\\tlight\\vendor\\laravel\\framework\\src\\Illuminate\\Pipeline\\Pipeline.php(163): Fideloper\\Proxy\\TrustProxies->handle(Object(Illuminate\\Http\\Request), Object(Closure))
#47 C:\\xampp\\htdocs\\Laravel Projects\\tlight\\vendor\\laravel\\framework\\src\\Illuminate\\Routing\\Pipeline.php(53): Illuminate\\Pipeline\\Pipeline->Illuminate\\Pipeline\\{closure}(Object(Illuminate\\Http\\Request))
#48 C:\\xampp\\htdocs\\Laravel Projects\\tlight\\vendor\\laravel\\framework\\src\\Illuminate\\Foundation\\Http\\Middleware\\TransformsRequest.php(21): Illuminate\\Routing\\Pipeline->Illuminate\\Routing\\{closure}(Object(Illuminate\\Http\\Request))
#49 C:\\xampp\\htdocs\\Laravel Projects\\tlight\\vendor\\laravel\\framework\\src\\Illuminate\\Pipeline\\Pipeline.php(163): Illuminate\\Foundation\\Http\\Middleware\\TransformsRequest->handle(Object(Illuminate\\Http\\Request), Object(Closure))
#50 C:\\xampp\\htdocs\\Laravel Projects\\tlight\\vendor\\laravel\\framework\\src\\Illuminate\\Routing\\Pipeline.php(53): Illuminate\\Pipeline\\Pipeline->Illuminate\\Pipeline\\{closure}(Object(Illuminate\\Http\\Request))
#51 C:\\xampp\\htdocs\\Laravel Projects\\tlight\\vendor\\laravel\\framework\\src\\Illuminate\\Foundation\\Http\\Middleware\\TransformsRequest.php(21): Illuminate\\Routing\\Pipeline->Illuminate\\Routing\\{closure}(Object(Illuminate\\Http\\Request))
#52 C:\\xampp\\htdocs\\Laravel Projects\\tlight\\vendor\\laravel\\framework\\src\\Illuminate\\Pipeline\\Pipeline.php(163): Illuminate\\Foundation\\Http\\Middleware\\TransformsRequest->handle(Object(Illuminate\\Http\\Request), Object(Closure))
#53 C:\\xampp\\htdocs\\Laravel Projects\\tlight\\vendor\\laravel\\framework\\src\\Illuminate\\Routing\\Pipeline.php(53): Illuminate\\Pipeline\\Pipeline->Illuminate\\Pipeline\\{closure}(Object(Illuminate\\Http\\Request))
#54 C:\\xampp\\htdocs\\Laravel Projects\\tlight\\vendor\\laravel\\framework\\src\\Illuminate\\Foundation\\Http\\Middleware\\ValidatePostSize.php(27): Illuminate\\Routing\\Pipeline->Illuminate\\Routing\\{closure}(Object(Illuminate\\Http\\Request))
#55 C:\\xampp\\htdocs\\Laravel Projects\\tlight\\vendor\\laravel\\framework\\src\\Illuminate\\Pipeline\\Pipeline.php(163): Illuminate\\Foundation\\Http\\Middleware\\ValidatePostSize->handle(Object(Illuminate\\Http\\Request), Object(Closure))
#56 C:\\xampp\\htdocs\\Laravel Projects\\tlight\\vendor\\laravel\\framework\\src\\Illuminate\\Routing\\Pipeline.php(53): Illuminate\\Pipeline\\Pipeline->Illuminate\\Pipeline\\{closure}(Object(Illuminate\\Http\\Request))
#57 C:\\xampp\\htdocs\\Laravel Projects\\tlight\\vendor\\laravel\\framework\\src\\Illuminate\\Foundation\\Http\\Middleware\\CheckForMaintenanceMode.php(62): Illuminate\\Routing\\Pipeline->Illuminate\\Routing\\{closure}(Object(Illuminate\\Http\\Request))
#58 C:\\xampp\\htdocs\\Laravel Projects\\tlight\\vendor\\laravel\\framework\\src\\Illuminate\\Pipeline\\Pipeline.php(163): Illuminate\\Foundation\\Http\\Middleware\\CheckForMaintenanceMode->handle(Object(Illuminate\\Http\\Request), Object(Closure))
#59 C:\\xampp\\htdocs\\Laravel Projects\\tlight\\vendor\\laravel\\framework\\src\\Illuminate\\Routing\\Pipeline.php(53): Illuminate\\Pipeline\\Pipeline->Illuminate\\Pipeline\\{closure}(Object(Illuminate\\Http\\Request))
#60 C:\\xampp\\htdocs\\Laravel Projects\\tlight\\vendor\\laravel\\framework\\src\\Illuminate\\Pipeline\\Pipeline.php(104): Illuminate\\Routing\\Pipeline->Illuminate\\Routing\\{closure}(Object(Illuminate\\Http\\Request))
#61 C:\\xampp\\htdocs\\Laravel Projects\\tlight\\vendor\\laravel\\framework\\src\\Illuminate\\Foundation\\Http\\Kernel.php(151): Illuminate\\Pipeline\\Pipeline->then(Object(Closure))
#62 C:\\xampp\\htdocs\\Laravel Projects\\tlight\\vendor\\laravel\\framework\\src\\Illuminate\\Foundation\\Http\\Kernel.php(116): Illuminate\\Foundation\\Http\\Kernel->sendRequestThroughRouter(Object(Illuminate\\Http\\Request))
#63 C:\\xampp\\htdocs\\Laravel Projects\\tlight\\public\\index.php(55): Illuminate\\Foundation\\Http\\Kernel->handle(Object(Illuminate\\Http\\Request))
#64 C:\\xampp\\htdocs\\Laravel Projects\\tlight\\server.php(21): require_once('C:\\\\xampp\\\\htdocs...')
#65 {main}
"} 
[2020-11-04 16:20:06] local.ERROR: Property [settingname] does not exist on this collection instance. (View: C:\xampp\htdocs\Laravel Projects\tlight\resources\views\admin\settings\edit.blade.php) {"userId":1,"exception":"[object] (ErrorException(code: 0): Property [settingname] does not exist on this collection instance. (View: C:\\xampp\\htdocs\\Laravel Projects\\tlight\esources\\views\\admin\\settings\\edit.blade.php) at C:\\xampp\\htdocs\\Laravel Projects\\tlight\\vendor\\laravel\\framework\\src\\Illuminate\\Support\\Collection.php:2160, Exception(code: 0): Property [settingname] does not exist on this collection instance. at C:\\xampp\\htdocs\\Laravel Projects\\tlight\\vendor\\laravel\\framework\\src\\Illuminate\\Support\\Collection.php:2160)
[stacktrace]
#0 C:\\xampp\\htdocs\\Laravel Projects\\tlight\\vendor\\laravel\\framework\\src\\Illuminate\\View\\Engines\\PhpEngine.php(45): Illuminate\\View\\Engines\\CompilerEngine->handleViewException(Object(Exception), 1)
#1 C:\\xampp\\htdocs\\Laravel Projects\\tlight\\vendor\\laravel\\framework\\src\\Illuminate\\View\\Engines\\CompilerEngine.php(59): Illuminate\\View\\Engines\\PhpEngine->evaluatePath('C:\\\\xampp\\\\htdocs...', Array)
#2 C:\\xampp\\htdocs\\Laravel Projects\\tlight\\vendor\\laravel\\framework\\src\\Illuminate\\View\\View.php(142): Illuminate\\View\\Engines\\CompilerEngine->get('C:\\\\xampp\\\\htdocs...', Array)
#3 C:\\xampp\\htdocs\\Laravel Projects\\tlight\\vendor\\laravel\\framework\\src\\Illuminate\\View\\View.php(125): Illuminate\\View\\View->getContents()
#4 C:\\xampp\\htdocs\\Laravel Projects\\tlight\\vendor\\laravel\\framework\\src\\Illuminate\\View\\View.php(90): Illuminate\\View\\View->renderContents()
#5 C:\\xampp\\htdocs\\Laravel Projects\\tlight\\vendor\\laravel\\framework\\src\\Illuminate\\Http\\Response.php(42): Illuminate\\View\\View->render()
#6 C:\\xampp\\htdocs\\Laravel Projects\\tlight\\vendor\\symfony\\http-foundation\\Response.php(205): Illuminate\\Http\\Response->setContent(Object(Illuminate\\View\\View))
#7 C:\\xampp\\htdocs\\Laravel Projects\\tlight\\vendor\\laravel\\framework\\src\\Illuminate\\Routing\\Router.php(748): Symfony\\Component\\HttpFoundation\\Response->__construct(Object(Illuminate\\View\\View))
#8 C:\\xampp\\htdocs\\Laravel Projects\\tlight\\vendor\\laravel\\framework\\src\\Illuminate\\Routing\\Router.php(720): Illuminate\\Routing\\Router::toResponse(Object(Illuminate\\Http\\Request), Object(Illuminate\\View\\View))
#9 C:\\xampp\\htdocs\\Laravel Projects\\tlight\\vendor\\laravel\\framework\\src\\Illuminate\\Routing\\Router.php(680): Illuminate\\Routing\\Router->prepareResponse(Object(Illuminate\\Http\\Request), Object(Illuminate\\View\\View))
#10 C:\\xampp\\htdocs\\Laravel Projects\\tlight\\vendor\\laravel\\framework\\src\\Illuminate\\Routing\\Pipeline.php(30): Illuminate\\Routing\\Router->Illuminate\\Routing\\{closure}(Object(Illuminate\\Http\\Request))
#11 C:\\xampp\\htdocs\\Laravel Projects\\tlight\\app\\Http\\Middleware\\SwitchUser.php(22): Illuminate\\Routing\\Pipeline->Illuminate\\Routing\\{closure}(Object(Illuminate\\Http\\Request))
#12 C:\\xampp\\htdocs\\Laravel Projects\\tlight\\vendor\\laravel\\framework\\src\\Illuminate\\Pipeline\\Pipeline.php(163): App\\Http\\Middleware\\SwitchUser->handle(Object(Illuminate\\Http\\Request), Object(Closure))
#13 C:\\xampp\\htdocs\\Laravel Projects\\tlight\\vendor\\laravel\\framework\\src\\Illuminate\\Routing\\Pipeline.php(53): Illuminate\\Pipeline\\Pipeline->Illuminate\\Pipeline\\{closure}(Object(Illuminate\\Http\\Request))
#14 C:\\xampp\\htdocs\\Laravel Projects\\tlight\\vendor\\laravel\\framework\\src\\Illuminate\\Auth\\Middleware\\EnsureEmailIsVerified.php(29): Illuminate\\Routing\\Pipeline->Illuminate\\Routing\\{closure}(Object(Illuminate\\Http\\Request))
#15 C:\\xampp\\htdocs\\Laravel Projects\\tlight\\vendor\\laravel\\framework\\src\\Illuminate\\Pipeline\\Pipeline.php(163): Illuminate\\Auth\\Middleware\\EnsureEmailIsVerified->handle(Object(Illuminate\\Http\\Request), Object(Closure))
#16 C:\\xampp\\htdocs\\Laravel Projects\\tlight\\vendor\\laravel\\framework\\src\\Illuminate\\Routing\\Pipeline.php(53): Illuminate\\Pipeline\\Pipeline->Illuminate\\Pipeline\\{closure}(Object(Illuminate\\Http\\Request))
#17 C:\\xampp\\htdocs\\Laravel Projects\\tlight\\vendor\\laravel\\framework\\src\\Illuminate\\Routing\\Middleware\\SubstituteBindings.php(41): Illuminate\\Routing\\Pipeline->Illuminate\\Routing\\{closure}(Object(Illuminate\\Http\\Request))
#18 C:\\xampp\\htdocs\\Laravel Projects\\tlight\\vendor\\laravel\\framework\\src\\Illuminate\\Pipeline\\Pipeline.php(163): Illuminate\\Routing\\Middleware\\SubstituteBindings->handle(Object(Illuminate\\Http\\Request), Object(Closure))
#19 C:\\xampp\\htdocs\\Laravel Projects\\tlight\\vendor\\laravel\\framework\\src\\Illuminate\\Routing\\Pipeline.php(53): Illuminate\\Pipeline\\Pipeline->Illuminate\\Pipeline\\{closure}(Object(Illuminate\\Http\\Request))
#20 C:\\xampp\\htdocs\\Laravel Projects\\tlight\\vendor\\laravel\\framework\\src\\Illuminate\\Auth\\Middleware\\Authenticate.php(43): Illuminate\\Routing\\Pipeline->Illuminate\\Routing\\{closure}(Object(Illuminate\\Http\\Request))
#21 C:\\xampp\\htdocs\\Laravel Projects\\tlight\\vendor\\laravel\\framework\\src\\Illuminate\\Pipeline\\Pipeline.php(163): Illuminate\\Auth\\Middleware\\Authenticate->handle(Object(Illuminate\\Http\\Request), Object(Closure))
#22 C:\\xampp\\htdocs\\Laravel Projects\\tlight\\vendor\\laravel\\framework\\src\\Illuminate\\Routing\\Pipeline.php(53): Illuminate\\Pipeline\\Pipeline->Illuminate\\Pipeline\\{closure}(Object(Illuminate\\Http\\Request))
#23 C:\\xampp\\htdocs\\Laravel Projects\\tlight\\vendor\\laravel\\framework\\src\\Illuminate\\Foundation\\Http\\Middleware\\VerifyCsrfToken.php(75): Illuminate\\Routing\\Pipeline->Illuminate\\Routing\\{closure}(Object(Illuminate\\Http\\Request))
#24 C:\\xampp\\htdocs\\Laravel Projects\\tlight\\vendor\\laravel\\framework\\src\\Illuminate\\Pipeline\\Pipeline.php(163): Illuminate\\Foundation\\Http\\Middleware\\VerifyCsrfToken->handle(Object(Illuminate\\Http\\Request), Object(Closure))
#25 C:\\xampp\\htdocs\\Laravel Projects\\tlight\\vendor\\laravel\\framework\\src\\Illuminate\\Routing\\Pipeline.php(53): Illuminate\\Pipeline\\Pipeline->Illuminate\\Pipeline\\{closure}(Object(Illuminate\\Http\\Request))
#26 C:\\xampp\\htdocs\\Laravel Projects\\tlight\\vendor\\laravel\\framework\\src\\Illuminate\\View\\Middleware\\ShareErrorsFromSession.php(49): Illuminate\\Routing\\Pipeline->Illuminate\\Routing\\{closure}(Object(Illuminate\\Http\\Request))
#27 C:\\xampp\\htdocs\\Laravel Projects\\tlight\\vendor\\laravel\\framework\\src\\Illuminate\\Pipeline\\Pipeline.php(163): Illuminate\\View\\Middleware\\ShareErrorsFromSession->handle(Object(Illuminate\\Http\\Request), Object(Closure))
#28 C:\\xampp\\htdocs\\Laravel Projects\\tlight\\vendor\\laravel\\framework\\src\\Illuminate\\Routing\\Pipeline.php(53): Illuminate\\Pipeline\\Pipeline->Illuminate\\Pipeline\\{closure}(Object(Illuminate\\Http\\Request))
#29 C:\\xampp\\htdocs\\Laravel Projects\\tlight\\vendor\\laravel\\framework\\src\\Illuminate\\Session\\Middleware\\StartSession.php(56): Illuminate\\Routing\\Pipeline->Illuminate\\Routing\\{closure}(Object(Illuminate\\Http\\Request))
#30 C:\\xampp\\htdocs\\Laravel Projects\\tlight\\vendor\\laravel\\framework\\src\\Illuminate\\Pipeline\\Pipeline.php(163): Illuminate\\Session\\Middleware\\StartSession->handle(Object(Illuminate\\Http\\Request), Object(Closure))
#31 C:\\xampp\\htdocs\\Laravel Projects\\tlight\\vendor\\laravel\\framework\\src\\Illuminate\\Routing\\Pipeline.php(53): Illuminate\\Pipeline\\Pipeline->Illuminate\\Pipeline\\{closure}(Object(Illuminate\\Http\\Request))
#32 C:\\xampp\\htdocs\\Laravel Projects\\tlight\\vendor\\laravel\\framework\\src\\Illuminate\\Cookie\\Middleware\\AddQueuedCookiesToResponse.php(37): Illuminate\\Routing\\Pipeline->Illuminate\\Routing\\{closure}(Object(Illuminate\\Http\\Request))
#33 C:\\xampp\\htdocs\\Laravel Projects\\tlight\\vendor\\laravel\\framework\\src\\Illuminate\\Pipeline\\Pipeline.php(163): Illuminate\\Cookie\\Middleware\\AddQueuedCookiesToResponse->handle(Object(Illuminate\\Http\\Request), Object(Closure))
#34 C:\\xampp\\htdocs\\Laravel Projects\\tlight\\vendor\\laravel\\framework\\src\\Illuminate\\Routing\\Pipeline.php(53): Illuminate\\Pipeline\\Pipeline->Illuminate\\Pipeline\\{closure}(Object(Illuminate\\Http\\Request))
#35 C:\\xampp\\htdocs\\Laravel Projects\\tlight\\vendor\\laravel\\framework\\src\\Illuminate\\Cookie\\Middleware\\EncryptCookies.php(66): Illuminate\\Routing\\Pipeline->Illuminate\\Routing\\{closure}(Object(Illuminate\\Http\\Request))
#36 C:\\xampp\\htdocs\\Laravel Projects\\tlight\\vendor\\laravel\\framework\\src\\Illuminate\\Pipeline\\Pipeline.php(163): Illuminate\\Cookie\\Middleware\\EncryptCookies->handle(Object(Illuminate\\Http\\Request), Object(Closure))
#37 C:\\xampp\\htdocs\\Laravel Projects\\tlight\\vendor\\laravel\\framework\\src\\Illuminate\\Routing\\Pipeline.php(53): Illuminate\\Pipeline\\Pipeline->Illuminate\\Pipeline\\{closure}(Object(Illuminate\\Http\\Request))
#38 C:\\xampp\\htdocs\\Laravel Projects\\tlight\\vendor\\laravel\\framework\\src\\Illuminate\\Pipeline\\Pipeline.php(104): Illuminate\\Routing\\Pipeline->Illuminate\\Routing\\{closure}(Object(Illuminate\\Http\\Request))
#39 C:\\xampp\\htdocs\\Laravel Projects\\tlight\\vendor\\laravel\\framework\\src\\Illuminate\\Routing\\Router.php(682): Illuminate\\Pipeline\\Pipeline->then(Object(Closure))
#40 C:\\xampp\\htdocs\\Laravel Projects\\tlight\\vendor\\laravel\\framework\\src\\Illuminate\\Routing\\Router.php(657): Illuminate\\Routing\\Router->runRouteWithinStack(Object(Illuminate\\Routing\\Route), Object(Illuminate\\Http\\Request))
#41 C:\\xampp\\htdocs\\Laravel Projects\\tlight\\vendor\\laravel\\framework\\src\\Illuminate\\Routing\\Router.php(623): Illuminate\\Routing\\Router->runRoute(Object(Illuminate\\Http\\Request), Object(Illuminate\\Routing\\Route))
#42 C:\\xampp\\htdocs\\Laravel Projects\\tlight\\vendor\\laravel\\framework\\src\\Illuminate\\Routing\\Router.php(612): Illuminate\\Routing\\Router->dispatchToRoute(Object(Illuminate\\Http\\Request))
#43 C:\\xampp\\htdocs\\Laravel Projects\\tlight\\vendor\\laravel\\framework\\src\\Illuminate\\Foundation\\Http\\Kernel.php(176): Illuminate\\Routing\\Router->dispatch(Object(Illuminate\\Http\\Request))
#44 C:\\xampp\\htdocs\\Laravel Projects\\tlight\\vendor\\laravel\\framework\\src\\Illuminate\\Routing\\Pipeline.php(30): Illuminate\\Foundation\\Http\\Kernel->Illuminate\\Foundation\\Http\\{closure}(Object(Illuminate\\Http\\Request))
#45 C:\\xampp\\htdocs\\Laravel Projects\\tlight\\vendor\\fideloper\\proxy\\src\\TrustProxies.php(57): Illuminate\\Routing\\Pipeline->Illuminate\\Routing\\{closure}(Object(Illuminate\\Http\\Request))
#46 C:\\xampp\\htdocs\\Laravel Projects\\tlight\\vendor\\laravel\\framework\\src\\Illuminate\\Pipeline\\Pipeline.php(163): Fideloper\\Proxy\\TrustProxies->handle(Object(Illuminate\\Http\\Request), Object(Closure))
#47 C:\\xampp\\htdocs\\Laravel Projects\\tlight\\vendor\\laravel\\framework\\src\\Illuminate\\Routing\\Pipeline.php(53): Illuminate\\Pipeline\\Pipeline->Illuminate\\Pipeline\\{closure}(Object(Illuminate\\Http\\Request))
#48 C:\\xampp\\htdocs\\Laravel Projects\\tlight\\vendor\\laravel\\framework\\src\\Illuminate\\Foundation\\Http\\Middleware\\TransformsRequest.php(21): Illuminate\\Routing\\Pipeline->Illuminate\\Routing\\{closure}(Object(Illuminate\\Http\\Request))
#49 C:\\xampp\\htdocs\\Laravel Projects\\tlight\\vendor\\laravel\\framework\\src\\Illuminate\\Pipeline\\Pipeline.php(163): Illuminate\\Foundation\\Http\\Middleware\\TransformsRequest->handle(Object(Illuminate\\Http\\Request), Object(Closure))
#50 C:\\xampp\\htdocs\\Laravel Projects\\tlight\\vendor\\laravel\\framework\\src\\Illuminate\\Routing\\Pipeline.php(53): Illuminate\\Pipeline\\Pipeline->Illuminate\\Pipeline\\{closure}(Object(Illuminate\\Http\\Request))
#51 C:\\xampp\\htdocs\\Laravel Projects\\tlight\\vendor\\laravel\\framework\\src\\Illuminate\\Foundation\\Http\\Middleware\\TransformsRequest.php(21): Illuminate\\Routing\\Pipeline->Illuminate\\Routing\\{closure}(Object(Illuminate\\Http\\Request))
#52 C:\\xampp\\htdocs\\Laravel Projects\\tlight\\vendor\\laravel\\framework\\src\\Illuminate\\Pipeline\\Pipeline.php(163): Illuminate\\Foundation\\Http\\Middleware\\TransformsRequest->handle(Object(Illuminate\\Http\\Request), Object(Closure))
#53 C:\\xampp\\htdocs\\Laravel Projects\\tlight\\vendor\\laravel\\framework\\src\\Illuminate\\Routing\\Pipeline.php(53): Illuminate\\Pipeline\\Pipeline->Illuminate\\Pipeline\\{closure}(Object(Illuminate\\Http\\Request))
#54 C:\\xampp\\htdocs\\Laravel Projects\\tlight\\vendor\\laravel\\framework\\src\\Illuminate\\Foundation\\Http\\Middleware\\ValidatePostSize.php(27): Illuminate\\Routing\\Pipeline->Illuminate\\Routing\\{closure}(Object(Illuminate\\Http\\Request))
#55 C:\\xampp\\htdocs\\Laravel Projects\\tlight\\vendor\\laravel\\framework\\src\\Illuminate\\Pipeline\\Pipeline.php(163): Illuminate\\Foundation\\Http\\Middleware\\ValidatePostSize->handle(Object(Illuminate\\Http\\Request), Object(Closure))
#56 C:\\xampp\\htdocs\\Laravel Projects\\tlight\\vendor\\laravel\\framework\\src\\Illuminate\\Routing\\Pipeline.php(53): Illuminate\\Pipeline\\Pipeline->Illuminate\\Pipeline\\{closure}(Object(Illuminate\\Http\\Request))
#57 C:\\xampp\\htdocs\\Laravel Projects\\tlight\\vendor\\laravel\\framework\\src\\Illuminate\\Foundation\\Http\\Middleware\\CheckForMaintenanceMode.php(62): Illuminate\\Routing\\Pipeline->Illuminate\\Routing\\{closure}(Object(Illuminate\\Http\\Request))
#58 C:\\xampp\\htdocs\\Laravel Projects\\tlight\\vendor\\laravel\\framework\\src\\Illuminate\\Pipeline\\Pipeline.php(163): Illuminate\\Foundation\\Http\\Middleware\\CheckForMaintenanceMode->handle(Object(Illuminate\\Http\\Request), Object(Closure))
#59 C:\\xampp\\htdocs\\Laravel Projects\\tlight\\vendor\\laravel\\framework\\src\\Illuminate\\Routing\\Pipeline.php(53): Illuminate\\Pipeline\\Pipeline->Illuminate\\Pipeline\\{closure}(Object(Illuminate\\Http\\Request))
#60 C:\\xampp\\htdocs\\Laravel Projects\\tlight\\vendor\\laravel\\framework\\src\\Illuminate\\Pipeline\\Pipeline.php(104): Illuminate\\Routing\\Pipeline->Illuminate\\Routing\\{closure}(Object(Illuminate\\Http\\Request))
#61 C:\\xampp\\htdocs\\Laravel Projects\\tlight\\vendor\\laravel\\framework\\src\\Illuminate\\Foundation\\Http\\Kernel.php(151): Illuminate\\Pipeline\\Pipeline->then(Object(Closure))
#62 C:\\xampp\\htdocs\\Laravel Projects\\tlight\\vendor\\laravel\\framework\\src\\Illuminate\\Foundation\\Http\\Kernel.php(116): Illuminate\\Foundation\\Http\\Kernel->sendRequestThroughRouter(Object(Illuminate\\Http\\Request))
#63 C:\\xampp\\htdocs\\Laravel Projects\\tlight\\public\\index.php(55): Illuminate\\Foundation\\Http\\Kernel->handle(Object(Illuminate\\Http\\Request))
#64 C:\\xampp\\htdocs\\Laravel Projects\\tlight\\server.php(21): require_once('C:\\\\xampp\\\\htdocs...')
#65 {main}
"} 
[2020-11-04 16:23:39] local.ERROR: Property [settingname] does not exist on this collection instance. (View: C:\xampp\htdocs\Laravel Projects\tlight\resources\views\admin\settings\edit.blade.php) {"userId":1,"exception":"[object] (ErrorException(code: 0): Property [settingname] does not exist on this collection instance. (View: C:\\xampp\\htdocs\\Laravel Projects\\tlight\esources\\views\\admin\\settings\\edit.blade.php) at C:\\xampp\\htdocs\\Laravel Projects\\tlight\\vendor\\laravel\\framework\\src\\Illuminate\\Support\\Collection.php:2160, Exception(code: 0): Property [settingname] does not exist on this collection instance. at C:\\xampp\\htdocs\\Laravel Projects\\tlight\\vendor\\laravel\\framework\\src\\Illuminate\\Support\\Collection.php:2160)
[stacktrace]
#0 C:\\xampp\\htdocs\\Laravel Projects\\tlight\\vendor\\laravel\\framework\\src\\Illuminate\\View\\Engines\\PhpEngine.php(45): Illuminate\\View\\Engines\\CompilerEngine->handleViewException(Object(Exception), 1)
#1 C:\\xampp\\htdocs\\Laravel Projects\\tlight\\vendor\\laravel\\framework\\src\\Illuminate\\View\\Engines\\CompilerEngine.php(59): Illuminate\\View\\Engines\\PhpEngine->evaluatePath('C:\\\\xampp\\\\htdocs...', Array)
#2 C:\\xampp\\htdocs\\Laravel Projects\\tlight\\vendor\\laravel\\framework\\src\\Illuminate\\View\\View.php(142): Illuminate\\View\\Engines\\CompilerEngine->get('C:\\\\xampp\\\\htdocs...', Array)
#3 C:\\xampp\\htdocs\\Laravel Projects\\tlight\\vendor\\laravel\\framework\\src\\Illuminate\\View\\View.php(125): Illuminate\\View\\View->getContents()
#4 C:\\xampp\\htdocs\\Laravel Projects\\tlight\\vendor\\laravel\\framework\\src\\Illuminate\\View\\View.php(90): Illuminate\\View\\View->renderContents()
#5 C:\\xampp\\htdocs\\Laravel Projects\\tlight\\vendor\\laravel\\framework\\src\\Illuminate\\Http\\Response.php(42): Illuminate\\View\\View->render()
#6 C:\\xampp\\htdocs\\Laravel Projects\\tlight\\vendor\\symfony\\http-foundation\\Response.php(205): Illuminate\\Http\\Response->setContent(Object(Illuminate\\View\\View))
#7 C:\\xampp\\htdocs\\Laravel Projects\\tlight\\vendor\\laravel\\framework\\src\\Illuminate\\Routing\\Router.php(748): Symfony\\Component\\HttpFoundation\\Response->__construct(Object(Illuminate\\View\\View))
#8 C:\\xampp\\htdocs\\Laravel Projects\\tlight\\vendor\\laravel\\framework\\src\\Illuminate\\Routing\\Router.php(720): Illuminate\\Routing\\Router::toResponse(Object(Illuminate\\Http\\Request), Object(Illuminate\\View\\View))
#9 C:\\xampp\\htdocs\\Laravel Projects\\tlight\\vendor\\laravel\\framework\\src\\Illuminate\\Routing\\Router.php(680): Illuminate\\Routing\\Router->prepareResponse(Object(Illuminate\\Http\\Request), Object(Illuminate\\View\\View))
#10 C:\\xampp\\htdocs\\Laravel Projects\\tlight\\vendor\\laravel\\framework\\src\\Illuminate\\Routing\\Pipeline.php(30): Illuminate\\Routing\\Router->Illuminate\\Routing\\{closure}(Object(Illuminate\\Http\\Request))
#11 C:\\xampp\\htdocs\\Laravel Projects\\tlight\\app\\Http\\Middleware\\SwitchUser.php(22): Illuminate\\Routing\\Pipeline->Illuminate\\Routing\\{closure}(Object(Illuminate\\Http\\Request))
#12 C:\\xampp\\htdocs\\Laravel Projects\\tlight\\vendor\\laravel\\framework\\src\\Illuminate\\Pipeline\\Pipeline.php(163): App\\Http\\Middleware\\SwitchUser->handle(Object(Illuminate\\Http\\Request), Object(Closure))
#13 C:\\xampp\\htdocs\\Laravel Projects\\tlight\\vendor\\laravel\\framework\\src\\Illuminate\\Routing\\Pipeline.php(53): Illuminate\\Pipeline\\Pipeline->Illuminate\\Pipeline\\{closure}(Object(Illuminate\\Http\\Request))
#14 C:\\xampp\\htdocs\\Laravel Projects\\tlight\\vendor\\laravel\\framework\\src\\Illuminate\\Auth\\Middleware\\EnsureEmailIsVerified.php(29): Illuminate\\Routing\\Pipeline->Illuminate\\Routing\\{closure}(Object(Illuminate\\Http\\Request))
#15 C:\\xampp\\htdocs\\Laravel Projects\\tlight\\vendor\\laravel\\framework\\src\\Illuminate\\Pipeline\\Pipeline.php(163): Illuminate\\Auth\\Middleware\\EnsureEmailIsVerified->handle(Object(Illuminate\\Http\\Request), Object(Closure))
#16 C:\\xampp\\htdocs\\Laravel Projects\\tlight\\vendor\\laravel\\framework\\src\\Illuminate\\Routing\\Pipeline.php(53): Illuminate\\Pipeline\\Pipeline->Illuminate\\Pipeline\\{closure}(Object(Illuminate\\Http\\Request))
#17 C:\\xampp\\htdocs\\Laravel Projects\\tlight\\vendor\\laravel\\framework\\src\\Illuminate\\Routing\\Middleware\\SubstituteBindings.php(41): Illuminate\\Routing\\Pipeline->Illuminate\\Routing\\{closure}(Object(Illuminate\\Http\\Request))
#18 C:\\xampp\\htdocs\\Laravel Projects\\tlight\\vendor\\laravel\\framework\\src\\Illuminate\\Pipeline\\Pipeline.php(163): Illuminate\\Routing\\Middleware\\SubstituteBindings->handle(Object(Illuminate\\Http\\Request), Object(Closure))
#19 C:\\xampp\\htdocs\\Laravel Projects\\tlight\\vendor\\laravel\\framework\\src\\Illuminate\\Routing\\Pipeline.php(53): Illuminate\\Pipeline\\Pipeline->Illuminate\\Pipeline\\{closure}(Object(Illuminate\\Http\\Request))
#20 C:\\xampp\\htdocs\\Laravel Projects\\tlight\\vendor\\laravel\\framework\\src\\Illuminate\\Auth\\Middleware\\Authenticate.php(43): Illuminate\\Routing\\Pipeline->Illuminate\\Routing\\{closure}(Object(Illuminate\\Http\\Request))
#21 C:\\xampp\\htdocs\\Laravel Projects\\tlight\\vendor\\laravel\\framework\\src\\Illuminate\\Pipeline\\Pipeline.php(163): Illuminate\\Auth\\Middleware\\Authenticate->handle(Object(Illuminate\\Http\\Request), Object(Closure))
#22 C:\\xampp\\htdocs\\Laravel Projects\\tlight\\vendor\\laravel\\framework\\src\\Illuminate\\Routing\\Pipeline.php(53): Illuminate\\Pipeline\\Pipeline->Illuminate\\Pipeline\\{closure}(Object(Illuminate\\Http\\Request))
#23 C:\\xampp\\htdocs\\Laravel Projects\\tlight\\vendor\\laravel\\framework\\src\\Illuminate\\Foundation\\Http\\Middleware\\VerifyCsrfToken.php(75): Illuminate\\Routing\\Pipeline->Illuminate\\Routing\\{closure}(Object(Illuminate\\Http\\Request))
#24 C:\\xampp\\htdocs\\Laravel Projects\\tlight\\vendor\\laravel\\framework\\src\\Illuminate\\Pipeline\\Pipeline.php(163): Illuminate\\Foundation\\Http\\Middleware\\VerifyCsrfToken->handle(Object(Illuminate\\Http\\Request), Object(Closure))
#25 C:\\xampp\\htdocs\\Laravel Projects\\tlight\\vendor\\laravel\\framework\\src\\Illuminate\\Routing\\Pipeline.php(53): Illuminate\\Pipeline\\Pipeline->Illuminate\\Pipeline\\{closure}(Object(Illuminate\\Http\\Request))
#26 C:\\xampp\\htdocs\\Laravel Projects\\tlight\\vendor\\laravel\\framework\\src\\Illuminate\\View\\Middleware\\ShareErrorsFromSession.php(49): Illuminate\\Routing\\Pipeline->Illuminate\\Routing\\{closure}(Object(Illuminate\\Http\\Request))
#27 C:\\xampp\\htdocs\\Laravel Projects\\tlight\\vendor\\laravel\\framework\\src\\Illuminate\\Pipeline\\Pipeline.php(163): Illuminate\\View\\Middleware\\ShareErrorsFromSession->handle(Object(Illuminate\\Http\\Request), Object(Closure))
#28 C:\\xampp\\htdocs\\Laravel Projects\\tlight\\vendor\\laravel\\framework\\src\\Illuminate\\Routing\\Pipeline.php(53): Illuminate\\Pipeline\\Pipeline->Illuminate\\Pipeline\\{closure}(Object(Illuminate\\Http\\Request))
#29 C:\\xampp\\htdocs\\Laravel Projects\\tlight\\vendor\\laravel\\framework\\src\\Illuminate\\Session\\Middleware\\StartSession.php(56): Illuminate\\Routing\\Pipeline->Illuminate\\Routing\\{closure}(Object(Illuminate\\Http\\Request))
#30 C:\\xampp\\htdocs\\Laravel Projects\\tlight\\vendor\\laravel\\framework\\src\\Illuminate\\Pipeline\\Pipeline.php(163): Illuminate\\Session\\Middleware\\StartSession->handle(Object(Illuminate\\Http\\Request), Object(Closure))
#31 C:\\xampp\\htdocs\\Laravel Projects\\tlight\\vendor\\laravel\\framework\\src\\Illuminate\\Routing\\Pipeline.php(53): Illuminate\\Pipeline\\Pipeline->Illuminate\\Pipeline\\{closure}(Object(Illuminate\\Http\\Request))
#32 C:\\xampp\\htdocs\\Laravel Projects\\tlight\\vendor\\laravel\\framework\\src\\Illuminate\\Cookie\\Middleware\\AddQueuedCookiesToResponse.php(37): Illuminate\\Routing\\Pipeline->Illuminate\\Routing\\{closure}(Object(Illuminate\\Http\\Request))
#33 C:\\xampp\\htdocs\\Laravel Projects\\tlight\\vendor\\laravel\\framework\\src\\Illuminate\\Pipeline\\Pipeline.php(163): Illuminate\\Cookie\\Middleware\\AddQueuedCookiesToResponse->handle(Object(Illuminate\\Http\\Request), Object(Closure))
#34 C:\\xampp\\htdocs\\Laravel Projects\\tlight\\vendor\\laravel\\framework\\src\\Illuminate\\Routing\\Pipeline.php(53): Illuminate\\Pipeline\\Pipeline->Illuminate\\Pipeline\\{closure}(Object(Illuminate\\Http\\Request))
#35 C:\\xampp\\htdocs\\Laravel Projects\\tlight\\vendor\\laravel\\framework\\src\\Illuminate\\Cookie\\Middleware\\EncryptCookies.php(66): Illuminate\\Routing\\Pipeline->Illuminate\\Routing\\{closure}(Object(Illuminate\\Http\\Request))
#36 C:\\xampp\\htdocs\\Laravel Projects\\tlight\\vendor\\laravel\\framework\\src\\Illuminate\\Pipeline\\Pipeline.php(163): Illuminate\\Cookie\\Middleware\\EncryptCookies->handle(Object(Illuminate\\Http\\Request), Object(Closure))
#37 C:\\xampp\\htdocs\\Laravel Projects\\tlight\\vendor\\laravel\\framework\\src\\Illuminate\\Routing\\Pipeline.php(53): Illuminate\\Pipeline\\Pipeline->Illuminate\\Pipeline\\{closure}(Object(Illuminate\\Http\\Request))
#38 C:\\xampp\\htdocs\\Laravel Projects\\tlight\\vendor\\laravel\\framework\\src\\Illuminate\\Pipeline\\Pipeline.php(104): Illuminate\\Routing\\Pipeline->Illuminate\\Routing\\{closure}(Object(Illuminate\\Http\\Request))
#39 C:\\xampp\\htdocs\\Laravel Projects\\tlight\\vendor\\laravel\\framework\\src\\Illuminate\\Routing\\Router.php(682): Illuminate\\Pipeline\\Pipeline->then(Object(Closure))
#40 C:\\xampp\\htdocs\\Laravel Projects\\tlight\\vendor\\laravel\\framework\\src\\Illuminate\\Routing\\Router.php(657): Illuminate\\Routing\\Router->runRouteWithinStack(Object(Illuminate\\Routing\\Route), Object(Illuminate\\Http\\Request))
#41 C:\\xampp\\htdocs\\Laravel Projects\\tlight\\vendor\\laravel\\framework\\src\\Illuminate\\Routing\\Router.php(623): Illuminate\\Routing\\Router->runRoute(Object(Illuminate\\Http\\Request), Object(Illuminate\\Routing\\Route))
#42 C:\\xampp\\htdocs\\Laravel Projects\\tlight\\vendor\\laravel\\framework\\src\\Illuminate\\Routing\\Router.php(612): Illuminate\\Routing\\Router->dispatchToRoute(Object(Illuminate\\Http\\Request))
#43 C:\\xampp\\htdocs\\Laravel Projects\\tlight\\vendor\\laravel\\framework\\src\\Illuminate\\Foundation\\Http\\Kernel.php(176): Illuminate\\Routing\\Router->dispatch(Object(Illuminate\\Http\\Request))
#44 C:\\xampp\\htdocs\\Laravel Projects\\tlight\\vendor\\laravel\\framework\\src\\Illuminate\\Routing\\Pipeline.php(30): Illuminate\\Foundation\\Http\\Kernel->Illuminate\\Foundation\\Http\\{closure}(Object(Illuminate\\Http\\Request))
#45 C:\\xampp\\htdocs\\Laravel Projects\\tlight\\vendor\\fideloper\\proxy\\src\\TrustProxies.php(57): Illuminate\\Routing\\Pipeline->Illuminate\\Routing\\{closure}(Object(Illuminate\\Http\\Request))
#46 C:\\xampp\\htdocs\\Laravel Projects\\tlight\\vendor\\laravel\\framework\\src\\Illuminate\\Pipeline\\Pipeline.php(163): Fideloper\\Proxy\\TrustProxies->handle(Object(Illuminate\\Http\\Request), Object(Closure))
#47 C:\\xampp\\htdocs\\Laravel Projects\\tlight\\vendor\\laravel\\framework\\src\\Illuminate\\Routing\\Pipeline.php(53): Illuminate\\Pipeline\\Pipeline->Illuminate\\Pipeline\\{closure}(Object(Illuminate\\Http\\Request))
#48 C:\\xampp\\htdocs\\Laravel Projects\\tlight\\vendor\\laravel\\framework\\src\\Illuminate\\Foundation\\Http\\Middleware\\TransformsRequest.php(21): Illuminate\\Routing\\Pipeline->Illuminate\\Routing\\{closure}(Object(Illuminate\\Http\\Request))
#49 C:\\xampp\\htdocs\\Laravel Projects\\tlight\\vendor\\laravel\\framework\\src\\Illuminate\\Pipeline\\Pipeline.php(163): Illuminate\\Foundation\\Http\\Middleware\\TransformsRequest->handle(Object(Illuminate\\Http\\Request), Object(Closure))
#50 C:\\xampp\\htdocs\\Laravel Projects\\tlight\\vendor\\laravel\\framework\\src\\Illuminate\\Routing\\Pipeline.php(53): Illuminate\\Pipeline\\Pipeline->Illuminate\\Pipeline\\{closure}(Object(Illuminate\\Http\\Request))
#51 C:\\xampp\\htdocs\\Laravel Projects\\tlight\\vendor\\laravel\\framework\\src\\Illuminate\\Foundation\\Http\\Middleware\\TransformsRequest.php(21): Illuminate\\Routing\\Pipeline->Illuminate\\Routing\\{closure}(Object(Illuminate\\Http\\Request))
#52 C:\\xampp\\htdocs\\Laravel Projects\\tlight\\vendor\\laravel\\framework\\src\\Illuminate\\Pipeline\\Pipeline.php(163): Illuminate\\Foundation\\Http\\Middleware\\TransformsRequest->handle(Object(Illuminate\\Http\\Request), Object(Closure))
#53 C:\\xampp\\htdocs\\Laravel Projects\\tlight\\vendor\\laravel\\framework\\src\\Illuminate\\Routing\\Pipeline.php(53): Illuminate\\Pipeline\\Pipeline->Illuminate\\Pipeline\\{closure}(Object(Illuminate\\Http\\Request))
#54 C:\\xampp\\htdocs\\Laravel Projects\\tlight\\vendor\\laravel\\framework\\src\\Illuminate\\Foundation\\Http\\Middleware\\ValidatePostSize.php(27): Illuminate\\Routing\\Pipeline->Illuminate\\Routing\\{closure}(Object(Illuminate\\Http\\Request))
#55 C:\\xampp\\htdocs\\Laravel Projects\\tlight\\vendor\\laravel\\framework\\src\\Illuminate\\Pipeline\\Pipeline.php(163): Illuminate\\Foundation\\Http\\Middleware\\ValidatePostSize->handle(Object(Illuminate\\Http\\Request), Object(Closure))
#56 C:\\xampp\\htdocs\\Laravel Projects\\tlight\\vendor\\laravel\\framework\\src\\Illuminate\\Routing\\Pipeline.php(53): Illuminate\\Pipeline\\Pipeline->Illuminate\\Pipeline\\{closure}(Object(Illuminate\\Http\\Request))
#57 C:\\xampp\\htdocs\\Laravel Projects\\tlight\\vendor\\laravel\\framework\\src\\Illuminate\\Foundation\\Http\\Middleware\\CheckForMaintenanceMode.php(62): Illuminate\\Routing\\Pipeline->Illuminate\\Routing\\{closure}(Object(Illuminate\\Http\\Request))
#58 C:\\xampp\\htdocs\\Laravel Projects\\tlight\\vendor\\laravel\\framework\\src\\Illuminate\\Pipeline\\Pipeline.php(163): Illuminate\\Foundation\\Http\\Middleware\\CheckForMaintenanceMode->handle(Object(Illuminate\\Http\\Request), Object(Closure))
#59 C:\\xampp\\htdocs\\Laravel Projects\\tlight\\vendor\\laravel\\framework\\src\\Illuminate\\Routing\\Pipeline.php(53): Illuminate\\Pipeline\\Pipeline->Illuminate\\Pipeline\\{closure}(Object(Illuminate\\Http\\Request))
#60 C:\\xampp\\htdocs\\Laravel Projects\\tlight\\vendor\\laravel\\framework\\src\\Illuminate\\Pipeline\\Pipeline.php(104): Illuminate\\Routing\\Pipeline->Illuminate\\Routing\\{closure}(Object(Illuminate\\Http\\Request))
#61 C:\\xampp\\htdocs\\Laravel Projects\\tlight\\vendor\\laravel\\framework\\src\\Illuminate\\Foundation\\Http\\Kernel.php(151): Illuminate\\Pipeline\\Pipeline->then(Object(Closure))
#62 C:\\xampp\\htdocs\\Laravel Projects\\tlight\\vendor\\laravel\\framework\\src\\Illuminate\\Foundation\\Http\\Kernel.php(116): Illuminate\\Foundation\\Http\\Kernel->sendRequestThroughRouter(Object(Illuminate\\Http\\Request))
#63 C:\\xampp\\htdocs\\Laravel Projects\\tlight\\public\\index.php(55): Illuminate\\Foundation\\Http\\Kernel->handle(Object(Illuminate\\Http\\Request))
#64 C:\\xampp\\htdocs\\Laravel Projects\\tlight\\server.php(21): require_once('C:\\\\xampp\\\\htdocs...')
#65 {main}
"} 
[2020-11-04 16:26:46] local.ERROR: Property [settingname] does not exist on this collection instance. (View: C:\xampp\htdocs\Laravel Projects\tlight\resources\views\admin\settings\edit.blade.php) {"userId":1,"exception":"[object] (ErrorException(code: 0): Property [settingname] does not exist on this collection instance. (View: C:\\xampp\\htdocs\\Laravel Projects\\tlight\esources\\views\\admin\\settings\\edit.blade.php) at C:\\xampp\\htdocs\\Laravel Projects\\tlight\\vendor\\laravel\\framework\\src\\Illuminate\\Support\\Collection.php:2160, Exception(code: 0): Property [settingname] does not exist on this collection instance. at C:\\xampp\\htdocs\\Laravel Projects\\tlight\\vendor\\laravel\\framework\\src\\Illuminate\\Support\\Collection.php:2160)
[stacktrace]
#0 C:\\xampp\\htdocs\\Laravel Projects\\tlight\\vendor\\laravel\\framework\\src\\Illuminate\\View\\Engines\\PhpEngine.php(45): Illuminate\\View\\Engines\\CompilerEngine->handleViewException(Object(Exception), 1)
#1 C:\\xampp\\htdocs\\Laravel Projects\\tlight\\vendor\\laravel\\framework\\src\\Illuminate\\View\\Engines\\CompilerEngine.php(59): Illuminate\\View\\Engines\\PhpEngine->evaluatePath('C:\\\\xampp\\\\htdocs...', Array)
#2 C:\\xampp\\htdocs\\Laravel Projects\\tlight\\vendor\\laravel\\framework\\src\\Illuminate\\View\\View.php(142): Illuminate\\View\\Engines\\CompilerEngine->get('C:\\\\xampp\\\\htdocs...', Array)
#3 C:\\xampp\\htdocs\\Laravel Projects\\tlight\\vendor\\laravel\\framework\\src\\Illuminate\\View\\View.php(125): Illuminate\\View\\View->getContents()
#4 C:\\xampp\\htdocs\\Laravel Projects\\tlight\\vendor\\laravel\\framework\\src\\Illuminate\\View\\View.php(90): Illuminate\\View\\View->renderContents()
#5 C:\\xampp\\htdocs\\Laravel Projects\\tlight\\vendor\\laravel\\framework\\src\\Illuminate\\Http\\Response.php(42): Illuminate\\View\\View->render()
#6 C:\\xampp\\htdocs\\Laravel Projects\\tlight\\vendor\\symfony\\http-foundation\\Response.php(205): Illuminate\\Http\\Response->setContent(Object(Illuminate\\View\\View))
#7 C:\\xampp\\htdocs\\Laravel Projects\\tlight\\vendor\\laravel\\framework\\src\\Illuminate\\Routing\\Router.php(748): Symfony\\Component\\HttpFoundation\\Response->__construct(Object(Illuminate\\View\\View))
#8 C:\\xampp\\htdocs\\Laravel Projects\\tlight\\vendor\\laravel\\framework\\src\\Illuminate\\Routing\\Router.php(720): Illuminate\\Routing\\Router::toResponse(Object(Illuminate\\Http\\Request), Object(Illuminate\\View\\View))
#9 C:\\xampp\\htdocs\\Laravel Projects\\tlight\\vendor\\laravel\\framework\\src\\Illuminate\\Routing\\Router.php(680): Illuminate\\Routing\\Router->prepareResponse(Object(Illuminate\\Http\\Request), Object(Illuminate\\View\\View))
#10 C:\\xampp\\htdocs\\Laravel Projects\\tlight\\vendor\\laravel\\framework\\src\\Illuminate\\Routing\\Pipeline.php(30): Illuminate\\Routing\\Router->Illuminate\\Routing\\{closure}(Object(Illuminate\\Http\\Request))
#11 C:\\xampp\\htdocs\\Laravel Projects\\tlight\\app\\Http\\Middleware\\SwitchUser.php(22): Illuminate\\Routing\\Pipeline->Illuminate\\Routing\\{closure}(Object(Illuminate\\Http\\Request))
#12 C:\\xampp\\htdocs\\Laravel Projects\\tlight\\vendor\\laravel\\framework\\src\\Illuminate\\Pipeline\\Pipeline.php(163): App\\Http\\Middleware\\SwitchUser->handle(Object(Illuminate\\Http\\Request), Object(Closure))
#13 C:\\xampp\\htdocs\\Laravel Projects\\tlight\\vendor\\laravel\\framework\\src\\Illuminate\\Routing\\Pipeline.php(53): Illuminate\\Pipeline\\Pipeline->Illuminate\\Pipeline\\{closure}(Object(Illuminate\\Http\\Request))
#14 C:\\xampp\\htdocs\\Laravel Projects\\tlight\\vendor\\laravel\\framework\\src\\Illuminate\\Auth\\Middleware\\EnsureEmailIsVerified.php(29): Illuminate\\Routing\\Pipeline->Illuminate\\Routing\\{closure}(Object(Illuminate\\Http\\Request))
#15 C:\\xampp\\htdocs\\Laravel Projects\\tlight\\vendor\\laravel\\framework\\src\\Illuminate\\Pipeline\\Pipeline.php(163): Illuminate\\Auth\\Middleware\\EnsureEmailIsVerified->handle(Object(Illuminate\\Http\\Request), Object(Closure))
#16 C:\\xampp\\htdocs\\Laravel Projects\\tlight\\vendor\\laravel\\framework\\src\\Illuminate\\Routing\\Pipeline.php(53): Illuminate\\Pipeline\\Pipeline->Illuminate\\Pipeline\\{closure}(Object(Illuminate\\Http\\Request))
#17 C:\\xampp\\htdocs\\Laravel Projects\\tlight\\vendor\\laravel\\framework\\src\\Illuminate\\Routing\\Middleware\\SubstituteBindings.php(41): Illuminate\\Routing\\Pipeline->Illuminate\\Routing\\{closure}(Object(Illuminate\\Http\\Request))
#18 C:\\xampp\\htdocs\\Laravel Projects\\tlight\\vendor\\laravel\\framework\\src\\Illuminate\\Pipeline\\Pipeline.php(163): Illuminate\\Routing\\Middleware\\SubstituteBindings->handle(Object(Illuminate\\Http\\Request), Object(Closure))
#19 C:\\xampp\\htdocs\\Laravel Projects\\tlight\\vendor\\laravel\\framework\\src\\Illuminate\\Routing\\Pipeline.php(53): Illuminate\\Pipeline\\Pipeline->Illuminate\\Pipeline\\{closure}(Object(Illuminate\\Http\\Request))
#20 C:\\xampp\\htdocs\\Laravel Projects\\tlight\\vendor\\laravel\\framework\\src\\Illuminate\\Auth\\Middleware\\Authenticate.php(43): Illuminate\\Routing\\Pipeline->Illuminate\\Routing\\{closure}(Object(Illuminate\\Http\\Request))
#21 C:\\xampp\\htdocs\\Laravel Projects\\tlight\\vendor\\laravel\\framework\\src\\Illuminate\\Pipeline\\Pipeline.php(163): Illuminate\\Auth\\Middleware\\Authenticate->handle(Object(Illuminate\\Http\\Request), Object(Closure))
#22 C:\\xampp\\htdocs\\Laravel Projects\\tlight\\vendor\\laravel\\framework\\src\\Illuminate\\Routing\\Pipeline.php(53): Illuminate\\Pipeline\\Pipeline->Illuminate\\Pipeline\\{closure}(Object(Illuminate\\Http\\Request))
#23 C:\\xampp\\htdocs\\Laravel Projects\\tlight\\vendor\\laravel\\framework\\src\\Illuminate\\Foundation\\Http\\Middleware\\VerifyCsrfToken.php(75): Illuminate\\Routing\\Pipeline->Illuminate\\Routing\\{closure}(Object(Illuminate\\Http\\Request))
#24 C:\\xampp\\htdocs\\Laravel Projects\\tlight\\vendor\\laravel\\framework\\src\\Illuminate\\Pipeline\\Pipeline.php(163): Illuminate\\Foundation\\Http\\Middleware\\VerifyCsrfToken->handle(Object(Illuminate\\Http\\Request), Object(Closure))
#25 C:\\xampp\\htdocs\\Laravel Projects\\tlight\\vendor\\laravel\\framework\\src\\Illuminate\\Routing\\Pipeline.php(53): Illuminate\\Pipeline\\Pipeline->Illuminate\\Pipeline\\{closure}(Object(Illuminate\\Http\\Request))
#26 C:\\xampp\\htdocs\\Laravel Projects\\tlight\\vendor\\laravel\\framework\\src\\Illuminate\\View\\Middleware\\ShareErrorsFromSession.php(49): Illuminate\\Routing\\Pipeline->Illuminate\\Routing\\{closure}(Object(Illuminate\\Http\\Request))
#27 C:\\xampp\\htdocs\\Laravel Projects\\tlight\\vendor\\laravel\\framework\\src\\Illuminate\\Pipeline\\Pipeline.php(163): Illuminate\\View\\Middleware\\ShareErrorsFromSession->handle(Object(Illuminate\\Http\\Request), Object(Closure))
#28 C:\\xampp\\htdocs\\Laravel Projects\\tlight\\vendor\\laravel\\framework\\src\\Illuminate\\Routing\\Pipeline.php(53): Illuminate\\Pipeline\\Pipeline->Illuminate\\Pipeline\\{closure}(Object(Illuminate\\Http\\Request))
#29 C:\\xampp\\htdocs\\Laravel Projects\\tlight\\vendor\\laravel\\framework\\src\\Illuminate\\Session\\Middleware\\StartSession.php(56): Illuminate\\Routing\\Pipeline->Illuminate\\Routing\\{closure}(Object(Illuminate\\Http\\Request))
#30 C:\\xampp\\htdocs\\Laravel Projects\\tlight\\vendor\\laravel\\framework\\src\\Illuminate\\Pipeline\\Pipeline.php(163): Illuminate\\Session\\Middleware\\StartSession->handle(Object(Illuminate\\Http\\Request), Object(Closure))
#31 C:\\xampp\\htdocs\\Laravel Projects\\tlight\\vendor\\laravel\\framework\\src\\Illuminate\\Routing\\Pipeline.php(53): Illuminate\\Pipeline\\Pipeline->Illuminate\\Pipeline\\{closure}(Object(Illuminate\\Http\\Request))
#32 C:\\xampp\\htdocs\\Laravel Projects\\tlight\\vendor\\laravel\\framework\\src\\Illuminate\\Cookie\\Middleware\\AddQueuedCookiesToResponse.php(37): Illuminate\\Routing\\Pipeline->Illuminate\\Routing\\{closure}(Object(Illuminate\\Http\\Request))
#33 C:\\xampp\\htdocs\\Laravel Projects\\tlight\\vendor\\laravel\\framework\\src\\Illuminate\\Pipeline\\Pipeline.php(163): Illuminate\\Cookie\\Middleware\\AddQueuedCookiesToResponse->handle(Object(Illuminate\\Http\\Request), Object(Closure))
#34 C:\\xampp\\htdocs\\Laravel Projects\\tlight\\vendor\\laravel\\framework\\src\\Illuminate\\Routing\\Pipeline.php(53): Illuminate\\Pipeline\\Pipeline->Illuminate\\Pipeline\\{closure}(Object(Illuminate\\Http\\Request))
#35 C:\\xampp\\htdocs\\Laravel Projects\\tlight\\vendor\\laravel\\framework\\src\\Illuminate\\Cookie\\Middleware\\EncryptCookies.php(66): Illuminate\\Routing\\Pipeline->Illuminate\\Routing\\{closure}(Object(Illuminate\\Http\\Request))
#36 C:\\xampp\\htdocs\\Laravel Projects\\tlight\\vendor\\laravel\\framework\\src\\Illuminate\\Pipeline\\Pipeline.php(163): Illuminate\\Cookie\\Middleware\\EncryptCookies->handle(Object(Illuminate\\Http\\Request), Object(Closure))
#37 C:\\xampp\\htdocs\\Laravel Projects\\tlight\\vendor\\laravel\\framework\\src\\Illuminate\\Routing\\Pipeline.php(53): Illuminate\\Pipeline\\Pipeline->Illuminate\\Pipeline\\{closure}(Object(Illuminate\\Http\\Request))
#38 C:\\xampp\\htdocs\\Laravel Projects\\tlight\\vendor\\laravel\\framework\\src\\Illuminate\\Pipeline\\Pipeline.php(104): Illuminate\\Routing\\Pipeline->Illuminate\\Routing\\{closure}(Object(Illuminate\\Http\\Request))
#39 C:\\xampp\\htdocs\\Laravel Projects\\tlight\\vendor\\laravel\\framework\\src\\Illuminate\\Routing\\Router.php(682): Illuminate\\Pipeline\\Pipeline->then(Object(Closure))
#40 C:\\xampp\\htdocs\\Laravel Projects\\tlight\\vendor\\laravel\\framework\\src\\Illuminate\\Routing\\Router.php(657): Illuminate\\Routing\\Router->runRouteWithinStack(Object(Illuminate\\Routing\\Route), Object(Illuminate\\Http\\Request))
#41 C:\\xampp\\htdocs\\Laravel Projects\\tlight\\vendor\\laravel\\framework\\src\\Illuminate\\Routing\\Router.php(623): Illuminate\\Routing\\Router->runRoute(Object(Illuminate\\Http\\Request), Object(Illuminate\\Routing\\Route))
#42 C:\\xampp\\htdocs\\Laravel Projects\\tlight\\vendor\\laravel\\framework\\src\\Illuminate\\Routing\\Router.php(612): Illuminate\\Routing\\Router->dispatchToRoute(Object(Illuminate\\Http\\Request))
#43 C:\\xampp\\htdocs\\Laravel Projects\\tlight\\vendor\\laravel\\framework\\src\\Illuminate\\Foundation\\Http\\Kernel.php(176): Illuminate\\Routing\\Router->dispatch(Object(Illuminate\\Http\\Request))
#44 C:\\xampp\\htdocs\\Laravel Projects\\tlight\\vendor\\laravel\\framework\\src\\Illuminate\\Routing\\Pipeline.php(30): Illuminate\\Foundation\\Http\\Kernel->Illuminate\\Foundation\\Http\\{closure}(Object(Illuminate\\Http\\Request))
#45 C:\\xampp\\htdocs\\Laravel Projects\\tlight\\vendor\\fideloper\\proxy\\src\\TrustProxies.php(57): Illuminate\\Routing\\Pipeline->Illuminate\\Routing\\{closure}(Object(Illuminate\\Http\\Request))
#46 C:\\xampp\\htdocs\\Laravel Projects\\tlight\\vendor\\laravel\\framework\\src\\Illuminate\\Pipeline\\Pipeline.php(163): Fideloper\\Proxy\\TrustProxies->handle(Object(Illuminate\\Http\\Request), Object(Closure))
#47 C:\\xampp\\htdocs\\Laravel Projects\\tlight\\vendor\\laravel\\framework\\src\\Illuminate\\Routing\\Pipeline.php(53): Illuminate\\Pipeline\\Pipeline->Illuminate\\Pipeline\\{closure}(Object(Illuminate\\Http\\Request))
#48 C:\\xampp\\htdocs\\Laravel Projects\\tlight\\vendor\\laravel\\framework\\src\\Illuminate\\Foundation\\Http\\Middleware\\TransformsRequest.php(21): Illuminate\\Routing\\Pipeline->Illuminate\\Routing\\{closure}(Object(Illuminate\\Http\\Request))
#49 C:\\xampp\\htdocs\\Laravel Projects\\tlight\\vendor\\laravel\\framework\\src\\Illuminate\\Pipeline\\Pipeline.php(163): Illuminate\\Foundation\\Http\\Middleware\\TransformsRequest->handle(Object(Illuminate\\Http\\Request), Object(Closure))
#50 C:\\xampp\\htdocs\\Laravel Projects\\tlight\\vendor\\laravel\\framework\\src\\Illuminate\\Routing\\Pipeline.php(53): Illuminate\\Pipeline\\Pipeline->Illuminate\\Pipeline\\{closure}(Object(Illuminate\\Http\\Request))
#51 C:\\xampp\\htdocs\\Laravel Projects\\tlight\\vendor\\laravel\\framework\\src\\Illuminate\\Foundation\\Http\\Middleware\\TransformsRequest.php(21): Illuminate\\Routing\\Pipeline->Illuminate\\Routing\\{closure}(Object(Illuminate\\Http\\Request))
#52 C:\\xampp\\htdocs\\Laravel Projects\\tlight\\vendor\\laravel\\framework\\src\\Illuminate\\Pipeline\\Pipeline.php(163): Illuminate\\Foundation\\Http\\Middleware\\TransformsRequest->handle(Object(Illuminate\\Http\\Request), Object(Closure))
#53 C:\\xampp\\htdocs\\Laravel Projects\\tlight\\vendor\\laravel\\framework\\src\\Illuminate\\Routing\\Pipeline.php(53): Illuminate\\Pipeline\\Pipeline->Illuminate\\Pipeline\\{closure}(Object(Illuminate\\Http\\Request))
#54 C:\\xampp\\htdocs\\Laravel Projects\\tlight\\vendor\\laravel\\framework\\src\\Illuminate\\Foundation\\Http\\Middleware\\ValidatePostSize.php(27): Illuminate\\Routing\\Pipeline->Illuminate\\Routing\\{closure}(Object(Illuminate\\Http\\Request))
#55 C:\\xampp\\htdocs\\Laravel Projects\\tlight\\vendor\\laravel\\framework\\src\\Illuminate\\Pipeline\\Pipeline.php(163): Illuminate\\Foundation\\Http\\Middleware\\ValidatePostSize->handle(Object(Illuminate\\Http\\Request), Object(Closure))
#56 C:\\xampp\\htdocs\\Laravel Projects\\tlight\\vendor\\laravel\\framework\\src\\Illuminate\\Routing\\Pipeline.php(53): Illuminate\\Pipeline\\Pipeline->Illuminate\\Pipeline\\{closure}(Object(Illuminate\\Http\\Request))
#57 C:\\xampp\\htdocs\\Laravel Projects\\tlight\\vendor\\laravel\\framework\\src\\Illuminate\\Foundation\\Http\\Middleware\\CheckForMaintenanceMode.php(62): Illuminate\\Routing\\Pipeline->Illuminate\\Routing\\{closure}(Object(Illuminate\\Http\\Request))
#58 C:\\xampp\\htdocs\\Laravel Projects\\tlight\\vendor\\laravel\\framework\\src\\Illuminate\\Pipeline\\Pipeline.php(163): Illuminate\\Foundation\\Http\\Middleware\\CheckForMaintenanceMode->handle(Object(Illuminate\\Http\\Request), Object(Closure))
#59 C:\\xampp\\htdocs\\Laravel Projects\\tlight\\vendor\\laravel\\framework\\src\\Illuminate\\Routing\\Pipeline.php(53): Illuminate\\Pipeline\\Pipeline->Illuminate\\Pipeline\\{closure}(Object(Illuminate\\Http\\Request))
#60 C:\\xampp\\htdocs\\Laravel Projects\\tlight\\vendor\\laravel\\framework\\src\\Illuminate\\Pipeline\\Pipeline.php(104): Illuminate\\Routing\\Pipeline->Illuminate\\Routing\\{closure}(Object(Illuminate\\Http\\Request))
#61 C:\\xampp\\htdocs\\Laravel Projects\\tlight\\vendor\\laravel\\framework\\src\\Illuminate\\Foundation\\Http\\Kernel.php(151): Illuminate\\Pipeline\\Pipeline->then(Object(Closure))
#62 C:\\xampp\\htdocs\\Laravel Projects\\tlight\\vendor\\laravel\\framework\\src\\Illuminate\\Foundation\\Http\\Kernel.php(116): Illuminate\\Foundation\\Http\\Kernel->sendRequestThroughRouter(Object(Illuminate\\Http\\Request))
#63 C:\\xampp\\htdocs\\Laravel Projects\\tlight\\public\\index.php(55): Illuminate\\Foundation\\Http\\Kernel->handle(Object(Illuminate\\Http\\Request))
#64 C:\\xampp\\htdocs\\Laravel Projects\\tlight\\server.php(21): require_once('C:\\\\xampp\\\\htdocs...')
#65 {main}
"} 
[2020-11-04 16:27:18] local.ERROR: Property [settingname] does not exist on this collection instance. (View: C:\xampp\htdocs\Laravel Projects\tlight\resources\views\admin\settings\edit.blade.php) {"userId":1,"exception":"[object] (ErrorException(code: 0): Property [settingname] does not exist on this collection instance. (View: C:\\xampp\\htdocs\\Laravel Projects\\tlight\esources\\views\\admin\\settings\\edit.blade.php) at C:\\xampp\\htdocs\\Laravel Projects\\tlight\\vendor\\laravel\\framework\\src\\Illuminate\\Support\\Collection.php:2160, Exception(code: 0): Property [settingname] does not exist on this collection instance. at C:\\xampp\\htdocs\\Laravel Projects\\tlight\\vendor\\laravel\\framework\\src\\Illuminate\\Support\\Collection.php:2160)
[stacktrace]
#0 C:\\xampp\\htdocs\\Laravel Projects\\tlight\\vendor\\laravel\\framework\\src\\Illuminate\\View\\Engines\\PhpEngine.php(45): Illuminate\\View\\Engines\\CompilerEngine->handleViewException(Object(Exception), 1)
#1 C:\\xampp\\htdocs\\Laravel Projects\\tlight\\vendor\\laravel\\framework\\src\\Illuminate\\View\\Engines\\CompilerEngine.php(59): Illuminate\\View\\Engines\\PhpEngine->evaluatePath('C:\\\\xampp\\\\htdocs...', Array)
#2 C:\\xampp\\htdocs\\Laravel Projects\\tlight\\vendor\\laravel\\framework\\src\\Illuminate\\View\\View.php(142): Illuminate\\View\\Engines\\CompilerEngine->get('C:\\\\xampp\\\\htdocs...', Array)
#3 C:\\xampp\\htdocs\\Laravel Projects\\tlight\\vendor\\laravel\\framework\\src\\Illuminate\\View\\View.php(125): Illuminate\\View\\View->getContents()
#4 C:\\xampp\\htdocs\\Laravel Projects\\tlight\\vendor\\laravel\\framework\\src\\Illuminate\\View\\View.php(90): Illuminate\\View\\View->renderContents()
#5 C:\\xampp\\htdocs\\Laravel Projects\\tlight\\vendor\\laravel\\framework\\src\\Illuminate\\Http\\Response.php(42): Illuminate\\View\\View->render()
#6 C:\\xampp\\htdocs\\Laravel Projects\\tlight\\vendor\\symfony\\http-foundation\\Response.php(205): Illuminate\\Http\\Response->setContent(Object(Illuminate\\View\\View))
#7 C:\\xampp\\htdocs\\Laravel Projects\\tlight\\vendor\\laravel\\framework\\src\\Illuminate\\Routing\\Router.php(748): Symfony\\Component\\HttpFoundation\\Response->__construct(Object(Illuminate\\View\\View))
#8 C:\\xampp\\htdocs\\Laravel Projects\\tlight\\vendor\\laravel\\framework\\src\\Illuminate\\Routing\\Router.php(720): Illuminate\\Routing\\Router::toResponse(Object(Illuminate\\Http\\Request), Object(Illuminate\\View\\View))
#9 C:\\xampp\\htdocs\\Laravel Projects\\tlight\\vendor\\laravel\\framework\\src\\Illuminate\\Routing\\Router.php(680): Illuminate\\Routing\\Router->prepareResponse(Object(Illuminate\\Http\\Request), Object(Illuminate\\View\\View))
#10 C:\\xampp\\htdocs\\Laravel Projects\\tlight\\vendor\\laravel\\framework\\src\\Illuminate\\Routing\\Pipeline.php(30): Illuminate\\Routing\\Router->Illuminate\\Routing\\{closure}(Object(Illuminate\\Http\\Request))
#11 C:\\xampp\\htdocs\\Laravel Projects\\tlight\\app\\Http\\Middleware\\SwitchUser.php(22): Illuminate\\Routing\\Pipeline->Illuminate\\Routing\\{closure}(Object(Illuminate\\Http\\Request))
#12 C:\\xampp\\htdocs\\Laravel Projects\\tlight\\vendor\\laravel\\framework\\src\\Illuminate\\Pipeline\\Pipeline.php(163): App\\Http\\Middleware\\SwitchUser->handle(Object(Illuminate\\Http\\Request), Object(Closure))
#13 C:\\xampp\\htdocs\\Laravel Projects\\tlight\\vendor\\laravel\\framework\\src\\Illuminate\\Routing\\Pipeline.php(53): Illuminate\\Pipeline\\Pipeline->Illuminate\\Pipeline\\{closure}(Object(Illuminate\\Http\\Request))
#14 C:\\xampp\\htdocs\\Laravel Projects\\tlight\\vendor\\laravel\\framework\\src\\Illuminate\\Auth\\Middleware\\EnsureEmailIsVerified.php(29): Illuminate\\Routing\\Pipeline->Illuminate\\Routing\\{closure}(Object(Illuminate\\Http\\Request))
#15 C:\\xampp\\htdocs\\Laravel Projects\\tlight\\vendor\\laravel\\framework\\src\\Illuminate\\Pipeline\\Pipeline.php(163): Illuminate\\Auth\\Middleware\\EnsureEmailIsVerified->handle(Object(Illuminate\\Http\\Request), Object(Closure))
#16 C:\\xampp\\htdocs\\Laravel Projects\\tlight\\vendor\\laravel\\framework\\src\\Illuminate\\Routing\\Pipeline.php(53): Illuminate\\Pipeline\\Pipeline->Illuminate\\Pipeline\\{closure}(Object(Illuminate\\Http\\Request))
#17 C:\\xampp\\htdocs\\Laravel Projects\\tlight\\vendor\\laravel\\framework\\src\\Illuminate\\Routing\\Middleware\\SubstituteBindings.php(41): Illuminate\\Routing\\Pipeline->Illuminate\\Routing\\{closure}(Object(Illuminate\\Http\\Request))
#18 C:\\xampp\\htdocs\\Laravel Projects\\tlight\\vendor\\laravel\\framework\\src\\Illuminate\\Pipeline\\Pipeline.php(163): Illuminate\\Routing\\Middleware\\SubstituteBindings->handle(Object(Illuminate\\Http\\Request), Object(Closure))
#19 C:\\xampp\\htdocs\\Laravel Projects\\tlight\\vendor\\laravel\\framework\\src\\Illuminate\\Routing\\Pipeline.php(53): Illuminate\\Pipeline\\Pipeline->Illuminate\\Pipeline\\{closure}(Object(Illuminate\\Http\\Request))
#20 C:\\xampp\\htdocs\\Laravel Projects\\tlight\\vendor\\laravel\\framework\\src\\Illuminate\\Auth\\Middleware\\Authenticate.php(43): Illuminate\\Routing\\Pipeline->Illuminate\\Routing\\{closure}(Object(Illuminate\\Http\\Request))
#21 C:\\xampp\\htdocs\\Laravel Projects\\tlight\\vendor\\laravel\\framework\\src\\Illuminate\\Pipeline\\Pipeline.php(163): Illuminate\\Auth\\Middleware\\Authenticate->handle(Object(Illuminate\\Http\\Request), Object(Closure))
#22 C:\\xampp\\htdocs\\Laravel Projects\\tlight\\vendor\\laravel\\framework\\src\\Illuminate\\Routing\\Pipeline.php(53): Illuminate\\Pipeline\\Pipeline->Illuminate\\Pipeline\\{closure}(Object(Illuminate\\Http\\Request))
#23 C:\\xampp\\htdocs\\Laravel Projects\\tlight\\vendor\\laravel\\framework\\src\\Illuminate\\Foundation\\Http\\Middleware\\VerifyCsrfToken.php(75): Illuminate\\Routing\\Pipeline->Illuminate\\Routing\\{closure}(Object(Illuminate\\Http\\Request))
#24 C:\\xampp\\htdocs\\Laravel Projects\\tlight\\vendor\\laravel\\framework\\src\\Illuminate\\Pipeline\\Pipeline.php(163): Illuminate\\Foundation\\Http\\Middleware\\VerifyCsrfToken->handle(Object(Illuminate\\Http\\Request), Object(Closure))
#25 C:\\xampp\\htdocs\\Laravel Projects\\tlight\\vendor\\laravel\\framework\\src\\Illuminate\\Routing\\Pipeline.php(53): Illuminate\\Pipeline\\Pipeline->Illuminate\\Pipeline\\{closure}(Object(Illuminate\\Http\\Request))
#26 C:\\xampp\\htdocs\\Laravel Projects\\tlight\\vendor\\laravel\\framework\\src\\Illuminate\\View\\Middleware\\ShareErrorsFromSession.php(49): Illuminate\\Routing\\Pipeline->Illuminate\\Routing\\{closure}(Object(Illuminate\\Http\\Request))
#27 C:\\xampp\\htdocs\\Laravel Projects\\tlight\\vendor\\laravel\\framework\\src\\Illuminate\\Pipeline\\Pipeline.php(163): Illuminate\\View\\Middleware\\ShareErrorsFromSession->handle(Object(Illuminate\\Http\\Request), Object(Closure))
#28 C:\\xampp\\htdocs\\Laravel Projects\\tlight\\vendor\\laravel\\framework\\src\\Illuminate\\Routing\\Pipeline.php(53): Illuminate\\Pipeline\\Pipeline->Illuminate\\Pipeline\\{closure}(Object(Illuminate\\Http\\Request))
#29 C:\\xampp\\htdocs\\Laravel Projects\\tlight\\vendor\\laravel\\framework\\src\\Illuminate\\Session\\Middleware\\StartSession.php(56): Illuminate\\Routing\\Pipeline->Illuminate\\Routing\\{closure}(Object(Illuminate\\Http\\Request))
#30 C:\\xampp\\htdocs\\Laravel Projects\\tlight\\vendor\\laravel\\framework\\src\\Illuminate\\Pipeline\\Pipeline.php(163): Illuminate\\Session\\Middleware\\StartSession->handle(Object(Illuminate\\Http\\Request), Object(Closure))
#31 C:\\xampp\\htdocs\\Laravel Projects\\tlight\\vendor\\laravel\\framework\\src\\Illuminate\\Routing\\Pipeline.php(53): Illuminate\\Pipeline\\Pipeline->Illuminate\\Pipeline\\{closure}(Object(Illuminate\\Http\\Request))
#32 C:\\xampp\\htdocs\\Laravel Projects\\tlight\\vendor\\laravel\\framework\\src\\Illuminate\\Cookie\\Middleware\\AddQueuedCookiesToResponse.php(37): Illuminate\\Routing\\Pipeline->Illuminate\\Routing\\{closure}(Object(Illuminate\\Http\\Request))
#33 C:\\xampp\\htdocs\\Laravel Projects\\tlight\\vendor\\laravel\\framework\\src\\Illuminate\\Pipeline\\Pipeline.php(163): Illuminate\\Cookie\\Middleware\\AddQueuedCookiesToResponse->handle(Object(Illuminate\\Http\\Request), Object(Closure))
#34 C:\\xampp\\htdocs\\Laravel Projects\\tlight\\vendor\\laravel\\framework\\src\\Illuminate\\Routing\\Pipeline.php(53): Illuminate\\Pipeline\\Pipeline->Illuminate\\Pipeline\\{closure}(Object(Illuminate\\Http\\Request))
#35 C:\\xampp\\htdocs\\Laravel Projects\\tlight\\vendor\\laravel\\framework\\src\\Illuminate\\Cookie\\Middleware\\EncryptCookies.php(66): Illuminate\\Routing\\Pipeline->Illuminate\\Routing\\{closure}(Object(Illuminate\\Http\\Request))
#36 C:\\xampp\\htdocs\\Laravel Projects\\tlight\\vendor\\laravel\\framework\\src\\Illuminate\\Pipeline\\Pipeline.php(163): Illuminate\\Cookie\\Middleware\\EncryptCookies->handle(Object(Illuminate\\Http\\Request), Object(Closure))
#37 C:\\xampp\\htdocs\\Laravel Projects\\tlight\\vendor\\laravel\\framework\\src\\Illuminate\\Routing\\Pipeline.php(53): Illuminate\\Pipeline\\Pipeline->Illuminate\\Pipeline\\{closure}(Object(Illuminate\\Http\\Request))
#38 C:\\xampp\\htdocs\\Laravel Projects\\tlight\\vendor\\laravel\\framework\\src\\Illuminate\\Pipeline\\Pipeline.php(104): Illuminate\\Routing\\Pipeline->Illuminate\\Routing\\{closure}(Object(Illuminate\\Http\\Request))
#39 C:\\xampp\\htdocs\\Laravel Projects\\tlight\\vendor\\laravel\\framework\\src\\Illuminate\\Routing\\Router.php(682): Illuminate\\Pipeline\\Pipeline->then(Object(Closure))
#40 C:\\xampp\\htdocs\\Laravel Projects\\tlight\\vendor\\laravel\\framework\\src\\Illuminate\\Routing\\Router.php(657): Illuminate\\Routing\\Router->runRouteWithinStack(Object(Illuminate\\Routing\\Route), Object(Illuminate\\Http\\Request))
#41 C:\\xampp\\htdocs\\Laravel Projects\\tlight\\vendor\\laravel\\framework\\src\\Illuminate\\Routing\\Router.php(623): Illuminate\\Routing\\Router->runRoute(Object(Illuminate\\Http\\Request), Object(Illuminate\\Routing\\Route))
#42 C:\\xampp\\htdocs\\Laravel Projects\\tlight\\vendor\\laravel\\framework\\src\\Illuminate\\Routing\\Router.php(612): Illuminate\\Routing\\Router->dispatchToRoute(Object(Illuminate\\Http\\Request))
#43 C:\\xampp\\htdocs\\Laravel Projects\\tlight\\vendor\\laravel\\framework\\src\\Illuminate\\Foundation\\Http\\Kernel.php(176): Illuminate\\Routing\\Router->dispatch(Object(Illuminate\\Http\\Request))
#44 C:\\xampp\\htdocs\\Laravel Projects\\tlight\\vendor\\laravel\\framework\\src\\Illuminate\\Routing\\Pipeline.php(30): Illuminate\\Foundation\\Http\\Kernel->Illuminate\\Foundation\\Http\\{closure}(Object(Illuminate\\Http\\Request))
#45 C:\\xampp\\htdocs\\Laravel Projects\\tlight\\vendor\\fideloper\\proxy\\src\\TrustProxies.php(57): Illuminate\\Routing\\Pipeline->Illuminate\\Routing\\{closure}(Object(Illuminate\\Http\\Request))
#46 C:\\xampp\\htdocs\\Laravel Projects\\tlight\\vendor\\laravel\\framework\\src\\Illuminate\\Pipeline\\Pipeline.php(163): Fideloper\\Proxy\\TrustProxies->handle(Object(Illuminate\\Http\\Request), Object(Closure))
#47 C:\\xampp\\htdocs\\Laravel Projects\\tlight\\vendor\\laravel\\framework\\src\\Illuminate\\Routing\\Pipeline.php(53): Illuminate\\Pipeline\\Pipeline->Illuminate\\Pipeline\\{closure}(Object(Illuminate\\Http\\Request))
#48 C:\\xampp\\htdocs\\Laravel Projects\\tlight\\vendor\\laravel\\framework\\src\\Illuminate\\Foundation\\Http\\Middleware\\TransformsRequest.php(21): Illuminate\\Routing\\Pipeline->Illuminate\\Routing\\{closure}(Object(Illuminate\\Http\\Request))
#49 C:\\xampp\\htdocs\\Laravel Projects\\tlight\\vendor\\laravel\\framework\\src\\Illuminate\\Pipeline\\Pipeline.php(163): Illuminate\\Foundation\\Http\\Middleware\\TransformsRequest->handle(Object(Illuminate\\Http\\Request), Object(Closure))
#50 C:\\xampp\\htdocs\\Laravel Projects\\tlight\\vendor\\laravel\\framework\\src\\Illuminate\\Routing\\Pipeline.php(53): Illuminate\\Pipeline\\Pipeline->Illuminate\\Pipeline\\{closure}(Object(Illuminate\\Http\\Request))
#51 C:\\xampp\\htdocs\\Laravel Projects\\tlight\\vendor\\laravel\\framework\\src\\Illuminate\\Foundation\\Http\\Middleware\\TransformsRequest.php(21): Illuminate\\Routing\\Pipeline->Illuminate\\Routing\\{closure}(Object(Illuminate\\Http\\Request))
#52 C:\\xampp\\htdocs\\Laravel Projects\\tlight\\vendor\\laravel\\framework\\src\\Illuminate\\Pipeline\\Pipeline.php(163): Illuminate\\Foundation\\Http\\Middleware\\TransformsRequest->handle(Object(Illuminate\\Http\\Request), Object(Closure))
#53 C:\\xampp\\htdocs\\Laravel Projects\\tlight\\vendor\\laravel\\framework\\src\\Illuminate\\Routing\\Pipeline.php(53): Illuminate\\Pipeline\\Pipeline->Illuminate\\Pipeline\\{closure}(Object(Illuminate\\Http\\Request))
#54 C:\\xampp\\htdocs\\Laravel Projects\\tlight\\vendor\\laravel\\framework\\src\\Illuminate\\Foundation\\Http\\Middleware\\ValidatePostSize.php(27): Illuminate\\Routing\\Pipeline->Illuminate\\Routing\\{closure}(Object(Illuminate\\Http\\Request))
#55 C:\\xampp\\htdocs\\Laravel Projects\\tlight\\vendor\\laravel\\framework\\src\\Illuminate\\Pipeline\\Pipeline.php(163): Illuminate\\Foundation\\Http\\Middleware\\ValidatePostSize->handle(Object(Illuminate\\Http\\Request), Object(Closure))
#56 C:\\xampp\\htdocs\\Laravel Projects\\tlight\\vendor\\laravel\\framework\\src\\Illuminate\\Routing\\Pipeline.php(53): Illuminate\\Pipeline\\Pipeline->Illuminate\\Pipeline\\{closure}(Object(Illuminate\\Http\\Request))
#57 C:\\xampp\\htdocs\\Laravel Projects\\tlight\\vendor\\laravel\\framework\\src\\Illuminate\\Foundation\\Http\\Middleware\\CheckForMaintenanceMode.php(62): Illuminate\\Routing\\Pipeline->Illuminate\\Routing\\{closure}(Object(Illuminate\\Http\\Request))
#58 C:\\xampp\\htdocs\\Laravel Projects\\tlight\\vendor\\laravel\\framework\\src\\Illuminate\\Pipeline\\Pipeline.php(163): Illuminate\\Foundation\\Http\\Middleware\\CheckForMaintenanceMode->handle(Object(Illuminate\\Http\\Request), Object(Closure))
#59 C:\\xampp\\htdocs\\Laravel Projects\\tlight\\vendor\\laravel\\framework\\src\\Illuminate\\Routing\\Pipeline.php(53): Illuminate\\Pipeline\\Pipeline->Illuminate\\Pipeline\\{closure}(Object(Illuminate\\Http\\Request))
#60 C:\\xampp\\htdocs\\Laravel Projects\\tlight\\vendor\\laravel\\framework\\src\\Illuminate\\Pipeline\\Pipeline.php(104): Illuminate\\Routing\\Pipeline->Illuminate\\Routing\\{closure}(Object(Illuminate\\Http\\Request))
#61 C:\\xampp\\htdocs\\Laravel Projects\\tlight\\vendor\\laravel\\framework\\src\\Illuminate\\Foundation\\Http\\Kernel.php(151): Illuminate\\Pipeline\\Pipeline->then(Object(Closure))
#62 C:\\xampp\\htdocs\\Laravel Projects\\tlight\\vendor\\laravel\\framework\\src\\Illuminate\\Foundation\\Http\\Kernel.php(116): Illuminate\\Foundation\\Http\\Kernel->sendRequestThroughRouter(Object(Illuminate\\Http\\Request))
#63 C:\\xampp\\htdocs\\Laravel Projects\\tlight\\public\\index.php(55): Illuminate\\Foundation\\Http\\Kernel->handle(Object(Illuminate\\Http\\Request))
#64 C:\\xampp\\htdocs\\Laravel Projects\\tlight\\server.php(21): require_once('C:\\\\xampp\\\\htdocs...')
#65 {main}
"} 
[2020-11-04 16:30:57] local.ERROR: syntax error, unexpected '->' (T_OBJECT_OPERATOR), expecting ',' or ';' (View: C:\xampp\htdocs\Laravel Projects\tlight\resources\views\admin\settings\edit.blade.php) {"userId":1,"exception":"[object] (ErrorException(code: 0): syntax error, unexpected '->' (T_OBJECT_OPERATOR), expecting ',' or ';' (View: C:\\xampp\\htdocs\\Laravel Projects\\tlight\esources\\views\\admin\\settings\\edit.blade.php) at C:\\xampp\\htdocs\\Laravel Projects\\tlight\\storage\\framework\\views\\8a7e3e9267f7f984b263f510e4ffcef1e131354f.php:27, Symfony\\Component\\Debug\\Exception\\FatalThrowableError(code: 0): syntax error, unexpected '->' (T_OBJECT_OPERATOR), expecting ',' or ';' at C:\\xampp\\htdocs\\Laravel Projects\\tlight\\storage\\framework\\views\\8a7e3e9267f7f984b263f510e4ffcef1e131354f.php:27)
[stacktrace]
#0 C:\\xampp\\htdocs\\Laravel Projects\\tlight\\vendor\\laravel\\framework\\src\\Illuminate\\View\\Engines\\PhpEngine.php(47): Illuminate\\View\\Engines\\CompilerEngine->handleViewException(Object(Symfony\\Component\\Debug\\Exception\\FatalThrowableError), 1)
#1 C:\\xampp\\htdocs\\Laravel Projects\\tlight\\vendor\\laravel\\framework\\src\\Illuminate\\View\\Engines\\CompilerEngine.php(59): Illuminate\\View\\Engines\\PhpEngine->evaluatePath('C:\\\\xampp\\\\htdocs...', Array)
#2 C:\\xampp\\htdocs\\Laravel Projects\\tlight\\vendor\\laravel\\framework\\src\\Illuminate\\View\\View.php(142): Illuminate\\View\\Engines\\CompilerEngine->get('C:\\\\xampp\\\\htdocs...', Array)
#3 C:\\xampp\\htdocs\\Laravel Projects\\tlight\\vendor\\laravel\\framework\\src\\Illuminate\\View\\View.php(125): Illuminate\\View\\View->getContents()
#4 C:\\xampp\\htdocs\\Laravel Projects\\tlight\\vendor\\laravel\\framework\\src\\Illuminate\\View\\View.php(90): Illuminate\\View\\View->renderContents()
#5 C:\\xampp\\htdocs\\Laravel Projects\\tlight\\vendor\\laravel\\framework\\src\\Illuminate\\Http\\Response.php(42): Illuminate\\View\\View->render()
#6 C:\\xampp\\htdocs\\Laravel Projects\\tlight\\vendor\\symfony\\http-foundation\\Response.php(205): Illuminate\\Http\\Response->setContent(Object(Illuminate\\View\\View))
#7 C:\\xampp\\htdocs\\Laravel Projects\\tlight\\vendor\\laravel\\framework\\src\\Illuminate\\Routing\\Router.php(748): Symfony\\Component\\HttpFoundation\\Response->__construct(Object(Illuminate\\View\\View))
#8 C:\\xampp\\htdocs\\Laravel Projects\\tlight\\vendor\\laravel\\framework\\src\\Illuminate\\Routing\\Router.php(720): Illuminate\\Routing\\Router::toResponse(Object(Illuminate\\Http\\Request), Object(Illuminate\\View\\View))
#9 C:\\xampp\\htdocs\\Laravel Projects\\tlight\\vendor\\laravel\\framework\\src\\Illuminate\\Routing\\Router.php(680): Illuminate\\Routing\\Router->prepareResponse(Object(Illuminate\\Http\\Request), Object(Illuminate\\View\\View))
#10 C:\\xampp\\htdocs\\Laravel Projects\\tlight\\vendor\\laravel\\framework\\src\\Illuminate\\Routing\\Pipeline.php(30): Illuminate\\Routing\\Router->Illuminate\\Routing\\{closure}(Object(Illuminate\\Http\\Request))
#11 C:\\xampp\\htdocs\\Laravel Projects\\tlight\\app\\Http\\Middleware\\SwitchUser.php(22): Illuminate\\Routing\\Pipeline->Illuminate\\Routing\\{closure}(Object(Illuminate\\Http\\Request))
#12 C:\\xampp\\htdocs\\Laravel Projects\\tlight\\vendor\\laravel\\framework\\src\\Illuminate\\Pipeline\\Pipeline.php(163): App\\Http\\Middleware\\SwitchUser->handle(Object(Illuminate\\Http\\Request), Object(Closure))
#13 C:\\xampp\\htdocs\\Laravel Projects\\tlight\\vendor\\laravel\\framework\\src\\Illuminate\\Routing\\Pipeline.php(53): Illuminate\\Pipeline\\Pipeline->Illuminate\\Pipeline\\{closure}(Object(Illuminate\\Http\\Request))
#14 C:\\xampp\\htdocs\\Laravel Projects\\tlight\\vendor\\laravel\\framework\\src\\Illuminate\\Auth\\Middleware\\EnsureEmailIsVerified.php(29): Illuminate\\Routing\\Pipeline->Illuminate\\Routing\\{closure}(Object(Illuminate\\Http\\Request))
#15 C:\\xampp\\htdocs\\Laravel Projects\\tlight\\vendor\\laravel\\framework\\src\\Illuminate\\Pipeline\\Pipeline.php(163): Illuminate\\Auth\\Middleware\\EnsureEmailIsVerified->handle(Object(Illuminate\\Http\\Request), Object(Closure))
#16 C:\\xampp\\htdocs\\Laravel Projects\\tlight\\vendor\\laravel\\framework\\src\\Illuminate\\Routing\\Pipeline.php(53): Illuminate\\Pipeline\\Pipeline->Illuminate\\Pipeline\\{closure}(Object(Illuminate\\Http\\Request))
#17 C:\\xampp\\htdocs\\Laravel Projects\\tlight\\vendor\\laravel\\framework\\src\\Illuminate\\Routing\\Middleware\\SubstituteBindings.php(41): Illuminate\\Routing\\Pipeline->Illuminate\\Routing\\{closure}(Object(Illuminate\\Http\\Request))
#18 C:\\xampp\\htdocs\\Laravel Projects\\tlight\\vendor\\laravel\\framework\\src\\Illuminate\\Pipeline\\Pipeline.php(163): Illuminate\\Routing\\Middleware\\SubstituteBindings->handle(Object(Illuminate\\Http\\Request), Object(Closure))
#19 C:\\xampp\\htdocs\\Laravel Projects\\tlight\\vendor\\laravel\\framework\\src\\Illuminate\\Routing\\Pipeline.php(53): Illuminate\\Pipeline\\Pipeline->Illuminate\\Pipeline\\{closure}(Object(Illuminate\\Http\\Request))
#20 C:\\xampp\\htdocs\\Laravel Projects\\tlight\\vendor\\laravel\\framework\\src\\Illuminate\\Auth\\Middleware\\Authenticate.php(43): Illuminate\\Routing\\Pipeline->Illuminate\\Routing\\{closure}(Object(Illuminate\\Http\\Request))
#21 C:\\xampp\\htdocs\\Laravel Projects\\tlight\\vendor\\laravel\\framework\\src\\Illuminate\\Pipeline\\Pipeline.php(163): Illuminate\\Auth\\Middleware\\Authenticate->handle(Object(Illuminate\\Http\\Request), Object(Closure))
#22 C:\\xampp\\htdocs\\Laravel Projects\\tlight\\vendor\\laravel\\framework\\src\\Illuminate\\Routing\\Pipeline.php(53): Illuminate\\Pipeline\\Pipeline->Illuminate\\Pipeline\\{closure}(Object(Illuminate\\Http\\Request))
#23 C:\\xampp\\htdocs\\Laravel Projects\\tlight\\vendor\\laravel\\framework\\src\\Illuminate\\Foundation\\Http\\Middleware\\VerifyCsrfToken.php(75): Illuminate\\Routing\\Pipeline->Illuminate\\Routing\\{closure}(Object(Illuminate\\Http\\Request))
#24 C:\\xampp\\htdocs\\Laravel Projects\\tlight\\vendor\\laravel\\framework\\src\\Illuminate\\Pipeline\\Pipeline.php(163): Illuminate\\Foundation\\Http\\Middleware\\VerifyCsrfToken->handle(Object(Illuminate\\Http\\Request), Object(Closure))
#25 C:\\xampp\\htdocs\\Laravel Projects\\tlight\\vendor\\laravel\\framework\\src\\Illuminate\\Routing\\Pipeline.php(53): Illuminate\\Pipeline\\Pipeline->Illuminate\\Pipeline\\{closure}(Object(Illuminate\\Http\\Request))
#26 C:\\xampp\\htdocs\\Laravel Projects\\tlight\\vendor\\laravel\\framework\\src\\Illuminate\\View\\Middleware\\ShareErrorsFromSession.php(49): Illuminate\\Routing\\Pipeline->Illuminate\\Routing\\{closure}(Object(Illuminate\\Http\\Request))
#27 C:\\xampp\\htdocs\\Laravel Projects\\tlight\\vendor\\laravel\\framework\\src\\Illuminate\\Pipeline\\Pipeline.php(163): Illuminate\\View\\Middleware\\ShareErrorsFromSession->handle(Object(Illuminate\\Http\\Request), Object(Closure))
#28 C:\\xampp\\htdocs\\Laravel Projects\\tlight\\vendor\\laravel\\framework\\src\\Illuminate\\Routing\\Pipeline.php(53): Illuminate\\Pipeline\\Pipeline->Illuminate\\Pipeline\\{closure}(Object(Illuminate\\Http\\Request))
#29 C:\\xampp\\htdocs\\Laravel Projects\\tlight\\vendor\\laravel\\framework\\src\\Illuminate\\Session\\Middleware\\StartSession.php(56): Illuminate\\Routing\\Pipeline->Illuminate\\Routing\\{closure}(Object(Illuminate\\Http\\Request))
#30 C:\\xampp\\htdocs\\Laravel Projects\\tlight\\vendor\\laravel\\framework\\src\\Illuminate\\Pipeline\\Pipeline.php(163): Illuminate\\Session\\Middleware\\StartSession->handle(Object(Illuminate\\Http\\Request), Object(Closure))
#31 C:\\xampp\\htdocs\\Laravel Projects\\tlight\\vendor\\laravel\\framework\\src\\Illuminate\\Routing\\Pipeline.php(53): Illuminate\\Pipeline\\Pipeline->Illuminate\\Pipeline\\{closure}(Object(Illuminate\\Http\\Request))
#32 C:\\xampp\\htdocs\\Laravel Projects\\tlight\\vendor\\laravel\\framework\\src\\Illuminate\\Cookie\\Middleware\\AddQueuedCookiesToResponse.php(37): Illuminate\\Routing\\Pipeline->Illuminate\\Routing\\{closure}(Object(Illuminate\\Http\\Request))
#33 C:\\xampp\\htdocs\\Laravel Projects\\tlight\\vendor\\laravel\\framework\\src\\Illuminate\\Pipeline\\Pipeline.php(163): Illuminate\\Cookie\\Middleware\\AddQueuedCookiesToResponse->handle(Object(Illuminate\\Http\\Request), Object(Closure))
#34 C:\\xampp\\htdocs\\Laravel Projects\\tlight\\vendor\\laravel\\framework\\src\\Illuminate\\Routing\\Pipeline.php(53): Illuminate\\Pipeline\\Pipeline->Illuminate\\Pipeline\\{closure}(Object(Illuminate\\Http\\Request))
#35 C:\\xampp\\htdocs\\Laravel Projects\\tlight\\vendor\\laravel\\framework\\src\\Illuminate\\Cookie\\Middleware\\EncryptCookies.php(66): Illuminate\\Routing\\Pipeline->Illuminate\\Routing\\{closure}(Object(Illuminate\\Http\\Request))
#36 C:\\xampp\\htdocs\\Laravel Projects\\tlight\\vendor\\laravel\\framework\\src\\Illuminate\\Pipeline\\Pipeline.php(163): Illuminate\\Cookie\\Middleware\\EncryptCookies->handle(Object(Illuminate\\Http\\Request), Object(Closure))
#37 C:\\xampp\\htdocs\\Laravel Projects\\tlight\\vendor\\laravel\\framework\\src\\Illuminate\\Routing\\Pipeline.php(53): Illuminate\\Pipeline\\Pipeline->Illuminate\\Pipeline\\{closure}(Object(Illuminate\\Http\\Request))
#38 C:\\xampp\\htdocs\\Laravel Projects\\tlight\\vendor\\laravel\\framework\\src\\Illuminate\\Pipeline\\Pipeline.php(104): Illuminate\\Routing\\Pipeline->Illuminate\\Routing\\{closure}(Object(Illuminate\\Http\\Request))
#39 C:\\xampp\\htdocs\\Laravel Projects\\tlight\\vendor\\laravel\\framework\\src\\Illuminate\\Routing\\Router.php(682): Illuminate\\Pipeline\\Pipeline->then(Object(Closure))
#40 C:\\xampp\\htdocs\\Laravel Projects\\tlight\\vendor\\laravel\\framework\\src\\Illuminate\\Routing\\Router.php(657): Illuminate\\Routing\\Router->runRouteWithinStack(Object(Illuminate\\Routing\\Route), Object(Illuminate\\Http\\Request))
#41 C:\\xampp\\htdocs\\Laravel Projects\\tlight\\vendor\\laravel\\framework\\src\\Illuminate\\Routing\\Router.php(623): Illuminate\\Routing\\Router->runRoute(Object(Illuminate\\Http\\Request), Object(Illuminate\\Routing\\Route))
#42 C:\\xampp\\htdocs\\Laravel Projects\\tlight\\vendor\\laravel\\framework\\src\\Illuminate\\Routing\\Router.php(612): Illuminate\\Routing\\Router->dispatchToRoute(Object(Illuminate\\Http\\Request))
#43 C:\\xampp\\htdocs\\Laravel Projects\\tlight\\vendor\\laravel\\framework\\src\\Illuminate\\Foundation\\Http\\Kernel.php(176): Illuminate\\Routing\\Router->dispatch(Object(Illuminate\\Http\\Request))
#44 C:\\xampp\\htdocs\\Laravel Projects\\tlight\\vendor\\laravel\\framework\\src\\Illuminate\\Routing\\Pipeline.php(30): Illuminate\\Foundation\\Http\\Kernel->Illuminate\\Foundation\\Http\\{closure}(Object(Illuminate\\Http\\Request))
#45 C:\\xampp\\htdocs\\Laravel Projects\\tlight\\vendor\\fideloper\\proxy\\src\\TrustProxies.php(57): Illuminate\\Routing\\Pipeline->Illuminate\\Routing\\{closure}(Object(Illuminate\\Http\\Request))
#46 C:\\xampp\\htdocs\\Laravel Projects\\tlight\\vendor\\laravel\\framework\\src\\Illuminate\\Pipeline\\Pipeline.php(163): Fideloper\\Proxy\\TrustProxies->handle(Object(Illuminate\\Http\\Request), Object(Closure))
#47 C:\\xampp\\htdocs\\Laravel Projects\\tlight\\vendor\\laravel\\framework\\src\\Illuminate\\Routing\\Pipeline.php(53): Illuminate\\Pipeline\\Pipeline->Illuminate\\Pipeline\\{closure}(Object(Illuminate\\Http\\Request))
#48 C:\\xampp\\htdocs\\Laravel Projects\\tlight\\vendor\\laravel\\framework\\src\\Illuminate\\Foundation\\Http\\Middleware\\TransformsRequest.php(21): Illuminate\\Routing\\Pipeline->Illuminate\\Routing\\{closure}(Object(Illuminate\\Http\\Request))
#49 C:\\xampp\\htdocs\\Laravel Projects\\tlight\\vendor\\laravel\\framework\\src\\Illuminate\\Pipeline\\Pipeline.php(163): Illuminate\\Foundation\\Http\\Middleware\\TransformsRequest->handle(Object(Illuminate\\Http\\Request), Object(Closure))
#50 C:\\xampp\\htdocs\\Laravel Projects\\tlight\\vendor\\laravel\\framework\\src\\Illuminate\\Routing\\Pipeline.php(53): Illuminate\\Pipeline\\Pipeline->Illuminate\\Pipeline\\{closure}(Object(Illuminate\\Http\\Request))
#51 C:\\xampp\\htdocs\\Laravel Projects\\tlight\\vendor\\laravel\\framework\\src\\Illuminate\\Foundation\\Http\\Middleware\\TransformsRequest.php(21): Illuminate\\Routing\\Pipeline->Illuminate\\Routing\\{closure}(Object(Illuminate\\Http\\Request))
#52 C:\\xampp\\htdocs\\Laravel Projects\\tlight\\vendor\\laravel\\framework\\src\\Illuminate\\Pipeline\\Pipeline.php(163): Illuminate\\Foundation\\Http\\Middleware\\TransformsRequest->handle(Object(Illuminate\\Http\\Request), Object(Closure))
#53 C:\\xampp\\htdocs\\Laravel Projects\\tlight\\vendor\\laravel\\framework\\src\\Illuminate\\Routing\\Pipeline.php(53): Illuminate\\Pipeline\\Pipeline->Illuminate\\Pipeline\\{closure}(Object(Illuminate\\Http\\Request))
#54 C:\\xampp\\htdocs\\Laravel Projects\\tlight\\vendor\\laravel\\framework\\src\\Illuminate\\Foundation\\Http\\Middleware\\ValidatePostSize.php(27): Illuminate\\Routing\\Pipeline->Illuminate\\Routing\\{closure}(Object(Illuminate\\Http\\Request))
#55 C:\\xampp\\htdocs\\Laravel Projects\\tlight\\vendor\\laravel\\framework\\src\\Illuminate\\Pipeline\\Pipeline.php(163): Illuminate\\Foundation\\Http\\Middleware\\ValidatePostSize->handle(Object(Illuminate\\Http\\Request), Object(Closure))
#56 C:\\xampp\\htdocs\\Laravel Projects\\tlight\\vendor\\laravel\\framework\\src\\Illuminate\\Routing\\Pipeline.php(53): Illuminate\\Pipeline\\Pipeline->Illuminate\\Pipeline\\{closure}(Object(Illuminate\\Http\\Request))
#57 C:\\xampp\\htdocs\\Laravel Projects\\tlight\\vendor\\laravel\\framework\\src\\Illuminate\\Foundation\\Http\\Middleware\\CheckForMaintenanceMode.php(62): Illuminate\\Routing\\Pipeline->Illuminate\\Routing\\{closure}(Object(Illuminate\\Http\\Request))
#58 C:\\xampp\\htdocs\\Laravel Projects\\tlight\\vendor\\laravel\\framework\\src\\Illuminate\\Pipeline\\Pipeline.php(163): Illuminate\\Foundation\\Http\\Middleware\\CheckForMaintenanceMode->handle(Object(Illuminate\\Http\\Request), Object(Closure))
#59 C:\\xampp\\htdocs\\Laravel Projects\\tlight\\vendor\\laravel\\framework\\src\\Illuminate\\Routing\\Pipeline.php(53): Illuminate\\Pipeline\\Pipeline->Illuminate\\Pipeline\\{closure}(Object(Illuminate\\Http\\Request))
#60 C:\\xampp\\htdocs\\Laravel Projects\\tlight\\vendor\\laravel\\framework\\src\\Illuminate\\Pipeline\\Pipeline.php(104): Illuminate\\Routing\\Pipeline->Illuminate\\Routing\\{closure}(Object(Illuminate\\Http\\Request))
#61 C:\\xampp\\htdocs\\Laravel Projects\\tlight\\vendor\\laravel\\framework\\src\\Illuminate\\Foundation\\Http\\Kernel.php(151): Illuminate\\Pipeline\\Pipeline->then(Object(Closure))
#62 C:\\xampp\\htdocs\\Laravel Projects\\tlight\\vendor\\laravel\\framework\\src\\Illuminate\\Foundation\\Http\\Kernel.php(116): Illuminate\\Foundation\\Http\\Kernel->sendRequestThroughRouter(Object(Illuminate\\Http\\Request))
#63 C:\\xampp\\htdocs\\Laravel Projects\\tlight\\public\\index.php(55): Illuminate\\Foundation\\Http\\Kernel->handle(Object(Illuminate\\Http\\Request))
#64 C:\\xampp\\htdocs\\Laravel Projects\\tlight\\server.php(21): require_once('C:\\\\xampp\\\\htdocs...')
#65 {main}
"} 
[2020-11-04 16:31:07] local.ERROR: Property [default_currency] does not exist on this collection instance. (View: C:\xampp\htdocs\Laravel Projects\tlight\resources\views\admin\settings\edit.blade.php) {"userId":1,"exception":"[object] (ErrorException(code: 0): Property [default_currency] does not exist on this collection instance. (View: C:\\xampp\\htdocs\\Laravel Projects\\tlight\esources\\views\\admin\\settings\\edit.blade.php) at C:\\xampp\\htdocs\\Laravel Projects\\tlight\\vendor\\laravel\\framework\\src\\Illuminate\\Support\\Collection.php:2160, Exception(code: 0): Property [default_currency] does not exist on this collection instance. at C:\\xampp\\htdocs\\Laravel Projects\\tlight\\vendor\\laravel\\framework\\src\\Illuminate\\Support\\Collection.php:2160)
[stacktrace]
#0 C:\\xampp\\htdocs\\Laravel Projects\\tlight\\vendor\\laravel\\framework\\src\\Illuminate\\View\\Engines\\PhpEngine.php(45): Illuminate\\View\\Engines\\CompilerEngine->handleViewException(Object(Exception), 1)
#1 C:\\xampp\\htdocs\\Laravel Projects\\tlight\\vendor\\laravel\\framework\\src\\Illuminate\\View\\Engines\\CompilerEngine.php(59): Illuminate\\View\\Engines\\PhpEngine->evaluatePath('C:\\\\xampp\\\\htdocs...', Array)
#2 C:\\xampp\\htdocs\\Laravel Projects\\tlight\\vendor\\laravel\\framework\\src\\Illuminate\\View\\View.php(142): Illuminate\\View\\Engines\\CompilerEngine->get('C:\\\\xampp\\\\htdocs...', Array)
#3 C:\\xampp\\htdocs\\Laravel Projects\\tlight\\vendor\\laravel\\framework\\src\\Illuminate\\View\\View.php(125): Illuminate\\View\\View->getContents()
#4 C:\\xampp\\htdocs\\Laravel Projects\\tlight\\vendor\\laravel\\framework\\src\\Illuminate\\View\\View.php(90): Illuminate\\View\\View->renderContents()
#5 C:\\xampp\\htdocs\\Laravel Projects\\tlight\\vendor\\laravel\\framework\\src\\Illuminate\\Http\\Response.php(42): Illuminate\\View\\View->render()
#6 C:\\xampp\\htdocs\\Laravel Projects\\tlight\\vendor\\symfony\\http-foundation\\Response.php(205): Illuminate\\Http\\Response->setContent(Object(Illuminate\\View\\View))
#7 C:\\xampp\\htdocs\\Laravel Projects\\tlight\\vendor\\laravel\\framework\\src\\Illuminate\\Routing\\Router.php(748): Symfony\\Component\\HttpFoundation\\Response->__construct(Object(Illuminate\\View\\View))
#8 C:\\xampp\\htdocs\\Laravel Projects\\tlight\\vendor\\laravel\\framework\\src\\Illuminate\\Routing\\Router.php(720): Illuminate\\Routing\\Router::toResponse(Object(Illuminate\\Http\\Request), Object(Illuminate\\View\\View))
#9 C:\\xampp\\htdocs\\Laravel Projects\\tlight\\vendor\\laravel\\framework\\src\\Illuminate\\Routing\\Router.php(680): Illuminate\\Routing\\Router->prepareResponse(Object(Illuminate\\Http\\Request), Object(Illuminate\\View\\View))
#10 C:\\xampp\\htdocs\\Laravel Projects\\tlight\\vendor\\laravel\\framework\\src\\Illuminate\\Routing\\Pipeline.php(30): Illuminate\\Routing\\Router->Illuminate\\Routing\\{closure}(Object(Illuminate\\Http\\Request))
#11 C:\\xampp\\htdocs\\Laravel Projects\\tlight\\app\\Http\\Middleware\\SwitchUser.php(22): Illuminate\\Routing\\Pipeline->Illuminate\\Routing\\{closure}(Object(Illuminate\\Http\\Request))
#12 C:\\xampp\\htdocs\\Laravel Projects\\tlight\\vendor\\laravel\\framework\\src\\Illuminate\\Pipeline\\Pipeline.php(163): App\\Http\\Middleware\\SwitchUser->handle(Object(Illuminate\\Http\\Request), Object(Closure))
#13 C:\\xampp\\htdocs\\Laravel Projects\\tlight\\vendor\\laravel\\framework\\src\\Illuminate\\Routing\\Pipeline.php(53): Illuminate\\Pipeline\\Pipeline->Illuminate\\Pipeline\\{closure}(Object(Illuminate\\Http\\Request))
#14 C:\\xampp\\htdocs\\Laravel Projects\\tlight\\vendor\\laravel\\framework\\src\\Illuminate\\Auth\\Middleware\\EnsureEmailIsVerified.php(29): Illuminate\\Routing\\Pipeline->Illuminate\\Routing\\{closure}(Object(Illuminate\\Http\\Request))
#15 C:\\xampp\\htdocs\\Laravel Projects\\tlight\\vendor\\laravel\\framework\\src\\Illuminate\\Pipeline\\Pipeline.php(163): Illuminate\\Auth\\Middleware\\EnsureEmailIsVerified->handle(Object(Illuminate\\Http\\Request), Object(Closure))
#16 C:\\xampp\\htdocs\\Laravel Projects\\tlight\\vendor\\laravel\\framework\\src\\Illuminate\\Routing\\Pipeline.php(53): Illuminate\\Pipeline\\Pipeline->Illuminate\\Pipeline\\{closure}(Object(Illuminate\\Http\\Request))
#17 C:\\xampp\\htdocs\\Laravel Projects\\tlight\\vendor\\laravel\\framework\\src\\Illuminate\\Routing\\Middleware\\SubstituteBindings.php(41): Illuminate\\Routing\\Pipeline->Illuminate\\Routing\\{closure}(Object(Illuminate\\Http\\Request))
#18 C:\\xampp\\htdocs\\Laravel Projects\\tlight\\vendor\\laravel\\framework\\src\\Illuminate\\Pipeline\\Pipeline.php(163): Illuminate\\Routing\\Middleware\\SubstituteBindings->handle(Object(Illuminate\\Http\\Request), Object(Closure))
#19 C:\\xampp\\htdocs\\Laravel Projects\\tlight\\vendor\\laravel\\framework\\src\\Illuminate\\Routing\\Pipeline.php(53): Illuminate\\Pipeline\\Pipeline->Illuminate\\Pipeline\\{closure}(Object(Illuminate\\Http\\Request))
#20 C:\\xampp\\htdocs\\Laravel Projects\\tlight\\vendor\\laravel\\framework\\src\\Illuminate\\Auth\\Middleware\\Authenticate.php(43): Illuminate\\Routing\\Pipeline->Illuminate\\Routing\\{closure}(Object(Illuminate\\Http\\Request))
#21 C:\\xampp\\htdocs\\Laravel Projects\\tlight\\vendor\\laravel\\framework\\src\\Illuminate\\Pipeline\\Pipeline.php(163): Illuminate\\Auth\\Middleware\\Authenticate->handle(Object(Illuminate\\Http\\Request), Object(Closure))
#22 C:\\xampp\\htdocs\\Laravel Projects\\tlight\\vendor\\laravel\\framework\\src\\Illuminate\\Routing\\Pipeline.php(53): Illuminate\\Pipeline\\Pipeline->Illuminate\\Pipeline\\{closure}(Object(Illuminate\\Http\\Request))
#23 C:\\xampp\\htdocs\\Laravel Projects\\tlight\\vendor\\laravel\\framework\\src\\Illuminate\\Foundation\\Http\\Middleware\\VerifyCsrfToken.php(75): Illuminate\\Routing\\Pipeline->Illuminate\\Routing\\{closure}(Object(Illuminate\\Http\\Request))
#24 C:\\xampp\\htdocs\\Laravel Projects\\tlight\\vendor\\laravel\\framework\\src\\Illuminate\\Pipeline\\Pipeline.php(163): Illuminate\\Foundation\\Http\\Middleware\\VerifyCsrfToken->handle(Object(Illuminate\\Http\\Request), Object(Closure))
#25 C:\\xampp\\htdocs\\Laravel Projects\\tlight\\vendor\\laravel\\framework\\src\\Illuminate\\Routing\\Pipeline.php(53): Illuminate\\Pipeline\\Pipeline->Illuminate\\Pipeline\\{closure}(Object(Illuminate\\Http\\Request))
#26 C:\\xampp\\htdocs\\Laravel Projects\\tlight\\vendor\\laravel\\framework\\src\\Illuminate\\View\\Middleware\\ShareErrorsFromSession.php(49): Illuminate\\Routing\\Pipeline->Illuminate\\Routing\\{closure}(Object(Illuminate\\Http\\Request))
#27 C:\\xampp\\htdocs\\Laravel Projects\\tlight\\vendor\\laravel\\framework\\src\\Illuminate\\Pipeline\\Pipeline.php(163): Illuminate\\View\\Middleware\\ShareErrorsFromSession->handle(Object(Illuminate\\Http\\Request), Object(Closure))
#28 C:\\xampp\\htdocs\\Laravel Projects\\tlight\\vendor\\laravel\\framework\\src\\Illuminate\\Routing\\Pipeline.php(53): Illuminate\\Pipeline\\Pipeline->Illuminate\\Pipeline\\{closure}(Object(Illuminate\\Http\\Request))
#29 C:\\xampp\\htdocs\\Laravel Projects\\tlight\\vendor\\laravel\\framework\\src\\Illuminate\\Session\\Middleware\\StartSession.php(56): Illuminate\\Routing\\Pipeline->Illuminate\\Routing\\{closure}(Object(Illuminate\\Http\\Request))
#30 C:\\xampp\\htdocs\\Laravel Projects\\tlight\\vendor\\laravel\\framework\\src\\Illuminate\\Pipeline\\Pipeline.php(163): Illuminate\\Session\\Middleware\\StartSession->handle(Object(Illuminate\\Http\\Request), Object(Closure))
#31 C:\\xampp\\htdocs\\Laravel Projects\\tlight\\vendor\\laravel\\framework\\src\\Illuminate\\Routing\\Pipeline.php(53): Illuminate\\Pipeline\\Pipeline->Illuminate\\Pipeline\\{closure}(Object(Illuminate\\Http\\Request))
#32 C:\\xampp\\htdocs\\Laravel Projects\\tlight\\vendor\\laravel\\framework\\src\\Illuminate\\Cookie\\Middleware\\AddQueuedCookiesToResponse.php(37): Illuminate\\Routing\\Pipeline->Illuminate\\Routing\\{closure}(Object(Illuminate\\Http\\Request))
#33 C:\\xampp\\htdocs\\Laravel Projects\\tlight\\vendor\\laravel\\framework\\src\\Illuminate\\Pipeline\\Pipeline.php(163): Illuminate\\Cookie\\Middleware\\AddQueuedCookiesToResponse->handle(Object(Illuminate\\Http\\Request), Object(Closure))
#34 C:\\xampp\\htdocs\\Laravel Projects\\tlight\\vendor\\laravel\\framework\\src\\Illuminate\\Routing\\Pipeline.php(53): Illuminate\\Pipeline\\Pipeline->Illuminate\\Pipeline\\{closure}(Object(Illuminate\\Http\\Request))
#35 C:\\xampp\\htdocs\\Laravel Projects\\tlight\\vendor\\laravel\\framework\\src\\Illuminate\\Cookie\\Middleware\\EncryptCookies.php(66): Illuminate\\Routing\\Pipeline->Illuminate\\Routing\\{closure}(Object(Illuminate\\Http\\Request))
#36 C:\\xampp\\htdocs\\Laravel Projects\\tlight\\vendor\\laravel\\framework\\src\\Illuminate\\Pipeline\\Pipeline.php(163): Illuminate\\Cookie\\Middleware\\EncryptCookies->handle(Object(Illuminate\\Http\\Request), Object(Closure))
#37 C:\\xampp\\htdocs\\Laravel Projects\\tlight\\vendor\\laravel\\framework\\src\\Illuminate\\Routing\\Pipeline.php(53): Illuminate\\Pipeline\\Pipeline->Illuminate\\Pipeline\\{closure}(Object(Illuminate\\Http\\Request))
#38 C:\\xampp\\htdocs\\Laravel Projects\\tlight\\vendor\\laravel\\framework\\src\\Illuminate\\Pipeline\\Pipeline.php(104): Illuminate\\Routing\\Pipeline->Illuminate\\Routing\\{closure}(Object(Illuminate\\Http\\Request))
#39 C:\\xampp\\htdocs\\Laravel Projects\\tlight\\vendor\\laravel\\framework\\src\\Illuminate\\Routing\\Router.php(682): Illuminate\\Pipeline\\Pipeline->then(Object(Closure))
#40 C:\\xampp\\htdocs\\Laravel Projects\\tlight\\vendor\\laravel\\framework\\src\\Illuminate\\Routing\\Router.php(657): Illuminate\\Routing\\Router->runRouteWithinStack(Object(Illuminate\\Routing\\Route), Object(Illuminate\\Http\\Request))
#41 C:\\xampp\\htdocs\\Laravel Projects\\tlight\\vendor\\laravel\\framework\\src\\Illuminate\\Routing\\Router.php(623): Illuminate\\Routing\\Router->runRoute(Object(Illuminate\\Http\\Request), Object(Illuminate\\Routing\\Route))
#42 C:\\xampp\\htdocs\\Laravel Projects\\tlight\\vendor\\laravel\\framework\\src\\Illuminate\\Routing\\Router.php(612): Illuminate\\Routing\\Router->dispatchToRoute(Object(Illuminate\\Http\\Request))
#43 C:\\xampp\\htdocs\\Laravel Projects\\tlight\\vendor\\laravel\\framework\\src\\Illuminate\\Foundation\\Http\\Kernel.php(176): Illuminate\\Routing\\Router->dispatch(Object(Illuminate\\Http\\Request))
#44 C:\\xampp\\htdocs\\Laravel Projects\\tlight\\vendor\\laravel\\framework\\src\\Illuminate\\Routing\\Pipeline.php(30): Illuminate\\Foundation\\Http\\Kernel->Illuminate\\Foundation\\Http\\{closure}(Object(Illuminate\\Http\\Request))
#45 C:\\xampp\\htdocs\\Laravel Projects\\tlight\\vendor\\fideloper\\proxy\\src\\TrustProxies.php(57): Illuminate\\Routing\\Pipeline->Illuminate\\Routing\\{closure}(Object(Illuminate\\Http\\Request))
#46 C:\\xampp\\htdocs\\Laravel Projects\\tlight\\vendor\\laravel\\framework\\src\\Illuminate\\Pipeline\\Pipeline.php(163): Fideloper\\Proxy\\TrustProxies->handle(Object(Illuminate\\Http\\Request), Object(Closure))
#47 C:\\xampp\\htdocs\\Laravel Projects\\tlight\\vendor\\laravel\\framework\\src\\Illuminate\\Routing\\Pipeline.php(53): Illuminate\\Pipeline\\Pipeline->Illuminate\\Pipeline\\{closure}(Object(Illuminate\\Http\\Request))
#48 C:\\xampp\\htdocs\\Laravel Projects\\tlight\\vendor\\laravel\\framework\\src\\Illuminate\\Foundation\\Http\\Middleware\\TransformsRequest.php(21): Illuminate\\Routing\\Pipeline->Illuminate\\Routing\\{closure}(Object(Illuminate\\Http\\Request))
#49 C:\\xampp\\htdocs\\Laravel Projects\\tlight\\vendor\\laravel\\framework\\src\\Illuminate\\Pipeline\\Pipeline.php(163): Illuminate\\Foundation\\Http\\Middleware\\TransformsRequest->handle(Object(Illuminate\\Http\\Request), Object(Closure))
#50 C:\\xampp\\htdocs\\Laravel Projects\\tlight\\vendor\\laravel\\framework\\src\\Illuminate\\Routing\\Pipeline.php(53): Illuminate\\Pipeline\\Pipeline->Illuminate\\Pipeline\\{closure}(Object(Illuminate\\Http\\Request))
#51 C:\\xampp\\htdocs\\Laravel Projects\\tlight\\vendor\\laravel\\framework\\src\\Illuminate\\Foundation\\Http\\Middleware\\TransformsRequest.php(21): Illuminate\\Routing\\Pipeline->Illuminate\\Routing\\{closure}(Object(Illuminate\\Http\\Request))
#52 C:\\xampp\\htdocs\\Laravel Projects\\tlight\\vendor\\laravel\\framework\\src\\Illuminate\\Pipeline\\Pipeline.php(163): Illuminate\\Foundation\\Http\\Middleware\\TransformsRequest->handle(Object(Illuminate\\Http\\Request), Object(Closure))
#53 C:\\xampp\\htdocs\\Laravel Projects\\tlight\\vendor\\laravel\\framework\\src\\Illuminate\\Routing\\Pipeline.php(53): Illuminate\\Pipeline\\Pipeline->Illuminate\\Pipeline\\{closure}(Object(Illuminate\\Http\\Request))
#54 C:\\xampp\\htdocs\\Laravel Projects\\tlight\\vendor\\laravel\\framework\\src\\Illuminate\\Foundation\\Http\\Middleware\\ValidatePostSize.php(27): Illuminate\\Routing\\Pipeline->Illuminate\\Routing\\{closure}(Object(Illuminate\\Http\\Request))
#55 C:\\xampp\\htdocs\\Laravel Projects\\tlight\\vendor\\laravel\\framework\\src\\Illuminate\\Pipeline\\Pipeline.php(163): Illuminate\\Foundation\\Http\\Middleware\\ValidatePostSize->handle(Object(Illuminate\\Http\\Request), Object(Closure))
#56 C:\\xampp\\htdocs\\Laravel Projects\\tlight\\vendor\\laravel\\framework\\src\\Illuminate\\Routing\\Pipeline.php(53): Illuminate\\Pipeline\\Pipeline->Illuminate\\Pipeline\\{closure}(Object(Illuminate\\Http\\Request))
#57 C:\\xampp\\htdocs\\Laravel Projects\\tlight\\vendor\\laravel\\framework\\src\\Illuminate\\Foundation\\Http\\Middleware\\CheckForMaintenanceMode.php(62): Illuminate\\Routing\\Pipeline->Illuminate\\Routing\\{closure}(Object(Illuminate\\Http\\Request))
#58 C:\\xampp\\htdocs\\Laravel Projects\\tlight\\vendor\\laravel\\framework\\src\\Illuminate\\Pipeline\\Pipeline.php(163): Illuminate\\Foundation\\Http\\Middleware\\CheckForMaintenanceMode->handle(Object(Illuminate\\Http\\Request), Object(Closure))
#59 C:\\xampp\\htdocs\\Laravel Projects\\tlight\\vendor\\laravel\\framework\\src\\Illuminate\\Routing\\Pipeline.php(53): Illuminate\\Pipeline\\Pipeline->Illuminate\\Pipeline\\{closure}(Object(Illuminate\\Http\\Request))
#60 C:\\xampp\\htdocs\\Laravel Projects\\tlight\\vendor\\laravel\\framework\\src\\Illuminate\\Pipeline\\Pipeline.php(104): Illuminate\\Routing\\Pipeline->Illuminate\\Routing\\{closure}(Object(Illuminate\\Http\\Request))
#61 C:\\xampp\\htdocs\\Laravel Projects\\tlight\\vendor\\laravel\\framework\\src\\Illuminate\\Foundation\\Http\\Kernel.php(151): Illuminate\\Pipeline\\Pipeline->then(Object(Closure))
#62 C:\\xampp\\htdocs\\Laravel Projects\\tlight\\vendor\\laravel\\framework\\src\\Illuminate\\Foundation\\Http\\Kernel.php(116): Illuminate\\Foundation\\Http\\Kernel->sendRequestThroughRouter(Object(Illuminate\\Http\\Request))
#63 C:\\xampp\\htdocs\\Laravel Projects\\tlight\\public\\index.php(55): Illuminate\\Foundation\\Http\\Kernel->handle(Object(Illuminate\\Http\\Request))
#64 C:\\xampp\\htdocs\\Laravel Projects\\tlight\\server.php(21): require_once('C:\\\\xampp\\\\htdocs...')
#65 {main}
"} 
