[2021-01-25 00:00:00] local.ERROR: Undefined variable: hostel (View: C:\xampp\htdocs\Laravel Projects\GSF\resources\views\admin\hostel\create.blade.php) {"userId":16,"exception":"[object] (ErrorException(code: 0): Undefined variable: hostel (View: C:\\xampp\\htdocs\\Laravel Projects\\GSF\esources\\views\\admin\\hostel\\create.blade.php) at C:\\xampp\\htdocs\\Laravel Projects\\GSF\\storage\\framework\\views\\c4b39b9fc4a4b99633ccd8b668242c21d11e93db.php:54, ErrorException(code: 0): Undefined variable: hostel at C:\\xampp\\htdocs\\Laravel Projects\\GSF\\storage\\framework\\views\\c4b39b9fc4a4b99633ccd8b668242c21d11e93db.php:54)
[stacktrace]
#0 C:\\xampp\\htdocs\\Laravel Projects\\GSF\\vendor\\laravel\\framework\\src\\Illuminate\\View\\Engines\\PhpEngine.php(45): Illuminate\\View\\Engines\\CompilerEngine->handleViewException(Object(ErrorException), 1)
#1 C:\\xampp\\htdocs\\Laravel Projects\\GSF\\vendor\\laravel\\framework\\src\\Illuminate\\View\\Engines\\CompilerEngine.php(59): Illuminate\\View\\Engines\\PhpEngine->evaluatePath('C:\\\\xampp\\\\htdocs...', Array)
#2 C:\\xampp\\htdocs\\Laravel Projects\\GSF\\vendor\\laravel\\framework\\src\\Illuminate\\View\\View.php(142): Illuminate\\View\\Engines\\CompilerEngine->get('C:\\\\xampp\\\\htdocs...', Array)
#3 C:\\xampp\\htdocs\\Laravel Projects\\GSF\\vendor\\laravel\\framework\\src\\Illuminate\\View\\View.php(125): Illuminate\\View\\View->getContents()
#4 C:\\xampp\\htdocs\\Laravel Projects\\GSF\\vendor\\laravel\\framework\\src\\Illuminate\\View\\View.php(90): Illuminate\\View\\View->renderContents()
#5 C:\\xampp\\htdocs\\Laravel Projects\\GSF\\vendor\\laravel\\framework\\src\\Illuminate\\Http\\Response.php(42): Illuminate\\View\\View->render()
#6 C:\\xampp\\htdocs\\Laravel Projects\\GSF\\vendor\\symfony\\http-foundation\\Response.php(205): Illuminate\\Http\\Response->setContent(Object(Illuminate\\View\\View))
#7 C:\\xampp\\htdocs\\Laravel Projects\\GSF\\vendor\\laravel\\framework\\src\\Illuminate\\Routing\\Router.php(748): Symfony\\Component\\HttpFoundation\\Response->__construct(Object(Illuminate\\View\\View))
#8 C:\\xampp\\htdocs\\Laravel Projects\\GSF\\vendor\\laravel\\framework\\src\\Illuminate\\Routing\\Router.php(720): Illuminate\\Routing\\Router::toResponse(Object(Illuminate\\Http\\Request), Object(Illuminate\\View\\View))
#9 C:\\xampp\\htdocs\\Laravel Projects\\GSF\\vendor\\laravel\\framework\\src\\Illuminate\\Routing\\Router.php(680): Illuminate\\Routing\\Router->prepareResponse(Object(Illuminate\\Http\\Request), Object(Illuminate\\View\\View))
#10 C:\\xampp\\htdocs\\Laravel Projects\\GSF\\vendor\\laravel\\framework\\src\\Illuminate\\Routing\\Pipeline.php(30): Illuminate\\Routing\\Router->Illuminate\\Routing\\{closure}(Object(Illuminate\\Http\\Request))
#11 C:\\xampp\\htdocs\\Laravel Projects\\GSF\\app\\Http\\Middleware\\SwitchUser.php(22): Illuminate\\Routing\\Pipeline->Illuminate\\Routing\\{closure}(Object(Illuminate\\Http\\Request))
#12 C:\\xampp\\htdocs\\Laravel Projects\\GSF\\vendor\\laravel\\framework\\src\\Illuminate\\Pipeline\\Pipeline.php(163): App\\Http\\Middleware\\SwitchUser->handle(Object(Illuminate\\Http\\Request), Object(Closure))
#13 C:\\xampp\\htdocs\\Laravel Projects\\GSF\\vendor\\laravel\\framework\\src\\Illuminate\\Routing\\Pipeline.php(53): Illuminate\\Pipeline\\Pipeline->Illuminate\\Pipeline\\{closure}(Object(Illuminate\\Http\\Request))
#14 C:\\xampp\\htdocs\\Laravel Projects\\GSF\\vendor\\laravel\\framework\\src\\Illuminate\\Routing\\Middleware\\SubstituteBindings.php(41): Illuminate\\Routing\\Pipeline->Illuminate\\Routing\\{closure}(Object(Illuminate\\Http\\Request))
#15 C:\\xampp\\htdocs\\Laravel Projects\\GSF\\vendor\\laravel\\framework\\src\\Illuminate\\Pipeline\\Pipeline.php(163): Illuminate\\Routing\\Middleware\\SubstituteBindings->handle(Object(Illuminate\\Http\\Request), Object(Closure))
#16 C:\\xampp\\htdocs\\Laravel Projects\\GSF\\vendor\\laravel\\framework\\src\\Illuminate\\Routing\\Pipeline.php(53): Illuminate\\Pipeline\\Pipeline->Illuminate\\Pipeline\\{closure}(Object(Illuminate\\Http\\Request))
#17 C:\\xampp\\htdocs\\Laravel Projects\\GSF\\vendor\\laravel\\framework\\src\\Illuminate\\Auth\\Middleware\\Authenticate.php(43): Illuminate\\Routing\\Pipeline->Illuminate\\Routing\\{closure}(Object(Illuminate\\Http\\Request))
#18 C:\\xampp\\htdocs\\Laravel Projects\\GSF\\vendor\\laravel\\framework\\src\\Illuminate\\Pipeline\\Pipeline.php(163): Illuminate\\Auth\\Middleware\\Authenticate->handle(Object(Illuminate\\Http\\Request), Object(Closure))
#19 C:\\xampp\\htdocs\\Laravel Projects\\GSF\\vendor\\laravel\\framework\\src\\Illuminate\\Routing\\Pipeline.php(53): Illuminate\\Pipeline\\Pipeline->Illuminate\\Pipeline\\{closure}(Object(Illuminate\\Http\\Request))
#20 C:\\xampp\\htdocs\\Laravel Projects\\GSF\\vendor\\laravel\\framework\\src\\Illuminate\\Foundation\\Http\\Middleware\\VerifyCsrfToken.php(75): Illuminate\\Routing\\Pipeline->Illuminate\\Routing\\{closure}(Object(Illuminate\\Http\\Request))
#21 C:\\xampp\\htdocs\\Laravel Projects\\GSF\\vendor\\laravel\\framework\\src\\Illuminate\\Pipeline\\Pipeline.php(163): Illuminate\\Foundation\\Http\\Middleware\\VerifyCsrfToken->handle(Object(Illuminate\\Http\\Request), Object(Closure))
#22 C:\\xampp\\htdocs\\Laravel Projects\\GSF\\vendor\\laravel\\framework\\src\\Illuminate\\Routing\\Pipeline.php(53): Illuminate\\Pipeline\\Pipeline->Illuminate\\Pipeline\\{closure}(Object(Illuminate\\Http\\Request))
#23 C:\\xampp\\htdocs\\Laravel Projects\\GSF\\vendor\\laravel\\framework\\src\\Illuminate\\View\\Middleware\\ShareErrorsFromSession.php(49): Illuminate\\Routing\\Pipeline->Illuminate\\Routing\\{closure}(Object(Illuminate\\Http\\Request))
#24 C:\\xampp\\htdocs\\Laravel Projects\\GSF\\vendor\\laravel\\framework\\src\\Illuminate\\Pipeline\\Pipeline.php(163): Illuminate\\View\\Middleware\\ShareErrorsFromSession->handle(Object(Illuminate\\Http\\Request), Object(Closure))
#25 C:\\xampp\\htdocs\\Laravel Projects\\GSF\\vendor\\laravel\\framework\\src\\Illuminate\\Routing\\Pipeline.php(53): Illuminate\\Pipeline\\Pipeline->Illuminate\\Pipeline\\{closure}(Object(Illuminate\\Http\\Request))
#26 C:\\xampp\\htdocs\\Laravel Projects\\GSF\\vendor\\laravel\\framework\\src\\Illuminate\\Session\\Middleware\\StartSession.php(56): Illuminate\\Routing\\Pipeline->Illuminate\\Routing\\{closure}(Object(Illuminate\\Http\\Request))
#27 C:\\xampp\\htdocs\\Laravel Projects\\GSF\\vendor\\laravel\\framework\\src\\Illuminate\\Pipeline\\Pipeline.php(163): Illuminate\\Session\\Middleware\\StartSession->handle(Object(Illuminate\\Http\\Request), Object(Closure))
#28 C:\\xampp\\htdocs\\Laravel Projects\\GSF\\vendor\\laravel\\framework\\src\\Illuminate\\Routing\\Pipeline.php(53): Illuminate\\Pipeline\\Pipeline->Illuminate\\Pipeline\\{closure}(Object(Illuminate\\Http\\Request))
#29 C:\\xampp\\htdocs\\Laravel Projects\\GSF\\vendor\\laravel\\framework\\src\\Illuminate\\Cookie\\Middleware\\AddQueuedCookiesToResponse.php(37): Illuminate\\Routing\\Pipeline->Illuminate\\Routing\\{closure}(Object(Illuminate\\Http\\Request))
#30 C:\\xampp\\htdocs\\Laravel Projects\\GSF\\vendor\\laravel\\framework\\src\\Illuminate\\Pipeline\\Pipeline.php(163): Illuminate\\Cookie\\Middleware\\AddQueuedCookiesToResponse->handle(Object(Illuminate\\Http\\Request), Object(Closure))
#31 C:\\xampp\\htdocs\\Laravel Projects\\GSF\\vendor\\laravel\\framework\\src\\Illuminate\\Routing\\Pipeline.php(53): Illuminate\\Pipeline\\Pipeline->Illuminate\\Pipeline\\{closure}(Object(Illuminate\\Http\\Request))
#32 C:\\xampp\\htdocs\\Laravel Projects\\GSF\\vendor\\laravel\\framework\\src\\Illuminate\\Cookie\\Middleware\\EncryptCookies.php(66): Illuminate\\Routing\\Pipeline->Illuminate\\Routing\\{closure}(Object(Illuminate\\Http\\Request))
#33 C:\\xampp\\htdocs\\Laravel Projects\\GSF\\vendor\\laravel\\framework\\src\\Illuminate\\Pipeline\\Pipeline.php(163): Illuminate\\Cookie\\Middleware\\EncryptCookies->handle(Object(Illuminate\\Http\\Request), Object(Closure))
#34 C:\\xampp\\htdocs\\Laravel Projects\\GSF\\vendor\\laravel\\framework\\src\\Illuminate\\Routing\\Pipeline.php(53): Illuminate\\Pipeline\\Pipeline->Illuminate\\Pipeline\\{closure}(Object(Illuminate\\Http\\Request))
#35 C:\\xampp\\htdocs\\Laravel Projects\\GSF\\vendor\\laravel\\framework\\src\\Illuminate\\Pipeline\\Pipeline.php(104): Illuminate\\Routing\\Pipeline->Illuminate\\Routing\\{closure}(Object(Illuminate\\Http\\Request))
#36 C:\\xampp\\htdocs\\Laravel Projects\\GSF\\vendor\\laravel\\framework\\src\\Illuminate\\Routing\\Router.php(682): Illuminate\\Pipeline\\Pipeline->then(Object(Closure))
#37 C:\\xampp\\htdocs\\Laravel Projects\\GSF\\vendor\\laravel\\framework\\src\\Illuminate\\Routing\\Router.php(657): Illuminate\\Routing\\Router->runRouteWithinStack(Object(Illuminate\\Routing\\Route), Object(Illuminate\\Http\\Request))
#38 C:\\xampp\\htdocs\\Laravel Projects\\GSF\\vendor\\laravel\\framework\\src\\Illuminate\\Routing\\Router.php(623): Illuminate\\Routing\\Router->runRoute(Object(Illuminate\\Http\\Request), Object(Illuminate\\Routing\\Route))
#39 C:\\xampp\\htdocs\\Laravel Projects\\GSF\\vendor\\laravel\\framework\\src\\Illuminate\\Routing\\Router.php(612): Illuminate\\Routing\\Router->dispatchToRoute(Object(Illuminate\\Http\\Request))
#40 C:\\xampp\\htdocs\\Laravel Projects\\GSF\\vendor\\laravel\\framework\\src\\Illuminate\\Foundation\\Http\\Kernel.php(176): Illuminate\\Routing\\Router->dispatch(Object(Illuminate\\Http\\Request))
#41 C:\\xampp\\htdocs\\Laravel Projects\\GSF\\vendor\\laravel\\framework\\src\\Illuminate\\Routing\\Pipeline.php(30): Illuminate\\Foundation\\Http\\Kernel->Illuminate\\Foundation\\Http\\{closure}(Object(Illuminate\\Http\\Request))
#42 C:\\xampp\\htdocs\\Laravel Projects\\GSF\\vendor\\fideloper\\proxy\\src\\TrustProxies.php(57): Illuminate\\Routing\\Pipeline->Illuminate\\Routing\\{closure}(Object(Illuminate\\Http\\Request))
#43 C:\\xampp\\htdocs\\Laravel Projects\\GSF\\vendor\\laravel\\framework\\src\\Illuminate\\Pipeline\\Pipeline.php(163): Fideloper\\Proxy\\TrustProxies->handle(Object(Illuminate\\Http\\Request), Object(Closure))
#44 C:\\xampp\\htdocs\\Laravel Projects\\GSF\\vendor\\laravel\\framework\\src\\Illuminate\\Routing\\Pipeline.php(53): Illuminate\\Pipeline\\Pipeline->Illuminate\\Pipeline\\{closure}(Object(Illuminate\\Http\\Request))
#45 C:\\xampp\\htdocs\\Laravel Projects\\GSF\\vendor\\laravel\\framework\\src\\Illuminate\\Foundation\\Http\\Middleware\\TransformsRequest.php(21): Illuminate\\Routing\\Pipeline->Illuminate\\Routing\\{closure}(Object(Illuminate\\Http\\Request))
#46 C:\\xampp\\htdocs\\Laravel Projects\\GSF\\vendor\\laravel\\framework\\src\\Illuminate\\Pipeline\\Pipeline.php(163): Illuminate\\Foundation\\Http\\Middleware\\TransformsRequest->handle(Object(Illuminate\\Http\\Request), Object(Closure))
#47 C:\\xampp\\htdocs\\Laravel Projects\\GSF\\vendor\\laravel\\framework\\src\\Illuminate\\Routing\\Pipeline.php(53): Illuminate\\Pipeline\\Pipeline->Illuminate\\Pipeline\\{closure}(Object(Illuminate\\Http\\Request))
#48 C:\\xampp\\htdocs\\Laravel Projects\\GSF\\vendor\\laravel\\framework\\src\\Illuminate\\Foundation\\Http\\Middleware\\TransformsRequest.php(21): Illuminate\\Routing\\Pipeline->Illuminate\\Routing\\{closure}(Object(Illuminate\\Http\\Request))
#49 C:\\xampp\\htdocs\\Laravel Projects\\GSF\\vendor\\laravel\\framework\\src\\Illuminate\\Pipeline\\Pipeline.php(163): Illuminate\\Foundation\\Http\\Middleware\\TransformsRequest->handle(Object(Illuminate\\Http\\Request), Object(Closure))
#50 C:\\xampp\\htdocs\\Laravel Projects\\GSF\\vendor\\laravel\\framework\\src\\Illuminate\\Routing\\Pipeline.php(53): Illuminate\\Pipeline\\Pipeline->Illuminate\\Pipeline\\{closure}(Object(Illuminate\\Http\\Request))
#51 C:\\xampp\\htdocs\\Laravel Projects\\GSF\\vendor\\laravel\\framework\\src\\Illuminate\\Foundation\\Http\\Middleware\\ValidatePostSize.php(27): Illuminate\\Routing\\Pipeline->Illuminate\\Routing\\{closure}(Object(Illuminate\\Http\\Request))
#52 C:\\xampp\\htdocs\\Laravel Projects\\GSF\\vendor\\laravel\\framework\\src\\Illuminate\\Pipeline\\Pipeline.php(163): Illuminate\\Foundation\\Http\\Middleware\\ValidatePostSize->handle(Object(Illuminate\\Http\\Request), Object(Closure))
#53 C:\\xampp\\htdocs\\Laravel Projects\\GSF\\vendor\\laravel\\framework\\src\\Illuminate\\Routing\\Pipeline.php(53): Illuminate\\Pipeline\\Pipeline->Illuminate\\Pipeline\\{closure}(Object(Illuminate\\Http\\Request))
#54 C:\\xampp\\htdocs\\Laravel Projects\\GSF\\vendor\\laravel\\framework\\src\\Illuminate\\Foundation\\Http\\Middleware\\CheckForMaintenanceMode.php(62): Illuminate\\Routing\\Pipeline->Illuminate\\Routing\\{closure}(Object(Illuminate\\Http\\Request))
#55 C:\\xampp\\htdocs\\Laravel Projects\\GSF\\vendor\\laravel\\framework\\src\\Illuminate\\Pipeline\\Pipeline.php(163): Illuminate\\Foundation\\Http\\Middleware\\CheckForMaintenanceMode->handle(Object(Illuminate\\Http\\Request), Object(Closure))
#56 C:\\xampp\\htdocs\\Laravel Projects\\GSF\\vendor\\laravel\\framework\\src\\Illuminate\\Routing\\Pipeline.php(53): Illuminate\\Pipeline\\Pipeline->Illuminate\\Pipeline\\{closure}(Object(Illuminate\\Http\\Request))
#57 C:\\xampp\\htdocs\\Laravel Projects\\GSF\\vendor\\laravel\\framework\\src\\Illuminate\\Pipeline\\Pipeline.php(104): Illuminate\\Routing\\Pipeline->Illuminate\\Routing\\{closure}(Object(Illuminate\\Http\\Request))
#58 C:\\xampp\\htdocs\\Laravel Projects\\GSF\\vendor\\laravel\\framework\\src\\Illuminate\\Foundation\\Http\\Kernel.php(151): Illuminate\\Pipeline\\Pipeline->then(Object(Closure))
#59 C:\\xampp\\htdocs\\Laravel Projects\\GSF\\vendor\\laravel\\framework\\src\\Illuminate\\Foundation\\Http\\Kernel.php(116): Illuminate\\Foundation\\Http\\Kernel->sendRequestThroughRouter(Object(Illuminate\\Http\\Request))
#60 C:\\xampp\\htdocs\\Laravel Projects\\GSF\\public\\index.php(55): Illuminate\\Foundation\\Http\\Kernel->handle(Object(Illuminate\\Http\\Request))
#61 C:\\xampp\\htdocs\\Laravel Projects\\GSF\\server.php(21): require_once('C:\\\\xampp\\\\htdocs...')
#62 {main}
"} 
[2021-01-25 00:00:17] local.ERROR: Undefined variable: hostel (View: C:\xampp\htdocs\Laravel Projects\GSF\resources\views\admin\hostel\create.blade.php) {"userId":16,"exception":"[object] (ErrorException(code: 0): Undefined variable: hostel (View: C:\\xampp\\htdocs\\Laravel Projects\\GSF\esources\\views\\admin\\hostel\\create.blade.php) at C:\\xampp\\htdocs\\Laravel Projects\\GSF\\storage\\framework\\views\\c4b39b9fc4a4b99633ccd8b668242c21d11e93db.php:54, ErrorException(code: 0): Undefined variable: hostel at C:\\xampp\\htdocs\\Laravel Projects\\GSF\\storage\\framework\\views\\c4b39b9fc4a4b99633ccd8b668242c21d11e93db.php:54)
[stacktrace]
#0 C:\\xampp\\htdocs\\Laravel Projects\\GSF\\vendor\\laravel\\framework\\src\\Illuminate\\View\\Engines\\PhpEngine.php(45): Illuminate\\View\\Engines\\CompilerEngine->handleViewException(Object(ErrorException), 1)
#1 C:\\xampp\\htdocs\\Laravel Projects\\GSF\\vendor\\laravel\\framework\\src\\Illuminate\\View\\Engines\\CompilerEngine.php(59): Illuminate\\View\\Engines\\PhpEngine->evaluatePath('C:\\\\xampp\\\\htdocs...', Array)
#2 C:\\xampp\\htdocs\\Laravel Projects\\GSF\\vendor\\laravel\\framework\\src\\Illuminate\\View\\View.php(142): Illuminate\\View\\Engines\\CompilerEngine->get('C:\\\\xampp\\\\htdocs...', Array)
#3 C:\\xampp\\htdocs\\Laravel Projects\\GSF\\vendor\\laravel\\framework\\src\\Illuminate\\View\\View.php(125): Illuminate\\View\\View->getContents()
#4 C:\\xampp\\htdocs\\Laravel Projects\\GSF\\vendor\\laravel\\framework\\src\\Illuminate\\View\\View.php(90): Illuminate\\View\\View->renderContents()
#5 C:\\xampp\\htdocs\\Laravel Projects\\GSF\\vendor\\laravel\\framework\\src\\Illuminate\\Http\\Response.php(42): Illuminate\\View\\View->render()
#6 C:\\xampp\\htdocs\\Laravel Projects\\GSF\\vendor\\symfony\\http-foundation\\Response.php(205): Illuminate\\Http\\Response->setContent(Object(Illuminate\\View\\View))
#7 C:\\xampp\\htdocs\\Laravel Projects\\GSF\\vendor\\laravel\\framework\\src\\Illuminate\\Routing\\Router.php(748): Symfony\\Component\\HttpFoundation\\Response->__construct(Object(Illuminate\\View\\View))
#8 C:\\xampp\\htdocs\\Laravel Projects\\GSF\\vendor\\laravel\\framework\\src\\Illuminate\\Routing\\Router.php(720): Illuminate\\Routing\\Router::toResponse(Object(Illuminate\\Http\\Request), Object(Illuminate\\View\\View))
#9 C:\\xampp\\htdocs\\Laravel Projects\\GSF\\vendor\\laravel\\framework\\src\\Illuminate\\Routing\\Router.php(680): Illuminate\\Routing\\Router->prepareResponse(Object(Illuminate\\Http\\Request), Object(Illuminate\\View\\View))
#10 C:\\xampp\\htdocs\\Laravel Projects\\GSF\\vendor\\laravel\\framework\\src\\Illuminate\\Routing\\Pipeline.php(30): Illuminate\\Routing\\Router->Illuminate\\Routing\\{closure}(Object(Illuminate\\Http\\Request))
#11 C:\\xampp\\htdocs\\Laravel Projects\\GSF\\app\\Http\\Middleware\\SwitchUser.php(22): Illuminate\\Routing\\Pipeline->Illuminate\\Routing\\{closure}(Object(Illuminate\\Http\\Request))
#12 C:\\xampp\\htdocs\\Laravel Projects\\GSF\\vendor\\laravel\\framework\\src\\Illuminate\\Pipeline\\Pipeline.php(163): App\\Http\\Middleware\\SwitchUser->handle(Object(Illuminate\\Http\\Request), Object(Closure))
#13 C:\\xampp\\htdocs\\Laravel Projects\\GSF\\vendor\\laravel\\framework\\src\\Illuminate\\Routing\\Pipeline.php(53): Illuminate\\Pipeline\\Pipeline->Illuminate\\Pipeline\\{closure}(Object(Illuminate\\Http\\Request))
#14 C:\\xampp\\htdocs\\Laravel Projects\\GSF\\vendor\\laravel\\framework\\src\\Illuminate\\Routing\\Middleware\\SubstituteBindings.php(41): Illuminate\\Routing\\Pipeline->Illuminate\\Routing\\{closure}(Object(Illuminate\\Http\\Request))
#15 C:\\xampp\\htdocs\\Laravel Projects\\GSF\\vendor\\laravel\\framework\\src\\Illuminate\\Pipeline\\Pipeline.php(163): Illuminate\\Routing\\Middleware\\SubstituteBindings->handle(Object(Illuminate\\Http\\Request), Object(Closure))
#16 C:\\xampp\\htdocs\\Laravel Projects\\GSF\\vendor\\laravel\\framework\\src\\Illuminate\\Routing\\Pipeline.php(53): Illuminate\\Pipeline\\Pipeline->Illuminate\\Pipeline\\{closure}(Object(Illuminate\\Http\\Request))
#17 C:\\xampp\\htdocs\\Laravel Projects\\GSF\\vendor\\laravel\\framework\\src\\Illuminate\\Auth\\Middleware\\Authenticate.php(43): Illuminate\\Routing\\Pipeline->Illuminate\\Routing\\{closure}(Object(Illuminate\\Http\\Request))
#18 C:\\xampp\\htdocs\\Laravel Projects\\GSF\\vendor\\laravel\\framework\\src\\Illuminate\\Pipeline\\Pipeline.php(163): Illuminate\\Auth\\Middleware\\Authenticate->handle(Object(Illuminate\\Http\\Request), Object(Closure))
#19 C:\\xampp\\htdocs\\Laravel Projects\\GSF\\vendor\\laravel\\framework\\src\\Illuminate\\Routing\\Pipeline.php(53): Illuminate\\Pipeline\\Pipeline->Illuminate\\Pipeline\\{closure}(Object(Illuminate\\Http\\Request))
#20 C:\\xampp\\htdocs\\Laravel Projects\\GSF\\vendor\\laravel\\framework\\src\\Illuminate\\Foundation\\Http\\Middleware\\VerifyCsrfToken.php(75): Illuminate\\Routing\\Pipeline->Illuminate\\Routing\\{closure}(Object(Illuminate\\Http\\Request))
#21 C:\\xampp\\htdocs\\Laravel Projects\\GSF\\vendor\\laravel\\framework\\src\\Illuminate\\Pipeline\\Pipeline.php(163): Illuminate\\Foundation\\Http\\Middleware\\VerifyCsrfToken->handle(Object(Illuminate\\Http\\Request), Object(Closure))
#22 C:\\xampp\\htdocs\\Laravel Projects\\GSF\\vendor\\laravel\\framework\\src\\Illuminate\\Routing\\Pipeline.php(53): Illuminate\\Pipeline\\Pipeline->Illuminate\\Pipeline\\{closure}(Object(Illuminate\\Http\\Request))
#23 C:\\xampp\\htdocs\\Laravel Projects\\GSF\\vendor\\laravel\\framework\\src\\Illuminate\\View\\Middleware\\ShareErrorsFromSession.php(49): Illuminate\\Routing\\Pipeline->Illuminate\\Routing\\{closure}(Object(Illuminate\\Http\\Request))
#24 C:\\xampp\\htdocs\\Laravel Projects\\GSF\\vendor\\laravel\\framework\\src\\Illuminate\\Pipeline\\Pipeline.php(163): Illuminate\\View\\Middleware\\ShareErrorsFromSession->handle(Object(Illuminate\\Http\\Request), Object(Closure))
#25 C:\\xampp\\htdocs\\Laravel Projects\\GSF\\vendor\\laravel\\framework\\src\\Illuminate\\Routing\\Pipeline.php(53): Illuminate\\Pipeline\\Pipeline->Illuminate\\Pipeline\\{closure}(Object(Illuminate\\Http\\Request))
#26 C:\\xampp\\htdocs\\Laravel Projects\\GSF\\vendor\\laravel\\framework\\src\\Illuminate\\Session\\Middleware\\StartSession.php(56): Illuminate\\Routing\\Pipeline->Illuminate\\Routing\\{closure}(Object(Illuminate\\Http\\Request))
#27 C:\\xampp\\htdocs\\Laravel Projects\\GSF\\vendor\\laravel\\framework\\src\\Illuminate\\Pipeline\\Pipeline.php(163): Illuminate\\Session\\Middleware\\StartSession->handle(Object(Illuminate\\Http\\Request), Object(Closure))
#28 C:\\xampp\\htdocs\\Laravel Projects\\GSF\\vendor\\laravel\\framework\\src\\Illuminate\\Routing\\Pipeline.php(53): Illuminate\\Pipeline\\Pipeline->Illuminate\\Pipeline\\{closure}(Object(Illuminate\\Http\\Request))
#29 C:\\xampp\\htdocs\\Laravel Projects\\GSF\\vendor\\laravel\\framework\\src\\Illuminate\\Cookie\\Middleware\\AddQueuedCookiesToResponse.php(37): Illuminate\\Routing\\Pipeline->Illuminate\\Routing\\{closure}(Object(Illuminate\\Http\\Request))
#30 C:\\xampp\\htdocs\\Laravel Projects\\GSF\\vendor\\laravel\\framework\\src\\Illuminate\\Pipeline\\Pipeline.php(163): Illuminate\\Cookie\\Middleware\\AddQueuedCookiesToResponse->handle(Object(Illuminate\\Http\\Request), Object(Closure))
#31 C:\\xampp\\htdocs\\Laravel Projects\\GSF\\vendor\\laravel\\framework\\src\\Illuminate\\Routing\\Pipeline.php(53): Illuminate\\Pipeline\\Pipeline->Illuminate\\Pipeline\\{closure}(Object(Illuminate\\Http\\Request))
#32 C:\\xampp\\htdocs\\Laravel Projects\\GSF\\vendor\\laravel\\framework\\src\\Illuminate\\Cookie\\Middleware\\EncryptCookies.php(66): Illuminate\\Routing\\Pipeline->Illuminate\\Routing\\{closure}(Object(Illuminate\\Http\\Request))
#33 C:\\xampp\\htdocs\\Laravel Projects\\GSF\\vendor\\laravel\\framework\\src\\Illuminate\\Pipeline\\Pipeline.php(163): Illuminate\\Cookie\\Middleware\\EncryptCookies->handle(Object(Illuminate\\Http\\Request), Object(Closure))
#34 C:\\xampp\\htdocs\\Laravel Projects\\GSF\\vendor\\laravel\\framework\\src\\Illuminate\\Routing\\Pipeline.php(53): Illuminate\\Pipeline\\Pipeline->Illuminate\\Pipeline\\{closure}(Object(Illuminate\\Http\\Request))
#35 C:\\xampp\\htdocs\\Laravel Projects\\GSF\\vendor\\laravel\\framework\\src\\Illuminate\\Pipeline\\Pipeline.php(104): Illuminate\\Routing\\Pipeline->Illuminate\\Routing\\{closure}(Object(Illuminate\\Http\\Request))
#36 C:\\xampp\\htdocs\\Laravel Projects\\GSF\\vendor\\laravel\\framework\\src\\Illuminate\\Routing\\Router.php(682): Illuminate\\Pipeline\\Pipeline->then(Object(Closure))
#37 C:\\xampp\\htdocs\\Laravel Projects\\GSF\\vendor\\laravel\\framework\\src\\Illuminate\\Routing\\Router.php(657): Illuminate\\Routing\\Router->runRouteWithinStack(Object(Illuminate\\Routing\\Route), Object(Illuminate\\Http\\Request))
#38 C:\\xampp\\htdocs\\Laravel Projects\\GSF\\vendor\\laravel\\framework\\src\\Illuminate\\Routing\\Router.php(623): Illuminate\\Routing\\Router->runRoute(Object(Illuminate\\Http\\Request), Object(Illuminate\\Routing\\Route))
#39 C:\\xampp\\htdocs\\Laravel Projects\\GSF\\vendor\\laravel\\framework\\src\\Illuminate\\Routing\\Router.php(612): Illuminate\\Routing\\Router->dispatchToRoute(Object(Illuminate\\Http\\Request))
#40 C:\\xampp\\htdocs\\Laravel Projects\\GSF\\vendor\\laravel\\framework\\src\\Illuminate\\Foundation\\Http\\Kernel.php(176): Illuminate\\Routing\\Router->dispatch(Object(Illuminate\\Http\\Request))
#41 C:\\xampp\\htdocs\\Laravel Projects\\GSF\\vendor\\laravel\\framework\\src\\Illuminate\\Routing\\Pipeline.php(30): Illuminate\\Foundation\\Http\\Kernel->Illuminate\\Foundation\\Http\\{closure}(Object(Illuminate\\Http\\Request))
#42 C:\\xampp\\htdocs\\Laravel Projects\\GSF\\vendor\\fideloper\\proxy\\src\\TrustProxies.php(57): Illuminate\\Routing\\Pipeline->Illuminate\\Routing\\{closure}(Object(Illuminate\\Http\\Request))
#43 C:\\xampp\\htdocs\\Laravel Projects\\GSF\\vendor\\laravel\\framework\\src\\Illuminate\\Pipeline\\Pipeline.php(163): Fideloper\\Proxy\\TrustProxies->handle(Object(Illuminate\\Http\\Request), Object(Closure))
#44 C:\\xampp\\htdocs\\Laravel Projects\\GSF\\vendor\\laravel\\framework\\src\\Illuminate\\Routing\\Pipeline.php(53): Illuminate\\Pipeline\\Pipeline->Illuminate\\Pipeline\\{closure}(Object(Illuminate\\Http\\Request))
#45 C:\\xampp\\htdocs\\Laravel Projects\\GSF\\vendor\\laravel\\framework\\src\\Illuminate\\Foundation\\Http\\Middleware\\TransformsRequest.php(21): Illuminate\\Routing\\Pipeline->Illuminate\\Routing\\{closure}(Object(Illuminate\\Http\\Request))
#46 C:\\xampp\\htdocs\\Laravel Projects\\GSF\\vendor\\laravel\\framework\\src\\Illuminate\\Pipeline\\Pipeline.php(163): Illuminate\\Foundation\\Http\\Middleware\\TransformsRequest->handle(Object(Illuminate\\Http\\Request), Object(Closure))
#47 C:\\xampp\\htdocs\\Laravel Projects\\GSF\\vendor\\laravel\\framework\\src\\Illuminate\\Routing\\Pipeline.php(53): Illuminate\\Pipeline\\Pipeline->Illuminate\\Pipeline\\{closure}(Object(Illuminate\\Http\\Request))
#48 C:\\xampp\\htdocs\\Laravel Projects\\GSF\\vendor\\laravel\\framework\\src\\Illuminate\\Foundation\\Http\\Middleware\\TransformsRequest.php(21): Illuminate\\Routing\\Pipeline->Illuminate\\Routing\\{closure}(Object(Illuminate\\Http\\Request))
#49 C:\\xampp\\htdocs\\Laravel Projects\\GSF\\vendor\\laravel\\framework\\src\\Illuminate\\Pipeline\\Pipeline.php(163): Illuminate\\Foundation\\Http\\Middleware\\TransformsRequest->handle(Object(Illuminate\\Http\\Request), Object(Closure))
#50 C:\\xampp\\htdocs\\Laravel Projects\\GSF\\vendor\\laravel\\framework\\src\\Illuminate\\Routing\\Pipeline.php(53): Illuminate\\Pipeline\\Pipeline->Illuminate\\Pipeline\\{closure}(Object(Illuminate\\Http\\Request))
#51 C:\\xampp\\htdocs\\Laravel Projects\\GSF\\vendor\\laravel\\framework\\src\\Illuminate\\Foundation\\Http\\Middleware\\ValidatePostSize.php(27): Illuminate\\Routing\\Pipeline->Illuminate\\Routing\\{closure}(Object(Illuminate\\Http\\Request))
#52 C:\\xampp\\htdocs\\Laravel Projects\\GSF\\vendor\\laravel\\framework\\src\\Illuminate\\Pipeline\\Pipeline.php(163): Illuminate\\Foundation\\Http\\Middleware\\ValidatePostSize->handle(Object(Illuminate\\Http\\Request), Object(Closure))
#53 C:\\xampp\\htdocs\\Laravel Projects\\GSF\\vendor\\laravel\\framework\\src\\Illuminate\\Routing\\Pipeline.php(53): Illuminate\\Pipeline\\Pipeline->Illuminate\\Pipeline\\{closure}(Object(Illuminate\\Http\\Request))
#54 C:\\xampp\\htdocs\\Laravel Projects\\GSF\\vendor\\laravel\\framework\\src\\Illuminate\\Foundation\\Http\\Middleware\\CheckForMaintenanceMode.php(62): Illuminate\\Routing\\Pipeline->Illuminate\\Routing\\{closure}(Object(Illuminate\\Http\\Request))
#55 C:\\xampp\\htdocs\\Laravel Projects\\GSF\\vendor\\laravel\\framework\\src\\Illuminate\\Pipeline\\Pipeline.php(163): Illuminate\\Foundation\\Http\\Middleware\\CheckForMaintenanceMode->handle(Object(Illuminate\\Http\\Request), Object(Closure))
#56 C:\\xampp\\htdocs\\Laravel Projects\\GSF\\vendor\\laravel\\framework\\src\\Illuminate\\Routing\\Pipeline.php(53): Illuminate\\Pipeline\\Pipeline->Illuminate\\Pipeline\\{closure}(Object(Illuminate\\Http\\Request))
#57 C:\\xampp\\htdocs\\Laravel Projects\\GSF\\vendor\\laravel\\framework\\src\\Illuminate\\Pipeline\\Pipeline.php(104): Illuminate\\Routing\\Pipeline->Illuminate\\Routing\\{closure}(Object(Illuminate\\Http\\Request))
#58 C:\\xampp\\htdocs\\Laravel Projects\\GSF\\vendor\\laravel\\framework\\src\\Illuminate\\Foundation\\Http\\Kernel.php(151): Illuminate\\Pipeline\\Pipeline->then(Object(Closure))
#59 C:\\xampp\\htdocs\\Laravel Projects\\GSF\\vendor\\laravel\\framework\\src\\Illuminate\\Foundation\\Http\\Kernel.php(116): Illuminate\\Foundation\\Http\\Kernel->sendRequestThroughRouter(Object(Illuminate\\Http\\Request))
#60 C:\\xampp\\htdocs\\Laravel Projects\\GSF\\public\\index.php(55): Illuminate\\Foundation\\Http\\Kernel->handle(Object(Illuminate\\Http\\Request))
#61 C:\\xampp\\htdocs\\Laravel Projects\\GSF\\server.php(21): require_once('C:\\\\xampp\\\\htdocs...')
#62 {main}
"} 
[2021-01-25 00:10:17] local.ERROR: Function name must be a string {"userId":16,"exception":"[object] (Symfony\\Component\\Debug\\Exception\\FatalThrowableError(code: 0): Function name must be a string at C:\\xampp\\htdocs\\Laravel Projects\\GSF\\app\\Http\\Controllers\\HostelController.php:30)
[stacktrace]
#0 [internal function]: App\\Http\\Controllers\\HostelController->store(Object(Illuminate\\Http\\Request))
#1 C:\\xampp\\htdocs\\Laravel Projects\\GSF\\vendor\\laravel\\framework\\src\\Illuminate\\Routing\\Controller.php(54): call_user_func_array(Array, Array)
#2 C:\\xampp\\htdocs\\Laravel Projects\\GSF\\vendor\\laravel\\framework\\src\\Illuminate\\Routing\\ControllerDispatcher.php(45): Illuminate\\Routing\\Controller->callAction('store', Array)
#3 C:\\xampp\\htdocs\\Laravel Projects\\GSF\\vendor\\laravel\\framework\\src\\Illuminate\\Routing\\Route.php(219): Illuminate\\Routing\\ControllerDispatcher->dispatch(Object(Illuminate\\Routing\\Route), Object(App\\Http\\Controllers\\HostelController), 'store')
#4 C:\\xampp\\htdocs\\Laravel Projects\\GSF\\vendor\\laravel\\framework\\src\\Illuminate\\Routing\\Route.php(176): Illuminate\\Routing\\Route->runController()
#5 C:\\xampp\\htdocs\\Laravel Projects\\GSF\\vendor\\laravel\\framework\\src\\Illuminate\\Routing\\Router.php(680): Illuminate\\Routing\\Route->run()
#6 C:\\xampp\\htdocs\\Laravel Projects\\GSF\\vendor\\laravel\\framework\\src\\Illuminate\\Routing\\Pipeline.php(30): Illuminate\\Routing\\Router->Illuminate\\Routing\\{closure}(Object(Illuminate\\Http\\Request))
#7 C:\\xampp\\htdocs\\Laravel Projects\\GSF\\app\\Http\\Middleware\\SwitchUser.php(22): Illuminate\\Routing\\Pipeline->Illuminate\\Routing\\{closure}(Object(Illuminate\\Http\\Request))
#8 C:\\xampp\\htdocs\\Laravel Projects\\GSF\\vendor\\laravel\\framework\\src\\Illuminate\\Pipeline\\Pipeline.php(163): App\\Http\\Middleware\\SwitchUser->handle(Object(Illuminate\\Http\\Request), Object(Closure))
#9 C:\\xampp\\htdocs\\Laravel Projects\\GSF\\vendor\\laravel\\framework\\src\\Illuminate\\Routing\\Pipeline.php(53): Illuminate\\Pipeline\\Pipeline->Illuminate\\Pipeline\\{closure}(Object(Illuminate\\Http\\Request))
#10 C:\\xampp\\htdocs\\Laravel Projects\\GSF\\vendor\\laravel\\framework\\src\\Illuminate\\Routing\\Middleware\\SubstituteBindings.php(41): Illuminate\\Routing\\Pipeline->Illuminate\\Routing\\{closure}(Object(Illuminate\\Http\\Request))
#11 C:\\xampp\\htdocs\\Laravel Projects\\GSF\\vendor\\laravel\\framework\\src\\Illuminate\\Pipeline\\Pipeline.php(163): Illuminate\\Routing\\Middleware\\SubstituteBindings->handle(Object(Illuminate\\Http\\Request), Object(Closure))
#12 C:\\xampp\\htdocs\\Laravel Projects\\GSF\\vendor\\laravel\\framework\\src\\Illuminate\\Routing\\Pipeline.php(53): Illuminate\\Pipeline\\Pipeline->Illuminate\\Pipeline\\{closure}(Object(Illuminate\\Http\\Request))
#13 C:\\xampp\\htdocs\\Laravel Projects\\GSF\\vendor\\laravel\\framework\\src\\Illuminate\\Auth\\Middleware\\Authenticate.php(43): Illuminate\\Routing\\Pipeline->Illuminate\\Routing\\{closure}(Object(Illuminate\\Http\\Request))
#14 C:\\xampp\\htdocs\\Laravel Projects\\GSF\\vendor\\laravel\\framework\\src\\Illuminate\\Pipeline\\Pipeline.php(163): Illuminate\\Auth\\Middleware\\Authenticate->handle(Object(Illuminate\\Http\\Request), Object(Closure))
#15 C:\\xampp\\htdocs\\Laravel Projects\\GSF\\vendor\\laravel\\framework\\src\\Illuminate\\Routing\\Pipeline.php(53): Illuminate\\Pipeline\\Pipeline->Illuminate\\Pipeline\\{closure}(Object(Illuminate\\Http\\Request))
#16 C:\\xampp\\htdocs\\Laravel Projects\\GSF\\vendor\\laravel\\framework\\src\\Illuminate\\Foundation\\Http\\Middleware\\VerifyCsrfToken.php(75): Illuminate\\Routing\\Pipeline->Illuminate\\Routing\\{closure}(Object(Illuminate\\Http\\Request))
#17 C:\\xampp\\htdocs\\Laravel Projects\\GSF\\vendor\\laravel\\framework\\src\\Illuminate\\Pipeline\\Pipeline.php(163): Illuminate\\Foundation\\Http\\Middleware\\VerifyCsrfToken->handle(Object(Illuminate\\Http\\Request), Object(Closure))
#18 C:\\xampp\\htdocs\\Laravel Projects\\GSF\\vendor\\laravel\\framework\\src\\Illuminate\\Routing\\Pipeline.php(53): Illuminate\\Pipeline\\Pipeline->Illuminate\\Pipeline\\{closure}(Object(Illuminate\\Http\\Request))
#19 C:\\xampp\\htdocs\\Laravel Projects\\GSF\\vendor\\laravel\\framework\\src\\Illuminate\\View\\Middleware\\ShareErrorsFromSession.php(49): Illuminate\\Routing\\Pipeline->Illuminate\\Routing\\{closure}(Object(Illuminate\\Http\\Request))
#20 C:\\xampp\\htdocs\\Laravel Projects\\GSF\\vendor\\laravel\\framework\\src\\Illuminate\\Pipeline\\Pipeline.php(163): Illuminate\\View\\Middleware\\ShareErrorsFromSession->handle(Object(Illuminate\\Http\\Request), Object(Closure))
#21 C:\\xampp\\htdocs\\Laravel Projects\\GSF\\vendor\\laravel\\framework\\src\\Illuminate\\Routing\\Pipeline.php(53): Illuminate\\Pipeline\\Pipeline->Illuminate\\Pipeline\\{closure}(Object(Illuminate\\Http\\Request))
#22 C:\\xampp\\htdocs\\Laravel Projects\\GSF\\vendor\\laravel\\framework\\src\\Illuminate\\Session\\Middleware\\StartSession.php(56): Illuminate\\Routing\\Pipeline->Illuminate\\Routing\\{closure}(Object(Illuminate\\Http\\Request))
#23 C:\\xampp\\htdocs\\Laravel Projects\\GSF\\vendor\\laravel\\framework\\src\\Illuminate\\Pipeline\\Pipeline.php(163): Illuminate\\Session\\Middleware\\StartSession->handle(Object(Illuminate\\Http\\Request), Object(Closure))
#24 C:\\xampp\\htdocs\\Laravel Projects\\GSF\\vendor\\laravel\\framework\\src\\Illuminate\\Routing\\Pipeline.php(53): Illuminate\\Pipeline\\Pipeline->Illuminate\\Pipeline\\{closure}(Object(Illuminate\\Http\\Request))
#25 C:\\xampp\\htdocs\\Laravel Projects\\GSF\\vendor\\laravel\\framework\\src\\Illuminate\\Cookie\\Middleware\\AddQueuedCookiesToResponse.php(37): Illuminate\\Routing\\Pipeline->Illuminate\\Routing\\{closure}(Object(Illuminate\\Http\\Request))
#26 C:\\xampp\\htdocs\\Laravel Projects\\GSF\\vendor\\laravel\\framework\\src\\Illuminate\\Pipeline\\Pipeline.php(163): Illuminate\\Cookie\\Middleware\\AddQueuedCookiesToResponse->handle(Object(Illuminate\\Http\\Request), Object(Closure))
#27 C:\\xampp\\htdocs\\Laravel Projects\\GSF\\vendor\\laravel\\framework\\src\\Illuminate\\Routing\\Pipeline.php(53): Illuminate\\Pipeline\\Pipeline->Illuminate\\Pipeline\\{closure}(Object(Illuminate\\Http\\Request))
#28 C:\\xampp\\htdocs\\Laravel Projects\\GSF\\vendor\\laravel\\framework\\src\\Illuminate\\Cookie\\Middleware\\EncryptCookies.php(66): Illuminate\\Routing\\Pipeline->Illuminate\\Routing\\{closure}(Object(Illuminate\\Http\\Request))
#29 C:\\xampp\\htdocs\\Laravel Projects\\GSF\\vendor\\laravel\\framework\\src\\Illuminate\\Pipeline\\Pipeline.php(163): Illuminate\\Cookie\\Middleware\\EncryptCookies->handle(Object(Illuminate\\Http\\Request), Object(Closure))
#30 C:\\xampp\\htdocs\\Laravel Projects\\GSF\\vendor\\laravel\\framework\\src\\Illuminate\\Routing\\Pipeline.php(53): Illuminate\\Pipeline\\Pipeline->Illuminate\\Pipeline\\{closure}(Object(Illuminate\\Http\\Request))
#31 C:\\xampp\\htdocs\\Laravel Projects\\GSF\\vendor\\laravel\\framework\\src\\Illuminate\\Pipeline\\Pipeline.php(104): Illuminate\\Routing\\Pipeline->Illuminate\\Routing\\{closure}(Object(Illuminate\\Http\\Request))
#32 C:\\xampp\\htdocs\\Laravel Projects\\GSF\\vendor\\laravel\\framework\\src\\Illuminate\\Routing\\Router.php(682): Illuminate\\Pipeline\\Pipeline->then(Object(Closure))
#33 C:\\xampp\\htdocs\\Laravel Projects\\GSF\\vendor\\laravel\\framework\\src\\Illuminate\\Routing\\Router.php(657): Illuminate\\Routing\\Router->runRouteWithinStack(Object(Illuminate\\Routing\\Route), Object(Illuminate\\Http\\Request))
#34 C:\\xampp\\htdocs\\Laravel Projects\\GSF\\vendor\\laravel\\framework\\src\\Illuminate\\Routing\\Router.php(623): Illuminate\\Routing\\Router->runRoute(Object(Illuminate\\Http\\Request), Object(Illuminate\\Routing\\Route))
#35 C:\\xampp\\htdocs\\Laravel Projects\\GSF\\vendor\\laravel\\framework\\src\\Illuminate\\Routing\\Router.php(612): Illuminate\\Routing\\Router->dispatchToRoute(Object(Illuminate\\Http\\Request))
#36 C:\\xampp\\htdocs\\Laravel Projects\\GSF\\vendor\\laravel\\framework\\src\\Illuminate\\Foundation\\Http\\Kernel.php(176): Illuminate\\Routing\\Router->dispatch(Object(Illuminate\\Http\\Request))
#37 C:\\xampp\\htdocs\\Laravel Projects\\GSF\\vendor\\laravel\\framework\\src\\Illuminate\\Routing\\Pipeline.php(30): Illuminate\\Foundation\\Http\\Kernel->Illuminate\\Foundation\\Http\\{closure}(Object(Illuminate\\Http\\Request))
#38 C:\\xampp\\htdocs\\Laravel Projects\\GSF\\vendor\\fideloper\\proxy\\src\\TrustProxies.php(57): Illuminate\\Routing\\Pipeline->Illuminate\\Routing\\{closure}(Object(Illuminate\\Http\\Request))
#39 C:\\xampp\\htdocs\\Laravel Projects\\GSF\\vendor\\laravel\\framework\\src\\Illuminate\\Pipeline\\Pipeline.php(163): Fideloper\\Proxy\\TrustProxies->handle(Object(Illuminate\\Http\\Request), Object(Closure))
#40 C:\\xampp\\htdocs\\Laravel Projects\\GSF\\vendor\\laravel\\framework\\src\\Illuminate\\Routing\\Pipeline.php(53): Illuminate\\Pipeline\\Pipeline->Illuminate\\Pipeline\\{closure}(Object(Illuminate\\Http\\Request))
#41 C:\\xampp\\htdocs\\Laravel Projects\\GSF\\vendor\\laravel\\framework\\src\\Illuminate\\Foundation\\Http\\Middleware\\TransformsRequest.php(21): Illuminate\\Routing\\Pipeline->Illuminate\\Routing\\{closure}(Object(Illuminate\\Http\\Request))
#42 C:\\xampp\\htdocs\\Laravel Projects\\GSF\\vendor\\laravel\\framework\\src\\Illuminate\\Pipeline\\Pipeline.php(163): Illuminate\\Foundation\\Http\\Middleware\\TransformsRequest->handle(Object(Illuminate\\Http\\Request), Object(Closure))
#43 C:\\xampp\\htdocs\\Laravel Projects\\GSF\\vendor\\laravel\\framework\\src\\Illuminate\\Routing\\Pipeline.php(53): Illuminate\\Pipeline\\Pipeline->Illuminate\\Pipeline\\{closure}(Object(Illuminate\\Http\\Request))
#44 C:\\xampp\\htdocs\\Laravel Projects\\GSF\\vendor\\laravel\\framework\\src\\Illuminate\\Foundation\\Http\\Middleware\\TransformsRequest.php(21): Illuminate\\Routing\\Pipeline->Illuminate\\Routing\\{closure}(Object(Illuminate\\Http\\Request))
#45 C:\\xampp\\htdocs\\Laravel Projects\\GSF\\vendor\\laravel\\framework\\src\\Illuminate\\Pipeline\\Pipeline.php(163): Illuminate\\Foundation\\Http\\Middleware\\TransformsRequest->handle(Object(Illuminate\\Http\\Request), Object(Closure))
#46 C:\\xampp\\htdocs\\Laravel Projects\\GSF\\vendor\\laravel\\framework\\src\\Illuminate\\Routing\\Pipeline.php(53): Illuminate\\Pipeline\\Pipeline->Illuminate\\Pipeline\\{closure}(Object(Illuminate\\Http\\Request))
#47 C:\\xampp\\htdocs\\Laravel Projects\\GSF\\vendor\\laravel\\framework\\src\\Illuminate\\Foundation\\Http\\Middleware\\ValidatePostSize.php(27): Illuminate\\Routing\\Pipeline->Illuminate\\Routing\\{closure}(Object(Illuminate\\Http\\Request))
#48 C:\\xampp\\htdocs\\Laravel Projects\\GSF\\vendor\\laravel\\framework\\src\\Illuminate\\Pipeline\\Pipeline.php(163): Illuminate\\Foundation\\Http\\Middleware\\ValidatePostSize->handle(Object(Illuminate\\Http\\Request), Object(Closure))
#49 C:\\xampp\\htdocs\\Laravel Projects\\GSF\\vendor\\laravel\\framework\\src\\Illuminate\\Routing\\Pipeline.php(53): Illuminate\\Pipeline\\Pipeline->Illuminate\\Pipeline\\{closure}(Object(Illuminate\\Http\\Request))
#50 C:\\xampp\\htdocs\\Laravel Projects\\GSF\\vendor\\laravel\\framework\\src\\Illuminate\\Foundation\\Http\\Middleware\\CheckForMaintenanceMode.php(62): Illuminate\\Routing\\Pipeline->Illuminate\\Routing\\{closure}(Object(Illuminate\\Http\\Request))
#51 C:\\xampp\\htdocs\\Laravel Projects\\GSF\\vendor\\laravel\\framework\\src\\Illuminate\\Pipeline\\Pipeline.php(163): Illuminate\\Foundation\\Http\\Middleware\\CheckForMaintenanceMode->handle(Object(Illuminate\\Http\\Request), Object(Closure))
#52 C:\\xampp\\htdocs\\Laravel Projects\\GSF\\vendor\\laravel\\framework\\src\\Illuminate\\Routing\\Pipeline.php(53): Illuminate\\Pipeline\\Pipeline->Illuminate\\Pipeline\\{closure}(Object(Illuminate\\Http\\Request))
#53 C:\\xampp\\htdocs\\Laravel Projects\\GSF\\vendor\\laravel\\framework\\src\\Illuminate\\Pipeline\\Pipeline.php(104): Illuminate\\Routing\\Pipeline->Illuminate\\Routing\\{closure}(Object(Illuminate\\Http\\Request))
#54 C:\\xampp\\htdocs\\Laravel Projects\\GSF\\vendor\\laravel\\framework\\src\\Illuminate\\Foundation\\Http\\Kernel.php(151): Illuminate\\Pipeline\\Pipeline->then(Object(Closure))
#55 C:\\xampp\\htdocs\\Laravel Projects\\GSF\\vendor\\laravel\\framework\\src\\Illuminate\\Foundation\\Http\\Kernel.php(116): Illuminate\\Foundation\\Http\\Kernel->sendRequestThroughRouter(Object(Illuminate\\Http\\Request))
#56 C:\\xampp\\htdocs\\Laravel Projects\\GSF\\public\\index.php(55): Illuminate\\Foundation\\Http\\Kernel->handle(Object(Illuminate\\Http\\Request))
#57 C:\\xampp\\htdocs\\Laravel Projects\\GSF\\server.php(21): require_once('C:\\\\xampp\\\\htdocs...')
#58 {main}
"} 
[2021-01-25 00:11:15] local.ERROR: Undefined index: lovel {"userId":16,"exception":"[object] (ErrorException(code: 0): Undefined index: lovel at C:\\xampp\\htdocs\\Laravel Projects\\GSF\\app\\Http\\Controllers\\HostelController.php:40)
[stacktrace]
#0 C:\\xampp\\htdocs\\Laravel Projects\\GSF\\app\\Http\\Controllers\\HostelController.php(40): Illuminate\\Foundation\\Bootstrap\\HandleExceptions->handleError(8, 'Undefined index...', 'C:\\\\xampp\\\\htdocs...', 40, Array)
#1 [internal function]: App\\Http\\Controllers\\HostelController->store(Object(Illuminate\\Http\\Request))
#2 C:\\xampp\\htdocs\\Laravel Projects\\GSF\\vendor\\laravel\\framework\\src\\Illuminate\\Routing\\Controller.php(54): call_user_func_array(Array, Array)
#3 C:\\xampp\\htdocs\\Laravel Projects\\GSF\\vendor\\laravel\\framework\\src\\Illuminate\\Routing\\ControllerDispatcher.php(45): Illuminate\\Routing\\Controller->callAction('store', Array)
#4 C:\\xampp\\htdocs\\Laravel Projects\\GSF\\vendor\\laravel\\framework\\src\\Illuminate\\Routing\\Route.php(219): Illuminate\\Routing\\ControllerDispatcher->dispatch(Object(Illuminate\\Routing\\Route), Object(App\\Http\\Controllers\\HostelController), 'store')
#5 C:\\xampp\\htdocs\\Laravel Projects\\GSF\\vendor\\laravel\\framework\\src\\Illuminate\\Routing\\Route.php(176): Illuminate\\Routing\\Route->runController()
#6 C:\\xampp\\htdocs\\Laravel Projects\\GSF\\vendor\\laravel\\framework\\src\\Illuminate\\Routing\\Router.php(680): Illuminate\\Routing\\Route->run()
#7 C:\\xampp\\htdocs\\Laravel Projects\\GSF\\vendor\\laravel\\framework\\src\\Illuminate\\Routing\\Pipeline.php(30): Illuminate\\Routing\\Router->Illuminate\\Routing\\{closure}(Object(Illuminate\\Http\\Request))
#8 C:\\xampp\\htdocs\\Laravel Projects\\GSF\\app\\Http\\Middleware\\SwitchUser.php(22): Illuminate\\Routing\\Pipeline->Illuminate\\Routing\\{closure}(Object(Illuminate\\Http\\Request))
#9 C:\\xampp\\htdocs\\Laravel Projects\\GSF\\vendor\\laravel\\framework\\src\\Illuminate\\Pipeline\\Pipeline.php(163): App\\Http\\Middleware\\SwitchUser->handle(Object(Illuminate\\Http\\Request), Object(Closure))
#10 C:\\xampp\\htdocs\\Laravel Projects\\GSF\\vendor\\laravel\\framework\\src\\Illuminate\\Routing\\Pipeline.php(53): Illuminate\\Pipeline\\Pipeline->Illuminate\\Pipeline\\{closure}(Object(Illuminate\\Http\\Request))
#11 C:\\xampp\\htdocs\\Laravel Projects\\GSF\\vendor\\laravel\\framework\\src\\Illuminate\\Routing\\Middleware\\SubstituteBindings.php(41): Illuminate\\Routing\\Pipeline->Illuminate\\Routing\\{closure}(Object(Illuminate\\Http\\Request))
#12 C:\\xampp\\htdocs\\Laravel Projects\\GSF\\vendor\\laravel\\framework\\src\\Illuminate\\Pipeline\\Pipeline.php(163): Illuminate\\Routing\\Middleware\\SubstituteBindings->handle(Object(Illuminate\\Http\\Request), Object(Closure))
#13 C:\\xampp\\htdocs\\Laravel Projects\\GSF\\vendor\\laravel\\framework\\src\\Illuminate\\Routing\\Pipeline.php(53): Illuminate\\Pipeline\\Pipeline->Illuminate\\Pipeline\\{closure}(Object(Illuminate\\Http\\Request))
#14 C:\\xampp\\htdocs\\Laravel Projects\\GSF\\vendor\\laravel\\framework\\src\\Illuminate\\Auth\\Middleware\\Authenticate.php(43): Illuminate\\Routing\\Pipeline->Illuminate\\Routing\\{closure}(Object(Illuminate\\Http\\Request))
#15 C:\\xampp\\htdocs\\Laravel Projects\\GSF\\vendor\\laravel\\framework\\src\\Illuminate\\Pipeline\\Pipeline.php(163): Illuminate\\Auth\\Middleware\\Authenticate->handle(Object(Illuminate\\Http\\Request), Object(Closure))
#16 C:\\xampp\\htdocs\\Laravel Projects\\GSF\\vendor\\laravel\\framework\\src\\Illuminate\\Routing\\Pipeline.php(53): Illuminate\\Pipeline\\Pipeline->Illuminate\\Pipeline\\{closure}(Object(Illuminate\\Http\\Request))
#17 C:\\xampp\\htdocs\\Laravel Projects\\GSF\\vendor\\laravel\\framework\\src\\Illuminate\\Foundation\\Http\\Middleware\\VerifyCsrfToken.php(75): Illuminate\\Routing\\Pipeline->Illuminate\\Routing\\{closure}(Object(Illuminate\\Http\\Request))
#18 C:\\xampp\\htdocs\\Laravel Projects\\GSF\\vendor\\laravel\\framework\\src\\Illuminate\\Pipeline\\Pipeline.php(163): Illuminate\\Foundation\\Http\\Middleware\\VerifyCsrfToken->handle(Object(Illuminate\\Http\\Request), Object(Closure))
#19 C:\\xampp\\htdocs\\Laravel Projects\\GSF\\vendor\\laravel\\framework\\src\\Illuminate\\Routing\\Pipeline.php(53): Illuminate\\Pipeline\\Pipeline->Illuminate\\Pipeline\\{closure}(Object(Illuminate\\Http\\Request))
#20 C:\\xampp\\htdocs\\Laravel Projects\\GSF\\vendor\\laravel\\framework\\src\\Illuminate\\View\\Middleware\\ShareErrorsFromSession.php(49): Illuminate\\Routing\\Pipeline->Illuminate\\Routing\\{closure}(Object(Illuminate\\Http\\Request))
#21 C:\\xampp\\htdocs\\Laravel Projects\\GSF\\vendor\\laravel\\framework\\src\\Illuminate\\Pipeline\\Pipeline.php(163): Illuminate\\View\\Middleware\\ShareErrorsFromSession->handle(Object(Illuminate\\Http\\Request), Object(Closure))
#22 C:\\xampp\\htdocs\\Laravel Projects\\GSF\\vendor\\laravel\\framework\\src\\Illuminate\\Routing\\Pipeline.php(53): Illuminate\\Pipeline\\Pipeline->Illuminate\\Pipeline\\{closure}(Object(Illuminate\\Http\\Request))
#23 C:\\xampp\\htdocs\\Laravel Projects\\GSF\\vendor\\laravel\\framework\\src\\Illuminate\\Session\\Middleware\\StartSession.php(56): Illuminate\\Routing\\Pipeline->Illuminate\\Routing\\{closure}(Object(Illuminate\\Http\\Request))
#24 C:\\xampp\\htdocs\\Laravel Projects\\GSF\\vendor\\laravel\\framework\\src\\Illuminate\\Pipeline\\Pipeline.php(163): Illuminate\\Session\\Middleware\\StartSession->handle(Object(Illuminate\\Http\\Request), Object(Closure))
#25 C:\\xampp\\htdocs\\Laravel Projects\\GSF\\vendor\\laravel\\framework\\src\\Illuminate\\Routing\\Pipeline.php(53): Illuminate\\Pipeline\\Pipeline->Illuminate\\Pipeline\\{closure}(Object(Illuminate\\Http\\Request))
#26 C:\\xampp\\htdocs\\Laravel Projects\\GSF\\vendor\\laravel\\framework\\src\\Illuminate\\Cookie\\Middleware\\AddQueuedCookiesToResponse.php(37): Illuminate\\Routing\\Pipeline->Illuminate\\Routing\\{closure}(Object(Illuminate\\Http\\Request))
#27 C:\\xampp\\htdocs\\Laravel Projects\\GSF\\vendor\\laravel\\framework\\src\\Illuminate\\Pipeline\\Pipeline.php(163): Illuminate\\Cookie\\Middleware\\AddQueuedCookiesToResponse->handle(Object(Illuminate\\Http\\Request), Object(Closure))
#28 C:\\xampp\\htdocs\\Laravel Projects\\GSF\\vendor\\laravel\\framework\\src\\Illuminate\\Routing\\Pipeline.php(53): Illuminate\\Pipeline\\Pipeline->Illuminate\\Pipeline\\{closure}(Object(Illuminate\\Http\\Request))
#29 C:\\xampp\\htdocs\\Laravel Projects\\GSF\\vendor\\laravel\\framework\\src\\Illuminate\\Cookie\\Middleware\\EncryptCookies.php(66): Illuminate\\Routing\\Pipeline->Illuminate\\Routing\\{closure}(Object(Illuminate\\Http\\Request))
#30 C:\\xampp\\htdocs\\Laravel Projects\\GSF\\vendor\\laravel\\framework\\src\\Illuminate\\Pipeline\\Pipeline.php(163): Illuminate\\Cookie\\Middleware\\EncryptCookies->handle(Object(Illuminate\\Http\\Request), Object(Closure))
#31 C:\\xampp\\htdocs\\Laravel Projects\\GSF\\vendor\\laravel\\framework\\src\\Illuminate\\Routing\\Pipeline.php(53): Illuminate\\Pipeline\\Pipeline->Illuminate\\Pipeline\\{closure}(Object(Illuminate\\Http\\Request))
#32 C:\\xampp\\htdocs\\Laravel Projects\\GSF\\vendor\\laravel\\framework\\src\\Illuminate\\Pipeline\\Pipeline.php(104): Illuminate\\Routing\\Pipeline->Illuminate\\Routing\\{closure}(Object(Illuminate\\Http\\Request))
#33 C:\\xampp\\htdocs\\Laravel Projects\\GSF\\vendor\\laravel\\framework\\src\\Illuminate\\Routing\\Router.php(682): Illuminate\\Pipeline\\Pipeline->then(Object(Closure))
#34 C:\\xampp\\htdocs\\Laravel Projects\\GSF\\vendor\\laravel\\framework\\src\\Illuminate\\Routing\\Router.php(657): Illuminate\\Routing\\Router->runRouteWithinStack(Object(Illuminate\\Routing\\Route), Object(Illuminate\\Http\\Request))
#35 C:\\xampp\\htdocs\\Laravel Projects\\GSF\\vendor\\laravel\\framework\\src\\Illuminate\\Routing\\Router.php(623): Illuminate\\Routing\\Router->runRoute(Object(Illuminate\\Http\\Request), Object(Illuminate\\Routing\\Route))
#36 C:\\xampp\\htdocs\\Laravel Projects\\GSF\\vendor\\laravel\\framework\\src\\Illuminate\\Routing\\Router.php(612): Illuminate\\Routing\\Router->dispatchToRoute(Object(Illuminate\\Http\\Request))
#37 C:\\xampp\\htdocs\\Laravel Projects\\GSF\\vendor\\laravel\\framework\\src\\Illuminate\\Foundation\\Http\\Kernel.php(176): Illuminate\\Routing\\Router->dispatch(Object(Illuminate\\Http\\Request))
#38 C:\\xampp\\htdocs\\Laravel Projects\\GSF\\vendor\\laravel\\framework\\src\\Illuminate\\Routing\\Pipeline.php(30): Illuminate\\Foundation\\Http\\Kernel->Illuminate\\Foundation\\Http\\{closure}(Object(Illuminate\\Http\\Request))
#39 C:\\xampp\\htdocs\\Laravel Projects\\GSF\\vendor\\fideloper\\proxy\\src\\TrustProxies.php(57): Illuminate\\Routing\\Pipeline->Illuminate\\Routing\\{closure}(Object(Illuminate\\Http\\Request))
#40 C:\\xampp\\htdocs\\Laravel Projects\\GSF\\vendor\\laravel\\framework\\src\\Illuminate\\Pipeline\\Pipeline.php(163): Fideloper\\Proxy\\TrustProxies->handle(Object(Illuminate\\Http\\Request), Object(Closure))
#41 C:\\xampp\\htdocs\\Laravel Projects\\GSF\\vendor\\laravel\\framework\\src\\Illuminate\\Routing\\Pipeline.php(53): Illuminate\\Pipeline\\Pipeline->Illuminate\\Pipeline\\{closure}(Object(Illuminate\\Http\\Request))
#42 C:\\xampp\\htdocs\\Laravel Projects\\GSF\\vendor\\laravel\\framework\\src\\Illuminate\\Foundation\\Http\\Middleware\\TransformsRequest.php(21): Illuminate\\Routing\\Pipeline->Illuminate\\Routing\\{closure}(Object(Illuminate\\Http\\Request))
#43 C:\\xampp\\htdocs\\Laravel Projects\\GSF\\vendor\\laravel\\framework\\src\\Illuminate\\Pipeline\\Pipeline.php(163): Illuminate\\Foundation\\Http\\Middleware\\TransformsRequest->handle(Object(Illuminate\\Http\\Request), Object(Closure))
#44 C:\\xampp\\htdocs\\Laravel Projects\\GSF\\vendor\\laravel\\framework\\src\\Illuminate\\Routing\\Pipeline.php(53): Illuminate\\Pipeline\\Pipeline->Illuminate\\Pipeline\\{closure}(Object(Illuminate\\Http\\Request))
#45 C:\\xampp\\htdocs\\Laravel Projects\\GSF\\vendor\\laravel\\framework\\src\\Illuminate\\Foundation\\Http\\Middleware\\TransformsRequest.php(21): Illuminate\\Routing\\Pipeline->Illuminate\\Routing\\{closure}(Object(Illuminate\\Http\\Request))
#46 C:\\xampp\\htdocs\\Laravel Projects\\GSF\\vendor\\laravel\\framework\\src\\Illuminate\\Pipeline\\Pipeline.php(163): Illuminate\\Foundation\\Http\\Middleware\\TransformsRequest->handle(Object(Illuminate\\Http\\Request), Object(Closure))
#47 C:\\xampp\\htdocs\\Laravel Projects\\GSF\\vendor\\laravel\\framework\\src\\Illuminate\\Routing\\Pipeline.php(53): Illuminate\\Pipeline\\Pipeline->Illuminate\\Pipeline\\{closure}(Object(Illuminate\\Http\\Request))
#48 C:\\xampp\\htdocs\\Laravel Projects\\GSF\\vendor\\laravel\\framework\\src\\Illuminate\\Foundation\\Http\\Middleware\\ValidatePostSize.php(27): Illuminate\\Routing\\Pipeline->Illuminate\\Routing\\{closure}(Object(Illuminate\\Http\\Request))
#49 C:\\xampp\\htdocs\\Laravel Projects\\GSF\\vendor\\laravel\\framework\\src\\Illuminate\\Pipeline\\Pipeline.php(163): Illuminate\\Foundation\\Http\\Middleware\\ValidatePostSize->handle(Object(Illuminate\\Http\\Request), Object(Closure))
#50 C:\\xampp\\htdocs\\Laravel Projects\\GSF\\vendor\\laravel\\framework\\src\\Illuminate\\Routing\\Pipeline.php(53): Illuminate\\Pipeline\\Pipeline->Illuminate\\Pipeline\\{closure}(Object(Illuminate\\Http\\Request))
#51 C:\\xampp\\htdocs\\Laravel Projects\\GSF\\vendor\\laravel\\framework\\src\\Illuminate\\Foundation\\Http\\Middleware\\CheckForMaintenanceMode.php(62): Illuminate\\Routing\\Pipeline->Illuminate\\Routing\\{closure}(Object(Illuminate\\Http\\Request))
#52 C:\\xampp\\htdocs\\Laravel Projects\\GSF\\vendor\\laravel\\framework\\src\\Illuminate\\Pipeline\\Pipeline.php(163): Illuminate\\Foundation\\Http\\Middleware\\CheckForMaintenanceMode->handle(Object(Illuminate\\Http\\Request), Object(Closure))
#53 C:\\xampp\\htdocs\\Laravel Projects\\GSF\\vendor\\laravel\\framework\\src\\Illuminate\\Routing\\Pipeline.php(53): Illuminate\\Pipeline\\Pipeline->Illuminate\\Pipeline\\{closure}(Object(Illuminate\\Http\\Request))
#54 C:\\xampp\\htdocs\\Laravel Projects\\GSF\\vendor\\laravel\\framework\\src\\Illuminate\\Pipeline\\Pipeline.php(104): Illuminate\\Routing\\Pipeline->Illuminate\\Routing\\{closure}(Object(Illuminate\\Http\\Request))
#55 C:\\xampp\\htdocs\\Laravel Projects\\GSF\\vendor\\laravel\\framework\\src\\Illuminate\\Foundation\\Http\\Kernel.php(151): Illuminate\\Pipeline\\Pipeline->then(Object(Closure))
#56 C:\\xampp\\htdocs\\Laravel Projects\\GSF\\vendor\\laravel\\framework\\src\\Illuminate\\Foundation\\Http\\Kernel.php(116): Illuminate\\Foundation\\Http\\Kernel->sendRequestThroughRouter(Object(Illuminate\\Http\\Request))
#57 C:\\xampp\\htdocs\\Laravel Projects\\GSF\\public\\index.php(55): Illuminate\\Foundation\\Http\\Kernel->handle(Object(Illuminate\\Http\\Request))
#58 C:\\xampp\\htdocs\\Laravel Projects\\GSF\\server.php(21): require_once('C:\\\\xampp\\\\htdocs...')
#59 {main}
"} 
[2021-01-25 00:13:25] local.ERROR: Route [hostel.index] not defined. {"userId":16,"exception":"[object] (InvalidArgumentException(code: 0): Route [hostel.index] not defined. at C:\\xampp\\htdocs\\Laravel Projects\\GSF\\vendor\\laravel\\framework\\src\\Illuminate\\Routing\\UrlGenerator.php:388)
[stacktrace]
#0 C:\\xampp\\htdocs\\Laravel Projects\\GSF\\vendor\\laravel\\framework\\src\\Illuminate\\Foundation\\helpers.php(782): Illuminate\\Routing\\UrlGenerator->route('hostel.index', Array, true)
#1 C:\\xampp\\htdocs\\Laravel Projects\\GSF\\app\\Http\\Controllers\\HostelController.php(44): route('hostel.index')
#2 [internal function]: App\\Http\\Controllers\\HostelController->store(Object(Illuminate\\Http\\Request))
#3 C:\\xampp\\htdocs\\Laravel Projects\\GSF\\vendor\\laravel\\framework\\src\\Illuminate\\Routing\\Controller.php(54): call_user_func_array(Array, Array)
#4 C:\\xampp\\htdocs\\Laravel Projects\\GSF\\vendor\\laravel\\framework\\src\\Illuminate\\Routing\\ControllerDispatcher.php(45): Illuminate\\Routing\\Controller->callAction('store', Array)
#5 C:\\xampp\\htdocs\\Laravel Projects\\GSF\\vendor\\laravel\\framework\\src\\Illuminate\\Routing\\Route.php(219): Illuminate\\Routing\\ControllerDispatcher->dispatch(Object(Illuminate\\Routing\\Route), Object(App\\Http\\Controllers\\HostelController), 'store')
#6 C:\\xampp\\htdocs\\Laravel Projects\\GSF\\vendor\\laravel\\framework\\src\\Illuminate\\Routing\\Route.php(176): Illuminate\\Routing\\Route->runController()
#7 C:\\xampp\\htdocs\\Laravel Projects\\GSF\\vendor\\laravel\\framework\\src\\Illuminate\\Routing\\Router.php(680): Illuminate\\Routing\\Route->run()
#8 C:\\xampp\\htdocs\\Laravel Projects\\GSF\\vendor\\laravel\\framework\\src\\Illuminate\\Routing\\Pipeline.php(30): Illuminate\\Routing\\Router->Illuminate\\Routing\\{closure}(Object(Illuminate\\Http\\Request))
#9 C:\\xampp\\htdocs\\Laravel Projects\\GSF\\app\\Http\\Middleware\\SwitchUser.php(22): Illuminate\\Routing\\Pipeline->Illuminate\\Routing\\{closure}(Object(Illuminate\\Http\\Request))
#10 C:\\xampp\\htdocs\\Laravel Projects\\GSF\\vendor\\laravel\\framework\\src\\Illuminate\\Pipeline\\Pipeline.php(163): App\\Http\\Middleware\\SwitchUser->handle(Object(Illuminate\\Http\\Request), Object(Closure))
#11 C:\\xampp\\htdocs\\Laravel Projects\\GSF\\vendor\\laravel\\framework\\src\\Illuminate\\Routing\\Pipeline.php(53): Illuminate\\Pipeline\\Pipeline->Illuminate\\Pipeline\\{closure}(Object(Illuminate\\Http\\Request))
#12 C:\\xampp\\htdocs\\Laravel Projects\\GSF\\vendor\\laravel\\framework\\src\\Illuminate\\Routing\\Middleware\\SubstituteBindings.php(41): Illuminate\\Routing\\Pipeline->Illuminate\\Routing\\{closure}(Object(Illuminate\\Http\\Request))
#13 C:\\xampp\\htdocs\\Laravel Projects\\GSF\\vendor\\laravel\\framework\\src\\Illuminate\\Pipeline\\Pipeline.php(163): Illuminate\\Routing\\Middleware\\SubstituteBindings->handle(Object(Illuminate\\Http\\Request), Object(Closure))
#14 C:\\xampp\\htdocs\\Laravel Projects\\GSF\\vendor\\laravel\\framework\\src\\Illuminate\\Routing\\Pipeline.php(53): Illuminate\\Pipeline\\Pipeline->Illuminate\\Pipeline\\{closure}(Object(Illuminate\\Http\\Request))
#15 C:\\xampp\\htdocs\\Laravel Projects\\GSF\\vendor\\laravel\\framework\\src\\Illuminate\\Auth\\Middleware\\Authenticate.php(43): Illuminate\\Routing\\Pipeline->Illuminate\\Routing\\{closure}(Object(Illuminate\\Http\\Request))
#16 C:\\xampp\\htdocs\\Laravel Projects\\GSF\\vendor\\laravel\\framework\\src\\Illuminate\\Pipeline\\Pipeline.php(163): Illuminate\\Auth\\Middleware\\Authenticate->handle(Object(Illuminate\\Http\\Request), Object(Closure))
#17 C:\\xampp\\htdocs\\Laravel Projects\\GSF\\vendor\\laravel\\framework\\src\\Illuminate\\Routing\\Pipeline.php(53): Illuminate\\Pipeline\\Pipeline->Illuminate\\Pipeline\\{closure}(Object(Illuminate\\Http\\Request))
#18 C:\\xampp\\htdocs\\Laravel Projects\\GSF\\vendor\\laravel\\framework\\src\\Illuminate\\Foundation\\Http\\Middleware\\VerifyCsrfToken.php(75): Illuminate\\Routing\\Pipeline->Illuminate\\Routing\\{closure}(Object(Illuminate\\Http\\Request))
#19 C:\\xampp\\htdocs\\Laravel Projects\\GSF\\vendor\\laravel\\framework\\src\\Illuminate\\Pipeline\\Pipeline.php(163): Illuminate\\Foundation\\Http\\Middleware\\VerifyCsrfToken->handle(Object(Illuminate\\Http\\Request), Object(Closure))
#20 C:\\xampp\\htdocs\\Laravel Projects\\GSF\\vendor\\laravel\\framework\\src\\Illuminate\\Routing\\Pipeline.php(53): Illuminate\\Pipeline\\Pipeline->Illuminate\\Pipeline\\{closure}(Object(Illuminate\\Http\\Request))
#21 C:\\xampp\\htdocs\\Laravel Projects\\GSF\\vendor\\laravel\\framework\\src\\Illuminate\\View\\Middleware\\ShareErrorsFromSession.php(49): Illuminate\\Routing\\Pipeline->Illuminate\\Routing\\{closure}(Object(Illuminate\\Http\\Request))
#22 C:\\xampp\\htdocs\\Laravel Projects\\GSF\\vendor\\laravel\\framework\\src\\Illuminate\\Pipeline\\Pipeline.php(163): Illuminate\\View\\Middleware\\ShareErrorsFromSession->handle(Object(Illuminate\\Http\\Request), Object(Closure))
#23 C:\\xampp\\htdocs\\Laravel Projects\\GSF\\vendor\\laravel\\framework\\src\\Illuminate\\Routing\\Pipeline.php(53): Illuminate\\Pipeline\\Pipeline->Illuminate\\Pipeline\\{closure}(Object(Illuminate\\Http\\Request))
#24 C:\\xampp\\htdocs\\Laravel Projects\\GSF\\vendor\\laravel\\framework\\src\\Illuminate\\Session\\Middleware\\StartSession.php(56): Illuminate\\Routing\\Pipeline->Illuminate\\Routing\\{closure}(Object(Illuminate\\Http\\Request))
#25 C:\\xampp\\htdocs\\Laravel Projects\\GSF\\vendor\\laravel\\framework\\src\\Illuminate\\Pipeline\\Pipeline.php(163): Illuminate\\Session\\Middleware\\StartSession->handle(Object(Illuminate\\Http\\Request), Object(Closure))
#26 C:\\xampp\\htdocs\\Laravel Projects\\GSF\\vendor\\laravel\\framework\\src\\Illuminate\\Routing\\Pipeline.php(53): Illuminate\\Pipeline\\Pipeline->Illuminate\\Pipeline\\{closure}(Object(Illuminate\\Http\\Request))
#27 C:\\xampp\\htdocs\\Laravel Projects\\GSF\\vendor\\laravel\\framework\\src\\Illuminate\\Cookie\\Middleware\\AddQueuedCookiesToResponse.php(37): Illuminate\\Routing\\Pipeline->Illuminate\\Routing\\{closure}(Object(Illuminate\\Http\\Request))
#28 C:\\xampp\\htdocs\\Laravel Projects\\GSF\\vendor\\laravel\\framework\\src\\Illuminate\\Pipeline\\Pipeline.php(163): Illuminate\\Cookie\\Middleware\\AddQueuedCookiesToResponse->handle(Object(Illuminate\\Http\\Request), Object(Closure))
#29 C:\\xampp\\htdocs\\Laravel Projects\\GSF\\vendor\\laravel\\framework\\src\\Illuminate\\Routing\\Pipeline.php(53): Illuminate\\Pipeline\\Pipeline->Illuminate\\Pipeline\\{closure}(Object(Illuminate\\Http\\Request))
#30 C:\\xampp\\htdocs\\Laravel Projects\\GSF\\vendor\\laravel\\framework\\src\\Illuminate\\Cookie\\Middleware\\EncryptCookies.php(66): Illuminate\\Routing\\Pipeline->Illuminate\\Routing\\{closure}(Object(Illuminate\\Http\\Request))
#31 C:\\xampp\\htdocs\\Laravel Projects\\GSF\\vendor\\laravel\\framework\\src\\Illuminate\\Pipeline\\Pipeline.php(163): Illuminate\\Cookie\\Middleware\\EncryptCookies->handle(Object(Illuminate\\Http\\Request), Object(Closure))
#32 C:\\xampp\\htdocs\\Laravel Projects\\GSF\\vendor\\laravel\\framework\\src\\Illuminate\\Routing\\Pipeline.php(53): Illuminate\\Pipeline\\Pipeline->Illuminate\\Pipeline\\{closure}(Object(Illuminate\\Http\\Request))
#33 C:\\xampp\\htdocs\\Laravel Projects\\GSF\\vendor\\laravel\\framework\\src\\Illuminate\\Pipeline\\Pipeline.php(104): Illuminate\\Routing\\Pipeline->Illuminate\\Routing\\{closure}(Object(Illuminate\\Http\\Request))
#34 C:\\xampp\\htdocs\\Laravel Projects\\GSF\\vendor\\laravel\\framework\\src\\Illuminate\\Routing\\Router.php(682): Illuminate\\Pipeline\\Pipeline->then(Object(Closure))
#35 C:\\xampp\\htdocs\\Laravel Projects\\GSF\\vendor\\laravel\\framework\\src\\Illuminate\\Routing\\Router.php(657): Illuminate\\Routing\\Router->runRouteWithinStack(Object(Illuminate\\Routing\\Route), Object(Illuminate\\Http\\Request))
#36 C:\\xampp\\htdocs\\Laravel Projects\\GSF\\vendor\\laravel\\framework\\src\\Illuminate\\Routing\\Router.php(623): Illuminate\\Routing\\Router->runRoute(Object(Illuminate\\Http\\Request), Object(Illuminate\\Routing\\Route))
#37 C:\\xampp\\htdocs\\Laravel Projects\\GSF\\vendor\\laravel\\framework\\src\\Illuminate\\Routing\\Router.php(612): Illuminate\\Routing\\Router->dispatchToRoute(Object(Illuminate\\Http\\Request))
#38 C:\\xampp\\htdocs\\Laravel Projects\\GSF\\vendor\\laravel\\framework\\src\\Illuminate\\Foundation\\Http\\Kernel.php(176): Illuminate\\Routing\\Router->dispatch(Object(Illuminate\\Http\\Request))
#39 C:\\xampp\\htdocs\\Laravel Projects\\GSF\\vendor\\laravel\\framework\\src\\Illuminate\\Routing\\Pipeline.php(30): Illuminate\\Foundation\\Http\\Kernel->Illuminate\\Foundation\\Http\\{closure}(Object(Illuminate\\Http\\Request))
#40 C:\\xampp\\htdocs\\Laravel Projects\\GSF\\vendor\\fideloper\\proxy\\src\\TrustProxies.php(57): Illuminate\\Routing\\Pipeline->Illuminate\\Routing\\{closure}(Object(Illuminate\\Http\\Request))
#41 C:\\xampp\\htdocs\\Laravel Projects\\GSF\\vendor\\laravel\\framework\\src\\Illuminate\\Pipeline\\Pipeline.php(163): Fideloper\\Proxy\\TrustProxies->handle(Object(Illuminate\\Http\\Request), Object(Closure))
#42 C:\\xampp\\htdocs\\Laravel Projects\\GSF\\vendor\\laravel\\framework\\src\\Illuminate\\Routing\\Pipeline.php(53): Illuminate\\Pipeline\\Pipeline->Illuminate\\Pipeline\\{closure}(Object(Illuminate\\Http\\Request))
#43 C:\\xampp\\htdocs\\Laravel Projects\\GSF\\vendor\\laravel\\framework\\src\\Illuminate\\Foundation\\Http\\Middleware\\TransformsRequest.php(21): Illuminate\\Routing\\Pipeline->Illuminate\\Routing\\{closure}(Object(Illuminate\\Http\\Request))
#44 C:\\xampp\\htdocs\\Laravel Projects\\GSF\\vendor\\laravel\\framework\\src\\Illuminate\\Pipeline\\Pipeline.php(163): Illuminate\\Foundation\\Http\\Middleware\\TransformsRequest->handle(Object(Illuminate\\Http\\Request), Object(Closure))
#45 C:\\xampp\\htdocs\\Laravel Projects\\GSF\\vendor\\laravel\\framework\\src\\Illuminate\\Routing\\Pipeline.php(53): Illuminate\\Pipeline\\Pipeline->Illuminate\\Pipeline\\{closure}(Object(Illuminate\\Http\\Request))
#46 C:\\xampp\\htdocs\\Laravel Projects\\GSF\\vendor\\laravel\\framework\\src\\Illuminate\\Foundation\\Http\\Middleware\\TransformsRequest.php(21): Illuminate\\Routing\\Pipeline->Illuminate\\Routing\\{closure}(Object(Illuminate\\Http\\Request))
#47 C:\\xampp\\htdocs\\Laravel Projects\\GSF\\vendor\\laravel\\framework\\src\\Illuminate\\Pipeline\\Pipeline.php(163): Illuminate\\Foundation\\Http\\Middleware\\TransformsRequest->handle(Object(Illuminate\\Http\\Request), Object(Closure))
#48 C:\\xampp\\htdocs\\Laravel Projects\\GSF\\vendor\\laravel\\framework\\src\\Illuminate\\Routing\\Pipeline.php(53): Illuminate\\Pipeline\\Pipeline->Illuminate\\Pipeline\\{closure}(Object(Illuminate\\Http\\Request))
#49 C:\\xampp\\htdocs\\Laravel Projects\\GSF\\vendor\\laravel\\framework\\src\\Illuminate\\Foundation\\Http\\Middleware\\ValidatePostSize.php(27): Illuminate\\Routing\\Pipeline->Illuminate\\Routing\\{closure}(Object(Illuminate\\Http\\Request))
#50 C:\\xampp\\htdocs\\Laravel Projects\\GSF\\vendor\\laravel\\framework\\src\\Illuminate\\Pipeline\\Pipeline.php(163): Illuminate\\Foundation\\Http\\Middleware\\ValidatePostSize->handle(Object(Illuminate\\Http\\Request), Object(Closure))
#51 C:\\xampp\\htdocs\\Laravel Projects\\GSF\\vendor\\laravel\\framework\\src\\Illuminate\\Routing\\Pipeline.php(53): Illuminate\\Pipeline\\Pipeline->Illuminate\\Pipeline\\{closure}(Object(Illuminate\\Http\\Request))
#52 C:\\xampp\\htdocs\\Laravel Projects\\GSF\\vendor\\laravel\\framework\\src\\Illuminate\\Foundation\\Http\\Middleware\\CheckForMaintenanceMode.php(62): Illuminate\\Routing\\Pipeline->Illuminate\\Routing\\{closure}(Object(Illuminate\\Http\\Request))
#53 C:\\xampp\\htdocs\\Laravel Projects\\GSF\\vendor\\laravel\\framework\\src\\Illuminate\\Pipeline\\Pipeline.php(163): Illuminate\\Foundation\\Http\\Middleware\\CheckForMaintenanceMode->handle(Object(Illuminate\\Http\\Request), Object(Closure))
#54 C:\\xampp\\htdocs\\Laravel Projects\\GSF\\vendor\\laravel\\framework\\src\\Illuminate\\Routing\\Pipeline.php(53): Illuminate\\Pipeline\\Pipeline->Illuminate\\Pipeline\\{closure}(Object(Illuminate\\Http\\Request))
#55 C:\\xampp\\htdocs\\Laravel Projects\\GSF\\vendor\\laravel\\framework\\src\\Illuminate\\Pipeline\\Pipeline.php(104): Illuminate\\Routing\\Pipeline->Illuminate\\Routing\\{closure}(Object(Illuminate\\Http\\Request))
#56 C:\\xampp\\htdocs\\Laravel Projects\\GSF\\vendor\\laravel\\framework\\src\\Illuminate\\Foundation\\Http\\Kernel.php(151): Illuminate\\Pipeline\\Pipeline->then(Object(Closure))
#57 C:\\xampp\\htdocs\\Laravel Projects\\GSF\\vendor\\laravel\\framework\\src\\Illuminate\\Foundation\\Http\\Kernel.php(116): Illuminate\\Foundation\\Http\\Kernel->sendRequestThroughRouter(Object(Illuminate\\Http\\Request))
#58 C:\\xampp\\htdocs\\Laravel Projects\\GSF\\public\\index.php(55): Illuminate\\Foundation\\Http\\Kernel->handle(Object(Illuminate\\Http\\Request))
#59 C:\\xampp\\htdocs\\Laravel Projects\\GSF\\server.php(21): require_once('C:\\\\xampp\\\\htdocs...')
#60 {main}
"} 
[2021-01-25 00:13:39] local.ERROR: Route [hostelS.index] not defined. {"userId":16,"exception":"[object] (InvalidArgumentException(code: 0): Route [hostelS.index] not defined. at C:\\xampp\\htdocs\\Laravel Projects\\GSF\\vendor\\laravel\\framework\\src\\Illuminate\\Routing\\UrlGenerator.php:388)
[stacktrace]
#0 C:\\xampp\\htdocs\\Laravel Projects\\GSF\\vendor\\laravel\\framework\\src\\Illuminate\\Foundation\\helpers.php(782): Illuminate\\Routing\\UrlGenerator->route('hostelS.index', Array, true)
#1 C:\\xampp\\htdocs\\Laravel Projects\\GSF\\app\\Http\\Controllers\\HostelController.php(44): route('hostelS.index')
#2 [internal function]: App\\Http\\Controllers\\HostelController->store(Object(Illuminate\\Http\\Request))
#3 C:\\xampp\\htdocs\\Laravel Projects\\GSF\\vendor\\laravel\\framework\\src\\Illuminate\\Routing\\Controller.php(54): call_user_func_array(Array, Array)
#4 C:\\xampp\\htdocs\\Laravel Projects\\GSF\\vendor\\laravel\\framework\\src\\Illuminate\\Routing\\ControllerDispatcher.php(45): Illuminate\\Routing\\Controller->callAction('store', Array)
#5 C:\\xampp\\htdocs\\Laravel Projects\\GSF\\vendor\\laravel\\framework\\src\\Illuminate\\Routing\\Route.php(219): Illuminate\\Routing\\ControllerDispatcher->dispatch(Object(Illuminate\\Routing\\Route), Object(App\\Http\\Controllers\\HostelController), 'store')
#6 C:\\xampp\\htdocs\\Laravel Projects\\GSF\\vendor\\laravel\\framework\\src\\Illuminate\\Routing\\Route.php(176): Illuminate\\Routing\\Route->runController()
#7 C:\\xampp\\htdocs\\Laravel Projects\\GSF\\vendor\\laravel\\framework\\src\\Illuminate\\Routing\\Router.php(680): Illuminate\\Routing\\Route->run()
#8 C:\\xampp\\htdocs\\Laravel Projects\\GSF\\vendor\\laravel\\framework\\src\\Illuminate\\Routing\\Pipeline.php(30): Illuminate\\Routing\\Router->Illuminate\\Routing\\{closure}(Object(Illuminate\\Http\\Request))
#9 C:\\xampp\\htdocs\\Laravel Projects\\GSF\\app\\Http\\Middleware\\SwitchUser.php(22): Illuminate\\Routing\\Pipeline->Illuminate\\Routing\\{closure}(Object(Illuminate\\Http\\Request))
#10 C:\\xampp\\htdocs\\Laravel Projects\\GSF\\vendor\\laravel\\framework\\src\\Illuminate\\Pipeline\\Pipeline.php(163): App\\Http\\Middleware\\SwitchUser->handle(Object(Illuminate\\Http\\Request), Object(Closure))
#11 C:\\xampp\\htdocs\\Laravel Projects\\GSF\\vendor\\laravel\\framework\\src\\Illuminate\\Routing\\Pipeline.php(53): Illuminate\\Pipeline\\Pipeline->Illuminate\\Pipeline\\{closure}(Object(Illuminate\\Http\\Request))
#12 C:\\xampp\\htdocs\\Laravel Projects\\GSF\\vendor\\laravel\\framework\\src\\Illuminate\\Routing\\Middleware\\SubstituteBindings.php(41): Illuminate\\Routing\\Pipeline->Illuminate\\Routing\\{closure}(Object(Illuminate\\Http\\Request))
#13 C:\\xampp\\htdocs\\Laravel Projects\\GSF\\vendor\\laravel\\framework\\src\\Illuminate\\Pipeline\\Pipeline.php(163): Illuminate\\Routing\\Middleware\\SubstituteBindings->handle(Object(Illuminate\\Http\\Request), Object(Closure))
#14 C:\\xampp\\htdocs\\Laravel Projects\\GSF\\vendor\\laravel\\framework\\src\\Illuminate\\Routing\\Pipeline.php(53): Illuminate\\Pipeline\\Pipeline->Illuminate\\Pipeline\\{closure}(Object(Illuminate\\Http\\Request))
#15 C:\\xampp\\htdocs\\Laravel Projects\\GSF\\vendor\\laravel\\framework\\src\\Illuminate\\Auth\\Middleware\\Authenticate.php(43): Illuminate\\Routing\\Pipeline->Illuminate\\Routing\\{closure}(Object(Illuminate\\Http\\Request))
#16 C:\\xampp\\htdocs\\Laravel Projects\\GSF\\vendor\\laravel\\framework\\src\\Illuminate\\Pipeline\\Pipeline.php(163): Illuminate\\Auth\\Middleware\\Authenticate->handle(Object(Illuminate\\Http\\Request), Object(Closure))
#17 C:\\xampp\\htdocs\\Laravel Projects\\GSF\\vendor\\laravel\\framework\\src\\Illuminate\\Routing\\Pipeline.php(53): Illuminate\\Pipeline\\Pipeline->Illuminate\\Pipeline\\{closure}(Object(Illuminate\\Http\\Request))
#18 C:\\xampp\\htdocs\\Laravel Projects\\GSF\\vendor\\laravel\\framework\\src\\Illuminate\\Foundation\\Http\\Middleware\\VerifyCsrfToken.php(75): Illuminate\\Routing\\Pipeline->Illuminate\\Routing\\{closure}(Object(Illuminate\\Http\\Request))
#19 C:\\xampp\\htdocs\\Laravel Projects\\GSF\\vendor\\laravel\\framework\\src\\Illuminate\\Pipeline\\Pipeline.php(163): Illuminate\\Foundation\\Http\\Middleware\\VerifyCsrfToken->handle(Object(Illuminate\\Http\\Request), Object(Closure))
#20 C:\\xampp\\htdocs\\Laravel Projects\\GSF\\vendor\\laravel\\framework\\src\\Illuminate\\Routing\\Pipeline.php(53): Illuminate\\Pipeline\\Pipeline->Illuminate\\Pipeline\\{closure}(Object(Illuminate\\Http\\Request))
#21 C:\\xampp\\htdocs\\Laravel Projects\\GSF\\vendor\\laravel\\framework\\src\\Illuminate\\View\\Middleware\\ShareErrorsFromSession.php(49): Illuminate\\Routing\\Pipeline->Illuminate\\Routing\\{closure}(Object(Illuminate\\Http\\Request))
#22 C:\\xampp\\htdocs\\Laravel Projects\\GSF\\vendor\\laravel\\framework\\src\\Illuminate\\Pipeline\\Pipeline.php(163): Illuminate\\View\\Middleware\\ShareErrorsFromSession->handle(Object(Illuminate\\Http\\Request), Object(Closure))
#23 C:\\xampp\\htdocs\\Laravel Projects\\GSF\\vendor\\laravel\\framework\\src\\Illuminate\\Routing\\Pipeline.php(53): Illuminate\\Pipeline\\Pipeline->Illuminate\\Pipeline\\{closure}(Object(Illuminate\\Http\\Request))
#24 C:\\xampp\\htdocs\\Laravel Projects\\GSF\\vendor\\laravel\\framework\\src\\Illuminate\\Session\\Middleware\\StartSession.php(56): Illuminate\\Routing\\Pipeline->Illuminate\\Routing\\{closure}(Object(Illuminate\\Http\\Request))
#25 C:\\xampp\\htdocs\\Laravel Projects\\GSF\\vendor\\laravel\\framework\\src\\Illuminate\\Pipeline\\Pipeline.php(163): Illuminate\\Session\\Middleware\\StartSession->handle(Object(Illuminate\\Http\\Request), Object(Closure))
#26 C:\\xampp\\htdocs\\Laravel Projects\\GSF\\vendor\\laravel\\framework\\src\\Illuminate\\Routing\\Pipeline.php(53): Illuminate\\Pipeline\\Pipeline->Illuminate\\Pipeline\\{closure}(Object(Illuminate\\Http\\Request))
#27 C:\\xampp\\htdocs\\Laravel Projects\\GSF\\vendor\\laravel\\framework\\src\\Illuminate\\Cookie\\Middleware\\AddQueuedCookiesToResponse.php(37): Illuminate\\Routing\\Pipeline->Illuminate\\Routing\\{closure}(Object(Illuminate\\Http\\Request))
#28 C:\\xampp\\htdocs\\Laravel Projects\\GSF\\vendor\\laravel\\framework\\src\\Illuminate\\Pipeline\\Pipeline.php(163): Illuminate\\Cookie\\Middleware\\AddQueuedCookiesToResponse->handle(Object(Illuminate\\Http\\Request), Object(Closure))
#29 C:\\xampp\\htdocs\\Laravel Projects\\GSF\\vendor\\laravel\\framework\\src\\Illuminate\\Routing\\Pipeline.php(53): Illuminate\\Pipeline\\Pipeline->Illuminate\\Pipeline\\{closure}(Object(Illuminate\\Http\\Request))
#30 C:\\xampp\\htdocs\\Laravel Projects\\GSF\\vendor\\laravel\\framework\\src\\Illuminate\\Cookie\\Middleware\\EncryptCookies.php(66): Illuminate\\Routing\\Pipeline->Illuminate\\Routing\\{closure}(Object(Illuminate\\Http\\Request))
#31 C:\\xampp\\htdocs\\Laravel Projects\\GSF\\vendor\\laravel\\framework\\src\\Illuminate\\Pipeline\\Pipeline.php(163): Illuminate\\Cookie\\Middleware\\EncryptCookies->handle(Object(Illuminate\\Http\\Request), Object(Closure))
#32 C:\\xampp\\htdocs\\Laravel Projects\\GSF\\vendor\\laravel\\framework\\src\\Illuminate\\Routing\\Pipeline.php(53): Illuminate\\Pipeline\\Pipeline->Illuminate\\Pipeline\\{closure}(Object(Illuminate\\Http\\Request))
#33 C:\\xampp\\htdocs\\Laravel Projects\\GSF\\vendor\\laravel\\framework\\src\\Illuminate\\Pipeline\\Pipeline.php(104): Illuminate\\Routing\\Pipeline->Illuminate\\Routing\\{closure}(Object(Illuminate\\Http\\Request))
#34 C:\\xampp\\htdocs\\Laravel Projects\\GSF\\vendor\\laravel\\framework\\src\\Illuminate\\Routing\\Router.php(682): Illuminate\\Pipeline\\Pipeline->then(Object(Closure))
#35 C:\\xampp\\htdocs\\Laravel Projects\\GSF\\vendor\\laravel\\framework\\src\\Illuminate\\Routing\\Router.php(657): Illuminate\\Routing\\Router->runRouteWithinStack(Object(Illuminate\\Routing\\Route), Object(Illuminate\\Http\\Request))
#36 C:\\xampp\\htdocs\\Laravel Projects\\GSF\\vendor\\laravel\\framework\\src\\Illuminate\\Routing\\Router.php(623): Illuminate\\Routing\\Router->runRoute(Object(Illuminate\\Http\\Request), Object(Illuminate\\Routing\\Route))
#37 C:\\xampp\\htdocs\\Laravel Projects\\GSF\\vendor\\laravel\\framework\\src\\Illuminate\\Routing\\Router.php(612): Illuminate\\Routing\\Router->dispatchToRoute(Object(Illuminate\\Http\\Request))
#38 C:\\xampp\\htdocs\\Laravel Projects\\GSF\\vendor\\laravel\\framework\\src\\Illuminate\\Foundation\\Http\\Kernel.php(176): Illuminate\\Routing\\Router->dispatch(Object(Illuminate\\Http\\Request))
#39 C:\\xampp\\htdocs\\Laravel Projects\\GSF\\vendor\\laravel\\framework\\src\\Illuminate\\Routing\\Pipeline.php(30): Illuminate\\Foundation\\Http\\Kernel->Illuminate\\Foundation\\Http\\{closure}(Object(Illuminate\\Http\\Request))
#40 C:\\xampp\\htdocs\\Laravel Projects\\GSF\\vendor\\fideloper\\proxy\\src\\TrustProxies.php(57): Illuminate\\Routing\\Pipeline->Illuminate\\Routing\\{closure}(Object(Illuminate\\Http\\Request))
#41 C:\\xampp\\htdocs\\Laravel Projects\\GSF\\vendor\\laravel\\framework\\src\\Illuminate\\Pipeline\\Pipeline.php(163): Fideloper\\Proxy\\TrustProxies->handle(Object(Illuminate\\Http\\Request), Object(Closure))
#42 C:\\xampp\\htdocs\\Laravel Projects\\GSF\\vendor\\laravel\\framework\\src\\Illuminate\\Routing\\Pipeline.php(53): Illuminate\\Pipeline\\Pipeline->Illuminate\\Pipeline\\{closure}(Object(Illuminate\\Http\\Request))
#43 C:\\xampp\\htdocs\\Laravel Projects\\GSF\\vendor\\laravel\\framework\\src\\Illuminate\\Foundation\\Http\\Middleware\\TransformsRequest.php(21): Illuminate\\Routing\\Pipeline->Illuminate\\Routing\\{closure}(Object(Illuminate\\Http\\Request))
#44 C:\\xampp\\htdocs\\Laravel Projects\\GSF\\vendor\\laravel\\framework\\src\\Illuminate\\Pipeline\\Pipeline.php(163): Illuminate\\Foundation\\Http\\Middleware\\TransformsRequest->handle(Object(Illuminate\\Http\\Request), Object(Closure))
#45 C:\\xampp\\htdocs\\Laravel Projects\\GSF\\vendor\\laravel\\framework\\src\\Illuminate\\Routing\\Pipeline.php(53): Illuminate\\Pipeline\\Pipeline->Illuminate\\Pipeline\\{closure}(Object(Illuminate\\Http\\Request))
#46 C:\\xampp\\htdocs\\Laravel Projects\\GSF\\vendor\\laravel\\framework\\src\\Illuminate\\Foundation\\Http\\Middleware\\TransformsRequest.php(21): Illuminate\\Routing\\Pipeline->Illuminate\\Routing\\{closure}(Object(Illuminate\\Http\\Request))
#47 C:\\xampp\\htdocs\\Laravel Projects\\GSF\\vendor\\laravel\\framework\\src\\Illuminate\\Pipeline\\Pipeline.php(163): Illuminate\\Foundation\\Http\\Middleware\\TransformsRequest->handle(Object(Illuminate\\Http\\Request), Object(Closure))
#48 C:\\xampp\\htdocs\\Laravel Projects\\GSF\\vendor\\laravel\\framework\\src\\Illuminate\\Routing\\Pipeline.php(53): Illuminate\\Pipeline\\Pipeline->Illuminate\\Pipeline\\{closure}(Object(Illuminate\\Http\\Request))
#49 C:\\xampp\\htdocs\\Laravel Projects\\GSF\\vendor\\laravel\\framework\\src\\Illuminate\\Foundation\\Http\\Middleware\\ValidatePostSize.php(27): Illuminate\\Routing\\Pipeline->Illuminate\\Routing\\{closure}(Object(Illuminate\\Http\\Request))
#50 C:\\xampp\\htdocs\\Laravel Projects\\GSF\\vendor\\laravel\\framework\\src\\Illuminate\\Pipeline\\Pipeline.php(163): Illuminate\\Foundation\\Http\\Middleware\\ValidatePostSize->handle(Object(Illuminate\\Http\\Request), Object(Closure))
#51 C:\\xampp\\htdocs\\Laravel Projects\\GSF\\vendor\\laravel\\framework\\src\\Illuminate\\Routing\\Pipeline.php(53): Illuminate\\Pipeline\\Pipeline->Illuminate\\Pipeline\\{closure}(Object(Illuminate\\Http\\Request))
#52 C:\\xampp\\htdocs\\Laravel Projects\\GSF\\vendor\\laravel\\framework\\src\\Illuminate\\Foundation\\Http\\Middleware\\CheckForMaintenanceMode.php(62): Illuminate\\Routing\\Pipeline->Illuminate\\Routing\\{closure}(Object(Illuminate\\Http\\Request))
#53 C:\\xampp\\htdocs\\Laravel Projects\\GSF\\vendor\\laravel\\framework\\src\\Illuminate\\Pipeline\\Pipeline.php(163): Illuminate\\Foundation\\Http\\Middleware\\CheckForMaintenanceMode->handle(Object(Illuminate\\Http\\Request), Object(Closure))
#54 C:\\xampp\\htdocs\\Laravel Projects\\GSF\\vendor\\laravel\\framework\\src\\Illuminate\\Routing\\Pipeline.php(53): Illuminate\\Pipeline\\Pipeline->Illuminate\\Pipeline\\{closure}(Object(Illuminate\\Http\\Request))
#55 C:\\xampp\\htdocs\\Laravel Projects\\GSF\\vendor\\laravel\\framework\\src\\Illuminate\\Pipeline\\Pipeline.php(104): Illuminate\\Routing\\Pipeline->Illuminate\\Routing\\{closure}(Object(Illuminate\\Http\\Request))
#56 C:\\xampp\\htdocs\\Laravel Projects\\GSF\\vendor\\laravel\\framework\\src\\Illuminate\\Foundation\\Http\\Kernel.php(151): Illuminate\\Pipeline\\Pipeline->then(Object(Closure))
#57 C:\\xampp\\htdocs\\Laravel Projects\\GSF\\vendor\\laravel\\framework\\src\\Illuminate\\Foundation\\Http\\Kernel.php(116): Illuminate\\Foundation\\Http\\Kernel->sendRequestThroughRouter(Object(Illuminate\\Http\\Request))
#58 C:\\xampp\\htdocs\\Laravel Projects\\GSF\\public\\index.php(55): Illuminate\\Foundation\\Http\\Kernel->handle(Object(Illuminate\\Http\\Request))
#59 C:\\xampp\\htdocs\\Laravel Projects\\GSF\\server.php(21): require_once('C:\\\\xampp\\\\htdocs...')
#60 {main}
"} 
[2021-01-25 14:20:31] local.ERROR: Undefined variable: hostel (View: C:\xampp\htdocs\Laravel Projects\GSF\resources\views\admin\hostel\create.blade.php) {"userId":15,"exception":"[object] (ErrorException(code: 0): Undefined variable: hostel (View: C:\\xampp\\htdocs\\Laravel Projects\\GSF\esources\\views\\admin\\hostel\\create.blade.php) at C:\\xampp\\htdocs\\Laravel Projects\\GSF\\storage\\framework\\views\\c4b39b9fc4a4b99633ccd8b668242c21d11e93db.php:51, ErrorException(code: 0): Undefined variable: hostel at C:\\xampp\\htdocs\\Laravel Projects\\GSF\\storage\\framework\\views\\c4b39b9fc4a4b99633ccd8b668242c21d11e93db.php:51)
[stacktrace]
#0 C:\\xampp\\htdocs\\Laravel Projects\\GSF\\vendor\\laravel\\framework\\src\\Illuminate\\View\\Engines\\PhpEngine.php(45): Illuminate\\View\\Engines\\CompilerEngine->handleViewException(Object(ErrorException), 1)
#1 C:\\xampp\\htdocs\\Laravel Projects\\GSF\\vendor\\laravel\\framework\\src\\Illuminate\\View\\Engines\\CompilerEngine.php(59): Illuminate\\View\\Engines\\PhpEngine->evaluatePath('C:\\\\xampp\\\\htdocs...', Array)
#2 C:\\xampp\\htdocs\\Laravel Projects\\GSF\\vendor\\laravel\\framework\\src\\Illuminate\\View\\View.php(142): Illuminate\\View\\Engines\\CompilerEngine->get('C:\\\\xampp\\\\htdocs...', Array)
#3 C:\\xampp\\htdocs\\Laravel Projects\\GSF\\vendor\\laravel\\framework\\src\\Illuminate\\View\\View.php(125): Illuminate\\View\\View->getContents()
#4 C:\\xampp\\htdocs\\Laravel Projects\\GSF\\vendor\\laravel\\framework\\src\\Illuminate\\View\\View.php(90): Illuminate\\View\\View->renderContents()
#5 C:\\xampp\\htdocs\\Laravel Projects\\GSF\\vendor\\laravel\\framework\\src\\Illuminate\\Http\\Response.php(42): Illuminate\\View\\View->render()
#6 C:\\xampp\\htdocs\\Laravel Projects\\GSF\\vendor\\symfony\\http-foundation\\Response.php(205): Illuminate\\Http\\Response->setContent(Object(Illuminate\\View\\View))
#7 C:\\xampp\\htdocs\\Laravel Projects\\GSF\\vendor\\laravel\\framework\\src\\Illuminate\\Routing\\Router.php(748): Symfony\\Component\\HttpFoundation\\Response->__construct(Object(Illuminate\\View\\View))
#8 C:\\xampp\\htdocs\\Laravel Projects\\GSF\\vendor\\laravel\\framework\\src\\Illuminate\\Routing\\Router.php(720): Illuminate\\Routing\\Router::toResponse(Object(Illuminate\\Http\\Request), Object(Illuminate\\View\\View))
#9 C:\\xampp\\htdocs\\Laravel Projects\\GSF\\vendor\\laravel\\framework\\src\\Illuminate\\Routing\\Router.php(680): Illuminate\\Routing\\Router->prepareResponse(Object(Illuminate\\Http\\Request), Object(Illuminate\\View\\View))
#10 C:\\xampp\\htdocs\\Laravel Projects\\GSF\\vendor\\laravel\\framework\\src\\Illuminate\\Routing\\Pipeline.php(30): Illuminate\\Routing\\Router->Illuminate\\Routing\\{closure}(Object(Illuminate\\Http\\Request))
#11 C:\\xampp\\htdocs\\Laravel Projects\\GSF\\app\\Http\\Middleware\\SwitchUser.php(22): Illuminate\\Routing\\Pipeline->Illuminate\\Routing\\{closure}(Object(Illuminate\\Http\\Request))
#12 C:\\xampp\\htdocs\\Laravel Projects\\GSF\\vendor\\laravel\\framework\\src\\Illuminate\\Pipeline\\Pipeline.php(163): App\\Http\\Middleware\\SwitchUser->handle(Object(Illuminate\\Http\\Request), Object(Closure))
#13 C:\\xampp\\htdocs\\Laravel Projects\\GSF\\vendor\\laravel\\framework\\src\\Illuminate\\Routing\\Pipeline.php(53): Illuminate\\Pipeline\\Pipeline->Illuminate\\Pipeline\\{closure}(Object(Illuminate\\Http\\Request))
#14 C:\\xampp\\htdocs\\Laravel Projects\\GSF\\vendor\\laravel\\framework\\src\\Illuminate\\Routing\\Middleware\\SubstituteBindings.php(41): Illuminate\\Routing\\Pipeline->Illuminate\\Routing\\{closure}(Object(Illuminate\\Http\\Request))
#15 C:\\xampp\\htdocs\\Laravel Projects\\GSF\\vendor\\laravel\\framework\\src\\Illuminate\\Pipeline\\Pipeline.php(163): Illuminate\\Routing\\Middleware\\SubstituteBindings->handle(Object(Illuminate\\Http\\Request), Object(Closure))
#16 C:\\xampp\\htdocs\\Laravel Projects\\GSF\\vendor\\laravel\\framework\\src\\Illuminate\\Routing\\Pipeline.php(53): Illuminate\\Pipeline\\Pipeline->Illuminate\\Pipeline\\{closure}(Object(Illuminate\\Http\\Request))
#17 C:\\xampp\\htdocs\\Laravel Projects\\GSF\\vendor\\laravel\\framework\\src\\Illuminate\\Auth\\Middleware\\Authenticate.php(43): Illuminate\\Routing\\Pipeline->Illuminate\\Routing\\{closure}(Object(Illuminate\\Http\\Request))
#18 C:\\xampp\\htdocs\\Laravel Projects\\GSF\\vendor\\laravel\\framework\\src\\Illuminate\\Pipeline\\Pipeline.php(163): Illuminate\\Auth\\Middleware\\Authenticate->handle(Object(Illuminate\\Http\\Request), Object(Closure))
#19 C:\\xampp\\htdocs\\Laravel Projects\\GSF\\vendor\\laravel\\framework\\src\\Illuminate\\Routing\\Pipeline.php(53): Illuminate\\Pipeline\\Pipeline->Illuminate\\Pipeline\\{closure}(Object(Illuminate\\Http\\Request))
#20 C:\\xampp\\htdocs\\Laravel Projects\\GSF\\vendor\\laravel\\framework\\src\\Illuminate\\Foundation\\Http\\Middleware\\VerifyCsrfToken.php(75): Illuminate\\Routing\\Pipeline->Illuminate\\Routing\\{closure}(Object(Illuminate\\Http\\Request))
#21 C:\\xampp\\htdocs\\Laravel Projects\\GSF\\vendor\\laravel\\framework\\src\\Illuminate\\Pipeline\\Pipeline.php(163): Illuminate\\Foundation\\Http\\Middleware\\VerifyCsrfToken->handle(Object(Illuminate\\Http\\Request), Object(Closure))
#22 C:\\xampp\\htdocs\\Laravel Projects\\GSF\\vendor\\laravel\\framework\\src\\Illuminate\\Routing\\Pipeline.php(53): Illuminate\\Pipeline\\Pipeline->Illuminate\\Pipeline\\{closure}(Object(Illuminate\\Http\\Request))
#23 C:\\xampp\\htdocs\\Laravel Projects\\GSF\\vendor\\laravel\\framework\\src\\Illuminate\\View\\Middleware\\ShareErrorsFromSession.php(49): Illuminate\\Routing\\Pipeline->Illuminate\\Routing\\{closure}(Object(Illuminate\\Http\\Request))
#24 C:\\xampp\\htdocs\\Laravel Projects\\GSF\\vendor\\laravel\\framework\\src\\Illuminate\\Pipeline\\Pipeline.php(163): Illuminate\\View\\Middleware\\ShareErrorsFromSession->handle(Object(Illuminate\\Http\\Request), Object(Closure))
#25 C:\\xampp\\htdocs\\Laravel Projects\\GSF\\vendor\\laravel\\framework\\src\\Illuminate\\Routing\\Pipeline.php(53): Illuminate\\Pipeline\\Pipeline->Illuminate\\Pipeline\\{closure}(Object(Illuminate\\Http\\Request))
#26 C:\\xampp\\htdocs\\Laravel Projects\\GSF\\vendor\\laravel\\framework\\src\\Illuminate\\Session\\Middleware\\StartSession.php(56): Illuminate\\Routing\\Pipeline->Illuminate\\Routing\\{closure}(Object(Illuminate\\Http\\Request))
#27 C:\\xampp\\htdocs\\Laravel Projects\\GSF\\vendor\\laravel\\framework\\src\\Illuminate\\Pipeline\\Pipeline.php(163): Illuminate\\Session\\Middleware\\StartSession->handle(Object(Illuminate\\Http\\Request), Object(Closure))
#28 C:\\xampp\\htdocs\\Laravel Projects\\GSF\\vendor\\laravel\\framework\\src\\Illuminate\\Routing\\Pipeline.php(53): Illuminate\\Pipeline\\Pipeline->Illuminate\\Pipeline\\{closure}(Object(Illuminate\\Http\\Request))
#29 C:\\xampp\\htdocs\\Laravel Projects\\GSF\\vendor\\laravel\\framework\\src\\Illuminate\\Cookie\\Middleware\\AddQueuedCookiesToResponse.php(37): Illuminate\\Routing\\Pipeline->Illuminate\\Routing\\{closure}(Object(Illuminate\\Http\\Request))
#30 C:\\xampp\\htdocs\\Laravel Projects\\GSF\\vendor\\laravel\\framework\\src\\Illuminate\\Pipeline\\Pipeline.php(163): Illuminate\\Cookie\\Middleware\\AddQueuedCookiesToResponse->handle(Object(Illuminate\\Http\\Request), Object(Closure))
#31 C:\\xampp\\htdocs\\Laravel Projects\\GSF\\vendor\\laravel\\framework\\src\\Illuminate\\Routing\\Pipeline.php(53): Illuminate\\Pipeline\\Pipeline->Illuminate\\Pipeline\\{closure}(Object(Illuminate\\Http\\Request))
#32 C:\\xampp\\htdocs\\Laravel Projects\\GSF\\vendor\\laravel\\framework\\src\\Illuminate\\Cookie\\Middleware\\EncryptCookies.php(66): Illuminate\\Routing\\Pipeline->Illuminate\\Routing\\{closure}(Object(Illuminate\\Http\\Request))
#33 C:\\xampp\\htdocs\\Laravel Projects\\GSF\\vendor\\laravel\\framework\\src\\Illuminate\\Pipeline\\Pipeline.php(163): Illuminate\\Cookie\\Middleware\\EncryptCookies->handle(Object(Illuminate\\Http\\Request), Object(Closure))
#34 C:\\xampp\\htdocs\\Laravel Projects\\GSF\\vendor\\laravel\\framework\\src\\Illuminate\\Routing\\Pipeline.php(53): Illuminate\\Pipeline\\Pipeline->Illuminate\\Pipeline\\{closure}(Object(Illuminate\\Http\\Request))
#35 C:\\xampp\\htdocs\\Laravel Projects\\GSF\\vendor\\laravel\\framework\\src\\Illuminate\\Pipeline\\Pipeline.php(104): Illuminate\\Routing\\Pipeline->Illuminate\\Routing\\{closure}(Object(Illuminate\\Http\\Request))
#36 C:\\xampp\\htdocs\\Laravel Projects\\GSF\\vendor\\laravel\\framework\\src\\Illuminate\\Routing\\Router.php(682): Illuminate\\Pipeline\\Pipeline->then(Object(Closure))
#37 C:\\xampp\\htdocs\\Laravel Projects\\GSF\\vendor\\laravel\\framework\\src\\Illuminate\\Routing\\Router.php(657): Illuminate\\Routing\\Router->runRouteWithinStack(Object(Illuminate\\Routing\\Route), Object(Illuminate\\Http\\Request))
#38 C:\\xampp\\htdocs\\Laravel Projects\\GSF\\vendor\\laravel\\framework\\src\\Illuminate\\Routing\\Router.php(623): Illuminate\\Routing\\Router->runRoute(Object(Illuminate\\Http\\Request), Object(Illuminate\\Routing\\Route))
#39 C:\\xampp\\htdocs\\Laravel Projects\\GSF\\vendor\\laravel\\framework\\src\\Illuminate\\Routing\\Router.php(612): Illuminate\\Routing\\Router->dispatchToRoute(Object(Illuminate\\Http\\Request))
#40 C:\\xampp\\htdocs\\Laravel Projects\\GSF\\vendor\\laravel\\framework\\src\\Illuminate\\Foundation\\Http\\Kernel.php(176): Illuminate\\Routing\\Router->dispatch(Object(Illuminate\\Http\\Request))
#41 C:\\xampp\\htdocs\\Laravel Projects\\GSF\\vendor\\laravel\\framework\\src\\Illuminate\\Routing\\Pipeline.php(30): Illuminate\\Foundation\\Http\\Kernel->Illuminate\\Foundation\\Http\\{closure}(Object(Illuminate\\Http\\Request))
#42 C:\\xampp\\htdocs\\Laravel Projects\\GSF\\vendor\\fideloper\\proxy\\src\\TrustProxies.php(57): Illuminate\\Routing\\Pipeline->Illuminate\\Routing\\{closure}(Object(Illuminate\\Http\\Request))
#43 C:\\xampp\\htdocs\\Laravel Projects\\GSF\\vendor\\laravel\\framework\\src\\Illuminate\\Pipeline\\Pipeline.php(163): Fideloper\\Proxy\\TrustProxies->handle(Object(Illuminate\\Http\\Request), Object(Closure))
#44 C:\\xampp\\htdocs\\Laravel Projects\\GSF\\vendor\\laravel\\framework\\src\\Illuminate\\Routing\\Pipeline.php(53): Illuminate\\Pipeline\\Pipeline->Illuminate\\Pipeline\\{closure}(Object(Illuminate\\Http\\Request))
#45 C:\\xampp\\htdocs\\Laravel Projects\\GSF\\vendor\\laravel\\framework\\src\\Illuminate\\Foundation\\Http\\Middleware\\TransformsRequest.php(21): Illuminate\\Routing\\Pipeline->Illuminate\\Routing\\{closure}(Object(Illuminate\\Http\\Request))
#46 C:\\xampp\\htdocs\\Laravel Projects\\GSF\\vendor\\laravel\\framework\\src\\Illuminate\\Pipeline\\Pipeline.php(163): Illuminate\\Foundation\\Http\\Middleware\\TransformsRequest->handle(Object(Illuminate\\Http\\Request), Object(Closure))
#47 C:\\xampp\\htdocs\\Laravel Projects\\GSF\\vendor\\laravel\\framework\\src\\Illuminate\\Routing\\Pipeline.php(53): Illuminate\\Pipeline\\Pipeline->Illuminate\\Pipeline\\{closure}(Object(Illuminate\\Http\\Request))
#48 C:\\xampp\\htdocs\\Laravel Projects\\GSF\\vendor\\laravel\\framework\\src\\Illuminate\\Foundation\\Http\\Middleware\\TransformsRequest.php(21): Illuminate\\Routing\\Pipeline->Illuminate\\Routing\\{closure}(Object(Illuminate\\Http\\Request))
#49 C:\\xampp\\htdocs\\Laravel Projects\\GSF\\vendor\\laravel\\framework\\src\\Illuminate\\Pipeline\\Pipeline.php(163): Illuminate\\Foundation\\Http\\Middleware\\TransformsRequest->handle(Object(Illuminate\\Http\\Request), Object(Closure))
#50 C:\\xampp\\htdocs\\Laravel Projects\\GSF\\vendor\\laravel\\framework\\src\\Illuminate\\Routing\\Pipeline.php(53): Illuminate\\Pipeline\\Pipeline->Illuminate\\Pipeline\\{closure}(Object(Illuminate\\Http\\Request))
#51 C:\\xampp\\htdocs\\Laravel Projects\\GSF\\vendor\\laravel\\framework\\src\\Illuminate\\Foundation\\Http\\Middleware\\ValidatePostSize.php(27): Illuminate\\Routing\\Pipeline->Illuminate\\Routing\\{closure}(Object(Illuminate\\Http\\Request))
#52 C:\\xampp\\htdocs\\Laravel Projects\\GSF\\vendor\\laravel\\framework\\src\\Illuminate\\Pipeline\\Pipeline.php(163): Illuminate\\Foundation\\Http\\Middleware\\ValidatePostSize->handle(Object(Illuminate\\Http\\Request), Object(Closure))
#53 C:\\xampp\\htdocs\\Laravel Projects\\GSF\\vendor\\laravel\\framework\\src\\Illuminate\\Routing\\Pipeline.php(53): Illuminate\\Pipeline\\Pipeline->Illuminate\\Pipeline\\{closure}(Object(Illuminate\\Http\\Request))
#54 C:\\xampp\\htdocs\\Laravel Projects\\GSF\\vendor\\laravel\\framework\\src\\Illuminate\\Foundation\\Http\\Middleware\\CheckForMaintenanceMode.php(62): Illuminate\\Routing\\Pipeline->Illuminate\\Routing\\{closure}(Object(Illuminate\\Http\\Request))
#55 C:\\xampp\\htdocs\\Laravel Projects\\GSF\\vendor\\laravel\\framework\\src\\Illuminate\\Pipeline\\Pipeline.php(163): Illuminate\\Foundation\\Http\\Middleware\\CheckForMaintenanceMode->handle(Object(Illuminate\\Http\\Request), Object(Closure))
#56 C:\\xampp\\htdocs\\Laravel Projects\\GSF\\vendor\\laravel\\framework\\src\\Illuminate\\Routing\\Pipeline.php(53): Illuminate\\Pipeline\\Pipeline->Illuminate\\Pipeline\\{closure}(Object(Illuminate\\Http\\Request))
#57 C:\\xampp\\htdocs\\Laravel Projects\\GSF\\vendor\\laravel\\framework\\src\\Illuminate\\Pipeline\\Pipeline.php(104): Illuminate\\Routing\\Pipeline->Illuminate\\Routing\\{closure}(Object(Illuminate\\Http\\Request))
#58 C:\\xampp\\htdocs\\Laravel Projects\\GSF\\vendor\\laravel\\framework\\src\\Illuminate\\Foundation\\Http\\Kernel.php(151): Illuminate\\Pipeline\\Pipeline->then(Object(Closure))
#59 C:\\xampp\\htdocs\\Laravel Projects\\GSF\\vendor\\laravel\\framework\\src\\Illuminate\\Foundation\\Http\\Kernel.php(116): Illuminate\\Foundation\\Http\\Kernel->sendRequestThroughRouter(Object(Illuminate\\Http\\Request))
#60 C:\\xampp\\htdocs\\Laravel Projects\\GSF\\public\\index.php(55): Illuminate\\Foundation\\Http\\Kernel->handle(Object(Illuminate\\Http\\Request))
#61 C:\\xampp\\htdocs\\Laravel Projects\\GSF\\server.php(21): require_once('C:\\\\xampp\\\\htdocs...')
#62 {main}
"} 
[2021-01-25 15:01:08] local.ERROR: SQLSTATE[HY000]: General error: 1364 Field 'type' doesn't have a default value (SQL: insert into `food` (`name`, `updated_at`, `created_at`) values (Foodstand1, 2021-01-25 15:01:06, 2021-01-25 15:01:06)) {"exception":"[object] (Illuminate\\Database\\QueryException(code: HY000): SQLSTATE[HY000]: General error: 1364 Field 'type' doesn't have a default value (SQL: insert into `food` (`name`, `updated_at`, `created_at`) values (Foodstand1, 2021-01-25 15:01:06, 2021-01-25 15:01:06)) at C:\\xampp\\htdocs\\Laravel Projects\\GSF\\vendor\\laravel\\framework\\src\\Illuminate\\Database\\Connection.php:664, PDOException(code: HY000): SQLSTATE[HY000]: General error: 1364 Field 'type' doesn't have a default value at C:\\xampp\\htdocs\\Laravel Projects\\GSF\\vendor\\laravel\\framework\\src\\Illuminate\\Database\\Connection.php:458)
[stacktrace]
#0 C:\\xampp\\htdocs\\Laravel Projects\\GSF\\vendor\\laravel\\framework\\src\\Illuminate\\Database\\Connection.php(624): Illuminate\\Database\\Connection->runQueryCallback('insert into `fo...', Array, Object(Closure))
#1 C:\\xampp\\htdocs\\Laravel Projects\\GSF\\vendor\\laravel\\framework\\src\\Illuminate\\Database\\Connection.php(459): Illuminate\\Database\\Connection->run('insert into `fo...', Array, Object(Closure))
#2 C:\\xampp\\htdocs\\Laravel Projects\\GSF\\vendor\\laravel\\framework\\src\\Illuminate\\Database\\Connection.php(411): Illuminate\\Database\\Connection->statement('insert into `fo...', Array)
#3 C:\\xampp\\htdocs\\Laravel Projects\\GSF\\vendor\\laravel\\framework\\src\\Illuminate\\Database\\Query\\Processors\\Processor.php(32): Illuminate\\Database\\Connection->insert('insert into `fo...', Array)
#4 C:\\xampp\\htdocs\\Laravel Projects\\GSF\\vendor\\laravel\\framework\\src\\Illuminate\\Database\\Query\\Builder.php(2690): Illuminate\\Database\\Query\\Processors\\Processor->processInsertGetId(Object(Illuminate\\Database\\Query\\Builder), 'insert into `fo...', Array, 'id')
#5 C:\\xampp\\htdocs\\Laravel Projects\\GSF\\vendor\\laravel\\framework\\src\\Illuminate\\Database\\Eloquent\\Builder.php(1353): Illuminate\\Database\\Query\\Builder->insertGetId(Array, 'id')
#6 C:\\xampp\\htdocs\\Laravel Projects\\GSF\\vendor\\laravel\\framework\\src\\Illuminate\\Database\\Eloquent\\Model.php(839): Illuminate\\Database\\Eloquent\\Builder->__call('insertGetId', Array)
#7 C:\\xampp\\htdocs\\Laravel Projects\\GSF\\vendor\\laravel\\framework\\src\\Illuminate\\Database\\Eloquent\\Model.php(804): Illuminate\\Database\\Eloquent\\Model->insertAndSetId(Object(Illuminate\\Database\\Eloquent\\Builder), Array)
#8 C:\\xampp\\htdocs\\Laravel Projects\\GSF\\vendor\\laravel\\framework\\src\\Illuminate\\Database\\Eloquent\\Model.php(667): Illuminate\\Database\\Eloquent\\Model->performInsert(Object(Illuminate\\Database\\Eloquent\\Builder))
#9 C:\\xampp\\htdocs\\Laravel Projects\\GSF\\vendor\\laravel\\framework\\src\\Illuminate\\Database\\Eloquent\\Builder.php(795): Illuminate\\Database\\Eloquent\\Model->save()
#10 C:\\xampp\\htdocs\\Laravel Projects\\GSF\\vendor\\laravel\\framework\\src\\Illuminate\\Support\\helpers.php(1124): Illuminate\\Database\\Eloquent\\Builder->Illuminate\\Database\\Eloquent\\{closure}(Object(App\\Food))
#11 C:\\xampp\\htdocs\\Laravel Projects\\GSF\\vendor\\laravel\\framework\\src\\Illuminate\\Database\\Eloquent\\Builder.php(796): tap(Object(App\\Food), Object(Closure))
#12 C:\\xampp\\htdocs\\Laravel Projects\\GSF\\vendor\\laravel\\framework\\src\\Illuminate\\Support\\Traits\\ForwardsCalls.php(23): Illuminate\\Database\\Eloquent\\Builder->create(Array)
#13 C:\\xampp\\htdocs\\Laravel Projects\\GSF\\vendor\\laravel\\framework\\src\\Illuminate\\Database\\Eloquent\\Model.php(1618): Illuminate\\Database\\Eloquent\\Model->forwardCallTo(Object(Illuminate\\Database\\Eloquent\\Builder), 'create', Array)
#14 C:\\xampp\\htdocs\\Laravel Projects\\GSF\\vendor\\laravel\\framework\\src\\Illuminate\\Database\\Eloquent\\Model.php(1630): Illuminate\\Database\\Eloquent\\Model->__call('create', Array)
#15 C:\\xampp\\htdocs\\Laravel Projects\\GSF\\database\\seeds\\genericSeeder.php(54): Illuminate\\Database\\Eloquent\\Model::__callStatic('create', Array)
#16 [internal function]: genericSeeder->run()
#17 C:\\xampp\\htdocs\\Laravel Projects\\GSF\\vendor\\laravel\\framework\\src\\Illuminate\\Container\\BoundMethod.php(32): call_user_func_array(Array, Array)
#18 C:\\xampp\\htdocs\\Laravel Projects\\GSF\\vendor\\laravel\\framework\\src\\Illuminate\\Container\\BoundMethod.php(90): Illuminate\\Container\\BoundMethod::Illuminate\\Container\\{closure}()
#19 C:\\xampp\\htdocs\\Laravel Projects\\GSF\\vendor\\laravel\\framework\\src\\Illuminate\\Container\\BoundMethod.php(34): Illuminate\\Container\\BoundMethod::callBoundMethod(Object(Illuminate\\Foundation\\Application), Array, Object(Closure))
#20 C:\\xampp\\htdocs\\Laravel Projects\\GSF\\vendor\\laravel\\framework\\src\\Illuminate\\Container\\Container.php(576): Illuminate\\Container\\BoundMethod::call(Object(Illuminate\\Foundation\\Application), Array, Array, NULL)
#21 C:\\xampp\\htdocs\\Laravel Projects\\GSF\\vendor\\laravel\\framework\\src\\Illuminate\\Database\\Seeder.php(124): Illuminate\\Container\\Container->call(Array)
#22 C:\\xampp\\htdocs\\Laravel Projects\\GSF\\vendor\\laravel\\framework\\src\\Illuminate\\Database\\Seeder.php(44): Illuminate\\Database\\Seeder->__invoke()
#23 C:\\xampp\\htdocs\\Laravel Projects\\GSF\\database\\seeds\\DatabaseSeeder.php(14): Illuminate\\Database\\Seeder->call('genericSeeder')
#24 [internal function]: DatabaseSeeder->run()
#25 C:\\xampp\\htdocs\\Laravel Projects\\GSF\\vendor\\laravel\\framework\\src\\Illuminate\\Container\\BoundMethod.php(32): call_user_func_array(Array, Array)
#26 C:\\xampp\\htdocs\\Laravel Projects\\GSF\\vendor\\laravel\\framework\\src\\Illuminate\\Container\\BoundMethod.php(90): Illuminate\\Container\\BoundMethod::Illuminate\\Container\\{closure}()
#27 C:\\xampp\\htdocs\\Laravel Projects\\GSF\\vendor\\laravel\\framework\\src\\Illuminate\\Container\\BoundMethod.php(34): Illuminate\\Container\\BoundMethod::callBoundMethod(Object(Illuminate\\Foundation\\Application), Array, Object(Closure))
#28 C:\\xampp\\htdocs\\Laravel Projects\\GSF\\vendor\\laravel\\framework\\src\\Illuminate\\Container\\Container.php(576): Illuminate\\Container\\BoundMethod::call(Object(Illuminate\\Foundation\\Application), Array, Array, NULL)
#29 C:\\xampp\\htdocs\\Laravel Projects\\GSF\\vendor\\laravel\\framework\\src\\Illuminate\\Database\\Seeder.php(124): Illuminate\\Container\\Container->call(Array)
#30 C:\\xampp\\htdocs\\Laravel Projects\\GSF\\vendor\\laravel\\framework\\src\\Illuminate\\Database\\Console\\Seeds\\SeedCommand.php(63): Illuminate\\Database\\Seeder->__invoke()
#31 C:\\xampp\\htdocs\\Laravel Projects\\GSF\\vendor\\laravel\\framework\\src\\Illuminate\\Database\\Eloquent\\Concerns\\GuardsAttributes.php(122): Illuminate\\Database\\Console\\Seeds\\SeedCommand->Illuminate\\Database\\Console\\Seeds\\{closure}()
#32 C:\\xampp\\htdocs\\Laravel Projects\\GSF\\vendor\\laravel\\framework\\src\\Illuminate\\Database\\Console\\Seeds\\SeedCommand.php(64): Illuminate\\Database\\Eloquent\\Model::unguarded(Object(Closure))
#33 [internal function]: Illuminate\\Database\\Console\\Seeds\\SeedCommand->handle()
#34 C:\\xampp\\htdocs\\Laravel Projects\\GSF\\vendor\\laravel\\framework\\src\\Illuminate\\Container\\BoundMethod.php(32): call_user_func_array(Array, Array)
#35 C:\\xampp\\htdocs\\Laravel Projects\\GSF\\vendor\\laravel\\framework\\src\\Illuminate\\Container\\BoundMethod.php(90): Illuminate\\Container\\BoundMethod::Illuminate\\Container\\{closure}()
#36 C:\\xampp\\htdocs\\Laravel Projects\\GSF\\vendor\\laravel\\framework\\src\\Illuminate\\Container\\BoundMethod.php(34): Illuminate\\Container\\BoundMethod::callBoundMethod(Object(Illuminate\\Foundation\\Application), Array, Object(Closure))
#37 C:\\xampp\\htdocs\\Laravel Projects\\GSF\\vendor\\laravel\\framework\\src\\Illuminate\\Container\\Container.php(576): Illuminate\\Container\\BoundMethod::call(Object(Illuminate\\Foundation\\Application), Array, Array, NULL)
#38 C:\\xampp\\htdocs\\Laravel Projects\\GSF\\vendor\\laravel\\framework\\src\\Illuminate\\Console\\Command.php(183): Illuminate\\Container\\Container->call(Array)
#39 C:\\xampp\\htdocs\\Laravel Projects\\GSF\\vendor\\symfony\\console\\Command\\Command.php(255): Illuminate\\Console\\Command->execute(Object(Symfony\\Component\\Console\\Input\\ArrayInput), Object(Illuminate\\Console\\OutputStyle))
#40 C:\\xampp\\htdocs\\Laravel Projects\\GSF\\vendor\\laravel\\framework\\src\\Illuminate\\Console\\Command.php(170): Symfony\\Component\\Console\\Command\\Command->run(Object(Symfony\\Component\\Console\\Input\\ArrayInput), Object(Illuminate\\Console\\OutputStyle))
#41 C:\\xampp\\htdocs\\Laravel Projects\\GSF\\vendor\\laravel\\framework\\src\\Illuminate\\Console\\Command.php(198): Illuminate\\Console\\Command->run(Object(Symfony\\Component\\Console\\Input\\ArrayInput), Object(Illuminate\\Console\\OutputStyle))
#42 C:\\xampp\\htdocs\\Laravel Projects\\GSF\\vendor\\laravel\\framework\\src\\Illuminate\\Database\\Console\\Migrations\\FreshCommand.php(127): Illuminate\\Console\\Command->call('db:seed', Array)
#43 C:\\xampp\\htdocs\\Laravel Projects\\GSF\\vendor\\laravel\\framework\\src\\Illuminate\\Database\\Console\\Migrations\\FreshCommand.php(65): Illuminate\\Database\\Console\\Migrations\\FreshCommand->runSeeder(NULL)
#44 [internal function]: Illuminate\\Database\\Console\\Migrations\\FreshCommand->handle()
#45 C:\\xampp\\htdocs\\Laravel Projects\\GSF\\vendor\\laravel\\framework\\src\\Illuminate\\Container\\BoundMethod.php(32): call_user_func_array(Array, Array)
#46 C:\\xampp\\htdocs\\Laravel Projects\\GSF\\vendor\\laravel\\framework\\src\\Illuminate\\Container\\BoundMethod.php(90): Illuminate\\Container\\BoundMethod::Illuminate\\Container\\{closure}()
#47 C:\\xampp\\htdocs\\Laravel Projects\\GSF\\vendor\\laravel\\framework\\src\\Illuminate\\Container\\BoundMethod.php(34): Illuminate\\Container\\BoundMethod::callBoundMethod(Object(Illuminate\\Foundation\\Application), Array, Object(Closure))
#48 C:\\xampp\\htdocs\\Laravel Projects\\GSF\\vendor\\laravel\\framework\\src\\Illuminate\\Container\\Container.php(576): Illuminate\\Container\\BoundMethod::call(Object(Illuminate\\Foundation\\Application), Array, Array, NULL)
#49 C:\\xampp\\htdocs\\Laravel Projects\\GSF\\vendor\\laravel\\framework\\src\\Illuminate\\Console\\Command.php(183): Illuminate\\Container\\Container->call(Array)
#50 C:\\xampp\\htdocs\\Laravel Projects\\GSF\\vendor\\symfony\\console\\Command\\Command.php(255): Illuminate\\Console\\Command->execute(Object(Symfony\\Component\\Console\\Input\\ArgvInput), Object(Illuminate\\Console\\OutputStyle))
#51 C:\\xampp\\htdocs\\Laravel Projects\\GSF\\vendor\\laravel\\framework\\src\\Illuminate\\Console\\Command.php(170): Symfony\\Component\\Console\\Command\\Command->run(Object(Symfony\\Component\\Console\\Input\\ArgvInput), Object(Illuminate\\Console\\OutputStyle))
#52 C:\\xampp\\htdocs\\Laravel Projects\\GSF\\vendor\\symfony\\console\\Application.php(1009): Illuminate\\Console\\Command->run(Object(Symfony\\Component\\Console\\Input\\ArgvInput), Object(Symfony\\Component\\Console\\Output\\ConsoleOutput))
#53 C:\\xampp\\htdocs\\Laravel Projects\\GSF\\vendor\\symfony\\console\\Application.php(273): Symfony\\Component\\Console\\Application->doRunCommand(Object(Illuminate\\Database\\Console\\Migrations\\FreshCommand), Object(Symfony\\Component\\Console\\Input\\ArgvInput), Object(Symfony\\Component\\Console\\Output\\ConsoleOutput))
#54 C:\\xampp\\htdocs\\Laravel Projects\\GSF\\vendor\\symfony\\console\\Application.php(149): Symfony\\Component\\Console\\Application->doRun(Object(Symfony\\Component\\Console\\Input\\ArgvInput), Object(Symfony\\Component\\Console\\Output\\ConsoleOutput))
#55 C:\\xampp\\htdocs\\Laravel Projects\\GSF\\vendor\\laravel\\framework\\src\\Illuminate\\Console\\Application.php(90): Symfony\\Component\\Console\\Application->run(Object(Symfony\\Component\\Console\\Input\\ArgvInput), Object(Symfony\\Component\\Console\\Output\\ConsoleOutput))
#56 C:\\xampp\\htdocs\\Laravel Projects\\GSF\\vendor\\laravel\\framework\\src\\Illuminate\\Foundation\\Console\\Kernel.php(133): Illuminate\\Console\\Application->run(Object(Symfony\\Component\\Console\\Input\\ArgvInput), Object(Symfony\\Component\\Console\\Output\\ConsoleOutput))
#57 C:\\xampp\\htdocs\\Laravel Projects\\GSF\\artisan(37): Illuminate\\Foundation\\Console\\Kernel->handle(Object(Symfony\\Component\\Console\\Input\\ArgvInput), Object(Symfony\\Component\\Console\\Output\\ConsoleOutput))
#58 {main}
"} 
[2021-01-25 15:17:13] local.ERROR: Add [name] to fillable property to allow mass assignment on [App\Food]. {"userId":16,"exception":"[object] (Illuminate\\Database\\Eloquent\\MassAssignmentException(code: 0): Add [name] to fillable property to allow mass assignment on [App\\Food]. at C:\\xampp\\htdocs\\Laravel Projects\\GSF\\vendor\\laravel\\framework\\src\\Illuminate\\Database\\Eloquent\\Model.php:331)
[stacktrace]
#0 C:\\xampp\\htdocs\\Laravel Projects\\GSF\\vendor\\laravel\\framework\\src\\Illuminate\\Database\\Eloquent\\Model.php(171): Illuminate\\Database\\Eloquent\\Model->fill(Array)
#1 C:\\xampp\\htdocs\\Laravel Projects\\GSF\\vendor\\laravel\\framework\\src\\Illuminate\\Database\\Eloquent\\Model.php(392): Illuminate\\Database\\Eloquent\\Model->__construct(Array)
#2 C:\\xampp\\htdocs\\Laravel Projects\\GSF\\vendor\\laravel\\framework\\src\\Illuminate\\Database\\Eloquent\\Builder.php(1119): Illuminate\\Database\\Eloquent\\Model->newInstance(Array)
#3 C:\\xampp\\htdocs\\Laravel Projects\\GSF\\vendor\\laravel\\framework\\src\\Illuminate\\Database\\Eloquent\\Builder.php(794): Illuminate\\Database\\Eloquent\\Builder->newModelInstance(Array)
#4 C:\\xampp\\htdocs\\Laravel Projects\\GSF\\vendor\\laravel\\framework\\src\\Illuminate\\Support\\Traits\\ForwardsCalls.php(23): Illuminate\\Database\\Eloquent\\Builder->create(Array)
#5 C:\\xampp\\htdocs\\Laravel Projects\\GSF\\vendor\\laravel\\framework\\src\\Illuminate\\Database\\Eloquent\\Model.php(1618): Illuminate\\Database\\Eloquent\\Model->forwardCallTo(Object(Illuminate\\Database\\Eloquent\\Builder), 'create', Array)
#6 C:\\xampp\\htdocs\\Laravel Projects\\GSF\\vendor\\laravel\\framework\\src\\Illuminate\\Database\\Eloquent\\Model.php(1630): Illuminate\\Database\\Eloquent\\Model->__call('create', Array)
#7 C:\\xampp\\htdocs\\Laravel Projects\\GSF\\app\\Http\\Controllers\\FoodController.php(39): Illuminate\\Database\\Eloquent\\Model::__callStatic('create', Array)
#8 [internal function]: App\\Http\\Controllers\\FoodController->store(Object(Illuminate\\Http\\Request))
#9 C:\\xampp\\htdocs\\Laravel Projects\\GSF\\vendor\\laravel\\framework\\src\\Illuminate\\Routing\\Controller.php(54): call_user_func_array(Array, Array)
#10 C:\\xampp\\htdocs\\Laravel Projects\\GSF\\vendor\\laravel\\framework\\src\\Illuminate\\Routing\\ControllerDispatcher.php(45): Illuminate\\Routing\\Controller->callAction('store', Array)
#11 C:\\xampp\\htdocs\\Laravel Projects\\GSF\\vendor\\laravel\\framework\\src\\Illuminate\\Routing\\Route.php(219): Illuminate\\Routing\\ControllerDispatcher->dispatch(Object(Illuminate\\Routing\\Route), Object(App\\Http\\Controllers\\FoodController), 'store')
#12 C:\\xampp\\htdocs\\Laravel Projects\\GSF\\vendor\\laravel\\framework\\src\\Illuminate\\Routing\\Route.php(176): Illuminate\\Routing\\Route->runController()
#13 C:\\xampp\\htdocs\\Laravel Projects\\GSF\\vendor\\laravel\\framework\\src\\Illuminate\\Routing\\Router.php(680): Illuminate\\Routing\\Route->run()
#14 C:\\xampp\\htdocs\\Laravel Projects\\GSF\\vendor\\laravel\\framework\\src\\Illuminate\\Routing\\Pipeline.php(30): Illuminate\\Routing\\Router->Illuminate\\Routing\\{closure}(Object(Illuminate\\Http\\Request))
#15 C:\\xampp\\htdocs\\Laravel Projects\\GSF\\app\\Http\\Middleware\\SwitchUser.php(22): Illuminate\\Routing\\Pipeline->Illuminate\\Routing\\{closure}(Object(Illuminate\\Http\\Request))
#16 C:\\xampp\\htdocs\\Laravel Projects\\GSF\\vendor\\laravel\\framework\\src\\Illuminate\\Pipeline\\Pipeline.php(163): App\\Http\\Middleware\\SwitchUser->handle(Object(Illuminate\\Http\\Request), Object(Closure))
#17 C:\\xampp\\htdocs\\Laravel Projects\\GSF\\vendor\\laravel\\framework\\src\\Illuminate\\Routing\\Pipeline.php(53): Illuminate\\Pipeline\\Pipeline->Illuminate\\Pipeline\\{closure}(Object(Illuminate\\Http\\Request))
#18 C:\\xampp\\htdocs\\Laravel Projects\\GSF\\vendor\\laravel\\framework\\src\\Illuminate\\Routing\\Middleware\\SubstituteBindings.php(41): Illuminate\\Routing\\Pipeline->Illuminate\\Routing\\{closure}(Object(Illuminate\\Http\\Request))
#19 C:\\xampp\\htdocs\\Laravel Projects\\GSF\\vendor\\laravel\\framework\\src\\Illuminate\\Pipeline\\Pipeline.php(163): Illuminate\\Routing\\Middleware\\SubstituteBindings->handle(Object(Illuminate\\Http\\Request), Object(Closure))
#20 C:\\xampp\\htdocs\\Laravel Projects\\GSF\\vendor\\laravel\\framework\\src\\Illuminate\\Routing\\Pipeline.php(53): Illuminate\\Pipeline\\Pipeline->Illuminate\\Pipeline\\{closure}(Object(Illuminate\\Http\\Request))
#21 C:\\xampp\\htdocs\\Laravel Projects\\GSF\\vendor\\laravel\\framework\\src\\Illuminate\\Auth\\Middleware\\Authenticate.php(43): Illuminate\\Routing\\Pipeline->Illuminate\\Routing\\{closure}(Object(Illuminate\\Http\\Request))
#22 C:\\xampp\\htdocs\\Laravel Projects\\GSF\\vendor\\laravel\\framework\\src\\Illuminate\\Pipeline\\Pipeline.php(163): Illuminate\\Auth\\Middleware\\Authenticate->handle(Object(Illuminate\\Http\\Request), Object(Closure))
#23 C:\\xampp\\htdocs\\Laravel Projects\\GSF\\vendor\\laravel\\framework\\src\\Illuminate\\Routing\\Pipeline.php(53): Illuminate\\Pipeline\\Pipeline->Illuminate\\Pipeline\\{closure}(Object(Illuminate\\Http\\Request))
#24 C:\\xampp\\htdocs\\Laravel Projects\\GSF\\vendor\\laravel\\framework\\src\\Illuminate\\Foundation\\Http\\Middleware\\VerifyCsrfToken.php(75): Illuminate\\Routing\\Pipeline->Illuminate\\Routing\\{closure}(Object(Illuminate\\Http\\Request))
#25 C:\\xampp\\htdocs\\Laravel Projects\\GSF\\vendor\\laravel\\framework\\src\\Illuminate\\Pipeline\\Pipeline.php(163): Illuminate\\Foundation\\Http\\Middleware\\VerifyCsrfToken->handle(Object(Illuminate\\Http\\Request), Object(Closure))
#26 C:\\xampp\\htdocs\\Laravel Projects\\GSF\\vendor\\laravel\\framework\\src\\Illuminate\\Routing\\Pipeline.php(53): Illuminate\\Pipeline\\Pipeline->Illuminate\\Pipeline\\{closure}(Object(Illuminate\\Http\\Request))
#27 C:\\xampp\\htdocs\\Laravel Projects\\GSF\\vendor\\laravel\\framework\\src\\Illuminate\\View\\Middleware\\ShareErrorsFromSession.php(49): Illuminate\\Routing\\Pipeline->Illuminate\\Routing\\{closure}(Object(Illuminate\\Http\\Request))
#28 C:\\xampp\\htdocs\\Laravel Projects\\GSF\\vendor\\laravel\\framework\\src\\Illuminate\\Pipeline\\Pipeline.php(163): Illuminate\\View\\Middleware\\ShareErrorsFromSession->handle(Object(Illuminate\\Http\\Request), Object(Closure))
#29 C:\\xampp\\htdocs\\Laravel Projects\\GSF\\vendor\\laravel\\framework\\src\\Illuminate\\Routing\\Pipeline.php(53): Illuminate\\Pipeline\\Pipeline->Illuminate\\Pipeline\\{closure}(Object(Illuminate\\Http\\Request))
#30 C:\\xampp\\htdocs\\Laravel Projects\\GSF\\vendor\\laravel\\framework\\src\\Illuminate\\Session\\Middleware\\StartSession.php(56): Illuminate\\Routing\\Pipeline->Illuminate\\Routing\\{closure}(Object(Illuminate\\Http\\Request))
#31 C:\\xampp\\htdocs\\Laravel Projects\\GSF\\vendor\\laravel\\framework\\src\\Illuminate\\Pipeline\\Pipeline.php(163): Illuminate\\Session\\Middleware\\StartSession->handle(Object(Illuminate\\Http\\Request), Object(Closure))
#32 C:\\xampp\\htdocs\\Laravel Projects\\GSF\\vendor\\laravel\\framework\\src\\Illuminate\\Routing\\Pipeline.php(53): Illuminate\\Pipeline\\Pipeline->Illuminate\\Pipeline\\{closure}(Object(Illuminate\\Http\\Request))
#33 C:\\xampp\\htdocs\\Laravel Projects\\GSF\\vendor\\laravel\\framework\\src\\Illuminate\\Cookie\\Middleware\\AddQueuedCookiesToResponse.php(37): Illuminate\\Routing\\Pipeline->Illuminate\\Routing\\{closure}(Object(Illuminate\\Http\\Request))
#34 C:\\xampp\\htdocs\\Laravel Projects\\GSF\\vendor\\laravel\\framework\\src\\Illuminate\\Pipeline\\Pipeline.php(163): Illuminate\\Cookie\\Middleware\\AddQueuedCookiesToResponse->handle(Object(Illuminate\\Http\\Request), Object(Closure))
#35 C:\\xampp\\htdocs\\Laravel Projects\\GSF\\vendor\\laravel\\framework\\src\\Illuminate\\Routing\\Pipeline.php(53): Illuminate\\Pipeline\\Pipeline->Illuminate\\Pipeline\\{closure}(Object(Illuminate\\Http\\Request))
#36 C:\\xampp\\htdocs\\Laravel Projects\\GSF\\vendor\\laravel\\framework\\src\\Illuminate\\Cookie\\Middleware\\EncryptCookies.php(66): Illuminate\\Routing\\Pipeline->Illuminate\\Routing\\{closure}(Object(Illuminate\\Http\\Request))
#37 C:\\xampp\\htdocs\\Laravel Projects\\GSF\\vendor\\laravel\\framework\\src\\Illuminate\\Pipeline\\Pipeline.php(163): Illuminate\\Cookie\\Middleware\\EncryptCookies->handle(Object(Illuminate\\Http\\Request), Object(Closure))
#38 C:\\xampp\\htdocs\\Laravel Projects\\GSF\\vendor\\laravel\\framework\\src\\Illuminate\\Routing\\Pipeline.php(53): Illuminate\\Pipeline\\Pipeline->Illuminate\\Pipeline\\{closure}(Object(Illuminate\\Http\\Request))
#39 C:\\xampp\\htdocs\\Laravel Projects\\GSF\\vendor\\laravel\\framework\\src\\Illuminate\\Pipeline\\Pipeline.php(104): Illuminate\\Routing\\Pipeline->Illuminate\\Routing\\{closure}(Object(Illuminate\\Http\\Request))
#40 C:\\xampp\\htdocs\\Laravel Projects\\GSF\\vendor\\laravel\\framework\\src\\Illuminate\\Routing\\Router.php(682): Illuminate\\Pipeline\\Pipeline->then(Object(Closure))
#41 C:\\xampp\\htdocs\\Laravel Projects\\GSF\\vendor\\laravel\\framework\\src\\Illuminate\\Routing\\Router.php(657): Illuminate\\Routing\\Router->runRouteWithinStack(Object(Illuminate\\Routing\\Route), Object(Illuminate\\Http\\Request))
#42 C:\\xampp\\htdocs\\Laravel Projects\\GSF\\vendor\\laravel\\framework\\src\\Illuminate\\Routing\\Router.php(623): Illuminate\\Routing\\Router->runRoute(Object(Illuminate\\Http\\Request), Object(Illuminate\\Routing\\Route))
#43 C:\\xampp\\htdocs\\Laravel Projects\\GSF\\vendor\\laravel\\framework\\src\\Illuminate\\Routing\\Router.php(612): Illuminate\\Routing\\Router->dispatchToRoute(Object(Illuminate\\Http\\Request))
#44 C:\\xampp\\htdocs\\Laravel Projects\\GSF\\vendor\\laravel\\framework\\src\\Illuminate\\Foundation\\Http\\Kernel.php(176): Illuminate\\Routing\\Router->dispatch(Object(Illuminate\\Http\\Request))
#45 C:\\xampp\\htdocs\\Laravel Projects\\GSF\\vendor\\laravel\\framework\\src\\Illuminate\\Routing\\Pipeline.php(30): Illuminate\\Foundation\\Http\\Kernel->Illuminate\\Foundation\\Http\\{closure}(Object(Illuminate\\Http\\Request))
#46 C:\\xampp\\htdocs\\Laravel Projects\\GSF\\vendor\\fideloper\\proxy\\src\\TrustProxies.php(57): Illuminate\\Routing\\Pipeline->Illuminate\\Routing\\{closure}(Object(Illuminate\\Http\\Request))
#47 C:\\xampp\\htdocs\\Laravel Projects\\GSF\\vendor\\laravel\\framework\\src\\Illuminate\\Pipeline\\Pipeline.php(163): Fideloper\\Proxy\\TrustProxies->handle(Object(Illuminate\\Http\\Request), Object(Closure))
#48 C:\\xampp\\htdocs\\Laravel Projects\\GSF\\vendor\\laravel\\framework\\src\\Illuminate\\Routing\\Pipeline.php(53): Illuminate\\Pipeline\\Pipeline->Illuminate\\Pipeline\\{closure}(Object(Illuminate\\Http\\Request))
#49 C:\\xampp\\htdocs\\Laravel Projects\\GSF\\vendor\\laravel\\framework\\src\\Illuminate\\Foundation\\Http\\Middleware\\TransformsRequest.php(21): Illuminate\\Routing\\Pipeline->Illuminate\\Routing\\{closure}(Object(Illuminate\\Http\\Request))
#50 C:\\xampp\\htdocs\\Laravel Projects\\GSF\\vendor\\laravel\\framework\\src\\Illuminate\\Pipeline\\Pipeline.php(163): Illuminate\\Foundation\\Http\\Middleware\\TransformsRequest->handle(Object(Illuminate\\Http\\Request), Object(Closure))
#51 C:\\xampp\\htdocs\\Laravel Projects\\GSF\\vendor\\laravel\\framework\\src\\Illuminate\\Routing\\Pipeline.php(53): Illuminate\\Pipeline\\Pipeline->Illuminate\\Pipeline\\{closure}(Object(Illuminate\\Http\\Request))
#52 C:\\xampp\\htdocs\\Laravel Projects\\GSF\\vendor\\laravel\\framework\\src\\Illuminate\\Foundation\\Http\\Middleware\\TransformsRequest.php(21): Illuminate\\Routing\\Pipeline->Illuminate\\Routing\\{closure}(Object(Illuminate\\Http\\Request))
#53 C:\\xampp\\htdocs\\Laravel Projects\\GSF\\vendor\\laravel\\framework\\src\\Illuminate\\Pipeline\\Pipeline.php(163): Illuminate\\Foundation\\Http\\Middleware\\TransformsRequest->handle(Object(Illuminate\\Http\\Request), Object(Closure))
#54 C:\\xampp\\htdocs\\Laravel Projects\\GSF\\vendor\\laravel\\framework\\src\\Illuminate\\Routing\\Pipeline.php(53): Illuminate\\Pipeline\\Pipeline->Illuminate\\Pipeline\\{closure}(Object(Illuminate\\Http\\Request))
#55 C:\\xampp\\htdocs\\Laravel Projects\\GSF\\vendor\\laravel\\framework\\src\\Illuminate\\Foundation\\Http\\Middleware\\ValidatePostSize.php(27): Illuminate\\Routing\\Pipeline->Illuminate\\Routing\\{closure}(Object(Illuminate\\Http\\Request))
#56 C:\\xampp\\htdocs\\Laravel Projects\\GSF\\vendor\\laravel\\framework\\src\\Illuminate\\Pipeline\\Pipeline.php(163): Illuminate\\Foundation\\Http\\Middleware\\ValidatePostSize->handle(Object(Illuminate\\Http\\Request), Object(Closure))
#57 C:\\xampp\\htdocs\\Laravel Projects\\GSF\\vendor\\laravel\\framework\\src\\Illuminate\\Routing\\Pipeline.php(53): Illuminate\\Pipeline\\Pipeline->Illuminate\\Pipeline\\{closure}(Object(Illuminate\\Http\\Request))
#58 C:\\xampp\\htdocs\\Laravel Projects\\GSF\\vendor\\laravel\\framework\\src\\Illuminate\\Foundation\\Http\\Middleware\\CheckForMaintenanceMode.php(62): Illuminate\\Routing\\Pipeline->Illuminate\\Routing\\{closure}(Object(Illuminate\\Http\\Request))
#59 C:\\xampp\\htdocs\\Laravel Projects\\GSF\\vendor\\laravel\\framework\\src\\Illuminate\\Pipeline\\Pipeline.php(163): Illuminate\\Foundation\\Http\\Middleware\\CheckForMaintenanceMode->handle(Object(Illuminate\\Http\\Request), Object(Closure))
#60 C:\\xampp\\htdocs\\Laravel Projects\\GSF\\vendor\\laravel\\framework\\src\\Illuminate\\Routing\\Pipeline.php(53): Illuminate\\Pipeline\\Pipeline->Illuminate\\Pipeline\\{closure}(Object(Illuminate\\Http\\Request))
#61 C:\\xampp\\htdocs\\Laravel Projects\\GSF\\vendor\\laravel\\framework\\src\\Illuminate\\Pipeline\\Pipeline.php(104): Illuminate\\Routing\\Pipeline->Illuminate\\Routing\\{closure}(Object(Illuminate\\Http\\Request))
#62 C:\\xampp\\htdocs\\Laravel Projects\\GSF\\vendor\\laravel\\framework\\src\\Illuminate\\Foundation\\Http\\Kernel.php(151): Illuminate\\Pipeline\\Pipeline->then(Object(Closure))
#63 C:\\xampp\\htdocs\\Laravel Projects\\GSF\\vendor\\laravel\\framework\\src\\Illuminate\\Foundation\\Http\\Kernel.php(116): Illuminate\\Foundation\\Http\\Kernel->sendRequestThroughRouter(Object(Illuminate\\Http\\Request))
#64 C:\\xampp\\htdocs\\Laravel Projects\\GSF\\public\\index.php(55): Illuminate\\Foundation\\Http\\Kernel->handle(Object(Illuminate\\Http\\Request))
#65 C:\\xampp\\htdocs\\Laravel Projects\\GSF\\server.php(21): require_once('C:\\\\xampp\\\\htdocs...')
#66 {main}
"} 
[2021-01-25 15:17:44] local.ERROR: SQLSTATE[HY000]: General error: 1364 Field 'type' doesn't have a default value (SQL: insert into `food` (`name`, `level`, `capacity`, `updated_at`, `created_at`) values (A new food stand, Alumni, 50, 2021-01-25 15:17:44, 2021-01-25 15:17:44)) {"userId":16,"exception":"[object] (Illuminate\\Database\\QueryException(code: HY000): SQLSTATE[HY000]: General error: 1364 Field 'type' doesn't have a default value (SQL: insert into `food` (`name`, `level`, `capacity`, `updated_at`, `created_at`) values (A new food stand, Alumni, 50, 2021-01-25 15:17:44, 2021-01-25 15:17:44)) at C:\\xampp\\htdocs\\Laravel Projects\\GSF\\vendor\\laravel\\framework\\src\\Illuminate\\Database\\Connection.php:664, PDOException(code: HY000): SQLSTATE[HY000]: General error: 1364 Field 'type' doesn't have a default value at C:\\xampp\\htdocs\\Laravel Projects\\GSF\\vendor\\laravel\\framework\\src\\Illuminate\\Database\\Connection.php:458)
[stacktrace]
#0 C:\\xampp\\htdocs\\Laravel Projects\\GSF\\vendor\\laravel\\framework\\src\\Illuminate\\Database\\Connection.php(624): Illuminate\\Database\\Connection->runQueryCallback('insert into `fo...', Array, Object(Closure))
#1 C:\\xampp\\htdocs\\Laravel Projects\\GSF\\vendor\\laravel\\framework\\src\\Illuminate\\Database\\Connection.php(459): Illuminate\\Database\\Connection->run('insert into `fo...', Array, Object(Closure))
#2 C:\\xampp\\htdocs\\Laravel Projects\\GSF\\vendor\\laravel\\framework\\src\\Illuminate\\Database\\Connection.php(411): Illuminate\\Database\\Connection->statement('insert into `fo...', Array)
#3 C:\\xampp\\htdocs\\Laravel Projects\\GSF\\vendor\\laravel\\framework\\src\\Illuminate\\Database\\Query\\Processors\\Processor.php(32): Illuminate\\Database\\Connection->insert('insert into `fo...', Array)
#4 C:\\xampp\\htdocs\\Laravel Projects\\GSF\\vendor\\laravel\\framework\\src\\Illuminate\\Database\\Query\\Builder.php(2690): Illuminate\\Database\\Query\\Processors\\Processor->processInsertGetId(Object(Illuminate\\Database\\Query\\Builder), 'insert into `fo...', Array, 'id')
#5 C:\\xampp\\htdocs\\Laravel Projects\\GSF\\vendor\\laravel\\framework\\src\\Illuminate\\Database\\Eloquent\\Builder.php(1353): Illuminate\\Database\\Query\\Builder->insertGetId(Array, 'id')
#6 C:\\xampp\\htdocs\\Laravel Projects\\GSF\\vendor\\laravel\\framework\\src\\Illuminate\\Database\\Eloquent\\Model.php(839): Illuminate\\Database\\Eloquent\\Builder->__call('insertGetId', Array)
#7 C:\\xampp\\htdocs\\Laravel Projects\\GSF\\vendor\\laravel\\framework\\src\\Illuminate\\Database\\Eloquent\\Model.php(804): Illuminate\\Database\\Eloquent\\Model->insertAndSetId(Object(Illuminate\\Database\\Eloquent\\Builder), Array)
#8 C:\\xampp\\htdocs\\Laravel Projects\\GSF\\vendor\\laravel\\framework\\src\\Illuminate\\Database\\Eloquent\\Model.php(667): Illuminate\\Database\\Eloquent\\Model->performInsert(Object(Illuminate\\Database\\Eloquent\\Builder))
#9 C:\\xampp\\htdocs\\Laravel Projects\\GSF\\vendor\\laravel\\framework\\src\\Illuminate\\Database\\Eloquent\\Builder.php(795): Illuminate\\Database\\Eloquent\\Model->save()
#10 C:\\xampp\\htdocs\\Laravel Projects\\GSF\\vendor\\laravel\\framework\\src\\Illuminate\\Support\\helpers.php(1124): Illuminate\\Database\\Eloquent\\Builder->Illuminate\\Database\\Eloquent\\{closure}(Object(App\\Food))
#11 C:\\xampp\\htdocs\\Laravel Projects\\GSF\\vendor\\laravel\\framework\\src\\Illuminate\\Database\\Eloquent\\Builder.php(796): tap(Object(App\\Food), Object(Closure))
#12 C:\\xampp\\htdocs\\Laravel Projects\\GSF\\vendor\\laravel\\framework\\src\\Illuminate\\Support\\Traits\\ForwardsCalls.php(23): Illuminate\\Database\\Eloquent\\Builder->create(Array)
#13 C:\\xampp\\htdocs\\Laravel Projects\\GSF\\vendor\\laravel\\framework\\src\\Illuminate\\Database\\Eloquent\\Model.php(1618): Illuminate\\Database\\Eloquent\\Model->forwardCallTo(Object(Illuminate\\Database\\Eloquent\\Builder), 'create', Array)
#14 C:\\xampp\\htdocs\\Laravel Projects\\GSF\\vendor\\laravel\\framework\\src\\Illuminate\\Database\\Eloquent\\Model.php(1630): Illuminate\\Database\\Eloquent\\Model->__call('create', Array)
#15 C:\\xampp\\htdocs\\Laravel Projects\\GSF\\app\\Http\\Controllers\\FoodController.php(39): Illuminate\\Database\\Eloquent\\Model::__callStatic('create', Array)
#16 [internal function]: App\\Http\\Controllers\\FoodController->store(Object(Illuminate\\Http\\Request))
#17 C:\\xampp\\htdocs\\Laravel Projects\\GSF\\vendor\\laravel\\framework\\src\\Illuminate\\Routing\\Controller.php(54): call_user_func_array(Array, Array)
#18 C:\\xampp\\htdocs\\Laravel Projects\\GSF\\vendor\\laravel\\framework\\src\\Illuminate\\Routing\\ControllerDispatcher.php(45): Illuminate\\Routing\\Controller->callAction('store', Array)
#19 C:\\xampp\\htdocs\\Laravel Projects\\GSF\\vendor\\laravel\\framework\\src\\Illuminate\\Routing\\Route.php(219): Illuminate\\Routing\\ControllerDispatcher->dispatch(Object(Illuminate\\Routing\\Route), Object(App\\Http\\Controllers\\FoodController), 'store')
#20 C:\\xampp\\htdocs\\Laravel Projects\\GSF\\vendor\\laravel\\framework\\src\\Illuminate\\Routing\\Route.php(176): Illuminate\\Routing\\Route->runController()
#21 C:\\xampp\\htdocs\\Laravel Projects\\GSF\\vendor\\laravel\\framework\\src\\Illuminate\\Routing\\Router.php(680): Illuminate\\Routing\\Route->run()
#22 C:\\xampp\\htdocs\\Laravel Projects\\GSF\\vendor\\laravel\\framework\\src\\Illuminate\\Routing\\Pipeline.php(30): Illuminate\\Routing\\Router->Illuminate\\Routing\\{closure}(Object(Illuminate\\Http\\Request))
#23 C:\\xampp\\htdocs\\Laravel Projects\\GSF\\app\\Http\\Middleware\\SwitchUser.php(22): Illuminate\\Routing\\Pipeline->Illuminate\\Routing\\{closure}(Object(Illuminate\\Http\\Request))
#24 C:\\xampp\\htdocs\\Laravel Projects\\GSF\\vendor\\laravel\\framework\\src\\Illuminate\\Pipeline\\Pipeline.php(163): App\\Http\\Middleware\\SwitchUser->handle(Object(Illuminate\\Http\\Request), Object(Closure))
#25 C:\\xampp\\htdocs\\Laravel Projects\\GSF\\vendor\\laravel\\framework\\src\\Illuminate\\Routing\\Pipeline.php(53): Illuminate\\Pipeline\\Pipeline->Illuminate\\Pipeline\\{closure}(Object(Illuminate\\Http\\Request))
#26 C:\\xampp\\htdocs\\Laravel Projects\\GSF\\vendor\\laravel\\framework\\src\\Illuminate\\Routing\\Middleware\\SubstituteBindings.php(41): Illuminate\\Routing\\Pipeline->Illuminate\\Routing\\{closure}(Object(Illuminate\\Http\\Request))
#27 C:\\xampp\\htdocs\\Laravel Projects\\GSF\\vendor\\laravel\\framework\\src\\Illuminate\\Pipeline\\Pipeline.php(163): Illuminate\\Routing\\Middleware\\SubstituteBindings->handle(Object(Illuminate\\Http\\Request), Object(Closure))
#28 C:\\xampp\\htdocs\\Laravel Projects\\GSF\\vendor\\laravel\\framework\\src\\Illuminate\\Routing\\Pipeline.php(53): Illuminate\\Pipeline\\Pipeline->Illuminate\\Pipeline\\{closure}(Object(Illuminate\\Http\\Request))
#29 C:\\xampp\\htdocs\\Laravel Projects\\GSF\\vendor\\laravel\\framework\\src\\Illuminate\\Auth\\Middleware\\Authenticate.php(43): Illuminate\\Routing\\Pipeline->Illuminate\\Routing\\{closure}(Object(Illuminate\\Http\\Request))
#30 C:\\xampp\\htdocs\\Laravel Projects\\GSF\\vendor\\laravel\\framework\\src\\Illuminate\\Pipeline\\Pipeline.php(163): Illuminate\\Auth\\Middleware\\Authenticate->handle(Object(Illuminate\\Http\\Request), Object(Closure))
#31 C:\\xampp\\htdocs\\Laravel Projects\\GSF\\vendor\\laravel\\framework\\src\\Illuminate\\Routing\\Pipeline.php(53): Illuminate\\Pipeline\\Pipeline->Illuminate\\Pipeline\\{closure}(Object(Illuminate\\Http\\Request))
#32 C:\\xampp\\htdocs\\Laravel Projects\\GSF\\vendor\\laravel\\framework\\src\\Illuminate\\Foundation\\Http\\Middleware\\VerifyCsrfToken.php(75): Illuminate\\Routing\\Pipeline->Illuminate\\Routing\\{closure}(Object(Illuminate\\Http\\Request))
#33 C:\\xampp\\htdocs\\Laravel Projects\\GSF\\vendor\\laravel\\framework\\src\\Illuminate\\Pipeline\\Pipeline.php(163): Illuminate\\Foundation\\Http\\Middleware\\VerifyCsrfToken->handle(Object(Illuminate\\Http\\Request), Object(Closure))
#34 C:\\xampp\\htdocs\\Laravel Projects\\GSF\\vendor\\laravel\\framework\\src\\Illuminate\\Routing\\Pipeline.php(53): Illuminate\\Pipeline\\Pipeline->Illuminate\\Pipeline\\{closure}(Object(Illuminate\\Http\\Request))
#35 C:\\xampp\\htdocs\\Laravel Projects\\GSF\\vendor\\laravel\\framework\\src\\Illuminate\\View\\Middleware\\ShareErrorsFromSession.php(49): Illuminate\\Routing\\Pipeline->Illuminate\\Routing\\{closure}(Object(Illuminate\\Http\\Request))
#36 C:\\xampp\\htdocs\\Laravel Projects\\GSF\\vendor\\laravel\\framework\\src\\Illuminate\\Pipeline\\Pipeline.php(163): Illuminate\\View\\Middleware\\ShareErrorsFromSession->handle(Object(Illuminate\\Http\\Request), Object(Closure))
#37 C:\\xampp\\htdocs\\Laravel Projects\\GSF\\vendor\\laravel\\framework\\src\\Illuminate\\Routing\\Pipeline.php(53): Illuminate\\Pipeline\\Pipeline->Illuminate\\Pipeline\\{closure}(Object(Illuminate\\Http\\Request))
#38 C:\\xampp\\htdocs\\Laravel Projects\\GSF\\vendor\\laravel\\framework\\src\\Illuminate\\Session\\Middleware\\StartSession.php(56): Illuminate\\Routing\\Pipeline->Illuminate\\Routing\\{closure}(Object(Illuminate\\Http\\Request))
#39 C:\\xampp\\htdocs\\Laravel Projects\\GSF\\vendor\\laravel\\framework\\src\\Illuminate\\Pipeline\\Pipeline.php(163): Illuminate\\Session\\Middleware\\StartSession->handle(Object(Illuminate\\Http\\Request), Object(Closure))
#40 C:\\xampp\\htdocs\\Laravel Projects\\GSF\\vendor\\laravel\\framework\\src\\Illuminate\\Routing\\Pipeline.php(53): Illuminate\\Pipeline\\Pipeline->Illuminate\\Pipeline\\{closure}(Object(Illuminate\\Http\\Request))
#41 C:\\xampp\\htdocs\\Laravel Projects\\GSF\\vendor\\laravel\\framework\\src\\Illuminate\\Cookie\\Middleware\\AddQueuedCookiesToResponse.php(37): Illuminate\\Routing\\Pipeline->Illuminate\\Routing\\{closure}(Object(Illuminate\\Http\\Request))
#42 C:\\xampp\\htdocs\\Laravel Projects\\GSF\\vendor\\laravel\\framework\\src\\Illuminate\\Pipeline\\Pipeline.php(163): Illuminate\\Cookie\\Middleware\\AddQueuedCookiesToResponse->handle(Object(Illuminate\\Http\\Request), Object(Closure))
#43 C:\\xampp\\htdocs\\Laravel Projects\\GSF\\vendor\\laravel\\framework\\src\\Illuminate\\Routing\\Pipeline.php(53): Illuminate\\Pipeline\\Pipeline->Illuminate\\Pipeline\\{closure}(Object(Illuminate\\Http\\Request))
#44 C:\\xampp\\htdocs\\Laravel Projects\\GSF\\vendor\\laravel\\framework\\src\\Illuminate\\Cookie\\Middleware\\EncryptCookies.php(66): Illuminate\\Routing\\Pipeline->Illuminate\\Routing\\{closure}(Object(Illuminate\\Http\\Request))
#45 C:\\xampp\\htdocs\\Laravel Projects\\GSF\\vendor\\laravel\\framework\\src\\Illuminate\\Pipeline\\Pipeline.php(163): Illuminate\\Cookie\\Middleware\\EncryptCookies->handle(Object(Illuminate\\Http\\Request), Object(Closure))
#46 C:\\xampp\\htdocs\\Laravel Projects\\GSF\\vendor\\laravel\\framework\\src\\Illuminate\\Routing\\Pipeline.php(53): Illuminate\\Pipeline\\Pipeline->Illuminate\\Pipeline\\{closure}(Object(Illuminate\\Http\\Request))
#47 C:\\xampp\\htdocs\\Laravel Projects\\GSF\\vendor\\laravel\\framework\\src\\Illuminate\\Pipeline\\Pipeline.php(104): Illuminate\\Routing\\Pipeline->Illuminate\\Routing\\{closure}(Object(Illuminate\\Http\\Request))
#48 C:\\xampp\\htdocs\\Laravel Projects\\GSF\\vendor\\laravel\\framework\\src\\Illuminate\\Routing\\Router.php(682): Illuminate\\Pipeline\\Pipeline->then(Object(Closure))
#49 C:\\xampp\\htdocs\\Laravel Projects\\GSF\\vendor\\laravel\\framework\\src\\Illuminate\\Routing\\Router.php(657): Illuminate\\Routing\\Router->runRouteWithinStack(Object(Illuminate\\Routing\\Route), Object(Illuminate\\Http\\Request))
#50 C:\\xampp\\htdocs\\Laravel Projects\\GSF\\vendor\\laravel\\framework\\src\\Illuminate\\Routing\\Router.php(623): Illuminate\\Routing\\Router->runRoute(Object(Illuminate\\Http\\Request), Object(Illuminate\\Routing\\Route))
#51 C:\\xampp\\htdocs\\Laravel Projects\\GSF\\vendor\\laravel\\framework\\src\\Illuminate\\Routing\\Router.php(612): Illuminate\\Routing\\Router->dispatchToRoute(Object(Illuminate\\Http\\Request))
#52 C:\\xampp\\htdocs\\Laravel Projects\\GSF\\vendor\\laravel\\framework\\src\\Illuminate\\Foundation\\Http\\Kernel.php(176): Illuminate\\Routing\\Router->dispatch(Object(Illuminate\\Http\\Request))
#53 C:\\xampp\\htdocs\\Laravel Projects\\GSF\\vendor\\laravel\\framework\\src\\Illuminate\\Routing\\Pipeline.php(30): Illuminate\\Foundation\\Http\\Kernel->Illuminate\\Foundation\\Http\\{closure}(Object(Illuminate\\Http\\Request))
#54 C:\\xampp\\htdocs\\Laravel Projects\\GSF\\vendor\\fideloper\\proxy\\src\\TrustProxies.php(57): Illuminate\\Routing\\Pipeline->Illuminate\\Routing\\{closure}(Object(Illuminate\\Http\\Request))
#55 C:\\xampp\\htdocs\\Laravel Projects\\GSF\\vendor\\laravel\\framework\\src\\Illuminate\\Pipeline\\Pipeline.php(163): Fideloper\\Proxy\\TrustProxies->handle(Object(Illuminate\\Http\\Request), Object(Closure))
#56 C:\\xampp\\htdocs\\Laravel Projects\\GSF\\vendor\\laravel\\framework\\src\\Illuminate\\Routing\\Pipeline.php(53): Illuminate\\Pipeline\\Pipeline->Illuminate\\Pipeline\\{closure}(Object(Illuminate\\Http\\Request))
#57 C:\\xampp\\htdocs\\Laravel Projects\\GSF\\vendor\\laravel\\framework\\src\\Illuminate\\Foundation\\Http\\Middleware\\TransformsRequest.php(21): Illuminate\\Routing\\Pipeline->Illuminate\\Routing\\{closure}(Object(Illuminate\\Http\\Request))
#58 C:\\xampp\\htdocs\\Laravel Projects\\GSF\\vendor\\laravel\\framework\\src\\Illuminate\\Pipeline\\Pipeline.php(163): Illuminate\\Foundation\\Http\\Middleware\\TransformsRequest->handle(Object(Illuminate\\Http\\Request), Object(Closure))
#59 C:\\xampp\\htdocs\\Laravel Projects\\GSF\\vendor\\laravel\\framework\\src\\Illuminate\\Routing\\Pipeline.php(53): Illuminate\\Pipeline\\Pipeline->Illuminate\\Pipeline\\{closure}(Object(Illuminate\\Http\\Request))
#60 C:\\xampp\\htdocs\\Laravel Projects\\GSF\\vendor\\laravel\\framework\\src\\Illuminate\\Foundation\\Http\\Middleware\\TransformsRequest.php(21): Illuminate\\Routing\\Pipeline->Illuminate\\Routing\\{closure}(Object(Illuminate\\Http\\Request))
#61 C:\\xampp\\htdocs\\Laravel Projects\\GSF\\vendor\\laravel\\framework\\src\\Illuminate\\Pipeline\\Pipeline.php(163): Illuminate\\Foundation\\Http\\Middleware\\TransformsRequest->handle(Object(Illuminate\\Http\\Request), Object(Closure))
#62 C:\\xampp\\htdocs\\Laravel Projects\\GSF\\vendor\\laravel\\framework\\src\\Illuminate\\Routing\\Pipeline.php(53): Illuminate\\Pipeline\\Pipeline->Illuminate\\Pipeline\\{closure}(Object(Illuminate\\Http\\Request))
#63 C:\\xampp\\htdocs\\Laravel Projects\\GSF\\vendor\\laravel\\framework\\src\\Illuminate\\Foundation\\Http\\Middleware\\ValidatePostSize.php(27): Illuminate\\Routing\\Pipeline->Illuminate\\Routing\\{closure}(Object(Illuminate\\Http\\Request))
#64 C:\\xampp\\htdocs\\Laravel Projects\\GSF\\vendor\\laravel\\framework\\src\\Illuminate\\Pipeline\\Pipeline.php(163): Illuminate\\Foundation\\Http\\Middleware\\ValidatePostSize->handle(Object(Illuminate\\Http\\Request), Object(Closure))
#65 C:\\xampp\\htdocs\\Laravel Projects\\GSF\\vendor\\laravel\\framework\\src\\Illuminate\\Routing\\Pipeline.php(53): Illuminate\\Pipeline\\Pipeline->Illuminate\\Pipeline\\{closure}(Object(Illuminate\\Http\\Request))
#66 C:\\xampp\\htdocs\\Laravel Projects\\GSF\\vendor\\laravel\\framework\\src\\Illuminate\\Foundation\\Http\\Middleware\\CheckForMaintenanceMode.php(62): Illuminate\\Routing\\Pipeline->Illuminate\\Routing\\{closure}(Object(Illuminate\\Http\\Request))
#67 C:\\xampp\\htdocs\\Laravel Projects\\GSF\\vendor\\laravel\\framework\\src\\Illuminate\\Pipeline\\Pipeline.php(163): Illuminate\\Foundation\\Http\\Middleware\\CheckForMaintenanceMode->handle(Object(Illuminate\\Http\\Request), Object(Closure))
#68 C:\\xampp\\htdocs\\Laravel Projects\\GSF\\vendor\\laravel\\framework\\src\\Illuminate\\Routing\\Pipeline.php(53): Illuminate\\Pipeline\\Pipeline->Illuminate\\Pipeline\\{closure}(Object(Illuminate\\Http\\Request))
#69 C:\\xampp\\htdocs\\Laravel Projects\\GSF\\vendor\\laravel\\framework\\src\\Illuminate\\Pipeline\\Pipeline.php(104): Illuminate\\Routing\\Pipeline->Illuminate\\Routing\\{closure}(Object(Illuminate\\Http\\Request))
#70 C:\\xampp\\htdocs\\Laravel Projects\\GSF\\vendor\\laravel\\framework\\src\\Illuminate\\Foundation\\Http\\Kernel.php(151): Illuminate\\Pipeline\\Pipeline->then(Object(Closure))
#71 C:\\xampp\\htdocs\\Laravel Projects\\GSF\\vendor\\laravel\\framework\\src\\Illuminate\\Foundation\\Http\\Kernel.php(116): Illuminate\\Foundation\\Http\\Kernel->sendRequestThroughRouter(Object(Illuminate\\Http\\Request))
#72 C:\\xampp\\htdocs\\Laravel Projects\\GSF\\public\\index.php(55): Illuminate\\Foundation\\Http\\Kernel->handle(Object(Illuminate\\Http\\Request))
#73 C:\\xampp\\htdocs\\Laravel Projects\\GSF\\server.php(21): require_once('C:\\\\xampp\\\\htdocs...')
#74 {main}
"} 
[2021-01-25 15:20:53] local.ERROR: Undefined variable: id {"userId":15,"exception":"[object] (ErrorException(code: 0): Undefined variable: id at C:\\xampp\\htdocs\\Laravel Projects\\GSF\\app\\Http\\Controllers\\FoodController.php:64)
[stacktrace]
#0 C:\\xampp\\htdocs\\Laravel Projects\\GSF\\app\\Http\\Controllers\\FoodController.php(64): Illuminate\\Foundation\\Bootstrap\\HandleExceptions->handleError(8, 'Undefined varia...', 'C:\\\\xampp\\\\htdocs...', 64, Array)
#1 [internal function]: App\\Http\\Controllers\\FoodController->destroy(Object(App\\Food), '5')
#2 C:\\xampp\\htdocs\\Laravel Projects\\GSF\\vendor\\laravel\\framework\\src\\Illuminate\\Routing\\Controller.php(54): call_user_func_array(Array, Array)
#3 C:\\xampp\\htdocs\\Laravel Projects\\GSF\\vendor\\laravel\\framework\\src\\Illuminate\\Routing\\ControllerDispatcher.php(45): Illuminate\\Routing\\Controller->callAction('destroy', Array)
#4 C:\\xampp\\htdocs\\Laravel Projects\\GSF\\vendor\\laravel\\framework\\src\\Illuminate\\Routing\\Route.php(219): Illuminate\\Routing\\ControllerDispatcher->dispatch(Object(Illuminate\\Routing\\Route), Object(App\\Http\\Controllers\\FoodController), 'destroy')
#5 C:\\xampp\\htdocs\\Laravel Projects\\GSF\\vendor\\laravel\\framework\\src\\Illuminate\\Routing\\Route.php(176): Illuminate\\Routing\\Route->runController()
#6 C:\\xampp\\htdocs\\Laravel Projects\\GSF\\vendor\\laravel\\framework\\src\\Illuminate\\Routing\\Router.php(680): Illuminate\\Routing\\Route->run()
#7 C:\\xampp\\htdocs\\Laravel Projects\\GSF\\vendor\\laravel\\framework\\src\\Illuminate\\Routing\\Pipeline.php(30): Illuminate\\Routing\\Router->Illuminate\\Routing\\{closure}(Object(Illuminate\\Http\\Request))
#8 C:\\xampp\\htdocs\\Laravel Projects\\GSF\\app\\Http\\Middleware\\SwitchUser.php(22): Illuminate\\Routing\\Pipeline->Illuminate\\Routing\\{closure}(Object(Illuminate\\Http\\Request))
#9 C:\\xampp\\htdocs\\Laravel Projects\\GSF\\vendor\\laravel\\framework\\src\\Illuminate\\Pipeline\\Pipeline.php(163): App\\Http\\Middleware\\SwitchUser->handle(Object(Illuminate\\Http\\Request), Object(Closure))
#10 C:\\xampp\\htdocs\\Laravel Projects\\GSF\\vendor\\laravel\\framework\\src\\Illuminate\\Routing\\Pipeline.php(53): Illuminate\\Pipeline\\Pipeline->Illuminate\\Pipeline\\{closure}(Object(Illuminate\\Http\\Request))
#11 C:\\xampp\\htdocs\\Laravel Projects\\GSF\\vendor\\laravel\\framework\\src\\Illuminate\\Routing\\Middleware\\SubstituteBindings.php(41): Illuminate\\Routing\\Pipeline->Illuminate\\Routing\\{closure}(Object(Illuminate\\Http\\Request))
#12 C:\\xampp\\htdocs\\Laravel Projects\\GSF\\vendor\\laravel\\framework\\src\\Illuminate\\Pipeline\\Pipeline.php(163): Illuminate\\Routing\\Middleware\\SubstituteBindings->handle(Object(Illuminate\\Http\\Request), Object(Closure))
#13 C:\\xampp\\htdocs\\Laravel Projects\\GSF\\vendor\\laravel\\framework\\src\\Illuminate\\Routing\\Pipeline.php(53): Illuminate\\Pipeline\\Pipeline->Illuminate\\Pipeline\\{closure}(Object(Illuminate\\Http\\Request))
#14 C:\\xampp\\htdocs\\Laravel Projects\\GSF\\vendor\\laravel\\framework\\src\\Illuminate\\Auth\\Middleware\\Authenticate.php(43): Illuminate\\Routing\\Pipeline->Illuminate\\Routing\\{closure}(Object(Illuminate\\Http\\Request))
#15 C:\\xampp\\htdocs\\Laravel Projects\\GSF\\vendor\\laravel\\framework\\src\\Illuminate\\Pipeline\\Pipeline.php(163): Illuminate\\Auth\\Middleware\\Authenticate->handle(Object(Illuminate\\Http\\Request), Object(Closure))
#16 C:\\xampp\\htdocs\\Laravel Projects\\GSF\\vendor\\laravel\\framework\\src\\Illuminate\\Routing\\Pipeline.php(53): Illuminate\\Pipeline\\Pipeline->Illuminate\\Pipeline\\{closure}(Object(Illuminate\\Http\\Request))
#17 C:\\xampp\\htdocs\\Laravel Projects\\GSF\\vendor\\laravel\\framework\\src\\Illuminate\\Foundation\\Http\\Middleware\\VerifyCsrfToken.php(75): Illuminate\\Routing\\Pipeline->Illuminate\\Routing\\{closure}(Object(Illuminate\\Http\\Request))
#18 C:\\xampp\\htdocs\\Laravel Projects\\GSF\\vendor\\laravel\\framework\\src\\Illuminate\\Pipeline\\Pipeline.php(163): Illuminate\\Foundation\\Http\\Middleware\\VerifyCsrfToken->handle(Object(Illuminate\\Http\\Request), Object(Closure))
#19 C:\\xampp\\htdocs\\Laravel Projects\\GSF\\vendor\\laravel\\framework\\src\\Illuminate\\Routing\\Pipeline.php(53): Illuminate\\Pipeline\\Pipeline->Illuminate\\Pipeline\\{closure}(Object(Illuminate\\Http\\Request))
#20 C:\\xampp\\htdocs\\Laravel Projects\\GSF\\vendor\\laravel\\framework\\src\\Illuminate\\View\\Middleware\\ShareErrorsFromSession.php(49): Illuminate\\Routing\\Pipeline->Illuminate\\Routing\\{closure}(Object(Illuminate\\Http\\Request))
#21 C:\\xampp\\htdocs\\Laravel Projects\\GSF\\vendor\\laravel\\framework\\src\\Illuminate\\Pipeline\\Pipeline.php(163): Illuminate\\View\\Middleware\\ShareErrorsFromSession->handle(Object(Illuminate\\Http\\Request), Object(Closure))
#22 C:\\xampp\\htdocs\\Laravel Projects\\GSF\\vendor\\laravel\\framework\\src\\Illuminate\\Routing\\Pipeline.php(53): Illuminate\\Pipeline\\Pipeline->Illuminate\\Pipeline\\{closure}(Object(Illuminate\\Http\\Request))
#23 C:\\xampp\\htdocs\\Laravel Projects\\GSF\\vendor\\laravel\\framework\\src\\Illuminate\\Session\\Middleware\\StartSession.php(56): Illuminate\\Routing\\Pipeline->Illuminate\\Routing\\{closure}(Object(Illuminate\\Http\\Request))
#24 C:\\xampp\\htdocs\\Laravel Projects\\GSF\\vendor\\laravel\\framework\\src\\Illuminate\\Pipeline\\Pipeline.php(163): Illuminate\\Session\\Middleware\\StartSession->handle(Object(Illuminate\\Http\\Request), Object(Closure))
#25 C:\\xampp\\htdocs\\Laravel Projects\\GSF\\vendor\\laravel\\framework\\src\\Illuminate\\Routing\\Pipeline.php(53): Illuminate\\Pipeline\\Pipeline->Illuminate\\Pipeline\\{closure}(Object(Illuminate\\Http\\Request))
#26 C:\\xampp\\htdocs\\Laravel Projects\\GSF\\vendor\\laravel\\framework\\src\\Illuminate\\Cookie\\Middleware\\AddQueuedCookiesToResponse.php(37): Illuminate\\Routing\\Pipeline->Illuminate\\Routing\\{closure}(Object(Illuminate\\Http\\Request))
#27 C:\\xampp\\htdocs\\Laravel Projects\\GSF\\vendor\\laravel\\framework\\src\\Illuminate\\Pipeline\\Pipeline.php(163): Illuminate\\Cookie\\Middleware\\AddQueuedCookiesToResponse->handle(Object(Illuminate\\Http\\Request), Object(Closure))
#28 C:\\xampp\\htdocs\\Laravel Projects\\GSF\\vendor\\laravel\\framework\\src\\Illuminate\\Routing\\Pipeline.php(53): Illuminate\\Pipeline\\Pipeline->Illuminate\\Pipeline\\{closure}(Object(Illuminate\\Http\\Request))
#29 C:\\xampp\\htdocs\\Laravel Projects\\GSF\\vendor\\laravel\\framework\\src\\Illuminate\\Cookie\\Middleware\\EncryptCookies.php(66): Illuminate\\Routing\\Pipeline->Illuminate\\Routing\\{closure}(Object(Illuminate\\Http\\Request))
#30 C:\\xampp\\htdocs\\Laravel Projects\\GSF\\vendor\\laravel\\framework\\src\\Illuminate\\Pipeline\\Pipeline.php(163): Illuminate\\Cookie\\Middleware\\EncryptCookies->handle(Object(Illuminate\\Http\\Request), Object(Closure))
#31 C:\\xampp\\htdocs\\Laravel Projects\\GSF\\vendor\\laravel\\framework\\src\\Illuminate\\Routing\\Pipeline.php(53): Illuminate\\Pipeline\\Pipeline->Illuminate\\Pipeline\\{closure}(Object(Illuminate\\Http\\Request))
#32 C:\\xampp\\htdocs\\Laravel Projects\\GSF\\vendor\\laravel\\framework\\src\\Illuminate\\Pipeline\\Pipeline.php(104): Illuminate\\Routing\\Pipeline->Illuminate\\Routing\\{closure}(Object(Illuminate\\Http\\Request))
#33 C:\\xampp\\htdocs\\Laravel Projects\\GSF\\vendor\\laravel\\framework\\src\\Illuminate\\Routing\\Router.php(682): Illuminate\\Pipeline\\Pipeline->then(Object(Closure))
#34 C:\\xampp\\htdocs\\Laravel Projects\\GSF\\vendor\\laravel\\framework\\src\\Illuminate\\Routing\\Router.php(657): Illuminate\\Routing\\Router->runRouteWithinStack(Object(Illuminate\\Routing\\Route), Object(Illuminate\\Http\\Request))
#35 C:\\xampp\\htdocs\\Laravel Projects\\GSF\\vendor\\laravel\\framework\\src\\Illuminate\\Routing\\Router.php(623): Illuminate\\Routing\\Router->runRoute(Object(Illuminate\\Http\\Request), Object(Illuminate\\Routing\\Route))
#36 C:\\xampp\\htdocs\\Laravel Projects\\GSF\\vendor\\laravel\\framework\\src\\Illuminate\\Routing\\Router.php(612): Illuminate\\Routing\\Router->dispatchToRoute(Object(Illuminate\\Http\\Request))
#37 C:\\xampp\\htdocs\\Laravel Projects\\GSF\\vendor\\laravel\\framework\\src\\Illuminate\\Foundation\\Http\\Kernel.php(176): Illuminate\\Routing\\Router->dispatch(Object(Illuminate\\Http\\Request))
#38 C:\\xampp\\htdocs\\Laravel Projects\\GSF\\vendor\\laravel\\framework\\src\\Illuminate\\Routing\\Pipeline.php(30): Illuminate\\Foundation\\Http\\Kernel->Illuminate\\Foundation\\Http\\{closure}(Object(Illuminate\\Http\\Request))
#39 C:\\xampp\\htdocs\\Laravel Projects\\GSF\\vendor\\fideloper\\proxy\\src\\TrustProxies.php(57): Illuminate\\Routing\\Pipeline->Illuminate\\Routing\\{closure}(Object(Illuminate\\Http\\Request))
#40 C:\\xampp\\htdocs\\Laravel Projects\\GSF\\vendor\\laravel\\framework\\src\\Illuminate\\Pipeline\\Pipeline.php(163): Fideloper\\Proxy\\TrustProxies->handle(Object(Illuminate\\Http\\Request), Object(Closure))
#41 C:\\xampp\\htdocs\\Laravel Projects\\GSF\\vendor\\laravel\\framework\\src\\Illuminate\\Routing\\Pipeline.php(53): Illuminate\\Pipeline\\Pipeline->Illuminate\\Pipeline\\{closure}(Object(Illuminate\\Http\\Request))
#42 C:\\xampp\\htdocs\\Laravel Projects\\GSF\\vendor\\laravel\\framework\\src\\Illuminate\\Foundation\\Http\\Middleware\\TransformsRequest.php(21): Illuminate\\Routing\\Pipeline->Illuminate\\Routing\\{closure}(Object(Illuminate\\Http\\Request))
#43 C:\\xampp\\htdocs\\Laravel Projects\\GSF\\vendor\\laravel\\framework\\src\\Illuminate\\Pipeline\\Pipeline.php(163): Illuminate\\Foundation\\Http\\Middleware\\TransformsRequest->handle(Object(Illuminate\\Http\\Request), Object(Closure))
#44 C:\\xampp\\htdocs\\Laravel Projects\\GSF\\vendor\\laravel\\framework\\src\\Illuminate\\Routing\\Pipeline.php(53): Illuminate\\Pipeline\\Pipeline->Illuminate\\Pipeline\\{closure}(Object(Illuminate\\Http\\Request))
#45 C:\\xampp\\htdocs\\Laravel Projects\\GSF\\vendor\\laravel\\framework\\src\\Illuminate\\Foundation\\Http\\Middleware\\TransformsRequest.php(21): Illuminate\\Routing\\Pipeline->Illuminate\\Routing\\{closure}(Object(Illuminate\\Http\\Request))
#46 C:\\xampp\\htdocs\\Laravel Projects\\GSF\\vendor\\laravel\\framework\\src\\Illuminate\\Pipeline\\Pipeline.php(163): Illuminate\\Foundation\\Http\\Middleware\\TransformsRequest->handle(Object(Illuminate\\Http\\Request), Object(Closure))
#47 C:\\xampp\\htdocs\\Laravel Projects\\GSF\\vendor\\laravel\\framework\\src\\Illuminate\\Routing\\Pipeline.php(53): Illuminate\\Pipeline\\Pipeline->Illuminate\\Pipeline\\{closure}(Object(Illuminate\\Http\\Request))
#48 C:\\xampp\\htdocs\\Laravel Projects\\GSF\\vendor\\laravel\\framework\\src\\Illuminate\\Foundation\\Http\\Middleware\\ValidatePostSize.php(27): Illuminate\\Routing\\Pipeline->Illuminate\\Routing\\{closure}(Object(Illuminate\\Http\\Request))
#49 C:\\xampp\\htdocs\\Laravel Projects\\GSF\\vendor\\laravel\\framework\\src\\Illuminate\\Pipeline\\Pipeline.php(163): Illuminate\\Foundation\\Http\\Middleware\\ValidatePostSize->handle(Object(Illuminate\\Http\\Request), Object(Closure))
#50 C:\\xampp\\htdocs\\Laravel Projects\\GSF\\vendor\\laravel\\framework\\src\\Illuminate\\Routing\\Pipeline.php(53): Illuminate\\Pipeline\\Pipeline->Illuminate\\Pipeline\\{closure}(Object(Illuminate\\Http\\Request))
#51 C:\\xampp\\htdocs\\Laravel Projects\\GSF\\vendor\\laravel\\framework\\src\\Illuminate\\Foundation\\Http\\Middleware\\CheckForMaintenanceMode.php(62): Illuminate\\Routing\\Pipeline->Illuminate\\Routing\\{closure}(Object(Illuminate\\Http\\Request))
#52 C:\\xampp\\htdocs\\Laravel Projects\\GSF\\vendor\\laravel\\framework\\src\\Illuminate\\Pipeline\\Pipeline.php(163): Illuminate\\Foundation\\Http\\Middleware\\CheckForMaintenanceMode->handle(Object(Illuminate\\Http\\Request), Object(Closure))
#53 C:\\xampp\\htdocs\\Laravel Projects\\GSF\\vendor\\laravel\\framework\\src\\Illuminate\\Routing\\Pipeline.php(53): Illuminate\\Pipeline\\Pipeline->Illuminate\\Pipeline\\{closure}(Object(Illuminate\\Http\\Request))
#54 C:\\xampp\\htdocs\\Laravel Projects\\GSF\\vendor\\laravel\\framework\\src\\Illuminate\\Pipeline\\Pipeline.php(104): Illuminate\\Routing\\Pipeline->Illuminate\\Routing\\{closure}(Object(Illuminate\\Http\\Request))
#55 C:\\xampp\\htdocs\\Laravel Projects\\GSF\\vendor\\laravel\\framework\\src\\Illuminate\\Foundation\\Http\\Kernel.php(151): Illuminate\\Pipeline\\Pipeline->then(Object(Closure))
#56 C:\\xampp\\htdocs\\Laravel Projects\\GSF\\vendor\\laravel\\framework\\src\\Illuminate\\Foundation\\Http\\Kernel.php(116): Illuminate\\Foundation\\Http\\Kernel->sendRequestThroughRouter(Object(Illuminate\\Http\\Request))
#57 C:\\xampp\\htdocs\\Laravel Projects\\GSF\\public\\index.php(55): Illuminate\\Foundation\\Http\\Kernel->handle(Object(Illuminate\\Http\\Request))
#58 C:\\xampp\\htdocs\\Laravel Projects\\GSF\\server.php(21): require_once('C:\\\\xampp\\\\htdocs...')
#59 {main}
"} 
[2021-01-25 15:22:59] local.ERROR: Undefined variable: hostel (View: C:\xampp\htdocs\Laravel Projects\GSF\resources\views\admin\food\edit.blade.php) {"userId":15,"exception":"[object] (ErrorException(code: 0): Undefined variable: hostel (View: C:\\xampp\\htdocs\\Laravel Projects\\GSF\esources\\views\\admin\\food\\edit.blade.php) at C:\\xampp\\htdocs\\Laravel Projects\\GSF\\storage\\framework\\views\\9fc7b01f360b2dcb2ea3529017b29697e3bdc05f.php:21, ErrorException(code: 0): Undefined variable: hostel at C:\\xampp\\htdocs\\Laravel Projects\\GSF\\storage\\framework\\views\\9fc7b01f360b2dcb2ea3529017b29697e3bdc05f.php:21)
[stacktrace]
#0 C:\\xampp\\htdocs\\Laravel Projects\\GSF\\vendor\\laravel\\framework\\src\\Illuminate\\View\\Engines\\PhpEngine.php(45): Illuminate\\View\\Engines\\CompilerEngine->handleViewException(Object(ErrorException), 1)
#1 C:\\xampp\\htdocs\\Laravel Projects\\GSF\\vendor\\laravel\\framework\\src\\Illuminate\\View\\Engines\\CompilerEngine.php(59): Illuminate\\View\\Engines\\PhpEngine->evaluatePath('C:\\\\xampp\\\\htdocs...', Array)
#2 C:\\xampp\\htdocs\\Laravel Projects\\GSF\\vendor\\laravel\\framework\\src\\Illuminate\\View\\View.php(142): Illuminate\\View\\Engines\\CompilerEngine->get('C:\\\\xampp\\\\htdocs...', Array)
#3 C:\\xampp\\htdocs\\Laravel Projects\\GSF\\vendor\\laravel\\framework\\src\\Illuminate\\View\\View.php(125): Illuminate\\View\\View->getContents()
#4 C:\\xampp\\htdocs\\Laravel Projects\\GSF\\vendor\\laravel\\framework\\src\\Illuminate\\View\\View.php(90): Illuminate\\View\\View->renderContents()
#5 C:\\xampp\\htdocs\\Laravel Projects\\GSF\\vendor\\laravel\\framework\\src\\Illuminate\\Http\\Response.php(42): Illuminate\\View\\View->render()
#6 C:\\xampp\\htdocs\\Laravel Projects\\GSF\\vendor\\symfony\\http-foundation\\Response.php(205): Illuminate\\Http\\Response->setContent(Object(Illuminate\\View\\View))
#7 C:\\xampp\\htdocs\\Laravel Projects\\GSF\\vendor\\laravel\\framework\\src\\Illuminate\\Routing\\Router.php(748): Symfony\\Component\\HttpFoundation\\Response->__construct(Object(Illuminate\\View\\View))
#8 C:\\xampp\\htdocs\\Laravel Projects\\GSF\\vendor\\laravel\\framework\\src\\Illuminate\\Routing\\Router.php(720): Illuminate\\Routing\\Router::toResponse(Object(Illuminate\\Http\\Request), Object(Illuminate\\View\\View))
#9 C:\\xampp\\htdocs\\Laravel Projects\\GSF\\vendor\\laravel\\framework\\src\\Illuminate\\Routing\\Router.php(680): Illuminate\\Routing\\Router->prepareResponse(Object(Illuminate\\Http\\Request), Object(Illuminate\\View\\View))
#10 C:\\xampp\\htdocs\\Laravel Projects\\GSF\\vendor\\laravel\\framework\\src\\Illuminate\\Routing\\Pipeline.php(30): Illuminate\\Routing\\Router->Illuminate\\Routing\\{closure}(Object(Illuminate\\Http\\Request))
#11 C:\\xampp\\htdocs\\Laravel Projects\\GSF\\app\\Http\\Middleware\\SwitchUser.php(22): Illuminate\\Routing\\Pipeline->Illuminate\\Routing\\{closure}(Object(Illuminate\\Http\\Request))
#12 C:\\xampp\\htdocs\\Laravel Projects\\GSF\\vendor\\laravel\\framework\\src\\Illuminate\\Pipeline\\Pipeline.php(163): App\\Http\\Middleware\\SwitchUser->handle(Object(Illuminate\\Http\\Request), Object(Closure))
#13 C:\\xampp\\htdocs\\Laravel Projects\\GSF\\vendor\\laravel\\framework\\src\\Illuminate\\Routing\\Pipeline.php(53): Illuminate\\Pipeline\\Pipeline->Illuminate\\Pipeline\\{closure}(Object(Illuminate\\Http\\Request))
#14 C:\\xampp\\htdocs\\Laravel Projects\\GSF\\vendor\\laravel\\framework\\src\\Illuminate\\Routing\\Middleware\\SubstituteBindings.php(41): Illuminate\\Routing\\Pipeline->Illuminate\\Routing\\{closure}(Object(Illuminate\\Http\\Request))
#15 C:\\xampp\\htdocs\\Laravel Projects\\GSF\\vendor\\laravel\\framework\\src\\Illuminate\\Pipeline\\Pipeline.php(163): Illuminate\\Routing\\Middleware\\SubstituteBindings->handle(Object(Illuminate\\Http\\Request), Object(Closure))
#16 C:\\xampp\\htdocs\\Laravel Projects\\GSF\\vendor\\laravel\\framework\\src\\Illuminate\\Routing\\Pipeline.php(53): Illuminate\\Pipeline\\Pipeline->Illuminate\\Pipeline\\{closure}(Object(Illuminate\\Http\\Request))
#17 C:\\xampp\\htdocs\\Laravel Projects\\GSF\\vendor\\laravel\\framework\\src\\Illuminate\\Auth\\Middleware\\Authenticate.php(43): Illuminate\\Routing\\Pipeline->Illuminate\\Routing\\{closure}(Object(Illuminate\\Http\\Request))
#18 C:\\xampp\\htdocs\\Laravel Projects\\GSF\\vendor\\laravel\\framework\\src\\Illuminate\\Pipeline\\Pipeline.php(163): Illuminate\\Auth\\Middleware\\Authenticate->handle(Object(Illuminate\\Http\\Request), Object(Closure))
#19 C:\\xampp\\htdocs\\Laravel Projects\\GSF\\vendor\\laravel\\framework\\src\\Illuminate\\Routing\\Pipeline.php(53): Illuminate\\Pipeline\\Pipeline->Illuminate\\Pipeline\\{closure}(Object(Illuminate\\Http\\Request))
#20 C:\\xampp\\htdocs\\Laravel Projects\\GSF\\vendor\\laravel\\framework\\src\\Illuminate\\Foundation\\Http\\Middleware\\VerifyCsrfToken.php(75): Illuminate\\Routing\\Pipeline->Illuminate\\Routing\\{closure}(Object(Illuminate\\Http\\Request))
#21 C:\\xampp\\htdocs\\Laravel Projects\\GSF\\vendor\\laravel\\framework\\src\\Illuminate\\Pipeline\\Pipeline.php(163): Illuminate\\Foundation\\Http\\Middleware\\VerifyCsrfToken->handle(Object(Illuminate\\Http\\Request), Object(Closure))
#22 C:\\xampp\\htdocs\\Laravel Projects\\GSF\\vendor\\laravel\\framework\\src\\Illuminate\\Routing\\Pipeline.php(53): Illuminate\\Pipeline\\Pipeline->Illuminate\\Pipeline\\{closure}(Object(Illuminate\\Http\\Request))
#23 C:\\xampp\\htdocs\\Laravel Projects\\GSF\\vendor\\laravel\\framework\\src\\Illuminate\\View\\Middleware\\ShareErrorsFromSession.php(49): Illuminate\\Routing\\Pipeline->Illuminate\\Routing\\{closure}(Object(Illuminate\\Http\\Request))
#24 C:\\xampp\\htdocs\\Laravel Projects\\GSF\\vendor\\laravel\\framework\\src\\Illuminate\\Pipeline\\Pipeline.php(163): Illuminate\\View\\Middleware\\ShareErrorsFromSession->handle(Object(Illuminate\\Http\\Request), Object(Closure))
#25 C:\\xampp\\htdocs\\Laravel Projects\\GSF\\vendor\\laravel\\framework\\src\\Illuminate\\Routing\\Pipeline.php(53): Illuminate\\Pipeline\\Pipeline->Illuminate\\Pipeline\\{closure}(Object(Illuminate\\Http\\Request))
#26 C:\\xampp\\htdocs\\Laravel Projects\\GSF\\vendor\\laravel\\framework\\src\\Illuminate\\Session\\Middleware\\StartSession.php(56): Illuminate\\Routing\\Pipeline->Illuminate\\Routing\\{closure}(Object(Illuminate\\Http\\Request))
#27 C:\\xampp\\htdocs\\Laravel Projects\\GSF\\vendor\\laravel\\framework\\src\\Illuminate\\Pipeline\\Pipeline.php(163): Illuminate\\Session\\Middleware\\StartSession->handle(Object(Illuminate\\Http\\Request), Object(Closure))
#28 C:\\xampp\\htdocs\\Laravel Projects\\GSF\\vendor\\laravel\\framework\\src\\Illuminate\\Routing\\Pipeline.php(53): Illuminate\\Pipeline\\Pipeline->Illuminate\\Pipeline\\{closure}(Object(Illuminate\\Http\\Request))
#29 C:\\xampp\\htdocs\\Laravel Projects\\GSF\\vendor\\laravel\\framework\\src\\Illuminate\\Cookie\\Middleware\\AddQueuedCookiesToResponse.php(37): Illuminate\\Routing\\Pipeline->Illuminate\\Routing\\{closure}(Object(Illuminate\\Http\\Request))
#30 C:\\xampp\\htdocs\\Laravel Projects\\GSF\\vendor\\laravel\\framework\\src\\Illuminate\\Pipeline\\Pipeline.php(163): Illuminate\\Cookie\\Middleware\\AddQueuedCookiesToResponse->handle(Object(Illuminate\\Http\\Request), Object(Closure))
#31 C:\\xampp\\htdocs\\Laravel Projects\\GSF\\vendor\\laravel\\framework\\src\\Illuminate\\Routing\\Pipeline.php(53): Illuminate\\Pipeline\\Pipeline->Illuminate\\Pipeline\\{closure}(Object(Illuminate\\Http\\Request))
#32 C:\\xampp\\htdocs\\Laravel Projects\\GSF\\vendor\\laravel\\framework\\src\\Illuminate\\Cookie\\Middleware\\EncryptCookies.php(66): Illuminate\\Routing\\Pipeline->Illuminate\\Routing\\{closure}(Object(Illuminate\\Http\\Request))
#33 C:\\xampp\\htdocs\\Laravel Projects\\GSF\\vendor\\laravel\\framework\\src\\Illuminate\\Pipeline\\Pipeline.php(163): Illuminate\\Cookie\\Middleware\\EncryptCookies->handle(Object(Illuminate\\Http\\Request), Object(Closure))
#34 C:\\xampp\\htdocs\\Laravel Projects\\GSF\\vendor\\laravel\\framework\\src\\Illuminate\\Routing\\Pipeline.php(53): Illuminate\\Pipeline\\Pipeline->Illuminate\\Pipeline\\{closure}(Object(Illuminate\\Http\\Request))
#35 C:\\xampp\\htdocs\\Laravel Projects\\GSF\\vendor\\laravel\\framework\\src\\Illuminate\\Pipeline\\Pipeline.php(104): Illuminate\\Routing\\Pipeline->Illuminate\\Routing\\{closure}(Object(Illuminate\\Http\\Request))
#36 C:\\xampp\\htdocs\\Laravel Projects\\GSF\\vendor\\laravel\\framework\\src\\Illuminate\\Routing\\Router.php(682): Illuminate\\Pipeline\\Pipeline->then(Object(Closure))
#37 C:\\xampp\\htdocs\\Laravel Projects\\GSF\\vendor\\laravel\\framework\\src\\Illuminate\\Routing\\Router.php(657): Illuminate\\Routing\\Router->runRouteWithinStack(Object(Illuminate\\Routing\\Route), Object(Illuminate\\Http\\Request))
#38 C:\\xampp\\htdocs\\Laravel Projects\\GSF\\vendor\\laravel\\framework\\src\\Illuminate\\Routing\\Router.php(623): Illuminate\\Routing\\Router->runRoute(Object(Illuminate\\Http\\Request), Object(Illuminate\\Routing\\Route))
#39 C:\\xampp\\htdocs\\Laravel Projects\\GSF\\vendor\\laravel\\framework\\src\\Illuminate\\Routing\\Router.php(612): Illuminate\\Routing\\Router->dispatchToRoute(Object(Illuminate\\Http\\Request))
#40 C:\\xampp\\htdocs\\Laravel Projects\\GSF\\vendor\\laravel\\framework\\src\\Illuminate\\Foundation\\Http\\Kernel.php(176): Illuminate\\Routing\\Router->dispatch(Object(Illuminate\\Http\\Request))
#41 C:\\xampp\\htdocs\\Laravel Projects\\GSF\\vendor\\laravel\\framework\\src\\Illuminate\\Routing\\Pipeline.php(30): Illuminate\\Foundation\\Http\\Kernel->Illuminate\\Foundation\\Http\\{closure}(Object(Illuminate\\Http\\Request))
#42 C:\\xampp\\htdocs\\Laravel Projects\\GSF\\vendor\\fideloper\\proxy\\src\\TrustProxies.php(57): Illuminate\\Routing\\Pipeline->Illuminate\\Routing\\{closure}(Object(Illuminate\\Http\\Request))
#43 C:\\xampp\\htdocs\\Laravel Projects\\GSF\\vendor\\laravel\\framework\\src\\Illuminate\\Pipeline\\Pipeline.php(163): Fideloper\\Proxy\\TrustProxies->handle(Object(Illuminate\\Http\\Request), Object(Closure))
#44 C:\\xampp\\htdocs\\Laravel Projects\\GSF\\vendor\\laravel\\framework\\src\\Illuminate\\Routing\\Pipeline.php(53): Illuminate\\Pipeline\\Pipeline->Illuminate\\Pipeline\\{closure}(Object(Illuminate\\Http\\Request))
#45 C:\\xampp\\htdocs\\Laravel Projects\\GSF\\vendor\\laravel\\framework\\src\\Illuminate\\Foundation\\Http\\Middleware\\TransformsRequest.php(21): Illuminate\\Routing\\Pipeline->Illuminate\\Routing\\{closure}(Object(Illuminate\\Http\\Request))
#46 C:\\xampp\\htdocs\\Laravel Projects\\GSF\\vendor\\laravel\\framework\\src\\Illuminate\\Pipeline\\Pipeline.php(163): Illuminate\\Foundation\\Http\\Middleware\\TransformsRequest->handle(Object(Illuminate\\Http\\Request), Object(Closure))
#47 C:\\xampp\\htdocs\\Laravel Projects\\GSF\\vendor\\laravel\\framework\\src\\Illuminate\\Routing\\Pipeline.php(53): Illuminate\\Pipeline\\Pipeline->Illuminate\\Pipeline\\{closure}(Object(Illuminate\\Http\\Request))
#48 C:\\xampp\\htdocs\\Laravel Projects\\GSF\\vendor\\laravel\\framework\\src\\Illuminate\\Foundation\\Http\\Middleware\\TransformsRequest.php(21): Illuminate\\Routing\\Pipeline->Illuminate\\Routing\\{closure}(Object(Illuminate\\Http\\Request))
#49 C:\\xampp\\htdocs\\Laravel Projects\\GSF\\vendor\\laravel\\framework\\src\\Illuminate\\Pipeline\\Pipeline.php(163): Illuminate\\Foundation\\Http\\Middleware\\TransformsRequest->handle(Object(Illuminate\\Http\\Request), Object(Closure))
#50 C:\\xampp\\htdocs\\Laravel Projects\\GSF\\vendor\\laravel\\framework\\src\\Illuminate\\Routing\\Pipeline.php(53): Illuminate\\Pipeline\\Pipeline->Illuminate\\Pipeline\\{closure}(Object(Illuminate\\Http\\Request))
#51 C:\\xampp\\htdocs\\Laravel Projects\\GSF\\vendor\\laravel\\framework\\src\\Illuminate\\Foundation\\Http\\Middleware\\ValidatePostSize.php(27): Illuminate\\Routing\\Pipeline->Illuminate\\Routing\\{closure}(Object(Illuminate\\Http\\Request))
#52 C:\\xampp\\htdocs\\Laravel Projects\\GSF\\vendor\\laravel\\framework\\src\\Illuminate\\Pipeline\\Pipeline.php(163): Illuminate\\Foundation\\Http\\Middleware\\ValidatePostSize->handle(Object(Illuminate\\Http\\Request), Object(Closure))
#53 C:\\xampp\\htdocs\\Laravel Projects\\GSF\\vendor\\laravel\\framework\\src\\Illuminate\\Routing\\Pipeline.php(53): Illuminate\\Pipeline\\Pipeline->Illuminate\\Pipeline\\{closure}(Object(Illuminate\\Http\\Request))
#54 C:\\xampp\\htdocs\\Laravel Projects\\GSF\\vendor\\laravel\\framework\\src\\Illuminate\\Foundation\\Http\\Middleware\\CheckForMaintenanceMode.php(62): Illuminate\\Routing\\Pipeline->Illuminate\\Routing\\{closure}(Object(Illuminate\\Http\\Request))
#55 C:\\xampp\\htdocs\\Laravel Projects\\GSF\\vendor\\laravel\\framework\\src\\Illuminate\\Pipeline\\Pipeline.php(163): Illuminate\\Foundation\\Http\\Middleware\\CheckForMaintenanceMode->handle(Object(Illuminate\\Http\\Request), Object(Closure))
#56 C:\\xampp\\htdocs\\Laravel Projects\\GSF\\vendor\\laravel\\framework\\src\\Illuminate\\Routing\\Pipeline.php(53): Illuminate\\Pipeline\\Pipeline->Illuminate\\Pipeline\\{closure}(Object(Illuminate\\Http\\Request))
#57 C:\\xampp\\htdocs\\Laravel Projects\\GSF\\vendor\\laravel\\framework\\src\\Illuminate\\Pipeline\\Pipeline.php(104): Illuminate\\Routing\\Pipeline->Illuminate\\Routing\\{closure}(Object(Illuminate\\Http\\Request))
#58 C:\\xampp\\htdocs\\Laravel Projects\\GSF\\vendor\\laravel\\framework\\src\\Illuminate\\Foundation\\Http\\Kernel.php(151): Illuminate\\Pipeline\\Pipeline->then(Object(Closure))
#59 C:\\xampp\\htdocs\\Laravel Projects\\GSF\\vendor\\laravel\\framework\\src\\Illuminate\\Foundation\\Http\\Kernel.php(116): Illuminate\\Foundation\\Http\\Kernel->sendRequestThroughRouter(Object(Illuminate\\Http\\Request))
#60 C:\\xampp\\htdocs\\Laravel Projects\\GSF\\public\\index.php(55): Illuminate\\Foundation\\Http\\Kernel->handle(Object(Illuminate\\Http\\Request))
#61 C:\\xampp\\htdocs\\Laravel Projects\\GSF\\server.php(21): require_once('C:\\\\xampp\\\\htdocs...')
#62 {main}
"} 
[2021-01-25 16:31:37] local.ERROR: syntax error, unexpected 'Route' (T_STRING) {"exception":"[object] (Symfony\\Component\\Debug\\Exception\\FatalThrowableError(code: 0): syntax error, unexpected 'Route' (T_STRING) at C:\\xampp\\htdocs\\Laravel Projects\\GSF\outes\\web.php:44)
[stacktrace]
#0 C:\\xampp\\htdocs\\Laravel Projects\\GSF\\vendor\\laravel\\framework\\src\\Illuminate\\Routing\\Router.php(415): Illuminate\\Routing\\RouteFileRegistrar->register('C:\\\\xampp\\\\htdocs...')
#1 C:\\xampp\\htdocs\\Laravel Projects\\GSF\\vendor\\laravel\\framework\\src\\Illuminate\\Routing\\Router.php(373): Illuminate\\Routing\\Router->loadRoutes('C:\\\\xampp\\\\htdocs...')
#2 C:\\xampp\\htdocs\\Laravel Projects\\GSF\\vendor\\laravel\\framework\\src\\Illuminate\\Routing\\RouteRegistrar.php(121): Illuminate\\Routing\\Router->group(Array, 'C:\\\\xampp\\\\htdocs...')
#3 C:\\xampp\\htdocs\\Laravel Projects\\GSF\\app\\Providers\\RouteServiceProvider.php(56): Illuminate\\Routing\\RouteRegistrar->group('C:\\\\xampp\\\\htdocs...')
#4 C:\\xampp\\htdocs\\Laravel Projects\\GSF\\app\\Providers\\RouteServiceProvider.php(40): App\\Providers\\RouteServiceProvider->mapWebRoutes()
#5 [internal function]: App\\Providers\\RouteServiceProvider->map()
#6 C:\\xampp\\htdocs\\Laravel Projects\\GSF\\vendor\\laravel\\framework\\src\\Illuminate\\Container\\BoundMethod.php(32): call_user_func_array(Array, Array)
#7 C:\\xampp\\htdocs\\Laravel Projects\\GSF\\vendor\\laravel\\framework\\src\\Illuminate\\Container\\BoundMethod.php(90): Illuminate\\Container\\BoundMethod::Illuminate\\Container\\{closure}()
#8 C:\\xampp\\htdocs\\Laravel Projects\\GSF\\vendor\\laravel\\framework\\src\\Illuminate\\Container\\BoundMethod.php(34): Illuminate\\Container\\BoundMethod::callBoundMethod(Object(Illuminate\\Foundation\\Application), Array, Object(Closure))
#9 C:\\xampp\\htdocs\\Laravel Projects\\GSF\\vendor\\laravel\\framework\\src\\Illuminate\\Container\\Container.php(576): Illuminate\\Container\\BoundMethod::call(Object(Illuminate\\Foundation\\Application), Array, Array, NULL)
#10 C:\\xampp\\htdocs\\Laravel Projects\\GSF\\vendor\\laravel\\framework\\src\\Illuminate\\Foundation\\Support\\Providers\\RouteServiceProvider.php(87): Illuminate\\Container\\Container->call(Array)
#11 C:\\xampp\\htdocs\\Laravel Projects\\GSF\\vendor\\laravel\\framework\\src\\Illuminate\\Foundation\\Support\\Providers\\RouteServiceProvider.php(36): Illuminate\\Foundation\\Support\\Providers\\RouteServiceProvider->loadRoutes()
#12 C:\\xampp\\htdocs\\Laravel Projects\\GSF\\app\\Providers\\RouteServiceProvider.php(28): Illuminate\\Foundation\\Support\\Providers\\RouteServiceProvider->boot()
#13 [internal function]: App\\Providers\\RouteServiceProvider->boot()
#14 C:\\xampp\\htdocs\\Laravel Projects\\GSF\\vendor\\laravel\\framework\\src\\Illuminate\\Container\\BoundMethod.php(32): call_user_func_array(Array, Array)
#15 C:\\xampp\\htdocs\\Laravel Projects\\GSF\\vendor\\laravel\\framework\\src\\Illuminate\\Container\\BoundMethod.php(90): Illuminate\\Container\\BoundMethod::Illuminate\\Container\\{closure}()
#16 C:\\xampp\\htdocs\\Laravel Projects\\GSF\\vendor\\laravel\\framework\\src\\Illuminate\\Container\\BoundMethod.php(34): Illuminate\\Container\\BoundMethod::callBoundMethod(Object(Illuminate\\Foundation\\Application), Array, Object(Closure))
#17 C:\\xampp\\htdocs\\Laravel Projects\\GSF\\vendor\\laravel\\framework\\src\\Illuminate\\Container\\Container.php(576): Illuminate\\Container\\BoundMethod::call(Object(Illuminate\\Foundation\\Application), Array, Array, NULL)
#18 C:\\xampp\\htdocs\\Laravel Projects\\GSF\\vendor\\laravel\\framework\\src\\Illuminate\\Foundation\\Application.php(827): Illuminate\\Container\\Container->call(Array)
#19 C:\\xampp\\htdocs\\Laravel Projects\\GSF\\vendor\\laravel\\framework\\src\\Illuminate\\Foundation\\Application.php(810): Illuminate\\Foundation\\Application->bootProvider(Object(App\\Providers\\RouteServiceProvider))
#20 [internal function]: Illuminate\\Foundation\\Application->Illuminate\\Foundation\\{closure}(Object(App\\Providers\\RouteServiceProvider), 24)
#21 C:\\xampp\\htdocs\\Laravel Projects\\GSF\\vendor\\laravel\\framework\\src\\Illuminate\\Foundation\\Application.php(811): array_walk(Array, Object(Closure))
#22 C:\\xampp\\htdocs\\Laravel Projects\\GSF\\vendor\\laravel\\framework\\src\\Illuminate\\Foundation\\Bootstrap\\BootProviders.php(17): Illuminate\\Foundation\\Application->boot()
#23 C:\\xampp\\htdocs\\Laravel Projects\\GSF\\vendor\\laravel\\framework\\src\\Illuminate\\Foundation\\Application.php(210): Illuminate\\Foundation\\Bootstrap\\BootProviders->bootstrap(Object(Illuminate\\Foundation\\Application))
#24 C:\\xampp\\htdocs\\Laravel Projects\\GSF\\vendor\\laravel\\framework\\src\\Illuminate\\Foundation\\Http\\Kernel.php(162): Illuminate\\Foundation\\Application->bootstrapWith(Array)
#25 C:\\xampp\\htdocs\\Laravel Projects\\GSF\\vendor\\laravel\\framework\\src\\Illuminate\\Foundation\\Http\\Kernel.php(146): Illuminate\\Foundation\\Http\\Kernel->bootstrap()
#26 C:\\xampp\\htdocs\\Laravel Projects\\GSF\\vendor\\laravel\\framework\\src\\Illuminate\\Foundation\\Http\\Kernel.php(116): Illuminate\\Foundation\\Http\\Kernel->sendRequestThroughRouter(Object(Illuminate\\Http\\Request))
#27 C:\\xampp\\htdocs\\Laravel Projects\\GSF\\public\\index.php(55): Illuminate\\Foundation\\Http\\Kernel->handle(Object(Illuminate\\Http\\Request))
#28 C:\\xampp\\htdocs\\Laravel Projects\\GSF\\server.php(21): require_once('C:\\\\xampp\\\\htdocs...')
#29 {main}
"} 
[2021-01-25 20:17:39] local.ERROR: SQLSTATE[42S22]: Column not found: 1054 Unknown column 'conference_theme' in 'field list' (SQL: update `settings` set `conference_theme` = ABOVE ONLY, `text_post_value` = davedeloper@gmail.com, `conference_overview` = ?, `settings`.`updated_at` = 2021-01-25 20:17:39 where `id` = 1) {"userId":15,"exception":"[object] (Illuminate\\Database\\QueryException(code: 42S22): SQLSTATE[42S22]: Column not found: 1054 Unknown column 'conference_theme' in 'field list' (SQL: update `settings` set `conference_theme` = ABOVE ONLY, `text_post_value` = davedeloper@gmail.com, `conference_overview` = ?, `settings`.`updated_at` = 2021-01-25 20:17:39 where `id` = 1) at C:\\xampp\\htdocs\\Laravel Projects\\GSF\\vendor\\laravel\\framework\\src\\Illuminate\\Database\\Connection.php:664, PDOException(code: 42S22): SQLSTATE[42S22]: Column not found: 1054 Unknown column 'conference_theme' in 'field list' at C:\\xampp\\htdocs\\Laravel Projects\\GSF\\vendor\\laravel\\framework\\src\\Illuminate\\Database\\Connection.php:479)
[stacktrace]
#0 C:\\xampp\\htdocs\\Laravel Projects\\GSF\\vendor\\laravel\\framework\\src\\Illuminate\\Database\\Connection.php(624): Illuminate\\Database\\Connection->runQueryCallback('update `setting...', Array, Object(Closure))
#1 C:\\xampp\\htdocs\\Laravel Projects\\GSF\\vendor\\laravel\\framework\\src\\Illuminate\\Database\\Connection.php(490): Illuminate\\Database\\Connection->run('update `setting...', Array, Object(Closure))
#2 C:\\xampp\\htdocs\\Laravel Projects\\GSF\\vendor\\laravel\\framework\\src\\Illuminate\\Database\\Connection.php(423): Illuminate\\Database\\Connection->affectingStatement('update `setting...', Array)
#3 C:\\xampp\\htdocs\\Laravel Projects\\GSF\\vendor\\laravel\\framework\\src\\Illuminate\\Database\\Query\\Builder.php(2721): Illuminate\\Database\\Connection->update('update `setting...', Array)
#4 C:\\xampp\\htdocs\\Laravel Projects\\GSF\\vendor\\laravel\\framework\\src\\Illuminate\\Database\\Eloquent\\Builder.php(820): Illuminate\\Database\\Query\\Builder->update(Array)
#5 C:\\xampp\\htdocs\\Laravel Projects\\GSF\\vendor\\laravel\\framework\\src\\Illuminate\\Database\\Eloquent\\Model.php(745): Illuminate\\Database\\Eloquent\\Builder->update(Array)
#6 C:\\xampp\\htdocs\\Laravel Projects\\GSF\\vendor\\laravel\\framework\\src\\Illuminate\\Database\\Eloquent\\Model.php(660): Illuminate\\Database\\Eloquent\\Model->performUpdate(Object(Illuminate\\Database\\Eloquent\\Builder))
#7 C:\\xampp\\htdocs\\Laravel Projects\\GSF\\vendor\\laravel\\framework\\src\\Illuminate\\Database\\Eloquent\\Model.php(607): Illuminate\\Database\\Eloquent\\Model->save(Array)
#8 C:\\xampp\\htdocs\\Laravel Projects\\GSF\\app\\Http\\Controllers\\SettingController.php(25): Illuminate\\Database\\Eloquent\\Model->update(Array)
#9 [internal function]: App\\Http\\Controllers\\SettingController->update(Object(Illuminate\\Http\\Request), Object(App\\Setting))
#10 C:\\xampp\\htdocs\\Laravel Projects\\GSF\\vendor\\laravel\\framework\\src\\Illuminate\\Routing\\Controller.php(54): call_user_func_array(Array, Array)
#11 C:\\xampp\\htdocs\\Laravel Projects\\GSF\\vendor\\laravel\\framework\\src\\Illuminate\\Routing\\ControllerDispatcher.php(45): Illuminate\\Routing\\Controller->callAction('update', Array)
#12 C:\\xampp\\htdocs\\Laravel Projects\\GSF\\vendor\\laravel\\framework\\src\\Illuminate\\Routing\\Route.php(219): Illuminate\\Routing\\ControllerDispatcher->dispatch(Object(Illuminate\\Routing\\Route), Object(App\\Http\\Controllers\\SettingController), 'update')
#13 C:\\xampp\\htdocs\\Laravel Projects\\GSF\\vendor\\laravel\\framework\\src\\Illuminate\\Routing\\Route.php(176): Illuminate\\Routing\\Route->runController()
#14 C:\\xampp\\htdocs\\Laravel Projects\\GSF\\vendor\\laravel\\framework\\src\\Illuminate\\Routing\\Router.php(680): Illuminate\\Routing\\Route->run()
#15 C:\\xampp\\htdocs\\Laravel Projects\\GSF\\vendor\\laravel\\framework\\src\\Illuminate\\Routing\\Pipeline.php(30): Illuminate\\Routing\\Router->Illuminate\\Routing\\{closure}(Object(Illuminate\\Http\\Request))
#16 C:\\xampp\\htdocs\\Laravel Projects\\GSF\\app\\Http\\Middleware\\SwitchUser.php(22): Illuminate\\Routing\\Pipeline->Illuminate\\Routing\\{closure}(Object(Illuminate\\Http\\Request))
#17 C:\\xampp\\htdocs\\Laravel Projects\\GSF\\vendor\\laravel\\framework\\src\\Illuminate\\Pipeline\\Pipeline.php(163): App\\Http\\Middleware\\SwitchUser->handle(Object(Illuminate\\Http\\Request), Object(Closure))
#18 C:\\xampp\\htdocs\\Laravel Projects\\GSF\\vendor\\laravel\\framework\\src\\Illuminate\\Routing\\Pipeline.php(53): Illuminate\\Pipeline\\Pipeline->Illuminate\\Pipeline\\{closure}(Object(Illuminate\\Http\\Request))
#19 C:\\xampp\\htdocs\\Laravel Projects\\GSF\\vendor\\laravel\\framework\\src\\Illuminate\\Routing\\Middleware\\SubstituteBindings.php(41): Illuminate\\Routing\\Pipeline->Illuminate\\Routing\\{closure}(Object(Illuminate\\Http\\Request))
#20 C:\\xampp\\htdocs\\Laravel Projects\\GSF\\vendor\\laravel\\framework\\src\\Illuminate\\Pipeline\\Pipeline.php(163): Illuminate\\Routing\\Middleware\\SubstituteBindings->handle(Object(Illuminate\\Http\\Request), Object(Closure))
#21 C:\\xampp\\htdocs\\Laravel Projects\\GSF\\vendor\\laravel\\framework\\src\\Illuminate\\Routing\\Pipeline.php(53): Illuminate\\Pipeline\\Pipeline->Illuminate\\Pipeline\\{closure}(Object(Illuminate\\Http\\Request))
#22 C:\\xampp\\htdocs\\Laravel Projects\\GSF\\vendor\\laravel\\framework\\src\\Illuminate\\Auth\\Middleware\\Authenticate.php(43): Illuminate\\Routing\\Pipeline->Illuminate\\Routing\\{closure}(Object(Illuminate\\Http\\Request))
#23 C:\\xampp\\htdocs\\Laravel Projects\\GSF\\vendor\\laravel\\framework\\src\\Illuminate\\Pipeline\\Pipeline.php(163): Illuminate\\Auth\\Middleware\\Authenticate->handle(Object(Illuminate\\Http\\Request), Object(Closure))
#24 C:\\xampp\\htdocs\\Laravel Projects\\GSF\\vendor\\laravel\\framework\\src\\Illuminate\\Routing\\Pipeline.php(53): Illuminate\\Pipeline\\Pipeline->Illuminate\\Pipeline\\{closure}(Object(Illuminate\\Http\\Request))
#25 C:\\xampp\\htdocs\\Laravel Projects\\GSF\\vendor\\laravel\\framework\\src\\Illuminate\\Foundation\\Http\\Middleware\\VerifyCsrfToken.php(75): Illuminate\\Routing\\Pipeline->Illuminate\\Routing\\{closure}(Object(Illuminate\\Http\\Request))
#26 C:\\xampp\\htdocs\\Laravel Projects\\GSF\\vendor\\laravel\\framework\\src\\Illuminate\\Pipeline\\Pipeline.php(163): Illuminate\\Foundation\\Http\\Middleware\\VerifyCsrfToken->handle(Object(Illuminate\\Http\\Request), Object(Closure))
#27 C:\\xampp\\htdocs\\Laravel Projects\\GSF\\vendor\\laravel\\framework\\src\\Illuminate\\Routing\\Pipeline.php(53): Illuminate\\Pipeline\\Pipeline->Illuminate\\Pipeline\\{closure}(Object(Illuminate\\Http\\Request))
#28 C:\\xampp\\htdocs\\Laravel Projects\\GSF\\vendor\\laravel\\framework\\src\\Illuminate\\View\\Middleware\\ShareErrorsFromSession.php(49): Illuminate\\Routing\\Pipeline->Illuminate\\Routing\\{closure}(Object(Illuminate\\Http\\Request))
#29 C:\\xampp\\htdocs\\Laravel Projects\\GSF\\vendor\\laravel\\framework\\src\\Illuminate\\Pipeline\\Pipeline.php(163): Illuminate\\View\\Middleware\\ShareErrorsFromSession->handle(Object(Illuminate\\Http\\Request), Object(Closure))
#30 C:\\xampp\\htdocs\\Laravel Projects\\GSF\\vendor\\laravel\\framework\\src\\Illuminate\\Routing\\Pipeline.php(53): Illuminate\\Pipeline\\Pipeline->Illuminate\\Pipeline\\{closure}(Object(Illuminate\\Http\\Request))
#31 C:\\xampp\\htdocs\\Laravel Projects\\GSF\\vendor\\laravel\\framework\\src\\Illuminate\\Session\\Middleware\\StartSession.php(56): Illuminate\\Routing\\Pipeline->Illuminate\\Routing\\{closure}(Object(Illuminate\\Http\\Request))
#32 C:\\xampp\\htdocs\\Laravel Projects\\GSF\\vendor\\laravel\\framework\\src\\Illuminate\\Pipeline\\Pipeline.php(163): Illuminate\\Session\\Middleware\\StartSession->handle(Object(Illuminate\\Http\\Request), Object(Closure))
#33 C:\\xampp\\htdocs\\Laravel Projects\\GSF\\vendor\\laravel\\framework\\src\\Illuminate\\Routing\\Pipeline.php(53): Illuminate\\Pipeline\\Pipeline->Illuminate\\Pipeline\\{closure}(Object(Illuminate\\Http\\Request))
#34 C:\\xampp\\htdocs\\Laravel Projects\\GSF\\vendor\\laravel\\framework\\src\\Illuminate\\Cookie\\Middleware\\AddQueuedCookiesToResponse.php(37): Illuminate\\Routing\\Pipeline->Illuminate\\Routing\\{closure}(Object(Illuminate\\Http\\Request))
#35 C:\\xampp\\htdocs\\Laravel Projects\\GSF\\vendor\\laravel\\framework\\src\\Illuminate\\Pipeline\\Pipeline.php(163): Illuminate\\Cookie\\Middleware\\AddQueuedCookiesToResponse->handle(Object(Illuminate\\Http\\Request), Object(Closure))
#36 C:\\xampp\\htdocs\\Laravel Projects\\GSF\\vendor\\laravel\\framework\\src\\Illuminate\\Routing\\Pipeline.php(53): Illuminate\\Pipeline\\Pipeline->Illuminate\\Pipeline\\{closure}(Object(Illuminate\\Http\\Request))
#37 C:\\xampp\\htdocs\\Laravel Projects\\GSF\\vendor\\laravel\\framework\\src\\Illuminate\\Cookie\\Middleware\\EncryptCookies.php(66): Illuminate\\Routing\\Pipeline->Illuminate\\Routing\\{closure}(Object(Illuminate\\Http\\Request))
#38 C:\\xampp\\htdocs\\Laravel Projects\\GSF\\vendor\\laravel\\framework\\src\\Illuminate\\Pipeline\\Pipeline.php(163): Illuminate\\Cookie\\Middleware\\EncryptCookies->handle(Object(Illuminate\\Http\\Request), Object(Closure))
#39 C:\\xampp\\htdocs\\Laravel Projects\\GSF\\vendor\\laravel\\framework\\src\\Illuminate\\Routing\\Pipeline.php(53): Illuminate\\Pipeline\\Pipeline->Illuminate\\Pipeline\\{closure}(Object(Illuminate\\Http\\Request))
#40 C:\\xampp\\htdocs\\Laravel Projects\\GSF\\vendor\\laravel\\framework\\src\\Illuminate\\Pipeline\\Pipeline.php(104): Illuminate\\Routing\\Pipeline->Illuminate\\Routing\\{closure}(Object(Illuminate\\Http\\Request))
#41 C:\\xampp\\htdocs\\Laravel Projects\\GSF\\vendor\\laravel\\framework\\src\\Illuminate\\Routing\\Router.php(682): Illuminate\\Pipeline\\Pipeline->then(Object(Closure))
#42 C:\\xampp\\htdocs\\Laravel Projects\\GSF\\vendor\\laravel\\framework\\src\\Illuminate\\Routing\\Router.php(657): Illuminate\\Routing\\Router->runRouteWithinStack(Object(Illuminate\\Routing\\Route), Object(Illuminate\\Http\\Request))
#43 C:\\xampp\\htdocs\\Laravel Projects\\GSF\\vendor\\laravel\\framework\\src\\Illuminate\\Routing\\Router.php(623): Illuminate\\Routing\\Router->runRoute(Object(Illuminate\\Http\\Request), Object(Illuminate\\Routing\\Route))
#44 C:\\xampp\\htdocs\\Laravel Projects\\GSF\\vendor\\laravel\\framework\\src\\Illuminate\\Routing\\Router.php(612): Illuminate\\Routing\\Router->dispatchToRoute(Object(Illuminate\\Http\\Request))
#45 C:\\xampp\\htdocs\\Laravel Projects\\GSF\\vendor\\laravel\\framework\\src\\Illuminate\\Foundation\\Http\\Kernel.php(176): Illuminate\\Routing\\Router->dispatch(Object(Illuminate\\Http\\Request))
#46 C:\\xampp\\htdocs\\Laravel Projects\\GSF\\vendor\\laravel\\framework\\src\\Illuminate\\Routing\\Pipeline.php(30): Illuminate\\Foundation\\Http\\Kernel->Illuminate\\Foundation\\Http\\{closure}(Object(Illuminate\\Http\\Request))
#47 C:\\xampp\\htdocs\\Laravel Projects\\GSF\\vendor\\fideloper\\proxy\\src\\TrustProxies.php(57): Illuminate\\Routing\\Pipeline->Illuminate\\Routing\\{closure}(Object(Illuminate\\Http\\Request))
#48 C:\\xampp\\htdocs\\Laravel Projects\\GSF\\vendor\\laravel\\framework\\src\\Illuminate\\Pipeline\\Pipeline.php(163): Fideloper\\Proxy\\TrustProxies->handle(Object(Illuminate\\Http\\Request), Object(Closure))
#49 C:\\xampp\\htdocs\\Laravel Projects\\GSF\\vendor\\laravel\\framework\\src\\Illuminate\\Routing\\Pipeline.php(53): Illuminate\\Pipeline\\Pipeline->Illuminate\\Pipeline\\{closure}(Object(Illuminate\\Http\\Request))
#50 C:\\xampp\\htdocs\\Laravel Projects\\GSF\\vendor\\laravel\\framework\\src\\Illuminate\\Foundation\\Http\\Middleware\\TransformsRequest.php(21): Illuminate\\Routing\\Pipeline->Illuminate\\Routing\\{closure}(Object(Illuminate\\Http\\Request))
#51 C:\\xampp\\htdocs\\Laravel Projects\\GSF\\vendor\\laravel\\framework\\src\\Illuminate\\Pipeline\\Pipeline.php(163): Illuminate\\Foundation\\Http\\Middleware\\TransformsRequest->handle(Object(Illuminate\\Http\\Request), Object(Closure))
#52 C:\\xampp\\htdocs\\Laravel Projects\\GSF\\vendor\\laravel\\framework\\src\\Illuminate\\Routing\\Pipeline.php(53): Illuminate\\Pipeline\\Pipeline->Illuminate\\Pipeline\\{closure}(Object(Illuminate\\Http\\Request))
#53 C:\\xampp\\htdocs\\Laravel Projects\\GSF\\vendor\\laravel\\framework\\src\\Illuminate\\Foundation\\Http\\Middleware\\TransformsRequest.php(21): Illuminate\\Routing\\Pipeline->Illuminate\\Routing\\{closure}(Object(Illuminate\\Http\\Request))
#54 C:\\xampp\\htdocs\\Laravel Projects\\GSF\\vendor\\laravel\\framework\\src\\Illuminate\\Pipeline\\Pipeline.php(163): Illuminate\\Foundation\\Http\\Middleware\\TransformsRequest->handle(Object(Illuminate\\Http\\Request), Object(Closure))
#55 C:\\xampp\\htdocs\\Laravel Projects\\GSF\\vendor\\laravel\\framework\\src\\Illuminate\\Routing\\Pipeline.php(53): Illuminate\\Pipeline\\Pipeline->Illuminate\\Pipeline\\{closure}(Object(Illuminate\\Http\\Request))
#56 C:\\xampp\\htdocs\\Laravel Projects\\GSF\\vendor\\laravel\\framework\\src\\Illuminate\\Foundation\\Http\\Middleware\\ValidatePostSize.php(27): Illuminate\\Routing\\Pipeline->Illuminate\\Routing\\{closure}(Object(Illuminate\\Http\\Request))
#57 C:\\xampp\\htdocs\\Laravel Projects\\GSF\\vendor\\laravel\\framework\\src\\Illuminate\\Pipeline\\Pipeline.php(163): Illuminate\\Foundation\\Http\\Middleware\\ValidatePostSize->handle(Object(Illuminate\\Http\\Request), Object(Closure))
#58 C:\\xampp\\htdocs\\Laravel Projects\\GSF\\vendor\\laravel\\framework\\src\\Illuminate\\Routing\\Pipeline.php(53): Illuminate\\Pipeline\\Pipeline->Illuminate\\Pipeline\\{closure}(Object(Illuminate\\Http\\Request))
#59 C:\\xampp\\htdocs\\Laravel Projects\\GSF\\vendor\\laravel\\framework\\src\\Illuminate\\Foundation\\Http\\Middleware\\CheckForMaintenanceMode.php(62): Illuminate\\Routing\\Pipeline->Illuminate\\Routing\\{closure}(Object(Illuminate\\Http\\Request))
#60 C:\\xampp\\htdocs\\Laravel Projects\\GSF\\vendor\\laravel\\framework\\src\\Illuminate\\Pipeline\\Pipeline.php(163): Illuminate\\Foundation\\Http\\Middleware\\CheckForMaintenanceMode->handle(Object(Illuminate\\Http\\Request), Object(Closure))
#61 C:\\xampp\\htdocs\\Laravel Projects\\GSF\\vendor\\laravel\\framework\\src\\Illuminate\\Routing\\Pipeline.php(53): Illuminate\\Pipeline\\Pipeline->Illuminate\\Pipeline\\{closure}(Object(Illuminate\\Http\\Request))
#62 C:\\xampp\\htdocs\\Laravel Projects\\GSF\\vendor\\laravel\\framework\\src\\Illuminate\\Pipeline\\Pipeline.php(104): Illuminate\\Routing\\Pipeline->Illuminate\\Routing\\{closure}(Object(Illuminate\\Http\\Request))
#63 C:\\xampp\\htdocs\\Laravel Projects\\GSF\\vendor\\laravel\\framework\\src\\Illuminate\\Foundation\\Http\\Kernel.php(151): Illuminate\\Pipeline\\Pipeline->then(Object(Closure))
#64 C:\\xampp\\htdocs\\Laravel Projects\\GSF\\vendor\\laravel\\framework\\src\\Illuminate\\Foundation\\Http\\Kernel.php(116): Illuminate\\Foundation\\Http\\Kernel->sendRequestThroughRouter(Object(Illuminate\\Http\\Request))
#65 C:\\xampp\\htdocs\\Laravel Projects\\GSF\\public\\index.php(55): Illuminate\\Foundation\\Http\\Kernel->handle(Object(Illuminate\\Http\\Request))
#66 C:\\xampp\\htdocs\\Laravel Projects\\GSF\\server.php(21): require_once('C:\\\\xampp\\\\htdocs...')
#67 {main}
"} 
[2021-01-25 20:18:09] local.ERROR: SQLSTATE[22001]: String data, right truncated: 1406 Data too long for column 'conference_overview' at row 1 (SQL: insert into `settings` (`registration_fee`, `official_email`, `alumni_fee`, `start_date`, `end_date`, `conference_theme`, `conference_overview`, `updated_at`, `created_at`) values (2000, davedeloper@gmail.com, 2500, 2021-01-25 20:18:09, 2021-01-25 20:18:09, ABOVE ONLY, <p>Arising from the continuous growth in key service industries of financial services and telecommunications sectors of the West Africa economies, in 2014, key customer service professionals from the region with background in service delivery in banking and telecommunications started a network of like minds educating and imparting customer service skills and training in this spheres.</p><br>

            <p>This network combined education and best practices translating to grooming of service officers and operating systems for organizations. While Nigeria and Ghana network of professionals pioneered this frontier, the network also attracted customer service practitioners from Cote D’Ivore, The Gambia and Senegal. </p>, 2021-01-25 20:18:09, 2021-01-25 20:18:09)) {"exception":"[object] (Illuminate\\Database\\QueryException(code: 22001): SQLSTATE[22001]: String data, right truncated: 1406 Data too long for column 'conference_overview' at row 1 (SQL: insert into `settings` (`registration_fee`, `official_email`, `alumni_fee`, `start_date`, `end_date`, `conference_theme`, `conference_overview`, `updated_at`, `created_at`) values (2000, davedeloper@gmail.com, 2500, 2021-01-25 20:18:09, 2021-01-25 20:18:09, ABOVE ONLY, <p>Arising from the continuous growth in key service industries of financial services and telecommunications sectors of the West Africa economies, in 2014, key customer service professionals from the region with background in service delivery in banking and telecommunications started a network of like minds educating and imparting customer service skills and training in this spheres.</p><br>

            <p>This network combined education and best practices translating to grooming of service officers and operating systems for organizations. While Nigeria and Ghana network of professionals pioneered this frontier, the network also attracted customer service practitioners from Cote D’Ivore, The Gambia and Senegal. </p>, 2021-01-25 20:18:09, 2021-01-25 20:18:09)) at C:\\xampp\\htdocs\\Laravel Projects\\GSF\\vendor\\laravel\\framework\\src\\Illuminate\\Database\\Connection.php:664, PDOException(code: 22001): SQLSTATE[22001]: String data, right truncated: 1406 Data too long for column 'conference_overview' at row 1 at C:\\xampp\\htdocs\\Laravel Projects\\GSF\\vendor\\laravel\\framework\\src\\Illuminate\\Database\\Connection.php:458)
[stacktrace]
#0 C:\\xampp\\htdocs\\Laravel Projects\\GSF\\vendor\\laravel\\framework\\src\\Illuminate\\Database\\Connection.php(624): Illuminate\\Database\\Connection->runQueryCallback('insert into `se...', Array, Object(Closure))
#1 C:\\xampp\\htdocs\\Laravel Projects\\GSF\\vendor\\laravel\\framework\\src\\Illuminate\\Database\\Connection.php(459): Illuminate\\Database\\Connection->run('insert into `se...', Array, Object(Closure))
#2 C:\\xampp\\htdocs\\Laravel Projects\\GSF\\vendor\\laravel\\framework\\src\\Illuminate\\Database\\Connection.php(411): Illuminate\\Database\\Connection->statement('insert into `se...', Array)
#3 C:\\xampp\\htdocs\\Laravel Projects\\GSF\\vendor\\laravel\\framework\\src\\Illuminate\\Database\\Query\\Processors\\Processor.php(32): Illuminate\\Database\\Connection->insert('insert into `se...', Array)
#4 C:\\xampp\\htdocs\\Laravel Projects\\GSF\\vendor\\laravel\\framework\\src\\Illuminate\\Database\\Query\\Builder.php(2690): Illuminate\\Database\\Query\\Processors\\Processor->processInsertGetId(Object(Illuminate\\Database\\Query\\Builder), 'insert into `se...', Array, 'id')
#5 C:\\xampp\\htdocs\\Laravel Projects\\GSF\\vendor\\laravel\\framework\\src\\Illuminate\\Database\\Eloquent\\Builder.php(1353): Illuminate\\Database\\Query\\Builder->insertGetId(Array, 'id')
#6 C:\\xampp\\htdocs\\Laravel Projects\\GSF\\vendor\\laravel\\framework\\src\\Illuminate\\Database\\Eloquent\\Model.php(839): Illuminate\\Database\\Eloquent\\Builder->__call('insertGetId', Array)
#7 C:\\xampp\\htdocs\\Laravel Projects\\GSF\\vendor\\laravel\\framework\\src\\Illuminate\\Database\\Eloquent\\Model.php(804): Illuminate\\Database\\Eloquent\\Model->insertAndSetId(Object(Illuminate\\Database\\Eloquent\\Builder), Array)
#8 C:\\xampp\\htdocs\\Laravel Projects\\GSF\\vendor\\laravel\\framework\\src\\Illuminate\\Database\\Eloquent\\Model.php(667): Illuminate\\Database\\Eloquent\\Model->performInsert(Object(Illuminate\\Database\\Eloquent\\Builder))
#9 C:\\xampp\\htdocs\\Laravel Projects\\GSF\\vendor\\laravel\\framework\\src\\Illuminate\\Database\\Eloquent\\Builder.php(795): Illuminate\\Database\\Eloquent\\Model->save()
#10 C:\\xampp\\htdocs\\Laravel Projects\\GSF\\vendor\\laravel\\framework\\src\\Illuminate\\Support\\helpers.php(1124): Illuminate\\Database\\Eloquent\\Builder->Illuminate\\Database\\Eloquent\\{closure}(Object(App\\Setting))
#11 C:\\xampp\\htdocs\\Laravel Projects\\GSF\\vendor\\laravel\\framework\\src\\Illuminate\\Database\\Eloquent\\Builder.php(796): tap(Object(App\\Setting), Object(Closure))
#12 C:\\xampp\\htdocs\\Laravel Projects\\GSF\\vendor\\laravel\\framework\\src\\Illuminate\\Support\\Traits\\ForwardsCalls.php(23): Illuminate\\Database\\Eloquent\\Builder->create(Array)
#13 C:\\xampp\\htdocs\\Laravel Projects\\GSF\\vendor\\laravel\\framework\\src\\Illuminate\\Database\\Eloquent\\Model.php(1618): Illuminate\\Database\\Eloquent\\Model->forwardCallTo(Object(Illuminate\\Database\\Eloquent\\Builder), 'create', Array)
#14 C:\\xampp\\htdocs\\Laravel Projects\\GSF\\vendor\\laravel\\framework\\src\\Illuminate\\Database\\Eloquent\\Model.php(1630): Illuminate\\Database\\Eloquent\\Model->__call('create', Array)
#15 C:\\xampp\\htdocs\\Laravel Projects\\GSF\\database\\seeds\\genericSeeder.php(29): Illuminate\\Database\\Eloquent\\Model::__callStatic('create', Array)
#16 [internal function]: genericSeeder->run()
#17 C:\\xampp\\htdocs\\Laravel Projects\\GSF\\vendor\\laravel\\framework\\src\\Illuminate\\Container\\BoundMethod.php(32): call_user_func_array(Array, Array)
#18 C:\\xampp\\htdocs\\Laravel Projects\\GSF\\vendor\\laravel\\framework\\src\\Illuminate\\Container\\BoundMethod.php(90): Illuminate\\Container\\BoundMethod::Illuminate\\Container\\{closure}()
#19 C:\\xampp\\htdocs\\Laravel Projects\\GSF\\vendor\\laravel\\framework\\src\\Illuminate\\Container\\BoundMethod.php(34): Illuminate\\Container\\BoundMethod::callBoundMethod(Object(Illuminate\\Foundation\\Application), Array, Object(Closure))
#20 C:\\xampp\\htdocs\\Laravel Projects\\GSF\\vendor\\laravel\\framework\\src\\Illuminate\\Container\\Container.php(576): Illuminate\\Container\\BoundMethod::call(Object(Illuminate\\Foundation\\Application), Array, Array, NULL)
#21 C:\\xampp\\htdocs\\Laravel Projects\\GSF\\vendor\\laravel\\framework\\src\\Illuminate\\Database\\Seeder.php(124): Illuminate\\Container\\Container->call(Array)
#22 C:\\xampp\\htdocs\\Laravel Projects\\GSF\\vendor\\laravel\\framework\\src\\Illuminate\\Database\\Seeder.php(44): Illuminate\\Database\\Seeder->__invoke()
#23 C:\\xampp\\htdocs\\Laravel Projects\\GSF\\database\\seeds\\DatabaseSeeder.php(14): Illuminate\\Database\\Seeder->call('genericSeeder')
#24 [internal function]: DatabaseSeeder->run()
#25 C:\\xampp\\htdocs\\Laravel Projects\\GSF\\vendor\\laravel\\framework\\src\\Illuminate\\Container\\BoundMethod.php(32): call_user_func_array(Array, Array)
#26 C:\\xampp\\htdocs\\Laravel Projects\\GSF\\vendor\\laravel\\framework\\src\\Illuminate\\Container\\BoundMethod.php(90): Illuminate\\Container\\BoundMethod::Illuminate\\Container\\{closure}()
#27 C:\\xampp\\htdocs\\Laravel Projects\\GSF\\vendor\\laravel\\framework\\src\\Illuminate\\Container\\BoundMethod.php(34): Illuminate\\Container\\BoundMethod::callBoundMethod(Object(Illuminate\\Foundation\\Application), Array, Object(Closure))
#28 C:\\xampp\\htdocs\\Laravel Projects\\GSF\\vendor\\laravel\\framework\\src\\Illuminate\\Container\\Container.php(576): Illuminate\\Container\\BoundMethod::call(Object(Illuminate\\Foundation\\Application), Array, Array, NULL)
#29 C:\\xampp\\htdocs\\Laravel Projects\\GSF\\vendor\\laravel\\framework\\src\\Illuminate\\Database\\Seeder.php(124): Illuminate\\Container\\Container->call(Array)
#30 C:\\xampp\\htdocs\\Laravel Projects\\GSF\\vendor\\laravel\\framework\\src\\Illuminate\\Database\\Console\\Seeds\\SeedCommand.php(63): Illuminate\\Database\\Seeder->__invoke()
#31 C:\\xampp\\htdocs\\Laravel Projects\\GSF\\vendor\\laravel\\framework\\src\\Illuminate\\Database\\Eloquent\\Concerns\\GuardsAttributes.php(122): Illuminate\\Database\\Console\\Seeds\\SeedCommand->Illuminate\\Database\\Console\\Seeds\\{closure}()
#32 C:\\xampp\\htdocs\\Laravel Projects\\GSF\\vendor\\laravel\\framework\\src\\Illuminate\\Database\\Console\\Seeds\\SeedCommand.php(64): Illuminate\\Database\\Eloquent\\Model::unguarded(Object(Closure))
#33 [internal function]: Illuminate\\Database\\Console\\Seeds\\SeedCommand->handle()
#34 C:\\xampp\\htdocs\\Laravel Projects\\GSF\\vendor\\laravel\\framework\\src\\Illuminate\\Container\\BoundMethod.php(32): call_user_func_array(Array, Array)
#35 C:\\xampp\\htdocs\\Laravel Projects\\GSF\\vendor\\laravel\\framework\\src\\Illuminate\\Container\\BoundMethod.php(90): Illuminate\\Container\\BoundMethod::Illuminate\\Container\\{closure}()
#36 C:\\xampp\\htdocs\\Laravel Projects\\GSF\\vendor\\laravel\\framework\\src\\Illuminate\\Container\\BoundMethod.php(34): Illuminate\\Container\\BoundMethod::callBoundMethod(Object(Illuminate\\Foundation\\Application), Array, Object(Closure))
#37 C:\\xampp\\htdocs\\Laravel Projects\\GSF\\vendor\\laravel\\framework\\src\\Illuminate\\Container\\Container.php(576): Illuminate\\Container\\BoundMethod::call(Object(Illuminate\\Foundation\\Application), Array, Array, NULL)
#38 C:\\xampp\\htdocs\\Laravel Projects\\GSF\\vendor\\laravel\\framework\\src\\Illuminate\\Console\\Command.php(183): Illuminate\\Container\\Container->call(Array)
#39 C:\\xampp\\htdocs\\Laravel Projects\\GSF\\vendor\\symfony\\console\\Command\\Command.php(255): Illuminate\\Console\\Command->execute(Object(Symfony\\Component\\Console\\Input\\ArrayInput), Object(Illuminate\\Console\\OutputStyle))
#40 C:\\xampp\\htdocs\\Laravel Projects\\GSF\\vendor\\laravel\\framework\\src\\Illuminate\\Console\\Command.php(170): Symfony\\Component\\Console\\Command\\Command->run(Object(Symfony\\Component\\Console\\Input\\ArrayInput), Object(Illuminate\\Console\\OutputStyle))
#41 C:\\xampp\\htdocs\\Laravel Projects\\GSF\\vendor\\laravel\\framework\\src\\Illuminate\\Console\\Command.php(198): Illuminate\\Console\\Command->run(Object(Symfony\\Component\\Console\\Input\\ArrayInput), Object(Illuminate\\Console\\OutputStyle))
#42 C:\\xampp\\htdocs\\Laravel Projects\\GSF\\vendor\\laravel\\framework\\src\\Illuminate\\Database\\Console\\Migrations\\FreshCommand.php(127): Illuminate\\Console\\Command->call('db:seed', Array)
#43 C:\\xampp\\htdocs\\Laravel Projects\\GSF\\vendor\\laravel\\framework\\src\\Illuminate\\Database\\Console\\Migrations\\FreshCommand.php(65): Illuminate\\Database\\Console\\Migrations\\FreshCommand->runSeeder(NULL)
#44 [internal function]: Illuminate\\Database\\Console\\Migrations\\FreshCommand->handle()
#45 C:\\xampp\\htdocs\\Laravel Projects\\GSF\\vendor\\laravel\\framework\\src\\Illuminate\\Container\\BoundMethod.php(32): call_user_func_array(Array, Array)
#46 C:\\xampp\\htdocs\\Laravel Projects\\GSF\\vendor\\laravel\\framework\\src\\Illuminate\\Container\\BoundMethod.php(90): Illuminate\\Container\\BoundMethod::Illuminate\\Container\\{closure}()
#47 C:\\xampp\\htdocs\\Laravel Projects\\GSF\\vendor\\laravel\\framework\\src\\Illuminate\\Container\\BoundMethod.php(34): Illuminate\\Container\\BoundMethod::callBoundMethod(Object(Illuminate\\Foundation\\Application), Array, Object(Closure))
#48 C:\\xampp\\htdocs\\Laravel Projects\\GSF\\vendor\\laravel\\framework\\src\\Illuminate\\Container\\Container.php(576): Illuminate\\Container\\BoundMethod::call(Object(Illuminate\\Foundation\\Application), Array, Array, NULL)
#49 C:\\xampp\\htdocs\\Laravel Projects\\GSF\\vendor\\laravel\\framework\\src\\Illuminate\\Console\\Command.php(183): Illuminate\\Container\\Container->call(Array)
#50 C:\\xampp\\htdocs\\Laravel Projects\\GSF\\vendor\\symfony\\console\\Command\\Command.php(255): Illuminate\\Console\\Command->execute(Object(Symfony\\Component\\Console\\Input\\ArgvInput), Object(Illuminate\\Console\\OutputStyle))
#51 C:\\xampp\\htdocs\\Laravel Projects\\GSF\\vendor\\laravel\\framework\\src\\Illuminate\\Console\\Command.php(170): Symfony\\Component\\Console\\Command\\Command->run(Object(Symfony\\Component\\Console\\Input\\ArgvInput), Object(Illuminate\\Console\\OutputStyle))
#52 C:\\xampp\\htdocs\\Laravel Projects\\GSF\\vendor\\symfony\\console\\Application.php(1009): Illuminate\\Console\\Command->run(Object(Symfony\\Component\\Console\\Input\\ArgvInput), Object(Symfony\\Component\\Console\\Output\\ConsoleOutput))
#53 C:\\xampp\\htdocs\\Laravel Projects\\GSF\\vendor\\symfony\\console\\Application.php(273): Symfony\\Component\\Console\\Application->doRunCommand(Object(Illuminate\\Database\\Console\\Migrations\\FreshCommand), Object(Symfony\\Component\\Console\\Input\\ArgvInput), Object(Symfony\\Component\\Console\\Output\\ConsoleOutput))
#54 C:\\xampp\\htdocs\\Laravel Projects\\GSF\\vendor\\symfony\\console\\Application.php(149): Symfony\\Component\\Console\\Application->doRun(Object(Symfony\\Component\\Console\\Input\\ArgvInput), Object(Symfony\\Component\\Console\\Output\\ConsoleOutput))
#55 C:\\xampp\\htdocs\\Laravel Projects\\GSF\\vendor\\laravel\\framework\\src\\Illuminate\\Console\\Application.php(90): Symfony\\Component\\Console\\Application->run(Object(Symfony\\Component\\Console\\Input\\ArgvInput), Object(Symfony\\Component\\Console\\Output\\ConsoleOutput))
#56 C:\\xampp\\htdocs\\Laravel Projects\\GSF\\vendor\\laravel\\framework\\src\\Illuminate\\Foundation\\Console\\Kernel.php(133): Illuminate\\Console\\Application->run(Object(Symfony\\Component\\Console\\Input\\ArgvInput), Object(Symfony\\Component\\Console\\Output\\ConsoleOutput))
#57 C:\\xampp\\htdocs\\Laravel Projects\\GSF\\artisan(37): Illuminate\\Foundation\\Console\\Kernel->handle(Object(Symfony\\Component\\Console\\Input\\ArgvInput), Object(Symfony\\Component\\Console\\Output\\ConsoleOutput))
#58 {main}
"} 
[2021-01-25 20:19:46] local.ERROR: SQLSTATE[42S22]: Column not found: 1054 Unknown column 'text_post_value' in 'field list' (SQL: update `settings` set `conference_overview` = ?, `text_post_value` = davedeloper@gmail.com, `settings`.`updated_at` = 2021-01-25 20:19:46 where `id` = 1) {"userId":15,"exception":"[object] (Illuminate\\Database\\QueryException(code: 42S22): SQLSTATE[42S22]: Column not found: 1054 Unknown column 'text_post_value' in 'field list' (SQL: update `settings` set `conference_overview` = ?, `text_post_value` = davedeloper@gmail.com, `settings`.`updated_at` = 2021-01-25 20:19:46 where `id` = 1) at C:\\xampp\\htdocs\\Laravel Projects\\GSF\\vendor\\laravel\\framework\\src\\Illuminate\\Database\\Connection.php:664, PDOException(code: 42S22): SQLSTATE[42S22]: Column not found: 1054 Unknown column 'text_post_value' in 'field list' at C:\\xampp\\htdocs\\Laravel Projects\\GSF\\vendor\\laravel\\framework\\src\\Illuminate\\Database\\Connection.php:479)
[stacktrace]
#0 C:\\xampp\\htdocs\\Laravel Projects\\GSF\\vendor\\laravel\\framework\\src\\Illuminate\\Database\\Connection.php(624): Illuminate\\Database\\Connection->runQueryCallback('update `setting...', Array, Object(Closure))
#1 C:\\xampp\\htdocs\\Laravel Projects\\GSF\\vendor\\laravel\\framework\\src\\Illuminate\\Database\\Connection.php(490): Illuminate\\Database\\Connection->run('update `setting...', Array, Object(Closure))
#2 C:\\xampp\\htdocs\\Laravel Projects\\GSF\\vendor\\laravel\\framework\\src\\Illuminate\\Database\\Connection.php(423): Illuminate\\Database\\Connection->affectingStatement('update `setting...', Array)
#3 C:\\xampp\\htdocs\\Laravel Projects\\GSF\\vendor\\laravel\\framework\\src\\Illuminate\\Database\\Query\\Builder.php(2721): Illuminate\\Database\\Connection->update('update `setting...', Array)
#4 C:\\xampp\\htdocs\\Laravel Projects\\GSF\\vendor\\laravel\\framework\\src\\Illuminate\\Database\\Eloquent\\Builder.php(820): Illuminate\\Database\\Query\\Builder->update(Array)
#5 C:\\xampp\\htdocs\\Laravel Projects\\GSF\\vendor\\laravel\\framework\\src\\Illuminate\\Database\\Eloquent\\Model.php(745): Illuminate\\Database\\Eloquent\\Builder->update(Array)
#6 C:\\xampp\\htdocs\\Laravel Projects\\GSF\\vendor\\laravel\\framework\\src\\Illuminate\\Database\\Eloquent\\Model.php(660): Illuminate\\Database\\Eloquent\\Model->performUpdate(Object(Illuminate\\Database\\Eloquent\\Builder))
#7 C:\\xampp\\htdocs\\Laravel Projects\\GSF\\vendor\\laravel\\framework\\src\\Illuminate\\Database\\Eloquent\\Model.php(607): Illuminate\\Database\\Eloquent\\Model->save(Array)
#8 C:\\xampp\\htdocs\\Laravel Projects\\GSF\\app\\Http\\Controllers\\SettingController.php(25): Illuminate\\Database\\Eloquent\\Model->update(Array)
#9 [internal function]: App\\Http\\Controllers\\SettingController->update(Object(Illuminate\\Http\\Request), Object(App\\Setting))
#10 C:\\xampp\\htdocs\\Laravel Projects\\GSF\\vendor\\laravel\\framework\\src\\Illuminate\\Routing\\Controller.php(54): call_user_func_array(Array, Array)
#11 C:\\xampp\\htdocs\\Laravel Projects\\GSF\\vendor\\laravel\\framework\\src\\Illuminate\\Routing\\ControllerDispatcher.php(45): Illuminate\\Routing\\Controller->callAction('update', Array)
#12 C:\\xampp\\htdocs\\Laravel Projects\\GSF\\vendor\\laravel\\framework\\src\\Illuminate\\Routing\\Route.php(219): Illuminate\\Routing\\ControllerDispatcher->dispatch(Object(Illuminate\\Routing\\Route), Object(App\\Http\\Controllers\\SettingController), 'update')
#13 C:\\xampp\\htdocs\\Laravel Projects\\GSF\\vendor\\laravel\\framework\\src\\Illuminate\\Routing\\Route.php(176): Illuminate\\Routing\\Route->runController()
#14 C:\\xampp\\htdocs\\Laravel Projects\\GSF\\vendor\\laravel\\framework\\src\\Illuminate\\Routing\\Router.php(680): Illuminate\\Routing\\Route->run()
#15 C:\\xampp\\htdocs\\Laravel Projects\\GSF\\vendor\\laravel\\framework\\src\\Illuminate\\Routing\\Pipeline.php(30): Illuminate\\Routing\\Router->Illuminate\\Routing\\{closure}(Object(Illuminate\\Http\\Request))
#16 C:\\xampp\\htdocs\\Laravel Projects\\GSF\\app\\Http\\Middleware\\SwitchUser.php(22): Illuminate\\Routing\\Pipeline->Illuminate\\Routing\\{closure}(Object(Illuminate\\Http\\Request))
#17 C:\\xampp\\htdocs\\Laravel Projects\\GSF\\vendor\\laravel\\framework\\src\\Illuminate\\Pipeline\\Pipeline.php(163): App\\Http\\Middleware\\SwitchUser->handle(Object(Illuminate\\Http\\Request), Object(Closure))
#18 C:\\xampp\\htdocs\\Laravel Projects\\GSF\\vendor\\laravel\\framework\\src\\Illuminate\\Routing\\Pipeline.php(53): Illuminate\\Pipeline\\Pipeline->Illuminate\\Pipeline\\{closure}(Object(Illuminate\\Http\\Request))
#19 C:\\xampp\\htdocs\\Laravel Projects\\GSF\\vendor\\laravel\\framework\\src\\Illuminate\\Routing\\Middleware\\SubstituteBindings.php(41): Illuminate\\Routing\\Pipeline->Illuminate\\Routing\\{closure}(Object(Illuminate\\Http\\Request))
#20 C:\\xampp\\htdocs\\Laravel Projects\\GSF\\vendor\\laravel\\framework\\src\\Illuminate\\Pipeline\\Pipeline.php(163): Illuminate\\Routing\\Middleware\\SubstituteBindings->handle(Object(Illuminate\\Http\\Request), Object(Closure))
#21 C:\\xampp\\htdocs\\Laravel Projects\\GSF\\vendor\\laravel\\framework\\src\\Illuminate\\Routing\\Pipeline.php(53): Illuminate\\Pipeline\\Pipeline->Illuminate\\Pipeline\\{closure}(Object(Illuminate\\Http\\Request))
#22 C:\\xampp\\htdocs\\Laravel Projects\\GSF\\vendor\\laravel\\framework\\src\\Illuminate\\Auth\\Middleware\\Authenticate.php(43): Illuminate\\Routing\\Pipeline->Illuminate\\Routing\\{closure}(Object(Illuminate\\Http\\Request))
#23 C:\\xampp\\htdocs\\Laravel Projects\\GSF\\vendor\\laravel\\framework\\src\\Illuminate\\Pipeline\\Pipeline.php(163): Illuminate\\Auth\\Middleware\\Authenticate->handle(Object(Illuminate\\Http\\Request), Object(Closure))
#24 C:\\xampp\\htdocs\\Laravel Projects\\GSF\\vendor\\laravel\\framework\\src\\Illuminate\\Routing\\Pipeline.php(53): Illuminate\\Pipeline\\Pipeline->Illuminate\\Pipeline\\{closure}(Object(Illuminate\\Http\\Request))
#25 C:\\xampp\\htdocs\\Laravel Projects\\GSF\\vendor\\laravel\\framework\\src\\Illuminate\\Foundation\\Http\\Middleware\\VerifyCsrfToken.php(75): Illuminate\\Routing\\Pipeline->Illuminate\\Routing\\{closure}(Object(Illuminate\\Http\\Request))
#26 C:\\xampp\\htdocs\\Laravel Projects\\GSF\\vendor\\laravel\\framework\\src\\Illuminate\\Pipeline\\Pipeline.php(163): Illuminate\\Foundation\\Http\\Middleware\\VerifyCsrfToken->handle(Object(Illuminate\\Http\\Request), Object(Closure))
#27 C:\\xampp\\htdocs\\Laravel Projects\\GSF\\vendor\\laravel\\framework\\src\\Illuminate\\Routing\\Pipeline.php(53): Illuminate\\Pipeline\\Pipeline->Illuminate\\Pipeline\\{closure}(Object(Illuminate\\Http\\Request))
#28 C:\\xampp\\htdocs\\Laravel Projects\\GSF\\vendor\\laravel\\framework\\src\\Illuminate\\View\\Middleware\\ShareErrorsFromSession.php(49): Illuminate\\Routing\\Pipeline->Illuminate\\Routing\\{closure}(Object(Illuminate\\Http\\Request))
#29 C:\\xampp\\htdocs\\Laravel Projects\\GSF\\vendor\\laravel\\framework\\src\\Illuminate\\Pipeline\\Pipeline.php(163): Illuminate\\View\\Middleware\\ShareErrorsFromSession->handle(Object(Illuminate\\Http\\Request), Object(Closure))
#30 C:\\xampp\\htdocs\\Laravel Projects\\GSF\\vendor\\laravel\\framework\\src\\Illuminate\\Routing\\Pipeline.php(53): Illuminate\\Pipeline\\Pipeline->Illuminate\\Pipeline\\{closure}(Object(Illuminate\\Http\\Request))
#31 C:\\xampp\\htdocs\\Laravel Projects\\GSF\\vendor\\laravel\\framework\\src\\Illuminate\\Session\\Middleware\\StartSession.php(56): Illuminate\\Routing\\Pipeline->Illuminate\\Routing\\{closure}(Object(Illuminate\\Http\\Request))
#32 C:\\xampp\\htdocs\\Laravel Projects\\GSF\\vendor\\laravel\\framework\\src\\Illuminate\\Pipeline\\Pipeline.php(163): Illuminate\\Session\\Middleware\\StartSession->handle(Object(Illuminate\\Http\\Request), Object(Closure))
#33 C:\\xampp\\htdocs\\Laravel Projects\\GSF\\vendor\\laravel\\framework\\src\\Illuminate\\Routing\\Pipeline.php(53): Illuminate\\Pipeline\\Pipeline->Illuminate\\Pipeline\\{closure}(Object(Illuminate\\Http\\Request))
#34 C:\\xampp\\htdocs\\Laravel Projects\\GSF\\vendor\\laravel\\framework\\src\\Illuminate\\Cookie\\Middleware\\AddQueuedCookiesToResponse.php(37): Illuminate\\Routing\\Pipeline->Illuminate\\Routing\\{closure}(Object(Illuminate\\Http\\Request))
#35 C:\\xampp\\htdocs\\Laravel Projects\\GSF\\vendor\\laravel\\framework\\src\\Illuminate\\Pipeline\\Pipeline.php(163): Illuminate\\Cookie\\Middleware\\AddQueuedCookiesToResponse->handle(Object(Illuminate\\Http\\Request), Object(Closure))
#36 C:\\xampp\\htdocs\\Laravel Projects\\GSF\\vendor\\laravel\\framework\\src\\Illuminate\\Routing\\Pipeline.php(53): Illuminate\\Pipeline\\Pipeline->Illuminate\\Pipeline\\{closure}(Object(Illuminate\\Http\\Request))
#37 C:\\xampp\\htdocs\\Laravel Projects\\GSF\\vendor\\laravel\\framework\\src\\Illuminate\\Cookie\\Middleware\\EncryptCookies.php(66): Illuminate\\Routing\\Pipeline->Illuminate\\Routing\\{closure}(Object(Illuminate\\Http\\Request))
#38 C:\\xampp\\htdocs\\Laravel Projects\\GSF\\vendor\\laravel\\framework\\src\\Illuminate\\Pipeline\\Pipeline.php(163): Illuminate\\Cookie\\Middleware\\EncryptCookies->handle(Object(Illuminate\\Http\\Request), Object(Closure))
#39 C:\\xampp\\htdocs\\Laravel Projects\\GSF\\vendor\\laravel\\framework\\src\\Illuminate\\Routing\\Pipeline.php(53): Illuminate\\Pipeline\\Pipeline->Illuminate\\Pipeline\\{closure}(Object(Illuminate\\Http\\Request))
#40 C:\\xampp\\htdocs\\Laravel Projects\\GSF\\vendor\\laravel\\framework\\src\\Illuminate\\Pipeline\\Pipeline.php(104): Illuminate\\Routing\\Pipeline->Illuminate\\Routing\\{closure}(Object(Illuminate\\Http\\Request))
#41 C:\\xampp\\htdocs\\Laravel Projects\\GSF\\vendor\\laravel\\framework\\src\\Illuminate\\Routing\\Router.php(682): Illuminate\\Pipeline\\Pipeline->then(Object(Closure))
#42 C:\\xampp\\htdocs\\Laravel Projects\\GSF\\vendor\\laravel\\framework\\src\\Illuminate\\Routing\\Router.php(657): Illuminate\\Routing\\Router->runRouteWithinStack(Object(Illuminate\\Routing\\Route), Object(Illuminate\\Http\\Request))
#43 C:\\xampp\\htdocs\\Laravel Projects\\GSF\\vendor\\laravel\\framework\\src\\Illuminate\\Routing\\Router.php(623): Illuminate\\Routing\\Router->runRoute(Object(Illuminate\\Http\\Request), Object(Illuminate\\Routing\\Route))
#44 C:\\xampp\\htdocs\\Laravel Projects\\GSF\\vendor\\laravel\\framework\\src\\Illuminate\\Routing\\Router.php(612): Illuminate\\Routing\\Router->dispatchToRoute(Object(Illuminate\\Http\\Request))
#45 C:\\xampp\\htdocs\\Laravel Projects\\GSF\\vendor\\laravel\\framework\\src\\Illuminate\\Foundation\\Http\\Kernel.php(176): Illuminate\\Routing\\Router->dispatch(Object(Illuminate\\Http\\Request))
#46 C:\\xampp\\htdocs\\Laravel Projects\\GSF\\vendor\\laravel\\framework\\src\\Illuminate\\Routing\\Pipeline.php(30): Illuminate\\Foundation\\Http\\Kernel->Illuminate\\Foundation\\Http\\{closure}(Object(Illuminate\\Http\\Request))
#47 C:\\xampp\\htdocs\\Laravel Projects\\GSF\\vendor\\fideloper\\proxy\\src\\TrustProxies.php(57): Illuminate\\Routing\\Pipeline->Illuminate\\Routing\\{closure}(Object(Illuminate\\Http\\Request))
#48 C:\\xampp\\htdocs\\Laravel Projects\\GSF\\vendor\\laravel\\framework\\src\\Illuminate\\Pipeline\\Pipeline.php(163): Fideloper\\Proxy\\TrustProxies->handle(Object(Illuminate\\Http\\Request), Object(Closure))
#49 C:\\xampp\\htdocs\\Laravel Projects\\GSF\\vendor\\laravel\\framework\\src\\Illuminate\\Routing\\Pipeline.php(53): Illuminate\\Pipeline\\Pipeline->Illuminate\\Pipeline\\{closure}(Object(Illuminate\\Http\\Request))
#50 C:\\xampp\\htdocs\\Laravel Projects\\GSF\\vendor\\laravel\\framework\\src\\Illuminate\\Foundation\\Http\\Middleware\\TransformsRequest.php(21): Illuminate\\Routing\\Pipeline->Illuminate\\Routing\\{closure}(Object(Illuminate\\Http\\Request))
#51 C:\\xampp\\htdocs\\Laravel Projects\\GSF\\vendor\\laravel\\framework\\src\\Illuminate\\Pipeline\\Pipeline.php(163): Illuminate\\Foundation\\Http\\Middleware\\TransformsRequest->handle(Object(Illuminate\\Http\\Request), Object(Closure))
#52 C:\\xampp\\htdocs\\Laravel Projects\\GSF\\vendor\\laravel\\framework\\src\\Illuminate\\Routing\\Pipeline.php(53): Illuminate\\Pipeline\\Pipeline->Illuminate\\Pipeline\\{closure}(Object(Illuminate\\Http\\Request))
#53 C:\\xampp\\htdocs\\Laravel Projects\\GSF\\vendor\\laravel\\framework\\src\\Illuminate\\Foundation\\Http\\Middleware\\TransformsRequest.php(21): Illuminate\\Routing\\Pipeline->Illuminate\\Routing\\{closure}(Object(Illuminate\\Http\\Request))
#54 C:\\xampp\\htdocs\\Laravel Projects\\GSF\\vendor\\laravel\\framework\\src\\Illuminate\\Pipeline\\Pipeline.php(163): Illuminate\\Foundation\\Http\\Middleware\\TransformsRequest->handle(Object(Illuminate\\Http\\Request), Object(Closure))
#55 C:\\xampp\\htdocs\\Laravel Projects\\GSF\\vendor\\laravel\\framework\\src\\Illuminate\\Routing\\Pipeline.php(53): Illuminate\\Pipeline\\Pipeline->Illuminate\\Pipeline\\{closure}(Object(Illuminate\\Http\\Request))
#56 C:\\xampp\\htdocs\\Laravel Projects\\GSF\\vendor\\laravel\\framework\\src\\Illuminate\\Foundation\\Http\\Middleware\\ValidatePostSize.php(27): Illuminate\\Routing\\Pipeline->Illuminate\\Routing\\{closure}(Object(Illuminate\\Http\\Request))
#57 C:\\xampp\\htdocs\\Laravel Projects\\GSF\\vendor\\laravel\\framework\\src\\Illuminate\\Pipeline\\Pipeline.php(163): Illuminate\\Foundation\\Http\\Middleware\\ValidatePostSize->handle(Object(Illuminate\\Http\\Request), Object(Closure))
#58 C:\\xampp\\htdocs\\Laravel Projects\\GSF\\vendor\\laravel\\framework\\src\\Illuminate\\Routing\\Pipeline.php(53): Illuminate\\Pipeline\\Pipeline->Illuminate\\Pipeline\\{closure}(Object(Illuminate\\Http\\Request))
#59 C:\\xampp\\htdocs\\Laravel Projects\\GSF\\vendor\\laravel\\framework\\src\\Illuminate\\Foundation\\Http\\Middleware\\CheckForMaintenanceMode.php(62): Illuminate\\Routing\\Pipeline->Illuminate\\Routing\\{closure}(Object(Illuminate\\Http\\Request))
#60 C:\\xampp\\htdocs\\Laravel Projects\\GSF\\vendor\\laravel\\framework\\src\\Illuminate\\Pipeline\\Pipeline.php(163): Illuminate\\Foundation\\Http\\Middleware\\CheckForMaintenanceMode->handle(Object(Illuminate\\Http\\Request), Object(Closure))
#61 C:\\xampp\\htdocs\\Laravel Projects\\GSF\\vendor\\laravel\\framework\\src\\Illuminate\\Routing\\Pipeline.php(53): Illuminate\\Pipeline\\Pipeline->Illuminate\\Pipeline\\{closure}(Object(Illuminate\\Http\\Request))
#62 C:\\xampp\\htdocs\\Laravel Projects\\GSF\\vendor\\laravel\\framework\\src\\Illuminate\\Pipeline\\Pipeline.php(104): Illuminate\\Routing\\Pipeline->Illuminate\\Routing\\{closure}(Object(Illuminate\\Http\\Request))
#63 C:\\xampp\\htdocs\\Laravel Projects\\GSF\\vendor\\laravel\\framework\\src\\Illuminate\\Foundation\\Http\\Kernel.php(151): Illuminate\\Pipeline\\Pipeline->then(Object(Closure))
#64 C:\\xampp\\htdocs\\Laravel Projects\\GSF\\vendor\\laravel\\framework\\src\\Illuminate\\Foundation\\Http\\Kernel.php(116): Illuminate\\Foundation\\Http\\Kernel->sendRequestThroughRouter(Object(Illuminate\\Http\\Request))
#65 C:\\xampp\\htdocs\\Laravel Projects\\GSF\\public\\index.php(55): Illuminate\\Foundation\\Http\\Kernel->handle(Object(Illuminate\\Http\\Request))
#66 C:\\xampp\\htdocs\\Laravel Projects\\GSF\\server.php(21): require_once('C:\\\\xampp\\\\htdocs...')
#67 {main}
"} 
[2021-01-25 20:30:35] local.ERROR: Undefined variable: pending_payouts (View: C:\xampp\htdocs\Laravel Projects\GSF\resources\views\participant\index.blade.php) {"userId":15,"exception":"[object] (ErrorException(code: 0): Undefined variable: pending_payouts (View: C:\\xampp\\htdocs\\Laravel Projects\\GSF\esources\\views\\participant\\index.blade.php) at C:\\xampp\\htdocs\\Laravel Projects\\GSF\\storage\\framework\\views\\9d2c3ccbb94476023244733ccdacbd1be04f4765.php:24, ErrorException(code: 0): Undefined variable: pending_payouts at C:\\xampp\\htdocs\\Laravel Projects\\GSF\\storage\\framework\\views\\9d2c3ccbb94476023244733ccdacbd1be04f4765.php:24)
[stacktrace]
#0 C:\\xampp\\htdocs\\Laravel Projects\\GSF\\vendor\\laravel\\framework\\src\\Illuminate\\View\\Engines\\PhpEngine.php(45): Illuminate\\View\\Engines\\CompilerEngine->handleViewException(Object(ErrorException), 1)
#1 C:\\xampp\\htdocs\\Laravel Projects\\GSF\\vendor\\laravel\\framework\\src\\Illuminate\\View\\Engines\\CompilerEngine.php(59): Illuminate\\View\\Engines\\PhpEngine->evaluatePath('C:\\\\xampp\\\\htdocs...', Array)
#2 C:\\xampp\\htdocs\\Laravel Projects\\GSF\\vendor\\laravel\\framework\\src\\Illuminate\\View\\View.php(142): Illuminate\\View\\Engines\\CompilerEngine->get('C:\\\\xampp\\\\htdocs...', Array)
#3 C:\\xampp\\htdocs\\Laravel Projects\\GSF\\vendor\\laravel\\framework\\src\\Illuminate\\View\\View.php(125): Illuminate\\View\\View->getContents()
#4 C:\\xampp\\htdocs\\Laravel Projects\\GSF\\vendor\\laravel\\framework\\src\\Illuminate\\View\\View.php(90): Illuminate\\View\\View->renderContents()
#5 C:\\xampp\\htdocs\\Laravel Projects\\GSF\\vendor\\laravel\\framework\\src\\Illuminate\\Http\\Response.php(42): Illuminate\\View\\View->render()
#6 C:\\xampp\\htdocs\\Laravel Projects\\GSF\\vendor\\symfony\\http-foundation\\Response.php(205): Illuminate\\Http\\Response->setContent(Object(Illuminate\\View\\View))
#7 C:\\xampp\\htdocs\\Laravel Projects\\GSF\\vendor\\laravel\\framework\\src\\Illuminate\\Routing\\Router.php(748): Symfony\\Component\\HttpFoundation\\Response->__construct(Object(Illuminate\\View\\View))
#8 C:\\xampp\\htdocs\\Laravel Projects\\GSF\\vendor\\laravel\\framework\\src\\Illuminate\\Routing\\Router.php(720): Illuminate\\Routing\\Router::toResponse(Object(Illuminate\\Http\\Request), Object(Illuminate\\View\\View))
#9 C:\\xampp\\htdocs\\Laravel Projects\\GSF\\vendor\\laravel\\framework\\src\\Illuminate\\Routing\\Router.php(680): Illuminate\\Routing\\Router->prepareResponse(Object(Illuminate\\Http\\Request), Object(Illuminate\\View\\View))
#10 C:\\xampp\\htdocs\\Laravel Projects\\GSF\\vendor\\laravel\\framework\\src\\Illuminate\\Routing\\Pipeline.php(30): Illuminate\\Routing\\Router->Illuminate\\Routing\\{closure}(Object(Illuminate\\Http\\Request))
#11 C:\\xampp\\htdocs\\Laravel Projects\\GSF\\app\\Http\\Middleware\\SwitchUser.php(22): Illuminate\\Routing\\Pipeline->Illuminate\\Routing\\{closure}(Object(Illuminate\\Http\\Request))
#12 C:\\xampp\\htdocs\\Laravel Projects\\GSF\\vendor\\laravel\\framework\\src\\Illuminate\\Pipeline\\Pipeline.php(163): App\\Http\\Middleware\\SwitchUser->handle(Object(Illuminate\\Http\\Request), Object(Closure))
#13 C:\\xampp\\htdocs\\Laravel Projects\\GSF\\vendor\\laravel\\framework\\src\\Illuminate\\Routing\\Pipeline.php(53): Illuminate\\Pipeline\\Pipeline->Illuminate\\Pipeline\\{closure}(Object(Illuminate\\Http\\Request))
#14 C:\\xampp\\htdocs\\Laravel Projects\\GSF\\vendor\\laravel\\framework\\src\\Illuminate\\Routing\\Middleware\\SubstituteBindings.php(41): Illuminate\\Routing\\Pipeline->Illuminate\\Routing\\{closure}(Object(Illuminate\\Http\\Request))
#15 C:\\xampp\\htdocs\\Laravel Projects\\GSF\\vendor\\laravel\\framework\\src\\Illuminate\\Pipeline\\Pipeline.php(163): Illuminate\\Routing\\Middleware\\SubstituteBindings->handle(Object(Illuminate\\Http\\Request), Object(Closure))
#16 C:\\xampp\\htdocs\\Laravel Projects\\GSF\\vendor\\laravel\\framework\\src\\Illuminate\\Routing\\Pipeline.php(53): Illuminate\\Pipeline\\Pipeline->Illuminate\\Pipeline\\{closure}(Object(Illuminate\\Http\\Request))
#17 C:\\xampp\\htdocs\\Laravel Projects\\GSF\\vendor\\laravel\\framework\\src\\Illuminate\\Auth\\Middleware\\Authenticate.php(43): Illuminate\\Routing\\Pipeline->Illuminate\\Routing\\{closure}(Object(Illuminate\\Http\\Request))
#18 C:\\xampp\\htdocs\\Laravel Projects\\GSF\\vendor\\laravel\\framework\\src\\Illuminate\\Pipeline\\Pipeline.php(163): Illuminate\\Auth\\Middleware\\Authenticate->handle(Object(Illuminate\\Http\\Request), Object(Closure))
#19 C:\\xampp\\htdocs\\Laravel Projects\\GSF\\vendor\\laravel\\framework\\src\\Illuminate\\Routing\\Pipeline.php(53): Illuminate\\Pipeline\\Pipeline->Illuminate\\Pipeline\\{closure}(Object(Illuminate\\Http\\Request))
#20 C:\\xampp\\htdocs\\Laravel Projects\\GSF\\vendor\\laravel\\framework\\src\\Illuminate\\Foundation\\Http\\Middleware\\VerifyCsrfToken.php(75): Illuminate\\Routing\\Pipeline->Illuminate\\Routing\\{closure}(Object(Illuminate\\Http\\Request))
#21 C:\\xampp\\htdocs\\Laravel Projects\\GSF\\vendor\\laravel\\framework\\src\\Illuminate\\Pipeline\\Pipeline.php(163): Illuminate\\Foundation\\Http\\Middleware\\VerifyCsrfToken->handle(Object(Illuminate\\Http\\Request), Object(Closure))
#22 C:\\xampp\\htdocs\\Laravel Projects\\GSF\\vendor\\laravel\\framework\\src\\Illuminate\\Routing\\Pipeline.php(53): Illuminate\\Pipeline\\Pipeline->Illuminate\\Pipeline\\{closure}(Object(Illuminate\\Http\\Request))
#23 C:\\xampp\\htdocs\\Laravel Projects\\GSF\\vendor\\laravel\\framework\\src\\Illuminate\\View\\Middleware\\ShareErrorsFromSession.php(49): Illuminate\\Routing\\Pipeline->Illuminate\\Routing\\{closure}(Object(Illuminate\\Http\\Request))
#24 C:\\xampp\\htdocs\\Laravel Projects\\GSF\\vendor\\laravel\\framework\\src\\Illuminate\\Pipeline\\Pipeline.php(163): Illuminate\\View\\Middleware\\ShareErrorsFromSession->handle(Object(Illuminate\\Http\\Request), Object(Closure))
#25 C:\\xampp\\htdocs\\Laravel Projects\\GSF\\vendor\\laravel\\framework\\src\\Illuminate\\Routing\\Pipeline.php(53): Illuminate\\Pipeline\\Pipeline->Illuminate\\Pipeline\\{closure}(Object(Illuminate\\Http\\Request))
#26 C:\\xampp\\htdocs\\Laravel Projects\\GSF\\vendor\\laravel\\framework\\src\\Illuminate\\Session\\Middleware\\StartSession.php(56): Illuminate\\Routing\\Pipeline->Illuminate\\Routing\\{closure}(Object(Illuminate\\Http\\Request))
#27 C:\\xampp\\htdocs\\Laravel Projects\\GSF\\vendor\\laravel\\framework\\src\\Illuminate\\Pipeline\\Pipeline.php(163): Illuminate\\Session\\Middleware\\StartSession->handle(Object(Illuminate\\Http\\Request), Object(Closure))
#28 C:\\xampp\\htdocs\\Laravel Projects\\GSF\\vendor\\laravel\\framework\\src\\Illuminate\\Routing\\Pipeline.php(53): Illuminate\\Pipeline\\Pipeline->Illuminate\\Pipeline\\{closure}(Object(Illuminate\\Http\\Request))
#29 C:\\xampp\\htdocs\\Laravel Projects\\GSF\\vendor\\laravel\\framework\\src\\Illuminate\\Cookie\\Middleware\\AddQueuedCookiesToResponse.php(37): Illuminate\\Routing\\Pipeline->Illuminate\\Routing\\{closure}(Object(Illuminate\\Http\\Request))
#30 C:\\xampp\\htdocs\\Laravel Projects\\GSF\\vendor\\laravel\\framework\\src\\Illuminate\\Pipeline\\Pipeline.php(163): Illuminate\\Cookie\\Middleware\\AddQueuedCookiesToResponse->handle(Object(Illuminate\\Http\\Request), Object(Closure))
#31 C:\\xampp\\htdocs\\Laravel Projects\\GSF\\vendor\\laravel\\framework\\src\\Illuminate\\Routing\\Pipeline.php(53): Illuminate\\Pipeline\\Pipeline->Illuminate\\Pipeline\\{closure}(Object(Illuminate\\Http\\Request))
#32 C:\\xampp\\htdocs\\Laravel Projects\\GSF\\vendor\\laravel\\framework\\src\\Illuminate\\Cookie\\Middleware\\EncryptCookies.php(66): Illuminate\\Routing\\Pipeline->Illuminate\\Routing\\{closure}(Object(Illuminate\\Http\\Request))
#33 C:\\xampp\\htdocs\\Laravel Projects\\GSF\\vendor\\laravel\\framework\\src\\Illuminate\\Pipeline\\Pipeline.php(163): Illuminate\\Cookie\\Middleware\\EncryptCookies->handle(Object(Illuminate\\Http\\Request), Object(Closure))
#34 C:\\xampp\\htdocs\\Laravel Projects\\GSF\\vendor\\laravel\\framework\\src\\Illuminate\\Routing\\Pipeline.php(53): Illuminate\\Pipeline\\Pipeline->Illuminate\\Pipeline\\{closure}(Object(Illuminate\\Http\\Request))
#35 C:\\xampp\\htdocs\\Laravel Projects\\GSF\\vendor\\laravel\\framework\\src\\Illuminate\\Pipeline\\Pipeline.php(104): Illuminate\\Routing\\Pipeline->Illuminate\\Routing\\{closure}(Object(Illuminate\\Http\\Request))
#36 C:\\xampp\\htdocs\\Laravel Projects\\GSF\\vendor\\laravel\\framework\\src\\Illuminate\\Routing\\Router.php(682): Illuminate\\Pipeline\\Pipeline->then(Object(Closure))
#37 C:\\xampp\\htdocs\\Laravel Projects\\GSF\\vendor\\laravel\\framework\\src\\Illuminate\\Routing\\Router.php(657): Illuminate\\Routing\\Router->runRouteWithinStack(Object(Illuminate\\Routing\\Route), Object(Illuminate\\Http\\Request))
#38 C:\\xampp\\htdocs\\Laravel Projects\\GSF\\vendor\\laravel\\framework\\src\\Illuminate\\Routing\\Router.php(623): Illuminate\\Routing\\Router->runRoute(Object(Illuminate\\Http\\Request), Object(Illuminate\\Routing\\Route))
#39 C:\\xampp\\htdocs\\Laravel Projects\\GSF\\vendor\\laravel\\framework\\src\\Illuminate\\Routing\\Router.php(612): Illuminate\\Routing\\Router->dispatchToRoute(Object(Illuminate\\Http\\Request))
#40 C:\\xampp\\htdocs\\Laravel Projects\\GSF\\vendor\\laravel\\framework\\src\\Illuminate\\Foundation\\Http\\Kernel.php(176): Illuminate\\Routing\\Router->dispatch(Object(Illuminate\\Http\\Request))
#41 C:\\xampp\\htdocs\\Laravel Projects\\GSF\\vendor\\laravel\\framework\\src\\Illuminate\\Routing\\Pipeline.php(30): Illuminate\\Foundation\\Http\\Kernel->Illuminate\\Foundation\\Http\\{closure}(Object(Illuminate\\Http\\Request))
#42 C:\\xampp\\htdocs\\Laravel Projects\\GSF\\vendor\\fideloper\\proxy\\src\\TrustProxies.php(57): Illuminate\\Routing\\Pipeline->Illuminate\\Routing\\{closure}(Object(Illuminate\\Http\\Request))
#43 C:\\xampp\\htdocs\\Laravel Projects\\GSF\\vendor\\laravel\\framework\\src\\Illuminate\\Pipeline\\Pipeline.php(163): Fideloper\\Proxy\\TrustProxies->handle(Object(Illuminate\\Http\\Request), Object(Closure))
#44 C:\\xampp\\htdocs\\Laravel Projects\\GSF\\vendor\\laravel\\framework\\src\\Illuminate\\Routing\\Pipeline.php(53): Illuminate\\Pipeline\\Pipeline->Illuminate\\Pipeline\\{closure}(Object(Illuminate\\Http\\Request))
#45 C:\\xampp\\htdocs\\Laravel Projects\\GSF\\vendor\\laravel\\framework\\src\\Illuminate\\Foundation\\Http\\Middleware\\TransformsRequest.php(21): Illuminate\\Routing\\Pipeline->Illuminate\\Routing\\{closure}(Object(Illuminate\\Http\\Request))
#46 C:\\xampp\\htdocs\\Laravel Projects\\GSF\\vendor\\laravel\\framework\\src\\Illuminate\\Pipeline\\Pipeline.php(163): Illuminate\\Foundation\\Http\\Middleware\\TransformsRequest->handle(Object(Illuminate\\Http\\Request), Object(Closure))
#47 C:\\xampp\\htdocs\\Laravel Projects\\GSF\\vendor\\laravel\\framework\\src\\Illuminate\\Routing\\Pipeline.php(53): Illuminate\\Pipeline\\Pipeline->Illuminate\\Pipeline\\{closure}(Object(Illuminate\\Http\\Request))
#48 C:\\xampp\\htdocs\\Laravel Projects\\GSF\\vendor\\laravel\\framework\\src\\Illuminate\\Foundation\\Http\\Middleware\\TransformsRequest.php(21): Illuminate\\Routing\\Pipeline->Illuminate\\Routing\\{closure}(Object(Illuminate\\Http\\Request))
#49 C:\\xampp\\htdocs\\Laravel Projects\\GSF\\vendor\\laravel\\framework\\src\\Illuminate\\Pipeline\\Pipeline.php(163): Illuminate\\Foundation\\Http\\Middleware\\TransformsRequest->handle(Object(Illuminate\\Http\\Request), Object(Closure))
#50 C:\\xampp\\htdocs\\Laravel Projects\\GSF\\vendor\\laravel\\framework\\src\\Illuminate\\Routing\\Pipeline.php(53): Illuminate\\Pipeline\\Pipeline->Illuminate\\Pipeline\\{closure}(Object(Illuminate\\Http\\Request))
#51 C:\\xampp\\htdocs\\Laravel Projects\\GSF\\vendor\\laravel\\framework\\src\\Illuminate\\Foundation\\Http\\Middleware\\ValidatePostSize.php(27): Illuminate\\Routing\\Pipeline->Illuminate\\Routing\\{closure}(Object(Illuminate\\Http\\Request))
#52 C:\\xampp\\htdocs\\Laravel Projects\\GSF\\vendor\\laravel\\framework\\src\\Illuminate\\Pipeline\\Pipeline.php(163): Illuminate\\Foundation\\Http\\Middleware\\ValidatePostSize->handle(Object(Illuminate\\Http\\Request), Object(Closure))
#53 C:\\xampp\\htdocs\\Laravel Projects\\GSF\\vendor\\laravel\\framework\\src\\Illuminate\\Routing\\Pipeline.php(53): Illuminate\\Pipeline\\Pipeline->Illuminate\\Pipeline\\{closure}(Object(Illuminate\\Http\\Request))
#54 C:\\xampp\\htdocs\\Laravel Projects\\GSF\\vendor\\laravel\\framework\\src\\Illuminate\\Foundation\\Http\\Middleware\\CheckForMaintenanceMode.php(62): Illuminate\\Routing\\Pipeline->Illuminate\\Routing\\{closure}(Object(Illuminate\\Http\\Request))
#55 C:\\xampp\\htdocs\\Laravel Projects\\GSF\\vendor\\laravel\\framework\\src\\Illuminate\\Pipeline\\Pipeline.php(163): Illuminate\\Foundation\\Http\\Middleware\\CheckForMaintenanceMode->handle(Object(Illuminate\\Http\\Request), Object(Closure))
#56 C:\\xampp\\htdocs\\Laravel Projects\\GSF\\vendor\\laravel\\framework\\src\\Illuminate\\Routing\\Pipeline.php(53): Illuminate\\Pipeline\\Pipeline->Illuminate\\Pipeline\\{closure}(Object(Illuminate\\Http\\Request))
#57 C:\\xampp\\htdocs\\Laravel Projects\\GSF\\vendor\\laravel\\framework\\src\\Illuminate\\Pipeline\\Pipeline.php(104): Illuminate\\Routing\\Pipeline->Illuminate\\Routing\\{closure}(Object(Illuminate\\Http\\Request))
#58 C:\\xampp\\htdocs\\Laravel Projects\\GSF\\vendor\\laravel\\framework\\src\\Illuminate\\Foundation\\Http\\Kernel.php(151): Illuminate\\Pipeline\\Pipeline->then(Object(Closure))
#59 C:\\xampp\\htdocs\\Laravel Projects\\GSF\\vendor\\laravel\\framework\\src\\Illuminate\\Foundation\\Http\\Kernel.php(116): Illuminate\\Foundation\\Http\\Kernel->sendRequestThroughRouter(Object(Illuminate\\Http\\Request))
#60 C:\\xampp\\htdocs\\Laravel Projects\\GSF\\public\\index.php(55): Illuminate\\Foundation\\Http\\Kernel->handle(Object(Illuminate\\Http\\Request))
#61 C:\\xampp\\htdocs\\Laravel Projects\\GSF\\server.php(21): require_once('C:\\\\xampp\\\\htdocs...')
#62 {main}
"} 
[2021-01-25 20:33:36] local.ERROR: Undefined variable: pending_payouts (View: C:\xampp\htdocs\Laravel Projects\GSF\resources\views\participant\index.blade.php) {"userId":15,"exception":"[object] (ErrorException(code: 0): Undefined variable: pending_payouts (View: C:\\xampp\\htdocs\\Laravel Projects\\GSF\esources\\views\\participant\\index.blade.php) at C:\\xampp\\htdocs\\Laravel Projects\\GSF\\storage\\framework\\views\\9d2c3ccbb94476023244733ccdacbd1be04f4765.php:25, ErrorException(code: 0): Undefined variable: pending_payouts at C:\\xampp\\htdocs\\Laravel Projects\\GSF\\storage\\framework\\views\\9d2c3ccbb94476023244733ccdacbd1be04f4765.php:25)
[stacktrace]
#0 C:\\xampp\\htdocs\\Laravel Projects\\GSF\\vendor\\laravel\\framework\\src\\Illuminate\\View\\Engines\\PhpEngine.php(45): Illuminate\\View\\Engines\\CompilerEngine->handleViewException(Object(ErrorException), 1)
#1 C:\\xampp\\htdocs\\Laravel Projects\\GSF\\vendor\\laravel\\framework\\src\\Illuminate\\View\\Engines\\CompilerEngine.php(59): Illuminate\\View\\Engines\\PhpEngine->evaluatePath('C:\\\\xampp\\\\htdocs...', Array)
#2 C:\\xampp\\htdocs\\Laravel Projects\\GSF\\vendor\\laravel\\framework\\src\\Illuminate\\View\\View.php(142): Illuminate\\View\\Engines\\CompilerEngine->get('C:\\\\xampp\\\\htdocs...', Array)
#3 C:\\xampp\\htdocs\\Laravel Projects\\GSF\\vendor\\laravel\\framework\\src\\Illuminate\\View\\View.php(125): Illuminate\\View\\View->getContents()
#4 C:\\xampp\\htdocs\\Laravel Projects\\GSF\\vendor\\laravel\\framework\\src\\Illuminate\\View\\View.php(90): Illuminate\\View\\View->renderContents()
#5 C:\\xampp\\htdocs\\Laravel Projects\\GSF\\vendor\\laravel\\framework\\src\\Illuminate\\Http\\Response.php(42): Illuminate\\View\\View->render()
#6 C:\\xampp\\htdocs\\Laravel Projects\\GSF\\vendor\\symfony\\http-foundation\\Response.php(205): Illuminate\\Http\\Response->setContent(Object(Illuminate\\View\\View))
#7 C:\\xampp\\htdocs\\Laravel Projects\\GSF\\vendor\\laravel\\framework\\src\\Illuminate\\Routing\\Router.php(748): Symfony\\Component\\HttpFoundation\\Response->__construct(Object(Illuminate\\View\\View))
#8 C:\\xampp\\htdocs\\Laravel Projects\\GSF\\vendor\\laravel\\framework\\src\\Illuminate\\Routing\\Router.php(720): Illuminate\\Routing\\Router::toResponse(Object(Illuminate\\Http\\Request), Object(Illuminate\\View\\View))
#9 C:\\xampp\\htdocs\\Laravel Projects\\GSF\\vendor\\laravel\\framework\\src\\Illuminate\\Routing\\Router.php(680): Illuminate\\Routing\\Router->prepareResponse(Object(Illuminate\\Http\\Request), Object(Illuminate\\View\\View))
#10 C:\\xampp\\htdocs\\Laravel Projects\\GSF\\vendor\\laravel\\framework\\src\\Illuminate\\Routing\\Pipeline.php(30): Illuminate\\Routing\\Router->Illuminate\\Routing\\{closure}(Object(Illuminate\\Http\\Request))
#11 C:\\xampp\\htdocs\\Laravel Projects\\GSF\\app\\Http\\Middleware\\SwitchUser.php(22): Illuminate\\Routing\\Pipeline->Illuminate\\Routing\\{closure}(Object(Illuminate\\Http\\Request))
#12 C:\\xampp\\htdocs\\Laravel Projects\\GSF\\vendor\\laravel\\framework\\src\\Illuminate\\Pipeline\\Pipeline.php(163): App\\Http\\Middleware\\SwitchUser->handle(Object(Illuminate\\Http\\Request), Object(Closure))
#13 C:\\xampp\\htdocs\\Laravel Projects\\GSF\\vendor\\laravel\\framework\\src\\Illuminate\\Routing\\Pipeline.php(53): Illuminate\\Pipeline\\Pipeline->Illuminate\\Pipeline\\{closure}(Object(Illuminate\\Http\\Request))
#14 C:\\xampp\\htdocs\\Laravel Projects\\GSF\\vendor\\laravel\\framework\\src\\Illuminate\\Routing\\Middleware\\SubstituteBindings.php(41): Illuminate\\Routing\\Pipeline->Illuminate\\Routing\\{closure}(Object(Illuminate\\Http\\Request))
#15 C:\\xampp\\htdocs\\Laravel Projects\\GSF\\vendor\\laravel\\framework\\src\\Illuminate\\Pipeline\\Pipeline.php(163): Illuminate\\Routing\\Middleware\\SubstituteBindings->handle(Object(Illuminate\\Http\\Request), Object(Closure))
#16 C:\\xampp\\htdocs\\Laravel Projects\\GSF\\vendor\\laravel\\framework\\src\\Illuminate\\Routing\\Pipeline.php(53): Illuminate\\Pipeline\\Pipeline->Illuminate\\Pipeline\\{closure}(Object(Illuminate\\Http\\Request))
#17 C:\\xampp\\htdocs\\Laravel Projects\\GSF\\vendor\\laravel\\framework\\src\\Illuminate\\Auth\\Middleware\\Authenticate.php(43): Illuminate\\Routing\\Pipeline->Illuminate\\Routing\\{closure}(Object(Illuminate\\Http\\Request))
#18 C:\\xampp\\htdocs\\Laravel Projects\\GSF\\vendor\\laravel\\framework\\src\\Illuminate\\Pipeline\\Pipeline.php(163): Illuminate\\Auth\\Middleware\\Authenticate->handle(Object(Illuminate\\Http\\Request), Object(Closure))
#19 C:\\xampp\\htdocs\\Laravel Projects\\GSF\\vendor\\laravel\\framework\\src\\Illuminate\\Routing\\Pipeline.php(53): Illuminate\\Pipeline\\Pipeline->Illuminate\\Pipeline\\{closure}(Object(Illuminate\\Http\\Request))
#20 C:\\xampp\\htdocs\\Laravel Projects\\GSF\\vendor\\laravel\\framework\\src\\Illuminate\\Foundation\\Http\\Middleware\\VerifyCsrfToken.php(75): Illuminate\\Routing\\Pipeline->Illuminate\\Routing\\{closure}(Object(Illuminate\\Http\\Request))
#21 C:\\xampp\\htdocs\\Laravel Projects\\GSF\\vendor\\laravel\\framework\\src\\Illuminate\\Pipeline\\Pipeline.php(163): Illuminate\\Foundation\\Http\\Middleware\\VerifyCsrfToken->handle(Object(Illuminate\\Http\\Request), Object(Closure))
#22 C:\\xampp\\htdocs\\Laravel Projects\\GSF\\vendor\\laravel\\framework\\src\\Illuminate\\Routing\\Pipeline.php(53): Illuminate\\Pipeline\\Pipeline->Illuminate\\Pipeline\\{closure}(Object(Illuminate\\Http\\Request))
#23 C:\\xampp\\htdocs\\Laravel Projects\\GSF\\vendor\\laravel\\framework\\src\\Illuminate\\View\\Middleware\\ShareErrorsFromSession.php(49): Illuminate\\Routing\\Pipeline->Illuminate\\Routing\\{closure}(Object(Illuminate\\Http\\Request))
#24 C:\\xampp\\htdocs\\Laravel Projects\\GSF\\vendor\\laravel\\framework\\src\\Illuminate\\Pipeline\\Pipeline.php(163): Illuminate\\View\\Middleware\\ShareErrorsFromSession->handle(Object(Illuminate\\Http\\Request), Object(Closure))
#25 C:\\xampp\\htdocs\\Laravel Projects\\GSF\\vendor\\laravel\\framework\\src\\Illuminate\\Routing\\Pipeline.php(53): Illuminate\\Pipeline\\Pipeline->Illuminate\\Pipeline\\{closure}(Object(Illuminate\\Http\\Request))
#26 C:\\xampp\\htdocs\\Laravel Projects\\GSF\\vendor\\laravel\\framework\\src\\Illuminate\\Session\\Middleware\\StartSession.php(56): Illuminate\\Routing\\Pipeline->Illuminate\\Routing\\{closure}(Object(Illuminate\\Http\\Request))
#27 C:\\xampp\\htdocs\\Laravel Projects\\GSF\\vendor\\laravel\\framework\\src\\Illuminate\\Pipeline\\Pipeline.php(163): Illuminate\\Session\\Middleware\\StartSession->handle(Object(Illuminate\\Http\\Request), Object(Closure))
#28 C:\\xampp\\htdocs\\Laravel Projects\\GSF\\vendor\\laravel\\framework\\src\\Illuminate\\Routing\\Pipeline.php(53): Illuminate\\Pipeline\\Pipeline->Illuminate\\Pipeline\\{closure}(Object(Illuminate\\Http\\Request))
#29 C:\\xampp\\htdocs\\Laravel Projects\\GSF\\vendor\\laravel\\framework\\src\\Illuminate\\Cookie\\Middleware\\AddQueuedCookiesToResponse.php(37): Illuminate\\Routing\\Pipeline->Illuminate\\Routing\\{closure}(Object(Illuminate\\Http\\Request))
#30 C:\\xampp\\htdocs\\Laravel Projects\\GSF\\vendor\\laravel\\framework\\src\\Illuminate\\Pipeline\\Pipeline.php(163): Illuminate\\Cookie\\Middleware\\AddQueuedCookiesToResponse->handle(Object(Illuminate\\Http\\Request), Object(Closure))
#31 C:\\xampp\\htdocs\\Laravel Projects\\GSF\\vendor\\laravel\\framework\\src\\Illuminate\\Routing\\Pipeline.php(53): Illuminate\\Pipeline\\Pipeline->Illuminate\\Pipeline\\{closure}(Object(Illuminate\\Http\\Request))
#32 C:\\xampp\\htdocs\\Laravel Projects\\GSF\\vendor\\laravel\\framework\\src\\Illuminate\\Cookie\\Middleware\\EncryptCookies.php(66): Illuminate\\Routing\\Pipeline->Illuminate\\Routing\\{closure}(Object(Illuminate\\Http\\Request))
#33 C:\\xampp\\htdocs\\Laravel Projects\\GSF\\vendor\\laravel\\framework\\src\\Illuminate\\Pipeline\\Pipeline.php(163): Illuminate\\Cookie\\Middleware\\EncryptCookies->handle(Object(Illuminate\\Http\\Request), Object(Closure))
#34 C:\\xampp\\htdocs\\Laravel Projects\\GSF\\vendor\\laravel\\framework\\src\\Illuminate\\Routing\\Pipeline.php(53): Illuminate\\Pipeline\\Pipeline->Illuminate\\Pipeline\\{closure}(Object(Illuminate\\Http\\Request))
#35 C:\\xampp\\htdocs\\Laravel Projects\\GSF\\vendor\\laravel\\framework\\src\\Illuminate\\Pipeline\\Pipeline.php(104): Illuminate\\Routing\\Pipeline->Illuminate\\Routing\\{closure}(Object(Illuminate\\Http\\Request))
#36 C:\\xampp\\htdocs\\Laravel Projects\\GSF\\vendor\\laravel\\framework\\src\\Illuminate\\Routing\\Router.php(682): Illuminate\\Pipeline\\Pipeline->then(Object(Closure))
#37 C:\\xampp\\htdocs\\Laravel Projects\\GSF\\vendor\\laravel\\framework\\src\\Illuminate\\Routing\\Router.php(657): Illuminate\\Routing\\Router->runRouteWithinStack(Object(Illuminate\\Routing\\Route), Object(Illuminate\\Http\\Request))
#38 C:\\xampp\\htdocs\\Laravel Projects\\GSF\\vendor\\laravel\\framework\\src\\Illuminate\\Routing\\Router.php(623): Illuminate\\Routing\\Router->runRoute(Object(Illuminate\\Http\\Request), Object(Illuminate\\Routing\\Route))
#39 C:\\xampp\\htdocs\\Laravel Projects\\GSF\\vendor\\laravel\\framework\\src\\Illuminate\\Routing\\Router.php(612): Illuminate\\Routing\\Router->dispatchToRoute(Object(Illuminate\\Http\\Request))
#40 C:\\xampp\\htdocs\\Laravel Projects\\GSF\\vendor\\laravel\\framework\\src\\Illuminate\\Foundation\\Http\\Kernel.php(176): Illuminate\\Routing\\Router->dispatch(Object(Illuminate\\Http\\Request))
#41 C:\\xampp\\htdocs\\Laravel Projects\\GSF\\vendor\\laravel\\framework\\src\\Illuminate\\Routing\\Pipeline.php(30): Illuminate\\Foundation\\Http\\Kernel->Illuminate\\Foundation\\Http\\{closure}(Object(Illuminate\\Http\\Request))
#42 C:\\xampp\\htdocs\\Laravel Projects\\GSF\\vendor\\fideloper\\proxy\\src\\TrustProxies.php(57): Illuminate\\Routing\\Pipeline->Illuminate\\Routing\\{closure}(Object(Illuminate\\Http\\Request))
#43 C:\\xampp\\htdocs\\Laravel Projects\\GSF\\vendor\\laravel\\framework\\src\\Illuminate\\Pipeline\\Pipeline.php(163): Fideloper\\Proxy\\TrustProxies->handle(Object(Illuminate\\Http\\Request), Object(Closure))
#44 C:\\xampp\\htdocs\\Laravel Projects\\GSF\\vendor\\laravel\\framework\\src\\Illuminate\\Routing\\Pipeline.php(53): Illuminate\\Pipeline\\Pipeline->Illuminate\\Pipeline\\{closure}(Object(Illuminate\\Http\\Request))
#45 C:\\xampp\\htdocs\\Laravel Projects\\GSF\\vendor\\laravel\\framework\\src\\Illuminate\\Foundation\\Http\\Middleware\\TransformsRequest.php(21): Illuminate\\Routing\\Pipeline->Illuminate\\Routing\\{closure}(Object(Illuminate\\Http\\Request))
#46 C:\\xampp\\htdocs\\Laravel Projects\\GSF\\vendor\\laravel\\framework\\src\\Illuminate\\Pipeline\\Pipeline.php(163): Illuminate\\Foundation\\Http\\Middleware\\TransformsRequest->handle(Object(Illuminate\\Http\\Request), Object(Closure))
#47 C:\\xampp\\htdocs\\Laravel Projects\\GSF\\vendor\\laravel\\framework\\src\\Illuminate\\Routing\\Pipeline.php(53): Illuminate\\Pipeline\\Pipeline->Illuminate\\Pipeline\\{closure}(Object(Illuminate\\Http\\Request))
#48 C:\\xampp\\htdocs\\Laravel Projects\\GSF\\vendor\\laravel\\framework\\src\\Illuminate\\Foundation\\Http\\Middleware\\TransformsRequest.php(21): Illuminate\\Routing\\Pipeline->Illuminate\\Routing\\{closure}(Object(Illuminate\\Http\\Request))
#49 C:\\xampp\\htdocs\\Laravel Projects\\GSF\\vendor\\laravel\\framework\\src\\Illuminate\\Pipeline\\Pipeline.php(163): Illuminate\\Foundation\\Http\\Middleware\\TransformsRequest->handle(Object(Illuminate\\Http\\Request), Object(Closure))
#50 C:\\xampp\\htdocs\\Laravel Projects\\GSF\\vendor\\laravel\\framework\\src\\Illuminate\\Routing\\Pipeline.php(53): Illuminate\\Pipeline\\Pipeline->Illuminate\\Pipeline\\{closure}(Object(Illuminate\\Http\\Request))
#51 C:\\xampp\\htdocs\\Laravel Projects\\GSF\\vendor\\laravel\\framework\\src\\Illuminate\\Foundation\\Http\\Middleware\\ValidatePostSize.php(27): Illuminate\\Routing\\Pipeline->Illuminate\\Routing\\{closure}(Object(Illuminate\\Http\\Request))
#52 C:\\xampp\\htdocs\\Laravel Projects\\GSF\\vendor\\laravel\\framework\\src\\Illuminate\\Pipeline\\Pipeline.php(163): Illuminate\\Foundation\\Http\\Middleware\\ValidatePostSize->handle(Object(Illuminate\\Http\\Request), Object(Closure))
#53 C:\\xampp\\htdocs\\Laravel Projects\\GSF\\vendor\\laravel\\framework\\src\\Illuminate\\Routing\\Pipeline.php(53): Illuminate\\Pipeline\\Pipeline->Illuminate\\Pipeline\\{closure}(Object(Illuminate\\Http\\Request))
#54 C:\\xampp\\htdocs\\Laravel Projects\\GSF\\vendor\\laravel\\framework\\src\\Illuminate\\Foundation\\Http\\Middleware\\CheckForMaintenanceMode.php(62): Illuminate\\Routing\\Pipeline->Illuminate\\Routing\\{closure}(Object(Illuminate\\Http\\Request))
#55 C:\\xampp\\htdocs\\Laravel Projects\\GSF\\vendor\\laravel\\framework\\src\\Illuminate\\Pipeline\\Pipeline.php(163): Illuminate\\Foundation\\Http\\Middleware\\CheckForMaintenanceMode->handle(Object(Illuminate\\Http\\Request), Object(Closure))
#56 C:\\xampp\\htdocs\\Laravel Projects\\GSF\\vendor\\laravel\\framework\\src\\Illuminate\\Routing\\Pipeline.php(53): Illuminate\\Pipeline\\Pipeline->Illuminate\\Pipeline\\{closure}(Object(Illuminate\\Http\\Request))
#57 C:\\xampp\\htdocs\\Laravel Projects\\GSF\\vendor\\laravel\\framework\\src\\Illuminate\\Pipeline\\Pipeline.php(104): Illuminate\\Routing\\Pipeline->Illuminate\\Routing\\{closure}(Object(Illuminate\\Http\\Request))
#58 C:\\xampp\\htdocs\\Laravel Projects\\GSF\\vendor\\laravel\\framework\\src\\Illuminate\\Foundation\\Http\\Kernel.php(151): Illuminate\\Pipeline\\Pipeline->then(Object(Closure))
#59 C:\\xampp\\htdocs\\Laravel Projects\\GSF\\vendor\\laravel\\framework\\src\\Illuminate\\Foundation\\Http\\Kernel.php(116): Illuminate\\Foundation\\Http\\Kernel->sendRequestThroughRouter(Object(Illuminate\\Http\\Request))
#60 C:\\xampp\\htdocs\\Laravel Projects\\GSF\\public\\index.php(55): Illuminate\\Foundation\\Http\\Kernel->handle(Object(Illuminate\\Http\\Request))
#61 C:\\xampp\\htdocs\\Laravel Projects\\GSF\\server.php(21): require_once('C:\\\\xampp\\\\htdocs...')
#62 {main}
"} 
[2021-01-25 20:38:50] local.ERROR: Undefined variable: user (View: C:\xampp\htdocs\Laravel Projects\GSF\resources\views\participant\index.blade.php) {"userId":15,"exception":"[object] (ErrorException(code: 0): Undefined variable: user (View: C:\\xampp\\htdocs\\Laravel Projects\\GSF\esources\\views\\participant\\index.blade.php) at C:\\xampp\\htdocs\\Laravel Projects\\GSF\\storage\\framework\\views\\9d2c3ccbb94476023244733ccdacbd1be04f4765.php:122, ErrorException(code: 0): Undefined variable: user at C:\\xampp\\htdocs\\Laravel Projects\\GSF\\storage\\framework\\views\\9d2c3ccbb94476023244733ccdacbd1be04f4765.php:122)
[stacktrace]
#0 C:\\xampp\\htdocs\\Laravel Projects\\GSF\\vendor\\laravel\\framework\\src\\Illuminate\\View\\Engines\\PhpEngine.php(45): Illuminate\\View\\Engines\\CompilerEngine->handleViewException(Object(ErrorException), 1)
#1 C:\\xampp\\htdocs\\Laravel Projects\\GSF\\vendor\\laravel\\framework\\src\\Illuminate\\View\\Engines\\CompilerEngine.php(59): Illuminate\\View\\Engines\\PhpEngine->evaluatePath('C:\\\\xampp\\\\htdocs...', Array)
#2 C:\\xampp\\htdocs\\Laravel Projects\\GSF\\vendor\\laravel\\framework\\src\\Illuminate\\View\\View.php(142): Illuminate\\View\\Engines\\CompilerEngine->get('C:\\\\xampp\\\\htdocs...', Array)
#3 C:\\xampp\\htdocs\\Laravel Projects\\GSF\\vendor\\laravel\\framework\\src\\Illuminate\\View\\View.php(125): Illuminate\\View\\View->getContents()
#4 C:\\xampp\\htdocs\\Laravel Projects\\GSF\\vendor\\laravel\\framework\\src\\Illuminate\\View\\View.php(90): Illuminate\\View\\View->renderContents()
#5 C:\\xampp\\htdocs\\Laravel Projects\\GSF\\vendor\\laravel\\framework\\src\\Illuminate\\Http\\Response.php(42): Illuminate\\View\\View->render()
#6 C:\\xampp\\htdocs\\Laravel Projects\\GSF\\vendor\\symfony\\http-foundation\\Response.php(205): Illuminate\\Http\\Response->setContent(Object(Illuminate\\View\\View))
#7 C:\\xampp\\htdocs\\Laravel Projects\\GSF\\vendor\\laravel\\framework\\src\\Illuminate\\Routing\\Router.php(748): Symfony\\Component\\HttpFoundation\\Response->__construct(Object(Illuminate\\View\\View))
#8 C:\\xampp\\htdocs\\Laravel Projects\\GSF\\vendor\\laravel\\framework\\src\\Illuminate\\Routing\\Router.php(720): Illuminate\\Routing\\Router::toResponse(Object(Illuminate\\Http\\Request), Object(Illuminate\\View\\View))
#9 C:\\xampp\\htdocs\\Laravel Projects\\GSF\\vendor\\laravel\\framework\\src\\Illuminate\\Routing\\Router.php(680): Illuminate\\Routing\\Router->prepareResponse(Object(Illuminate\\Http\\Request), Object(Illuminate\\View\\View))
#10 C:\\xampp\\htdocs\\Laravel Projects\\GSF\\vendor\\laravel\\framework\\src\\Illuminate\\Routing\\Pipeline.php(30): Illuminate\\Routing\\Router->Illuminate\\Routing\\{closure}(Object(Illuminate\\Http\\Request))
#11 C:\\xampp\\htdocs\\Laravel Projects\\GSF\\app\\Http\\Middleware\\SwitchUser.php(22): Illuminate\\Routing\\Pipeline->Illuminate\\Routing\\{closure}(Object(Illuminate\\Http\\Request))
#12 C:\\xampp\\htdocs\\Laravel Projects\\GSF\\vendor\\laravel\\framework\\src\\Illuminate\\Pipeline\\Pipeline.php(163): App\\Http\\Middleware\\SwitchUser->handle(Object(Illuminate\\Http\\Request), Object(Closure))
#13 C:\\xampp\\htdocs\\Laravel Projects\\GSF\\vendor\\laravel\\framework\\src\\Illuminate\\Routing\\Pipeline.php(53): Illuminate\\Pipeline\\Pipeline->Illuminate\\Pipeline\\{closure}(Object(Illuminate\\Http\\Request))
#14 C:\\xampp\\htdocs\\Laravel Projects\\GSF\\vendor\\laravel\\framework\\src\\Illuminate\\Routing\\Middleware\\SubstituteBindings.php(41): Illuminate\\Routing\\Pipeline->Illuminate\\Routing\\{closure}(Object(Illuminate\\Http\\Request))
#15 C:\\xampp\\htdocs\\Laravel Projects\\GSF\\vendor\\laravel\\framework\\src\\Illuminate\\Pipeline\\Pipeline.php(163): Illuminate\\Routing\\Middleware\\SubstituteBindings->handle(Object(Illuminate\\Http\\Request), Object(Closure))
#16 C:\\xampp\\htdocs\\Laravel Projects\\GSF\\vendor\\laravel\\framework\\src\\Illuminate\\Routing\\Pipeline.php(53): Illuminate\\Pipeline\\Pipeline->Illuminate\\Pipeline\\{closure}(Object(Illuminate\\Http\\Request))
#17 C:\\xampp\\htdocs\\Laravel Projects\\GSF\\vendor\\laravel\\framework\\src\\Illuminate\\Auth\\Middleware\\Authenticate.php(43): Illuminate\\Routing\\Pipeline->Illuminate\\Routing\\{closure}(Object(Illuminate\\Http\\Request))
#18 C:\\xampp\\htdocs\\Laravel Projects\\GSF\\vendor\\laravel\\framework\\src\\Illuminate\\Pipeline\\Pipeline.php(163): Illuminate\\Auth\\Middleware\\Authenticate->handle(Object(Illuminate\\Http\\Request), Object(Closure))
#19 C:\\xampp\\htdocs\\Laravel Projects\\GSF\\vendor\\laravel\\framework\\src\\Illuminate\\Routing\\Pipeline.php(53): Illuminate\\Pipeline\\Pipeline->Illuminate\\Pipeline\\{closure}(Object(Illuminate\\Http\\Request))
#20 C:\\xampp\\htdocs\\Laravel Projects\\GSF\\vendor\\laravel\\framework\\src\\Illuminate\\Foundation\\Http\\Middleware\\VerifyCsrfToken.php(75): Illuminate\\Routing\\Pipeline->Illuminate\\Routing\\{closure}(Object(Illuminate\\Http\\Request))
#21 C:\\xampp\\htdocs\\Laravel Projects\\GSF\\vendor\\laravel\\framework\\src\\Illuminate\\Pipeline\\Pipeline.php(163): Illuminate\\Foundation\\Http\\Middleware\\VerifyCsrfToken->handle(Object(Illuminate\\Http\\Request), Object(Closure))
#22 C:\\xampp\\htdocs\\Laravel Projects\\GSF\\vendor\\laravel\\framework\\src\\Illuminate\\Routing\\Pipeline.php(53): Illuminate\\Pipeline\\Pipeline->Illuminate\\Pipeline\\{closure}(Object(Illuminate\\Http\\Request))
#23 C:\\xampp\\htdocs\\Laravel Projects\\GSF\\vendor\\laravel\\framework\\src\\Illuminate\\View\\Middleware\\ShareErrorsFromSession.php(49): Illuminate\\Routing\\Pipeline->Illuminate\\Routing\\{closure}(Object(Illuminate\\Http\\Request))
#24 C:\\xampp\\htdocs\\Laravel Projects\\GSF\\vendor\\laravel\\framework\\src\\Illuminate\\Pipeline\\Pipeline.php(163): Illuminate\\View\\Middleware\\ShareErrorsFromSession->handle(Object(Illuminate\\Http\\Request), Object(Closure))
#25 C:\\xampp\\htdocs\\Laravel Projects\\GSF\\vendor\\laravel\\framework\\src\\Illuminate\\Routing\\Pipeline.php(53): Illuminate\\Pipeline\\Pipeline->Illuminate\\Pipeline\\{closure}(Object(Illuminate\\Http\\Request))
#26 C:\\xampp\\htdocs\\Laravel Projects\\GSF\\vendor\\laravel\\framework\\src\\Illuminate\\Session\\Middleware\\StartSession.php(56): Illuminate\\Routing\\Pipeline->Illuminate\\Routing\\{closure}(Object(Illuminate\\Http\\Request))
#27 C:\\xampp\\htdocs\\Laravel Projects\\GSF\\vendor\\laravel\\framework\\src\\Illuminate\\Pipeline\\Pipeline.php(163): Illuminate\\Session\\Middleware\\StartSession->handle(Object(Illuminate\\Http\\Request), Object(Closure))
#28 C:\\xampp\\htdocs\\Laravel Projects\\GSF\\vendor\\laravel\\framework\\src\\Illuminate\\Routing\\Pipeline.php(53): Illuminate\\Pipeline\\Pipeline->Illuminate\\Pipeline\\{closure}(Object(Illuminate\\Http\\Request))
#29 C:\\xampp\\htdocs\\Laravel Projects\\GSF\\vendor\\laravel\\framework\\src\\Illuminate\\Cookie\\Middleware\\AddQueuedCookiesToResponse.php(37): Illuminate\\Routing\\Pipeline->Illuminate\\Routing\\{closure}(Object(Illuminate\\Http\\Request))
#30 C:\\xampp\\htdocs\\Laravel Projects\\GSF\\vendor\\laravel\\framework\\src\\Illuminate\\Pipeline\\Pipeline.php(163): Illuminate\\Cookie\\Middleware\\AddQueuedCookiesToResponse->handle(Object(Illuminate\\Http\\Request), Object(Closure))
#31 C:\\xampp\\htdocs\\Laravel Projects\\GSF\\vendor\\laravel\\framework\\src\\Illuminate\\Routing\\Pipeline.php(53): Illuminate\\Pipeline\\Pipeline->Illuminate\\Pipeline\\{closure}(Object(Illuminate\\Http\\Request))
#32 C:\\xampp\\htdocs\\Laravel Projects\\GSF\\vendor\\laravel\\framework\\src\\Illuminate\\Cookie\\Middleware\\EncryptCookies.php(66): Illuminate\\Routing\\Pipeline->Illuminate\\Routing\\{closure}(Object(Illuminate\\Http\\Request))
#33 C:\\xampp\\htdocs\\Laravel Projects\\GSF\\vendor\\laravel\\framework\\src\\Illuminate\\Pipeline\\Pipeline.php(163): Illuminate\\Cookie\\Middleware\\EncryptCookies->handle(Object(Illuminate\\Http\\Request), Object(Closure))
#34 C:\\xampp\\htdocs\\Laravel Projects\\GSF\\vendor\\laravel\\framework\\src\\Illuminate\\Routing\\Pipeline.php(53): Illuminate\\Pipeline\\Pipeline->Illuminate\\Pipeline\\{closure}(Object(Illuminate\\Http\\Request))
#35 C:\\xampp\\htdocs\\Laravel Projects\\GSF\\vendor\\laravel\\framework\\src\\Illuminate\\Pipeline\\Pipeline.php(104): Illuminate\\Routing\\Pipeline->Illuminate\\Routing\\{closure}(Object(Illuminate\\Http\\Request))
#36 C:\\xampp\\htdocs\\Laravel Projects\\GSF\\vendor\\laravel\\framework\\src\\Illuminate\\Routing\\Router.php(682): Illuminate\\Pipeline\\Pipeline->then(Object(Closure))
#37 C:\\xampp\\htdocs\\Laravel Projects\\GSF\\vendor\\laravel\\framework\\src\\Illuminate\\Routing\\Router.php(657): Illuminate\\Routing\\Router->runRouteWithinStack(Object(Illuminate\\Routing\\Route), Object(Illuminate\\Http\\Request))
#38 C:\\xampp\\htdocs\\Laravel Projects\\GSF\\vendor\\laravel\\framework\\src\\Illuminate\\Routing\\Router.php(623): Illuminate\\Routing\\Router->runRoute(Object(Illuminate\\Http\\Request), Object(Illuminate\\Routing\\Route))
#39 C:\\xampp\\htdocs\\Laravel Projects\\GSF\\vendor\\laravel\\framework\\src\\Illuminate\\Routing\\Router.php(612): Illuminate\\Routing\\Router->dispatchToRoute(Object(Illuminate\\Http\\Request))
#40 C:\\xampp\\htdocs\\Laravel Projects\\GSF\\vendor\\laravel\\framework\\src\\Illuminate\\Foundation\\Http\\Kernel.php(176): Illuminate\\Routing\\Router->dispatch(Object(Illuminate\\Http\\Request))
#41 C:\\xampp\\htdocs\\Laravel Projects\\GSF\\vendor\\laravel\\framework\\src\\Illuminate\\Routing\\Pipeline.php(30): Illuminate\\Foundation\\Http\\Kernel->Illuminate\\Foundation\\Http\\{closure}(Object(Illuminate\\Http\\Request))
#42 C:\\xampp\\htdocs\\Laravel Projects\\GSF\\vendor\\fideloper\\proxy\\src\\TrustProxies.php(57): Illuminate\\Routing\\Pipeline->Illuminate\\Routing\\{closure}(Object(Illuminate\\Http\\Request))
#43 C:\\xampp\\htdocs\\Laravel Projects\\GSF\\vendor\\laravel\\framework\\src\\Illuminate\\Pipeline\\Pipeline.php(163): Fideloper\\Proxy\\TrustProxies->handle(Object(Illuminate\\Http\\Request), Object(Closure))
#44 C:\\xampp\\htdocs\\Laravel Projects\\GSF\\vendor\\laravel\\framework\\src\\Illuminate\\Routing\\Pipeline.php(53): Illuminate\\Pipeline\\Pipeline->Illuminate\\Pipeline\\{closure}(Object(Illuminate\\Http\\Request))
#45 C:\\xampp\\htdocs\\Laravel Projects\\GSF\\vendor\\laravel\\framework\\src\\Illuminate\\Foundation\\Http\\Middleware\\TransformsRequest.php(21): Illuminate\\Routing\\Pipeline->Illuminate\\Routing\\{closure}(Object(Illuminate\\Http\\Request))
#46 C:\\xampp\\htdocs\\Laravel Projects\\GSF\\vendor\\laravel\\framework\\src\\Illuminate\\Pipeline\\Pipeline.php(163): Illuminate\\Foundation\\Http\\Middleware\\TransformsRequest->handle(Object(Illuminate\\Http\\Request), Object(Closure))
#47 C:\\xampp\\htdocs\\Laravel Projects\\GSF\\vendor\\laravel\\framework\\src\\Illuminate\\Routing\\Pipeline.php(53): Illuminate\\Pipeline\\Pipeline->Illuminate\\Pipeline\\{closure}(Object(Illuminate\\Http\\Request))
#48 C:\\xampp\\htdocs\\Laravel Projects\\GSF\\vendor\\laravel\\framework\\src\\Illuminate\\Foundation\\Http\\Middleware\\TransformsRequest.php(21): Illuminate\\Routing\\Pipeline->Illuminate\\Routing\\{closure}(Object(Illuminate\\Http\\Request))
#49 C:\\xampp\\htdocs\\Laravel Projects\\GSF\\vendor\\laravel\\framework\\src\\Illuminate\\Pipeline\\Pipeline.php(163): Illuminate\\Foundation\\Http\\Middleware\\TransformsRequest->handle(Object(Illuminate\\Http\\Request), Object(Closure))
#50 C:\\xampp\\htdocs\\Laravel Projects\\GSF\\vendor\\laravel\\framework\\src\\Illuminate\\Routing\\Pipeline.php(53): Illuminate\\Pipeline\\Pipeline->Illuminate\\Pipeline\\{closure}(Object(Illuminate\\Http\\Request))
#51 C:\\xampp\\htdocs\\Laravel Projects\\GSF\\vendor\\laravel\\framework\\src\\Illuminate\\Foundation\\Http\\Middleware\\ValidatePostSize.php(27): Illuminate\\Routing\\Pipeline->Illuminate\\Routing\\{closure}(Object(Illuminate\\Http\\Request))
#52 C:\\xampp\\htdocs\\Laravel Projects\\GSF\\vendor\\laravel\\framework\\src\\Illuminate\\Pipeline\\Pipeline.php(163): Illuminate\\Foundation\\Http\\Middleware\\ValidatePostSize->handle(Object(Illuminate\\Http\\Request), Object(Closure))
#53 C:\\xampp\\htdocs\\Laravel Projects\\GSF\\vendor\\laravel\\framework\\src\\Illuminate\\Routing\\Pipeline.php(53): Illuminate\\Pipeline\\Pipeline->Illuminate\\Pipeline\\{closure}(Object(Illuminate\\Http\\Request))
#54 C:\\xampp\\htdocs\\Laravel Projects\\GSF\\vendor\\laravel\\framework\\src\\Illuminate\\Foundation\\Http\\Middleware\\CheckForMaintenanceMode.php(62): Illuminate\\Routing\\Pipeline->Illuminate\\Routing\\{closure}(Object(Illuminate\\Http\\Request))
#55 C:\\xampp\\htdocs\\Laravel Projects\\GSF\\vendor\\laravel\\framework\\src\\Illuminate\\Pipeline\\Pipeline.php(163): Illuminate\\Foundation\\Http\\Middleware\\CheckForMaintenanceMode->handle(Object(Illuminate\\Http\\Request), Object(Closure))
#56 C:\\xampp\\htdocs\\Laravel Projects\\GSF\\vendor\\laravel\\framework\\src\\Illuminate\\Routing\\Pipeline.php(53): Illuminate\\Pipeline\\Pipeline->Illuminate\\Pipeline\\{closure}(Object(Illuminate\\Http\\Request))
#57 C:\\xampp\\htdocs\\Laravel Projects\\GSF\\vendor\\laravel\\framework\\src\\Illuminate\\Pipeline\\Pipeline.php(104): Illuminate\\Routing\\Pipeline->Illuminate\\Routing\\{closure}(Object(Illuminate\\Http\\Request))
#58 C:\\xampp\\htdocs\\Laravel Projects\\GSF\\vendor\\laravel\\framework\\src\\Illuminate\\Foundation\\Http\\Kernel.php(151): Illuminate\\Pipeline\\Pipeline->then(Object(Closure))
#59 C:\\xampp\\htdocs\\Laravel Projects\\GSF\\vendor\\laravel\\framework\\src\\Illuminate\\Foundation\\Http\\Kernel.php(116): Illuminate\\Foundation\\Http\\Kernel->sendRequestThroughRouter(Object(Illuminate\\Http\\Request))
#60 C:\\xampp\\htdocs\\Laravel Projects\\GSF\\public\\index.php(55): Illuminate\\Foundation\\Http\\Kernel->handle(Object(Illuminate\\Http\\Request))
#61 C:\\xampp\\htdocs\\Laravel Projects\\GSF\\server.php(21): require_once('C:\\\\xampp\\\\htdocs...')
#62 {main}
"} 
[2021-01-25 20:39:30] local.ERROR: Undefined variable: hostels (View: C:\xampp\htdocs\Laravel Projects\GSF\resources\views\participant\index.blade.php) {"userId":15,"exception":"[object] (ErrorException(code: 0): Undefined variable: hostels (View: C:\\xampp\\htdocs\\Laravel Projects\\GSF\esources\\views\\participant\\index.blade.php) at C:\\xampp\\htdocs\\Laravel Projects\\GSF\\storage\\framework\\views\\9d2c3ccbb94476023244733ccdacbd1be04f4765.php:200, ErrorException(code: 0): Undefined variable: hostels at C:\\xampp\\htdocs\\Laravel Projects\\GSF\\storage\\framework\\views\\9d2c3ccbb94476023244733ccdacbd1be04f4765.php:200)
[stacktrace]
#0 C:\\xampp\\htdocs\\Laravel Projects\\GSF\\vendor\\laravel\\framework\\src\\Illuminate\\View\\Engines\\PhpEngine.php(45): Illuminate\\View\\Engines\\CompilerEngine->handleViewException(Object(ErrorException), 1)
#1 C:\\xampp\\htdocs\\Laravel Projects\\GSF\\vendor\\laravel\\framework\\src\\Illuminate\\View\\Engines\\CompilerEngine.php(59): Illuminate\\View\\Engines\\PhpEngine->evaluatePath('C:\\\\xampp\\\\htdocs...', Array)
#2 C:\\xampp\\htdocs\\Laravel Projects\\GSF\\vendor\\laravel\\framework\\src\\Illuminate\\View\\View.php(142): Illuminate\\View\\Engines\\CompilerEngine->get('C:\\\\xampp\\\\htdocs...', Array)
#3 C:\\xampp\\htdocs\\Laravel Projects\\GSF\\vendor\\laravel\\framework\\src\\Illuminate\\View\\View.php(125): Illuminate\\View\\View->getContents()
#4 C:\\xampp\\htdocs\\Laravel Projects\\GSF\\vendor\\laravel\\framework\\src\\Illuminate\\View\\View.php(90): Illuminate\\View\\View->renderContents()
#5 C:\\xampp\\htdocs\\Laravel Projects\\GSF\\vendor\\laravel\\framework\\src\\Illuminate\\Http\\Response.php(42): Illuminate\\View\\View->render()
#6 C:\\xampp\\htdocs\\Laravel Projects\\GSF\\vendor\\symfony\\http-foundation\\Response.php(205): Illuminate\\Http\\Response->setContent(Object(Illuminate\\View\\View))
#7 C:\\xampp\\htdocs\\Laravel Projects\\GSF\\vendor\\laravel\\framework\\src\\Illuminate\\Routing\\Router.php(748): Symfony\\Component\\HttpFoundation\\Response->__construct(Object(Illuminate\\View\\View))
#8 C:\\xampp\\htdocs\\Laravel Projects\\GSF\\vendor\\laravel\\framework\\src\\Illuminate\\Routing\\Router.php(720): Illuminate\\Routing\\Router::toResponse(Object(Illuminate\\Http\\Request), Object(Illuminate\\View\\View))
#9 C:\\xampp\\htdocs\\Laravel Projects\\GSF\\vendor\\laravel\\framework\\src\\Illuminate\\Routing\\Router.php(680): Illuminate\\Routing\\Router->prepareResponse(Object(Illuminate\\Http\\Request), Object(Illuminate\\View\\View))
#10 C:\\xampp\\htdocs\\Laravel Projects\\GSF\\vendor\\laravel\\framework\\src\\Illuminate\\Routing\\Pipeline.php(30): Illuminate\\Routing\\Router->Illuminate\\Routing\\{closure}(Object(Illuminate\\Http\\Request))
#11 C:\\xampp\\htdocs\\Laravel Projects\\GSF\\app\\Http\\Middleware\\SwitchUser.php(22): Illuminate\\Routing\\Pipeline->Illuminate\\Routing\\{closure}(Object(Illuminate\\Http\\Request))
#12 C:\\xampp\\htdocs\\Laravel Projects\\GSF\\vendor\\laravel\\framework\\src\\Illuminate\\Pipeline\\Pipeline.php(163): App\\Http\\Middleware\\SwitchUser->handle(Object(Illuminate\\Http\\Request), Object(Closure))
#13 C:\\xampp\\htdocs\\Laravel Projects\\GSF\\vendor\\laravel\\framework\\src\\Illuminate\\Routing\\Pipeline.php(53): Illuminate\\Pipeline\\Pipeline->Illuminate\\Pipeline\\{closure}(Object(Illuminate\\Http\\Request))
#14 C:\\xampp\\htdocs\\Laravel Projects\\GSF\\vendor\\laravel\\framework\\src\\Illuminate\\Routing\\Middleware\\SubstituteBindings.php(41): Illuminate\\Routing\\Pipeline->Illuminate\\Routing\\{closure}(Object(Illuminate\\Http\\Request))
#15 C:\\xampp\\htdocs\\Laravel Projects\\GSF\\vendor\\laravel\\framework\\src\\Illuminate\\Pipeline\\Pipeline.php(163): Illuminate\\Routing\\Middleware\\SubstituteBindings->handle(Object(Illuminate\\Http\\Request), Object(Closure))
#16 C:\\xampp\\htdocs\\Laravel Projects\\GSF\\vendor\\laravel\\framework\\src\\Illuminate\\Routing\\Pipeline.php(53): Illuminate\\Pipeline\\Pipeline->Illuminate\\Pipeline\\{closure}(Object(Illuminate\\Http\\Request))
#17 C:\\xampp\\htdocs\\Laravel Projects\\GSF\\vendor\\laravel\\framework\\src\\Illuminate\\Auth\\Middleware\\Authenticate.php(43): Illuminate\\Routing\\Pipeline->Illuminate\\Routing\\{closure}(Object(Illuminate\\Http\\Request))
#18 C:\\xampp\\htdocs\\Laravel Projects\\GSF\\vendor\\laravel\\framework\\src\\Illuminate\\Pipeline\\Pipeline.php(163): Illuminate\\Auth\\Middleware\\Authenticate->handle(Object(Illuminate\\Http\\Request), Object(Closure))
#19 C:\\xampp\\htdocs\\Laravel Projects\\GSF\\vendor\\laravel\\framework\\src\\Illuminate\\Routing\\Pipeline.php(53): Illuminate\\Pipeline\\Pipeline->Illuminate\\Pipeline\\{closure}(Object(Illuminate\\Http\\Request))
#20 C:\\xampp\\htdocs\\Laravel Projects\\GSF\\vendor\\laravel\\framework\\src\\Illuminate\\Foundation\\Http\\Middleware\\VerifyCsrfToken.php(75): Illuminate\\Routing\\Pipeline->Illuminate\\Routing\\{closure}(Object(Illuminate\\Http\\Request))
#21 C:\\xampp\\htdocs\\Laravel Projects\\GSF\\vendor\\laravel\\framework\\src\\Illuminate\\Pipeline\\Pipeline.php(163): Illuminate\\Foundation\\Http\\Middleware\\VerifyCsrfToken->handle(Object(Illuminate\\Http\\Request), Object(Closure))
#22 C:\\xampp\\htdocs\\Laravel Projects\\GSF\\vendor\\laravel\\framework\\src\\Illuminate\\Routing\\Pipeline.php(53): Illuminate\\Pipeline\\Pipeline->Illuminate\\Pipeline\\{closure}(Object(Illuminate\\Http\\Request))
#23 C:\\xampp\\htdocs\\Laravel Projects\\GSF\\vendor\\laravel\\framework\\src\\Illuminate\\View\\Middleware\\ShareErrorsFromSession.php(49): Illuminate\\Routing\\Pipeline->Illuminate\\Routing\\{closure}(Object(Illuminate\\Http\\Request))
#24 C:\\xampp\\htdocs\\Laravel Projects\\GSF\\vendor\\laravel\\framework\\src\\Illuminate\\Pipeline\\Pipeline.php(163): Illuminate\\View\\Middleware\\ShareErrorsFromSession->handle(Object(Illuminate\\Http\\Request), Object(Closure))
#25 C:\\xampp\\htdocs\\Laravel Projects\\GSF\\vendor\\laravel\\framework\\src\\Illuminate\\Routing\\Pipeline.php(53): Illuminate\\Pipeline\\Pipeline->Illuminate\\Pipeline\\{closure}(Object(Illuminate\\Http\\Request))
#26 C:\\xampp\\htdocs\\Laravel Projects\\GSF\\vendor\\laravel\\framework\\src\\Illuminate\\Session\\Middleware\\StartSession.php(56): Illuminate\\Routing\\Pipeline->Illuminate\\Routing\\{closure}(Object(Illuminate\\Http\\Request))
#27 C:\\xampp\\htdocs\\Laravel Projects\\GSF\\vendor\\laravel\\framework\\src\\Illuminate\\Pipeline\\Pipeline.php(163): Illuminate\\Session\\Middleware\\StartSession->handle(Object(Illuminate\\Http\\Request), Object(Closure))
#28 C:\\xampp\\htdocs\\Laravel Projects\\GSF\\vendor\\laravel\\framework\\src\\Illuminate\\Routing\\Pipeline.php(53): Illuminate\\Pipeline\\Pipeline->Illuminate\\Pipeline\\{closure}(Object(Illuminate\\Http\\Request))
#29 C:\\xampp\\htdocs\\Laravel Projects\\GSF\\vendor\\laravel\\framework\\src\\Illuminate\\Cookie\\Middleware\\AddQueuedCookiesToResponse.php(37): Illuminate\\Routing\\Pipeline->Illuminate\\Routing\\{closure}(Object(Illuminate\\Http\\Request))
#30 C:\\xampp\\htdocs\\Laravel Projects\\GSF\\vendor\\laravel\\framework\\src\\Illuminate\\Pipeline\\Pipeline.php(163): Illuminate\\Cookie\\Middleware\\AddQueuedCookiesToResponse->handle(Object(Illuminate\\Http\\Request), Object(Closure))
#31 C:\\xampp\\htdocs\\Laravel Projects\\GSF\\vendor\\laravel\\framework\\src\\Illuminate\\Routing\\Pipeline.php(53): Illuminate\\Pipeline\\Pipeline->Illuminate\\Pipeline\\{closure}(Object(Illuminate\\Http\\Request))
#32 C:\\xampp\\htdocs\\Laravel Projects\\GSF\\vendor\\laravel\\framework\\src\\Illuminate\\Cookie\\Middleware\\EncryptCookies.php(66): Illuminate\\Routing\\Pipeline->Illuminate\\Routing\\{closure}(Object(Illuminate\\Http\\Request))
#33 C:\\xampp\\htdocs\\Laravel Projects\\GSF\\vendor\\laravel\\framework\\src\\Illuminate\\Pipeline\\Pipeline.php(163): Illuminate\\Cookie\\Middleware\\EncryptCookies->handle(Object(Illuminate\\Http\\Request), Object(Closure))
#34 C:\\xampp\\htdocs\\Laravel Projects\\GSF\\vendor\\laravel\\framework\\src\\Illuminate\\Routing\\Pipeline.php(53): Illuminate\\Pipeline\\Pipeline->Illuminate\\Pipeline\\{closure}(Object(Illuminate\\Http\\Request))
#35 C:\\xampp\\htdocs\\Laravel Projects\\GSF\\vendor\\laravel\\framework\\src\\Illuminate\\Pipeline\\Pipeline.php(104): Illuminate\\Routing\\Pipeline->Illuminate\\Routing\\{closure}(Object(Illuminate\\Http\\Request))
#36 C:\\xampp\\htdocs\\Laravel Projects\\GSF\\vendor\\laravel\\framework\\src\\Illuminate\\Routing\\Router.php(682): Illuminate\\Pipeline\\Pipeline->then(Object(Closure))
#37 C:\\xampp\\htdocs\\Laravel Projects\\GSF\\vendor\\laravel\\framework\\src\\Illuminate\\Routing\\Router.php(657): Illuminate\\Routing\\Router->runRouteWithinStack(Object(Illuminate\\Routing\\Route), Object(Illuminate\\Http\\Request))
#38 C:\\xampp\\htdocs\\Laravel Projects\\GSF\\vendor\\laravel\\framework\\src\\Illuminate\\Routing\\Router.php(623): Illuminate\\Routing\\Router->runRoute(Object(Illuminate\\Http\\Request), Object(Illuminate\\Routing\\Route))
#39 C:\\xampp\\htdocs\\Laravel Projects\\GSF\\vendor\\laravel\\framework\\src\\Illuminate\\Routing\\Router.php(612): Illuminate\\Routing\\Router->dispatchToRoute(Object(Illuminate\\Http\\Request))
#40 C:\\xampp\\htdocs\\Laravel Projects\\GSF\\vendor\\laravel\\framework\\src\\Illuminate\\Foundation\\Http\\Kernel.php(176): Illuminate\\Routing\\Router->dispatch(Object(Illuminate\\Http\\Request))
#41 C:\\xampp\\htdocs\\Laravel Projects\\GSF\\vendor\\laravel\\framework\\src\\Illuminate\\Routing\\Pipeline.php(30): Illuminate\\Foundation\\Http\\Kernel->Illuminate\\Foundation\\Http\\{closure}(Object(Illuminate\\Http\\Request))
#42 C:\\xampp\\htdocs\\Laravel Projects\\GSF\\vendor\\fideloper\\proxy\\src\\TrustProxies.php(57): Illuminate\\Routing\\Pipeline->Illuminate\\Routing\\{closure}(Object(Illuminate\\Http\\Request))
#43 C:\\xampp\\htdocs\\Laravel Projects\\GSF\\vendor\\laravel\\framework\\src\\Illuminate\\Pipeline\\Pipeline.php(163): Fideloper\\Proxy\\TrustProxies->handle(Object(Illuminate\\Http\\Request), Object(Closure))
#44 C:\\xampp\\htdocs\\Laravel Projects\\GSF\\vendor\\laravel\\framework\\src\\Illuminate\\Routing\\Pipeline.php(53): Illuminate\\Pipeline\\Pipeline->Illuminate\\Pipeline\\{closure}(Object(Illuminate\\Http\\Request))
#45 C:\\xampp\\htdocs\\Laravel Projects\\GSF\\vendor\\laravel\\framework\\src\\Illuminate\\Foundation\\Http\\Middleware\\TransformsRequest.php(21): Illuminate\\Routing\\Pipeline->Illuminate\\Routing\\{closure}(Object(Illuminate\\Http\\Request))
#46 C:\\xampp\\htdocs\\Laravel Projects\\GSF\\vendor\\laravel\\framework\\src\\Illuminate\\Pipeline\\Pipeline.php(163): Illuminate\\Foundation\\Http\\Middleware\\TransformsRequest->handle(Object(Illuminate\\Http\\Request), Object(Closure))
#47 C:\\xampp\\htdocs\\Laravel Projects\\GSF\\vendor\\laravel\\framework\\src\\Illuminate\\Routing\\Pipeline.php(53): Illuminate\\Pipeline\\Pipeline->Illuminate\\Pipeline\\{closure}(Object(Illuminate\\Http\\Request))
#48 C:\\xampp\\htdocs\\Laravel Projects\\GSF\\vendor\\laravel\\framework\\src\\Illuminate\\Foundation\\Http\\Middleware\\TransformsRequest.php(21): Illuminate\\Routing\\Pipeline->Illuminate\\Routing\\{closure}(Object(Illuminate\\Http\\Request))
#49 C:\\xampp\\htdocs\\Laravel Projects\\GSF\\vendor\\laravel\\framework\\src\\Illuminate\\Pipeline\\Pipeline.php(163): Illuminate\\Foundation\\Http\\Middleware\\TransformsRequest->handle(Object(Illuminate\\Http\\Request), Object(Closure))
#50 C:\\xampp\\htdocs\\Laravel Projects\\GSF\\vendor\\laravel\\framework\\src\\Illuminate\\Routing\\Pipeline.php(53): Illuminate\\Pipeline\\Pipeline->Illuminate\\Pipeline\\{closure}(Object(Illuminate\\Http\\Request))
#51 C:\\xampp\\htdocs\\Laravel Projects\\GSF\\vendor\\laravel\\framework\\src\\Illuminate\\Foundation\\Http\\Middleware\\ValidatePostSize.php(27): Illuminate\\Routing\\Pipeline->Illuminate\\Routing\\{closure}(Object(Illuminate\\Http\\Request))
#52 C:\\xampp\\htdocs\\Laravel Projects\\GSF\\vendor\\laravel\\framework\\src\\Illuminate\\Pipeline\\Pipeline.php(163): Illuminate\\Foundation\\Http\\Middleware\\ValidatePostSize->handle(Object(Illuminate\\Http\\Request), Object(Closure))
#53 C:\\xampp\\htdocs\\Laravel Projects\\GSF\\vendor\\laravel\\framework\\src\\Illuminate\\Routing\\Pipeline.php(53): Illuminate\\Pipeline\\Pipeline->Illuminate\\Pipeline\\{closure}(Object(Illuminate\\Http\\Request))
#54 C:\\xampp\\htdocs\\Laravel Projects\\GSF\\vendor\\laravel\\framework\\src\\Illuminate\\Foundation\\Http\\Middleware\\CheckForMaintenanceMode.php(62): Illuminate\\Routing\\Pipeline->Illuminate\\Routing\\{closure}(Object(Illuminate\\Http\\Request))
#55 C:\\xampp\\htdocs\\Laravel Projects\\GSF\\vendor\\laravel\\framework\\src\\Illuminate\\Pipeline\\Pipeline.php(163): Illuminate\\Foundation\\Http\\Middleware\\CheckForMaintenanceMode->handle(Object(Illuminate\\Http\\Request), Object(Closure))
#56 C:\\xampp\\htdocs\\Laravel Projects\\GSF\\vendor\\laravel\\framework\\src\\Illuminate\\Routing\\Pipeline.php(53): Illuminate\\Pipeline\\Pipeline->Illuminate\\Pipeline\\{closure}(Object(Illuminate\\Http\\Request))
#57 C:\\xampp\\htdocs\\Laravel Projects\\GSF\\vendor\\laravel\\framework\\src\\Illuminate\\Pipeline\\Pipeline.php(104): Illuminate\\Routing\\Pipeline->Illuminate\\Routing\\{closure}(Object(Illuminate\\Http\\Request))
#58 C:\\xampp\\htdocs\\Laravel Projects\\GSF\\vendor\\laravel\\framework\\src\\Illuminate\\Foundation\\Http\\Kernel.php(151): Illuminate\\Pipeline\\Pipeline->then(Object(Closure))
#59 C:\\xampp\\htdocs\\Laravel Projects\\GSF\\vendor\\laravel\\framework\\src\\Illuminate\\Foundation\\Http\\Kernel.php(116): Illuminate\\Foundation\\Http\\Kernel->sendRequestThroughRouter(Object(Illuminate\\Http\\Request))
#60 C:\\xampp\\htdocs\\Laravel Projects\\GSF\\public\\index.php(55): Illuminate\\Foundation\\Http\\Kernel->handle(Object(Illuminate\\Http\\Request))
#61 C:\\xampp\\htdocs\\Laravel Projects\\GSF\\server.php(21): require_once('C:\\\\xampp\\\\htdocs...')
#62 {main}
"} 
[2021-01-25 20:50:07] local.ERROR: syntax error, unexpected 'endif' (T_ENDIF), expecting end of file (View: C:\xampp\htdocs\Laravel Projects\GSF\resources\views\participant\index.blade.php) {"userId":15,"exception":"[object] (ErrorException(code: 0): syntax error, unexpected 'endif' (T_ENDIF), expecting end of file (View: C:\\xampp\\htdocs\\Laravel Projects\\GSF\esources\\views\\participant\\index.blade.php) at C:\\xampp\\htdocs\\Laravel Projects\\GSF\\storage\\framework\\views\\9d2c3ccbb94476023244733ccdacbd1be04f4765.php:51, Symfony\\Component\\Debug\\Exception\\FatalThrowableError(code: 0): syntax error, unexpected 'endif' (T_ENDIF), expecting end of file at C:\\xampp\\htdocs\\Laravel Projects\\GSF\\storage\\framework\\views\\9d2c3ccbb94476023244733ccdacbd1be04f4765.php:51)
[stacktrace]
#0 C:\\xampp\\htdocs\\Laravel Projects\\GSF\\vendor\\laravel\\framework\\src\\Illuminate\\View\\Engines\\PhpEngine.php(47): Illuminate\\View\\Engines\\CompilerEngine->handleViewException(Object(Symfony\\Component\\Debug\\Exception\\FatalThrowableError), 1)
#1 C:\\xampp\\htdocs\\Laravel Projects\\GSF\\vendor\\laravel\\framework\\src\\Illuminate\\View\\Engines\\CompilerEngine.php(59): Illuminate\\View\\Engines\\PhpEngine->evaluatePath('C:\\\\xampp\\\\htdocs...', Array)
#2 C:\\xampp\\htdocs\\Laravel Projects\\GSF\\vendor\\laravel\\framework\\src\\Illuminate\\View\\View.php(142): Illuminate\\View\\Engines\\CompilerEngine->get('C:\\\\xampp\\\\htdocs...', Array)
#3 C:\\xampp\\htdocs\\Laravel Projects\\GSF\\vendor\\laravel\\framework\\src\\Illuminate\\View\\View.php(125): Illuminate\\View\\View->getContents()
#4 C:\\xampp\\htdocs\\Laravel Projects\\GSF\\vendor\\laravel\\framework\\src\\Illuminate\\View\\View.php(90): Illuminate\\View\\View->renderContents()
#5 C:\\xampp\\htdocs\\Laravel Projects\\GSF\\vendor\\laravel\\framework\\src\\Illuminate\\Http\\Response.php(42): Illuminate\\View\\View->render()
#6 C:\\xampp\\htdocs\\Laravel Projects\\GSF\\vendor\\symfony\\http-foundation\\Response.php(205): Illuminate\\Http\\Response->setContent(Object(Illuminate\\View\\View))
#7 C:\\xampp\\htdocs\\Laravel Projects\\GSF\\vendor\\laravel\\framework\\src\\Illuminate\\Routing\\Router.php(748): Symfony\\Component\\HttpFoundation\\Response->__construct(Object(Illuminate\\View\\View))
#8 C:\\xampp\\htdocs\\Laravel Projects\\GSF\\vendor\\laravel\\framework\\src\\Illuminate\\Routing\\Router.php(720): Illuminate\\Routing\\Router::toResponse(Object(Illuminate\\Http\\Request), Object(Illuminate\\View\\View))
#9 C:\\xampp\\htdocs\\Laravel Projects\\GSF\\vendor\\laravel\\framework\\src\\Illuminate\\Routing\\Router.php(680): Illuminate\\Routing\\Router->prepareResponse(Object(Illuminate\\Http\\Request), Object(Illuminate\\View\\View))
#10 C:\\xampp\\htdocs\\Laravel Projects\\GSF\\vendor\\laravel\\framework\\src\\Illuminate\\Routing\\Pipeline.php(30): Illuminate\\Routing\\Router->Illuminate\\Routing\\{closure}(Object(Illuminate\\Http\\Request))
#11 C:\\xampp\\htdocs\\Laravel Projects\\GSF\\app\\Http\\Middleware\\SwitchUser.php(22): Illuminate\\Routing\\Pipeline->Illuminate\\Routing\\{closure}(Object(Illuminate\\Http\\Request))
#12 C:\\xampp\\htdocs\\Laravel Projects\\GSF\\vendor\\laravel\\framework\\src\\Illuminate\\Pipeline\\Pipeline.php(163): App\\Http\\Middleware\\SwitchUser->handle(Object(Illuminate\\Http\\Request), Object(Closure))
#13 C:\\xampp\\htdocs\\Laravel Projects\\GSF\\vendor\\laravel\\framework\\src\\Illuminate\\Routing\\Pipeline.php(53): Illuminate\\Pipeline\\Pipeline->Illuminate\\Pipeline\\{closure}(Object(Illuminate\\Http\\Request))
#14 C:\\xampp\\htdocs\\Laravel Projects\\GSF\\vendor\\laravel\\framework\\src\\Illuminate\\Routing\\Middleware\\SubstituteBindings.php(41): Illuminate\\Routing\\Pipeline->Illuminate\\Routing\\{closure}(Object(Illuminate\\Http\\Request))
#15 C:\\xampp\\htdocs\\Laravel Projects\\GSF\\vendor\\laravel\\framework\\src\\Illuminate\\Pipeline\\Pipeline.php(163): Illuminate\\Routing\\Middleware\\SubstituteBindings->handle(Object(Illuminate\\Http\\Request), Object(Closure))
#16 C:\\xampp\\htdocs\\Laravel Projects\\GSF\\vendor\\laravel\\framework\\src\\Illuminate\\Routing\\Pipeline.php(53): Illuminate\\Pipeline\\Pipeline->Illuminate\\Pipeline\\{closure}(Object(Illuminate\\Http\\Request))
#17 C:\\xampp\\htdocs\\Laravel Projects\\GSF\\vendor\\laravel\\framework\\src\\Illuminate\\Auth\\Middleware\\Authenticate.php(43): Illuminate\\Routing\\Pipeline->Illuminate\\Routing\\{closure}(Object(Illuminate\\Http\\Request))
#18 C:\\xampp\\htdocs\\Laravel Projects\\GSF\\vendor\\laravel\\framework\\src\\Illuminate\\Pipeline\\Pipeline.php(163): Illuminate\\Auth\\Middleware\\Authenticate->handle(Object(Illuminate\\Http\\Request), Object(Closure))
#19 C:\\xampp\\htdocs\\Laravel Projects\\GSF\\vendor\\laravel\\framework\\src\\Illuminate\\Routing\\Pipeline.php(53): Illuminate\\Pipeline\\Pipeline->Illuminate\\Pipeline\\{closure}(Object(Illuminate\\Http\\Request))
#20 C:\\xampp\\htdocs\\Laravel Projects\\GSF\\vendor\\laravel\\framework\\src\\Illuminate\\Foundation\\Http\\Middleware\\VerifyCsrfToken.php(75): Illuminate\\Routing\\Pipeline->Illuminate\\Routing\\{closure}(Object(Illuminate\\Http\\Request))
#21 C:\\xampp\\htdocs\\Laravel Projects\\GSF\\vendor\\laravel\\framework\\src\\Illuminate\\Pipeline\\Pipeline.php(163): Illuminate\\Foundation\\Http\\Middleware\\VerifyCsrfToken->handle(Object(Illuminate\\Http\\Request), Object(Closure))
#22 C:\\xampp\\htdocs\\Laravel Projects\\GSF\\vendor\\laravel\\framework\\src\\Illuminate\\Routing\\Pipeline.php(53): Illuminate\\Pipeline\\Pipeline->Illuminate\\Pipeline\\{closure}(Object(Illuminate\\Http\\Request))
#23 C:\\xampp\\htdocs\\Laravel Projects\\GSF\\vendor\\laravel\\framework\\src\\Illuminate\\View\\Middleware\\ShareErrorsFromSession.php(49): Illuminate\\Routing\\Pipeline->Illuminate\\Routing\\{closure}(Object(Illuminate\\Http\\Request))
#24 C:\\xampp\\htdocs\\Laravel Projects\\GSF\\vendor\\laravel\\framework\\src\\Illuminate\\Pipeline\\Pipeline.php(163): Illuminate\\View\\Middleware\\ShareErrorsFromSession->handle(Object(Illuminate\\Http\\Request), Object(Closure))
#25 C:\\xampp\\htdocs\\Laravel Projects\\GSF\\vendor\\laravel\\framework\\src\\Illuminate\\Routing\\Pipeline.php(53): Illuminate\\Pipeline\\Pipeline->Illuminate\\Pipeline\\{closure}(Object(Illuminate\\Http\\Request))
#26 C:\\xampp\\htdocs\\Laravel Projects\\GSF\\vendor\\laravel\\framework\\src\\Illuminate\\Session\\Middleware\\StartSession.php(56): Illuminate\\Routing\\Pipeline->Illuminate\\Routing\\{closure}(Object(Illuminate\\Http\\Request))
#27 C:\\xampp\\htdocs\\Laravel Projects\\GSF\\vendor\\laravel\\framework\\src\\Illuminate\\Pipeline\\Pipeline.php(163): Illuminate\\Session\\Middleware\\StartSession->handle(Object(Illuminate\\Http\\Request), Object(Closure))
#28 C:\\xampp\\htdocs\\Laravel Projects\\GSF\\vendor\\laravel\\framework\\src\\Illuminate\\Routing\\Pipeline.php(53): Illuminate\\Pipeline\\Pipeline->Illuminate\\Pipeline\\{closure}(Object(Illuminate\\Http\\Request))
#29 C:\\xampp\\htdocs\\Laravel Projects\\GSF\\vendor\\laravel\\framework\\src\\Illuminate\\Cookie\\Middleware\\AddQueuedCookiesToResponse.php(37): Illuminate\\Routing\\Pipeline->Illuminate\\Routing\\{closure}(Object(Illuminate\\Http\\Request))
#30 C:\\xampp\\htdocs\\Laravel Projects\\GSF\\vendor\\laravel\\framework\\src\\Illuminate\\Pipeline\\Pipeline.php(163): Illuminate\\Cookie\\Middleware\\AddQueuedCookiesToResponse->handle(Object(Illuminate\\Http\\Request), Object(Closure))
#31 C:\\xampp\\htdocs\\Laravel Projects\\GSF\\vendor\\laravel\\framework\\src\\Illuminate\\Routing\\Pipeline.php(53): Illuminate\\Pipeline\\Pipeline->Illuminate\\Pipeline\\{closure}(Object(Illuminate\\Http\\Request))
#32 C:\\xampp\\htdocs\\Laravel Projects\\GSF\\vendor\\laravel\\framework\\src\\Illuminate\\Cookie\\Middleware\\EncryptCookies.php(66): Illuminate\\Routing\\Pipeline->Illuminate\\Routing\\{closure}(Object(Illuminate\\Http\\Request))
#33 C:\\xampp\\htdocs\\Laravel Projects\\GSF\\vendor\\laravel\\framework\\src\\Illuminate\\Pipeline\\Pipeline.php(163): Illuminate\\Cookie\\Middleware\\EncryptCookies->handle(Object(Illuminate\\Http\\Request), Object(Closure))
#34 C:\\xampp\\htdocs\\Laravel Projects\\GSF\\vendor\\laravel\\framework\\src\\Illuminate\\Routing\\Pipeline.php(53): Illuminate\\Pipeline\\Pipeline->Illuminate\\Pipeline\\{closure}(Object(Illuminate\\Http\\Request))
#35 C:\\xampp\\htdocs\\Laravel Projects\\GSF\\vendor\\laravel\\framework\\src\\Illuminate\\Pipeline\\Pipeline.php(104): Illuminate\\Routing\\Pipeline->Illuminate\\Routing\\{closure}(Object(Illuminate\\Http\\Request))
#36 C:\\xampp\\htdocs\\Laravel Projects\\GSF\\vendor\\laravel\\framework\\src\\Illuminate\\Routing\\Router.php(682): Illuminate\\Pipeline\\Pipeline->then(Object(Closure))
#37 C:\\xampp\\htdocs\\Laravel Projects\\GSF\\vendor\\laravel\\framework\\src\\Illuminate\\Routing\\Router.php(657): Illuminate\\Routing\\Router->runRouteWithinStack(Object(Illuminate\\Routing\\Route), Object(Illuminate\\Http\\Request))
#38 C:\\xampp\\htdocs\\Laravel Projects\\GSF\\vendor\\laravel\\framework\\src\\Illuminate\\Routing\\Router.php(623): Illuminate\\Routing\\Router->runRoute(Object(Illuminate\\Http\\Request), Object(Illuminate\\Routing\\Route))
#39 C:\\xampp\\htdocs\\Laravel Projects\\GSF\\vendor\\laravel\\framework\\src\\Illuminate\\Routing\\Router.php(612): Illuminate\\Routing\\Router->dispatchToRoute(Object(Illuminate\\Http\\Request))
#40 C:\\xampp\\htdocs\\Laravel Projects\\GSF\\vendor\\laravel\\framework\\src\\Illuminate\\Foundation\\Http\\Kernel.php(176): Illuminate\\Routing\\Router->dispatch(Object(Illuminate\\Http\\Request))
#41 C:\\xampp\\htdocs\\Laravel Projects\\GSF\\vendor\\laravel\\framework\\src\\Illuminate\\Routing\\Pipeline.php(30): Illuminate\\Foundation\\Http\\Kernel->Illuminate\\Foundation\\Http\\{closure}(Object(Illuminate\\Http\\Request))
#42 C:\\xampp\\htdocs\\Laravel Projects\\GSF\\vendor\\fideloper\\proxy\\src\\TrustProxies.php(57): Illuminate\\Routing\\Pipeline->Illuminate\\Routing\\{closure}(Object(Illuminate\\Http\\Request))
#43 C:\\xampp\\htdocs\\Laravel Projects\\GSF\\vendor\\laravel\\framework\\src\\Illuminate\\Pipeline\\Pipeline.php(163): Fideloper\\Proxy\\TrustProxies->handle(Object(Illuminate\\Http\\Request), Object(Closure))
#44 C:\\xampp\\htdocs\\Laravel Projects\\GSF\\vendor\\laravel\\framework\\src\\Illuminate\\Routing\\Pipeline.php(53): Illuminate\\Pipeline\\Pipeline->Illuminate\\Pipeline\\{closure}(Object(Illuminate\\Http\\Request))
#45 C:\\xampp\\htdocs\\Laravel Projects\\GSF\\vendor\\laravel\\framework\\src\\Illuminate\\Foundation\\Http\\Middleware\\TransformsRequest.php(21): Illuminate\\Routing\\Pipeline->Illuminate\\Routing\\{closure}(Object(Illuminate\\Http\\Request))
#46 C:\\xampp\\htdocs\\Laravel Projects\\GSF\\vendor\\laravel\\framework\\src\\Illuminate\\Pipeline\\Pipeline.php(163): Illuminate\\Foundation\\Http\\Middleware\\TransformsRequest->handle(Object(Illuminate\\Http\\Request), Object(Closure))
#47 C:\\xampp\\htdocs\\Laravel Projects\\GSF\\vendor\\laravel\\framework\\src\\Illuminate\\Routing\\Pipeline.php(53): Illuminate\\Pipeline\\Pipeline->Illuminate\\Pipeline\\{closure}(Object(Illuminate\\Http\\Request))
#48 C:\\xampp\\htdocs\\Laravel Projects\\GSF\\vendor\\laravel\\framework\\src\\Illuminate\\Foundation\\Http\\Middleware\\TransformsRequest.php(21): Illuminate\\Routing\\Pipeline->Illuminate\\Routing\\{closure}(Object(Illuminate\\Http\\Request))
#49 C:\\xampp\\htdocs\\Laravel Projects\\GSF\\vendor\\laravel\\framework\\src\\Illuminate\\Pipeline\\Pipeline.php(163): Illuminate\\Foundation\\Http\\Middleware\\TransformsRequest->handle(Object(Illuminate\\Http\\Request), Object(Closure))
#50 C:\\xampp\\htdocs\\Laravel Projects\\GSF\\vendor\\laravel\\framework\\src\\Illuminate\\Routing\\Pipeline.php(53): Illuminate\\Pipeline\\Pipeline->Illuminate\\Pipeline\\{closure}(Object(Illuminate\\Http\\Request))
#51 C:\\xampp\\htdocs\\Laravel Projects\\GSF\\vendor\\laravel\\framework\\src\\Illuminate\\Foundation\\Http\\Middleware\\ValidatePostSize.php(27): Illuminate\\Routing\\Pipeline->Illuminate\\Routing\\{closure}(Object(Illuminate\\Http\\Request))
#52 C:\\xampp\\htdocs\\Laravel Projects\\GSF\\vendor\\laravel\\framework\\src\\Illuminate\\Pipeline\\Pipeline.php(163): Illuminate\\Foundation\\Http\\Middleware\\ValidatePostSize->handle(Object(Illuminate\\Http\\Request), Object(Closure))
#53 C:\\xampp\\htdocs\\Laravel Projects\\GSF\\vendor\\laravel\\framework\\src\\Illuminate\\Routing\\Pipeline.php(53): Illuminate\\Pipeline\\Pipeline->Illuminate\\Pipeline\\{closure}(Object(Illuminate\\Http\\Request))
#54 C:\\xampp\\htdocs\\Laravel Projects\\GSF\\vendor\\laravel\\framework\\src\\Illuminate\\Foundation\\Http\\Middleware\\CheckForMaintenanceMode.php(62): Illuminate\\Routing\\Pipeline->Illuminate\\Routing\\{closure}(Object(Illuminate\\Http\\Request))
#55 C:\\xampp\\htdocs\\Laravel Projects\\GSF\\vendor\\laravel\\framework\\src\\Illuminate\\Pipeline\\Pipeline.php(163): Illuminate\\Foundation\\Http\\Middleware\\CheckForMaintenanceMode->handle(Object(Illuminate\\Http\\Request), Object(Closure))
#56 C:\\xampp\\htdocs\\Laravel Projects\\GSF\\vendor\\laravel\\framework\\src\\Illuminate\\Routing\\Pipeline.php(53): Illuminate\\Pipeline\\Pipeline->Illuminate\\Pipeline\\{closure}(Object(Illuminate\\Http\\Request))
#57 C:\\xampp\\htdocs\\Laravel Projects\\GSF\\vendor\\laravel\\framework\\src\\Illuminate\\Pipeline\\Pipeline.php(104): Illuminate\\Routing\\Pipeline->Illuminate\\Routing\\{closure}(Object(Illuminate\\Http\\Request))
#58 C:\\xampp\\htdocs\\Laravel Projects\\GSF\\vendor\\laravel\\framework\\src\\Illuminate\\Foundation\\Http\\Kernel.php(151): Illuminate\\Pipeline\\Pipeline->then(Object(Closure))
#59 C:\\xampp\\htdocs\\Laravel Projects\\GSF\\vendor\\laravel\\framework\\src\\Illuminate\\Foundation\\Http\\Kernel.php(116): Illuminate\\Foundation\\Http\\Kernel->sendRequestThroughRouter(Object(Illuminate\\Http\\Request))
#60 C:\\xampp\\htdocs\\Laravel Projects\\GSF\\public\\index.php(55): Illuminate\\Foundation\\Http\\Kernel->handle(Object(Illuminate\\Http\\Request))
#61 C:\\xampp\\htdocs\\Laravel Projects\\GSF\\server.php(21): require_once('C:\\\\xampp\\\\htdocs...')
#62 {main}
"} 
[2021-01-25 21:04:06] local.ERROR: Trying to get property 'name' of non-object (View: C:\xampp\htdocs\Laravel Projects\GSF\resources\views\participant\index.blade.php) {"userId":15,"exception":"[object] (ErrorException(code: 0): Trying to get property 'name' of non-object (View: C:\\xampp\\htdocs\\Laravel Projects\\GSF\esources\\views\\participant\\index.blade.php) at C:\\xampp\\htdocs\\Laravel Projects\\GSF\\storage\\framework\\views\\9d2c3ccbb94476023244733ccdacbd1be04f4765.php:139, ErrorException(code: 0): Trying to get property 'name' of non-object at C:\\xampp\\htdocs\\Laravel Projects\\GSF\\storage\\framework\\views\\9d2c3ccbb94476023244733ccdacbd1be04f4765.php:139)
[stacktrace]
#0 C:\\xampp\\htdocs\\Laravel Projects\\GSF\\vendor\\laravel\\framework\\src\\Illuminate\\View\\Engines\\PhpEngine.php(45): Illuminate\\View\\Engines\\CompilerEngine->handleViewException(Object(ErrorException), 1)
#1 C:\\xampp\\htdocs\\Laravel Projects\\GSF\\vendor\\laravel\\framework\\src\\Illuminate\\View\\Engines\\CompilerEngine.php(59): Illuminate\\View\\Engines\\PhpEngine->evaluatePath('C:\\\\xampp\\\\htdocs...', Array)
#2 C:\\xampp\\htdocs\\Laravel Projects\\GSF\\vendor\\laravel\\framework\\src\\Illuminate\\View\\View.php(142): Illuminate\\View\\Engines\\CompilerEngine->get('C:\\\\xampp\\\\htdocs...', Array)
#3 C:\\xampp\\htdocs\\Laravel Projects\\GSF\\vendor\\laravel\\framework\\src\\Illuminate\\View\\View.php(125): Illuminate\\View\\View->getContents()
#4 C:\\xampp\\htdocs\\Laravel Projects\\GSF\\vendor\\laravel\\framework\\src\\Illuminate\\View\\View.php(90): Illuminate\\View\\View->renderContents()
#5 C:\\xampp\\htdocs\\Laravel Projects\\GSF\\vendor\\laravel\\framework\\src\\Illuminate\\Http\\Response.php(42): Illuminate\\View\\View->render()
#6 C:\\xampp\\htdocs\\Laravel Projects\\GSF\\vendor\\symfony\\http-foundation\\Response.php(205): Illuminate\\Http\\Response->setContent(Object(Illuminate\\View\\View))
#7 C:\\xampp\\htdocs\\Laravel Projects\\GSF\\vendor\\laravel\\framework\\src\\Illuminate\\Routing\\Router.php(748): Symfony\\Component\\HttpFoundation\\Response->__construct(Object(Illuminate\\View\\View))
#8 C:\\xampp\\htdocs\\Laravel Projects\\GSF\\vendor\\laravel\\framework\\src\\Illuminate\\Routing\\Router.php(720): Illuminate\\Routing\\Router::toResponse(Object(Illuminate\\Http\\Request), Object(Illuminate\\View\\View))
#9 C:\\xampp\\htdocs\\Laravel Projects\\GSF\\vendor\\laravel\\framework\\src\\Illuminate\\Routing\\Router.php(680): Illuminate\\Routing\\Router->prepareResponse(Object(Illuminate\\Http\\Request), Object(Illuminate\\View\\View))
#10 C:\\xampp\\htdocs\\Laravel Projects\\GSF\\vendor\\laravel\\framework\\src\\Illuminate\\Routing\\Pipeline.php(30): Illuminate\\Routing\\Router->Illuminate\\Routing\\{closure}(Object(Illuminate\\Http\\Request))
#11 C:\\xampp\\htdocs\\Laravel Projects\\GSF\\app\\Http\\Middleware\\SwitchUser.php(22): Illuminate\\Routing\\Pipeline->Illuminate\\Routing\\{closure}(Object(Illuminate\\Http\\Request))
#12 C:\\xampp\\htdocs\\Laravel Projects\\GSF\\vendor\\laravel\\framework\\src\\Illuminate\\Pipeline\\Pipeline.php(163): App\\Http\\Middleware\\SwitchUser->handle(Object(Illuminate\\Http\\Request), Object(Closure))
#13 C:\\xampp\\htdocs\\Laravel Projects\\GSF\\vendor\\laravel\\framework\\src\\Illuminate\\Routing\\Pipeline.php(53): Illuminate\\Pipeline\\Pipeline->Illuminate\\Pipeline\\{closure}(Object(Illuminate\\Http\\Request))
#14 C:\\xampp\\htdocs\\Laravel Projects\\GSF\\vendor\\laravel\\framework\\src\\Illuminate\\Routing\\Middleware\\SubstituteBindings.php(41): Illuminate\\Routing\\Pipeline->Illuminate\\Routing\\{closure}(Object(Illuminate\\Http\\Request))
#15 C:\\xampp\\htdocs\\Laravel Projects\\GSF\\vendor\\laravel\\framework\\src\\Illuminate\\Pipeline\\Pipeline.php(163): Illuminate\\Routing\\Middleware\\SubstituteBindings->handle(Object(Illuminate\\Http\\Request), Object(Closure))
#16 C:\\xampp\\htdocs\\Laravel Projects\\GSF\\vendor\\laravel\\framework\\src\\Illuminate\\Routing\\Pipeline.php(53): Illuminate\\Pipeline\\Pipeline->Illuminate\\Pipeline\\{closure}(Object(Illuminate\\Http\\Request))
#17 C:\\xampp\\htdocs\\Laravel Projects\\GSF\\vendor\\laravel\\framework\\src\\Illuminate\\Auth\\Middleware\\Authenticate.php(43): Illuminate\\Routing\\Pipeline->Illuminate\\Routing\\{closure}(Object(Illuminate\\Http\\Request))
#18 C:\\xampp\\htdocs\\Laravel Projects\\GSF\\vendor\\laravel\\framework\\src\\Illuminate\\Pipeline\\Pipeline.php(163): Illuminate\\Auth\\Middleware\\Authenticate->handle(Object(Illuminate\\Http\\Request), Object(Closure))
#19 C:\\xampp\\htdocs\\Laravel Projects\\GSF\\vendor\\laravel\\framework\\src\\Illuminate\\Routing\\Pipeline.php(53): Illuminate\\Pipeline\\Pipeline->Illuminate\\Pipeline\\{closure}(Object(Illuminate\\Http\\Request))
#20 C:\\xampp\\htdocs\\Laravel Projects\\GSF\\vendor\\laravel\\framework\\src\\Illuminate\\Foundation\\Http\\Middleware\\VerifyCsrfToken.php(75): Illuminate\\Routing\\Pipeline->Illuminate\\Routing\\{closure}(Object(Illuminate\\Http\\Request))
#21 C:\\xampp\\htdocs\\Laravel Projects\\GSF\\vendor\\laravel\\framework\\src\\Illuminate\\Pipeline\\Pipeline.php(163): Illuminate\\Foundation\\Http\\Middleware\\VerifyCsrfToken->handle(Object(Illuminate\\Http\\Request), Object(Closure))
#22 C:\\xampp\\htdocs\\Laravel Projects\\GSF\\vendor\\laravel\\framework\\src\\Illuminate\\Routing\\Pipeline.php(53): Illuminate\\Pipeline\\Pipeline->Illuminate\\Pipeline\\{closure}(Object(Illuminate\\Http\\Request))
#23 C:\\xampp\\htdocs\\Laravel Projects\\GSF\\vendor\\laravel\\framework\\src\\Illuminate\\View\\Middleware\\ShareErrorsFromSession.php(49): Illuminate\\Routing\\Pipeline->Illuminate\\Routing\\{closure}(Object(Illuminate\\Http\\Request))
#24 C:\\xampp\\htdocs\\Laravel Projects\\GSF\\vendor\\laravel\\framework\\src\\Illuminate\\Pipeline\\Pipeline.php(163): Illuminate\\View\\Middleware\\ShareErrorsFromSession->handle(Object(Illuminate\\Http\\Request), Object(Closure))
#25 C:\\xampp\\htdocs\\Laravel Projects\\GSF\\vendor\\laravel\\framework\\src\\Illuminate\\Routing\\Pipeline.php(53): Illuminate\\Pipeline\\Pipeline->Illuminate\\Pipeline\\{closure}(Object(Illuminate\\Http\\Request))
#26 C:\\xampp\\htdocs\\Laravel Projects\\GSF\\vendor\\laravel\\framework\\src\\Illuminate\\Session\\Middleware\\StartSession.php(56): Illuminate\\Routing\\Pipeline->Illuminate\\Routing\\{closure}(Object(Illuminate\\Http\\Request))
#27 C:\\xampp\\htdocs\\Laravel Projects\\GSF\\vendor\\laravel\\framework\\src\\Illuminate\\Pipeline\\Pipeline.php(163): Illuminate\\Session\\Middleware\\StartSession->handle(Object(Illuminate\\Http\\Request), Object(Closure))
#28 C:\\xampp\\htdocs\\Laravel Projects\\GSF\\vendor\\laravel\\framework\\src\\Illuminate\\Routing\\Pipeline.php(53): Illuminate\\Pipeline\\Pipeline->Illuminate\\Pipeline\\{closure}(Object(Illuminate\\Http\\Request))
#29 C:\\xampp\\htdocs\\Laravel Projects\\GSF\\vendor\\laravel\\framework\\src\\Illuminate\\Cookie\\Middleware\\AddQueuedCookiesToResponse.php(37): Illuminate\\Routing\\Pipeline->Illuminate\\Routing\\{closure}(Object(Illuminate\\Http\\Request))
#30 C:\\xampp\\htdocs\\Laravel Projects\\GSF\\vendor\\laravel\\framework\\src\\Illuminate\\Pipeline\\Pipeline.php(163): Illuminate\\Cookie\\Middleware\\AddQueuedCookiesToResponse->handle(Object(Illuminate\\Http\\Request), Object(Closure))
#31 C:\\xampp\\htdocs\\Laravel Projects\\GSF\\vendor\\laravel\\framework\\src\\Illuminate\\Routing\\Pipeline.php(53): Illuminate\\Pipeline\\Pipeline->Illuminate\\Pipeline\\{closure}(Object(Illuminate\\Http\\Request))
#32 C:\\xampp\\htdocs\\Laravel Projects\\GSF\\vendor\\laravel\\framework\\src\\Illuminate\\Cookie\\Middleware\\EncryptCookies.php(66): Illuminate\\Routing\\Pipeline->Illuminate\\Routing\\{closure}(Object(Illuminate\\Http\\Request))
#33 C:\\xampp\\htdocs\\Laravel Projects\\GSF\\vendor\\laravel\\framework\\src\\Illuminate\\Pipeline\\Pipeline.php(163): Illuminate\\Cookie\\Middleware\\EncryptCookies->handle(Object(Illuminate\\Http\\Request), Object(Closure))
#34 C:\\xampp\\htdocs\\Laravel Projects\\GSF\\vendor\\laravel\\framework\\src\\Illuminate\\Routing\\Pipeline.php(53): Illuminate\\Pipeline\\Pipeline->Illuminate\\Pipeline\\{closure}(Object(Illuminate\\Http\\Request))
#35 C:\\xampp\\htdocs\\Laravel Projects\\GSF\\vendor\\laravel\\framework\\src\\Illuminate\\Pipeline\\Pipeline.php(104): Illuminate\\Routing\\Pipeline->Illuminate\\Routing\\{closure}(Object(Illuminate\\Http\\Request))
#36 C:\\xampp\\htdocs\\Laravel Projects\\GSF\\vendor\\laravel\\framework\\src\\Illuminate\\Routing\\Router.php(682): Illuminate\\Pipeline\\Pipeline->then(Object(Closure))
#37 C:\\xampp\\htdocs\\Laravel Projects\\GSF\\vendor\\laravel\\framework\\src\\Illuminate\\Routing\\Router.php(657): Illuminate\\Routing\\Router->runRouteWithinStack(Object(Illuminate\\Routing\\Route), Object(Illuminate\\Http\\Request))
#38 C:\\xampp\\htdocs\\Laravel Projects\\GSF\\vendor\\laravel\\framework\\src\\Illuminate\\Routing\\Router.php(623): Illuminate\\Routing\\Router->runRoute(Object(Illuminate\\Http\\Request), Object(Illuminate\\Routing\\Route))
#39 C:\\xampp\\htdocs\\Laravel Projects\\GSF\\vendor\\laravel\\framework\\src\\Illuminate\\Routing\\Router.php(612): Illuminate\\Routing\\Router->dispatchToRoute(Object(Illuminate\\Http\\Request))
#40 C:\\xampp\\htdocs\\Laravel Projects\\GSF\\vendor\\laravel\\framework\\src\\Illuminate\\Foundation\\Http\\Kernel.php(176): Illuminate\\Routing\\Router->dispatch(Object(Illuminate\\Http\\Request))
#41 C:\\xampp\\htdocs\\Laravel Projects\\GSF\\vendor\\laravel\\framework\\src\\Illuminate\\Routing\\Pipeline.php(30): Illuminate\\Foundation\\Http\\Kernel->Illuminate\\Foundation\\Http\\{closure}(Object(Illuminate\\Http\\Request))
#42 C:\\xampp\\htdocs\\Laravel Projects\\GSF\\vendor\\fideloper\\proxy\\src\\TrustProxies.php(57): Illuminate\\Routing\\Pipeline->Illuminate\\Routing\\{closure}(Object(Illuminate\\Http\\Request))
#43 C:\\xampp\\htdocs\\Laravel Projects\\GSF\\vendor\\laravel\\framework\\src\\Illuminate\\Pipeline\\Pipeline.php(163): Fideloper\\Proxy\\TrustProxies->handle(Object(Illuminate\\Http\\Request), Object(Closure))
#44 C:\\xampp\\htdocs\\Laravel Projects\\GSF\\vendor\\laravel\\framework\\src\\Illuminate\\Routing\\Pipeline.php(53): Illuminate\\Pipeline\\Pipeline->Illuminate\\Pipeline\\{closure}(Object(Illuminate\\Http\\Request))
#45 C:\\xampp\\htdocs\\Laravel Projects\\GSF\\vendor\\laravel\\framework\\src\\Illuminate\\Foundation\\Http\\Middleware\\TransformsRequest.php(21): Illuminate\\Routing\\Pipeline->Illuminate\\Routing\\{closure}(Object(Illuminate\\Http\\Request))
#46 C:\\xampp\\htdocs\\Laravel Projects\\GSF\\vendor\\laravel\\framework\\src\\Illuminate\\Pipeline\\Pipeline.php(163): Illuminate\\Foundation\\Http\\Middleware\\TransformsRequest->handle(Object(Illuminate\\Http\\Request), Object(Closure))
#47 C:\\xampp\\htdocs\\Laravel Projects\\GSF\\vendor\\laravel\\framework\\src\\Illuminate\\Routing\\Pipeline.php(53): Illuminate\\Pipeline\\Pipeline->Illuminate\\Pipeline\\{closure}(Object(Illuminate\\Http\\Request))
#48 C:\\xampp\\htdocs\\Laravel Projects\\GSF\\vendor\\laravel\\framework\\src\\Illuminate\\Foundation\\Http\\Middleware\\TransformsRequest.php(21): Illuminate\\Routing\\Pipeline->Illuminate\\Routing\\{closure}(Object(Illuminate\\Http\\Request))
#49 C:\\xampp\\htdocs\\Laravel Projects\\GSF\\vendor\\laravel\\framework\\src\\Illuminate\\Pipeline\\Pipeline.php(163): Illuminate\\Foundation\\Http\\Middleware\\TransformsRequest->handle(Object(Illuminate\\Http\\Request), Object(Closure))
#50 C:\\xampp\\htdocs\\Laravel Projects\\GSF\\vendor\\laravel\\framework\\src\\Illuminate\\Routing\\Pipeline.php(53): Illuminate\\Pipeline\\Pipeline->Illuminate\\Pipeline\\{closure}(Object(Illuminate\\Http\\Request))
#51 C:\\xampp\\htdocs\\Laravel Projects\\GSF\\vendor\\laravel\\framework\\src\\Illuminate\\Foundation\\Http\\Middleware\\ValidatePostSize.php(27): Illuminate\\Routing\\Pipeline->Illuminate\\Routing\\{closure}(Object(Illuminate\\Http\\Request))
#52 C:\\xampp\\htdocs\\Laravel Projects\\GSF\\vendor\\laravel\\framework\\src\\Illuminate\\Pipeline\\Pipeline.php(163): Illuminate\\Foundation\\Http\\Middleware\\ValidatePostSize->handle(Object(Illuminate\\Http\\Request), Object(Closure))
#53 C:\\xampp\\htdocs\\Laravel Projects\\GSF\\vendor\\laravel\\framework\\src\\Illuminate\\Routing\\Pipeline.php(53): Illuminate\\Pipeline\\Pipeline->Illuminate\\Pipeline\\{closure}(Object(Illuminate\\Http\\Request))
#54 C:\\xampp\\htdocs\\Laravel Projects\\GSF\\vendor\\laravel\\framework\\src\\Illuminate\\Foundation\\Http\\Middleware\\CheckForMaintenanceMode.php(62): Illuminate\\Routing\\Pipeline->Illuminate\\Routing\\{closure}(Object(Illuminate\\Http\\Request))
#55 C:\\xampp\\htdocs\\Laravel Projects\\GSF\\vendor\\laravel\\framework\\src\\Illuminate\\Pipeline\\Pipeline.php(163): Illuminate\\Foundation\\Http\\Middleware\\CheckForMaintenanceMode->handle(Object(Illuminate\\Http\\Request), Object(Closure))
#56 C:\\xampp\\htdocs\\Laravel Projects\\GSF\\vendor\\laravel\\framework\\src\\Illuminate\\Routing\\Pipeline.php(53): Illuminate\\Pipeline\\Pipeline->Illuminate\\Pipeline\\{closure}(Object(Illuminate\\Http\\Request))
#57 C:\\xampp\\htdocs\\Laravel Projects\\GSF\\vendor\\laravel\\framework\\src\\Illuminate\\Pipeline\\Pipeline.php(104): Illuminate\\Routing\\Pipeline->Illuminate\\Routing\\{closure}(Object(Illuminate\\Http\\Request))
#58 C:\\xampp\\htdocs\\Laravel Projects\\GSF\\vendor\\laravel\\framework\\src\\Illuminate\\Foundation\\Http\\Kernel.php(151): Illuminate\\Pipeline\\Pipeline->then(Object(Closure))
#59 C:\\xampp\\htdocs\\Laravel Projects\\GSF\\vendor\\laravel\\framework\\src\\Illuminate\\Foundation\\Http\\Kernel.php(116): Illuminate\\Foundation\\Http\\Kernel->sendRequestThroughRouter(Object(Illuminate\\Http\\Request))
#60 C:\\xampp\\htdocs\\Laravel Projects\\GSF\\public\\index.php(55): Illuminate\\Foundation\\Http\\Kernel->handle(Object(Illuminate\\Http\\Request))
#61 C:\\xampp\\htdocs\\Laravel Projects\\GSF\\server.php(21): require_once('C:\\\\xampp\\\\htdocs...')
#62 {main}
"} 
[2021-01-25 21:04:19] local.ERROR: syntax error, unexpected ':', expecting ')' (View: C:\xampp\htdocs\Laravel Projects\GSF\resources\views\participant\index.blade.php) {"userId":15,"exception":"[object] (ErrorException(code: 0): syntax error, unexpected ':', expecting ')' (View: C:\\xampp\\htdocs\\Laravel Projects\\GSF\esources\\views\\participant\\index.blade.php) at C:\\xampp\\htdocs\\Laravel Projects\\GSF\\storage\\framework\\views\\9d2c3ccbb94476023244733ccdacbd1be04f4765.php:84, Symfony\\Component\\Debug\\Exception\\FatalThrowableError(code: 0): syntax error, unexpected ':', expecting ')' at C:\\xampp\\htdocs\\Laravel Projects\\GSF\\storage\\framework\\views\\9d2c3ccbb94476023244733ccdacbd1be04f4765.php:84)
[stacktrace]
#0 C:\\xampp\\htdocs\\Laravel Projects\\GSF\\vendor\\laravel\\framework\\src\\Illuminate\\View\\Engines\\PhpEngine.php(47): Illuminate\\View\\Engines\\CompilerEngine->handleViewException(Object(Symfony\\Component\\Debug\\Exception\\FatalThrowableError), 1)
#1 C:\\xampp\\htdocs\\Laravel Projects\\GSF\\vendor\\laravel\\framework\\src\\Illuminate\\View\\Engines\\CompilerEngine.php(59): Illuminate\\View\\Engines\\PhpEngine->evaluatePath('C:\\\\xampp\\\\htdocs...', Array)
#2 C:\\xampp\\htdocs\\Laravel Projects\\GSF\\vendor\\laravel\\framework\\src\\Illuminate\\View\\View.php(142): Illuminate\\View\\Engines\\CompilerEngine->get('C:\\\\xampp\\\\htdocs...', Array)
#3 C:\\xampp\\htdocs\\Laravel Projects\\GSF\\vendor\\laravel\\framework\\src\\Illuminate\\View\\View.php(125): Illuminate\\View\\View->getContents()
#4 C:\\xampp\\htdocs\\Laravel Projects\\GSF\\vendor\\laravel\\framework\\src\\Illuminate\\View\\View.php(90): Illuminate\\View\\View->renderContents()
#5 C:\\xampp\\htdocs\\Laravel Projects\\GSF\\vendor\\laravel\\framework\\src\\Illuminate\\Http\\Response.php(42): Illuminate\\View\\View->render()
#6 C:\\xampp\\htdocs\\Laravel Projects\\GSF\\vendor\\symfony\\http-foundation\\Response.php(205): Illuminate\\Http\\Response->setContent(Object(Illuminate\\View\\View))
#7 C:\\xampp\\htdocs\\Laravel Projects\\GSF\\vendor\\laravel\\framework\\src\\Illuminate\\Routing\\Router.php(748): Symfony\\Component\\HttpFoundation\\Response->__construct(Object(Illuminate\\View\\View))
#8 C:\\xampp\\htdocs\\Laravel Projects\\GSF\\vendor\\laravel\\framework\\src\\Illuminate\\Routing\\Router.php(720): Illuminate\\Routing\\Router::toResponse(Object(Illuminate\\Http\\Request), Object(Illuminate\\View\\View))
#9 C:\\xampp\\htdocs\\Laravel Projects\\GSF\\vendor\\laravel\\framework\\src\\Illuminate\\Routing\\Router.php(680): Illuminate\\Routing\\Router->prepareResponse(Object(Illuminate\\Http\\Request), Object(Illuminate\\View\\View))
#10 C:\\xampp\\htdocs\\Laravel Projects\\GSF\\vendor\\laravel\\framework\\src\\Illuminate\\Routing\\Pipeline.php(30): Illuminate\\Routing\\Router->Illuminate\\Routing\\{closure}(Object(Illuminate\\Http\\Request))
#11 C:\\xampp\\htdocs\\Laravel Projects\\GSF\\app\\Http\\Middleware\\SwitchUser.php(22): Illuminate\\Routing\\Pipeline->Illuminate\\Routing\\{closure}(Object(Illuminate\\Http\\Request))
#12 C:\\xampp\\htdocs\\Laravel Projects\\GSF\\vendor\\laravel\\framework\\src\\Illuminate\\Pipeline\\Pipeline.php(163): App\\Http\\Middleware\\SwitchUser->handle(Object(Illuminate\\Http\\Request), Object(Closure))
#13 C:\\xampp\\htdocs\\Laravel Projects\\GSF\\vendor\\laravel\\framework\\src\\Illuminate\\Routing\\Pipeline.php(53): Illuminate\\Pipeline\\Pipeline->Illuminate\\Pipeline\\{closure}(Object(Illuminate\\Http\\Request))
#14 C:\\xampp\\htdocs\\Laravel Projects\\GSF\\vendor\\laravel\\framework\\src\\Illuminate\\Routing\\Middleware\\SubstituteBindings.php(41): Illuminate\\Routing\\Pipeline->Illuminate\\Routing\\{closure}(Object(Illuminate\\Http\\Request))
#15 C:\\xampp\\htdocs\\Laravel Projects\\GSF\\vendor\\laravel\\framework\\src\\Illuminate\\Pipeline\\Pipeline.php(163): Illuminate\\Routing\\Middleware\\SubstituteBindings->handle(Object(Illuminate\\Http\\Request), Object(Closure))
#16 C:\\xampp\\htdocs\\Laravel Projects\\GSF\\vendor\\laravel\\framework\\src\\Illuminate\\Routing\\Pipeline.php(53): Illuminate\\Pipeline\\Pipeline->Illuminate\\Pipeline\\{closure}(Object(Illuminate\\Http\\Request))
#17 C:\\xampp\\htdocs\\Laravel Projects\\GSF\\vendor\\laravel\\framework\\src\\Illuminate\\Auth\\Middleware\\Authenticate.php(43): Illuminate\\Routing\\Pipeline->Illuminate\\Routing\\{closure}(Object(Illuminate\\Http\\Request))
#18 C:\\xampp\\htdocs\\Laravel Projects\\GSF\\vendor\\laravel\\framework\\src\\Illuminate\\Pipeline\\Pipeline.php(163): Illuminate\\Auth\\Middleware\\Authenticate->handle(Object(Illuminate\\Http\\Request), Object(Closure))
#19 C:\\xampp\\htdocs\\Laravel Projects\\GSF\\vendor\\laravel\\framework\\src\\Illuminate\\Routing\\Pipeline.php(53): Illuminate\\Pipeline\\Pipeline->Illuminate\\Pipeline\\{closure}(Object(Illuminate\\Http\\Request))
#20 C:\\xampp\\htdocs\\Laravel Projects\\GSF\\vendor\\laravel\\framework\\src\\Illuminate\\Foundation\\Http\\Middleware\\VerifyCsrfToken.php(75): Illuminate\\Routing\\Pipeline->Illuminate\\Routing\\{closure}(Object(Illuminate\\Http\\Request))
#21 C:\\xampp\\htdocs\\Laravel Projects\\GSF\\vendor\\laravel\\framework\\src\\Illuminate\\Pipeline\\Pipeline.php(163): Illuminate\\Foundation\\Http\\Middleware\\VerifyCsrfToken->handle(Object(Illuminate\\Http\\Request), Object(Closure))
#22 C:\\xampp\\htdocs\\Laravel Projects\\GSF\\vendor\\laravel\\framework\\src\\Illuminate\\Routing\\Pipeline.php(53): Illuminate\\Pipeline\\Pipeline->Illuminate\\Pipeline\\{closure}(Object(Illuminate\\Http\\Request))
#23 C:\\xampp\\htdocs\\Laravel Projects\\GSF\\vendor\\laravel\\framework\\src\\Illuminate\\View\\Middleware\\ShareErrorsFromSession.php(49): Illuminate\\Routing\\Pipeline->Illuminate\\Routing\\{closure}(Object(Illuminate\\Http\\Request))
#24 C:\\xampp\\htdocs\\Laravel Projects\\GSF\\vendor\\laravel\\framework\\src\\Illuminate\\Pipeline\\Pipeline.php(163): Illuminate\\View\\Middleware\\ShareErrorsFromSession->handle(Object(Illuminate\\Http\\Request), Object(Closure))
#25 C:\\xampp\\htdocs\\Laravel Projects\\GSF\\vendor\\laravel\\framework\\src\\Illuminate\\Routing\\Pipeline.php(53): Illuminate\\Pipeline\\Pipeline->Illuminate\\Pipeline\\{closure}(Object(Illuminate\\Http\\Request))
#26 C:\\xampp\\htdocs\\Laravel Projects\\GSF\\vendor\\laravel\\framework\\src\\Illuminate\\Session\\Middleware\\StartSession.php(56): Illuminate\\Routing\\Pipeline->Illuminate\\Routing\\{closure}(Object(Illuminate\\Http\\Request))
#27 C:\\xampp\\htdocs\\Laravel Projects\\GSF\\vendor\\laravel\\framework\\src\\Illuminate\\Pipeline\\Pipeline.php(163): Illuminate\\Session\\Middleware\\StartSession->handle(Object(Illuminate\\Http\\Request), Object(Closure))
#28 C:\\xampp\\htdocs\\Laravel Projects\\GSF\\vendor\\laravel\\framework\\src\\Illuminate\\Routing\\Pipeline.php(53): Illuminate\\Pipeline\\Pipeline->Illuminate\\Pipeline\\{closure}(Object(Illuminate\\Http\\Request))
#29 C:\\xampp\\htdocs\\Laravel Projects\\GSF\\vendor\\laravel\\framework\\src\\Illuminate\\Cookie\\Middleware\\AddQueuedCookiesToResponse.php(37): Illuminate\\Routing\\Pipeline->Illuminate\\Routing\\{closure}(Object(Illuminate\\Http\\Request))
#30 C:\\xampp\\htdocs\\Laravel Projects\\GSF\\vendor\\laravel\\framework\\src\\Illuminate\\Pipeline\\Pipeline.php(163): Illuminate\\Cookie\\Middleware\\AddQueuedCookiesToResponse->handle(Object(Illuminate\\Http\\Request), Object(Closure))
#31 C:\\xampp\\htdocs\\Laravel Projects\\GSF\\vendor\\laravel\\framework\\src\\Illuminate\\Routing\\Pipeline.php(53): Illuminate\\Pipeline\\Pipeline->Illuminate\\Pipeline\\{closure}(Object(Illuminate\\Http\\Request))
#32 C:\\xampp\\htdocs\\Laravel Projects\\GSF\\vendor\\laravel\\framework\\src\\Illuminate\\Cookie\\Middleware\\EncryptCookies.php(66): Illuminate\\Routing\\Pipeline->Illuminate\\Routing\\{closure}(Object(Illuminate\\Http\\Request))
#33 C:\\xampp\\htdocs\\Laravel Projects\\GSF\\vendor\\laravel\\framework\\src\\Illuminate\\Pipeline\\Pipeline.php(163): Illuminate\\Cookie\\Middleware\\EncryptCookies->handle(Object(Illuminate\\Http\\Request), Object(Closure))
#34 C:\\xampp\\htdocs\\Laravel Projects\\GSF\\vendor\\laravel\\framework\\src\\Illuminate\\Routing\\Pipeline.php(53): Illuminate\\Pipeline\\Pipeline->Illuminate\\Pipeline\\{closure}(Object(Illuminate\\Http\\Request))
#35 C:\\xampp\\htdocs\\Laravel Projects\\GSF\\vendor\\laravel\\framework\\src\\Illuminate\\Pipeline\\Pipeline.php(104): Illuminate\\Routing\\Pipeline->Illuminate\\Routing\\{closure}(Object(Illuminate\\Http\\Request))
#36 C:\\xampp\\htdocs\\Laravel Projects\\GSF\\vendor\\laravel\\framework\\src\\Illuminate\\Routing\\Router.php(682): Illuminate\\Pipeline\\Pipeline->then(Object(Closure))
#37 C:\\xampp\\htdocs\\Laravel Projects\\GSF\\vendor\\laravel\\framework\\src\\Illuminate\\Routing\\Router.php(657): Illuminate\\Routing\\Router->runRouteWithinStack(Object(Illuminate\\Routing\\Route), Object(Illuminate\\Http\\Request))
#38 C:\\xampp\\htdocs\\Laravel Projects\\GSF\\vendor\\laravel\\framework\\src\\Illuminate\\Routing\\Router.php(623): Illuminate\\Routing\\Router->runRoute(Object(Illuminate\\Http\\Request), Object(Illuminate\\Routing\\Route))
#39 C:\\xampp\\htdocs\\Laravel Projects\\GSF\\vendor\\laravel\\framework\\src\\Illuminate\\Routing\\Router.php(612): Illuminate\\Routing\\Router->dispatchToRoute(Object(Illuminate\\Http\\Request))
#40 C:\\xampp\\htdocs\\Laravel Projects\\GSF\\vendor\\laravel\\framework\\src\\Illuminate\\Foundation\\Http\\Kernel.php(176): Illuminate\\Routing\\Router->dispatch(Object(Illuminate\\Http\\Request))
#41 C:\\xampp\\htdocs\\Laravel Projects\\GSF\\vendor\\laravel\\framework\\src\\Illuminate\\Routing\\Pipeline.php(30): Illuminate\\Foundation\\Http\\Kernel->Illuminate\\Foundation\\Http\\{closure}(Object(Illuminate\\Http\\Request))
#42 C:\\xampp\\htdocs\\Laravel Projects\\GSF\\vendor\\fideloper\\proxy\\src\\TrustProxies.php(57): Illuminate\\Routing\\Pipeline->Illuminate\\Routing\\{closure}(Object(Illuminate\\Http\\Request))
#43 C:\\xampp\\htdocs\\Laravel Projects\\GSF\\vendor\\laravel\\framework\\src\\Illuminate\\Pipeline\\Pipeline.php(163): Fideloper\\Proxy\\TrustProxies->handle(Object(Illuminate\\Http\\Request), Object(Closure))
#44 C:\\xampp\\htdocs\\Laravel Projects\\GSF\\vendor\\laravel\\framework\\src\\Illuminate\\Routing\\Pipeline.php(53): Illuminate\\Pipeline\\Pipeline->Illuminate\\Pipeline\\{closure}(Object(Illuminate\\Http\\Request))
#45 C:\\xampp\\htdocs\\Laravel Projects\\GSF\\vendor\\laravel\\framework\\src\\Illuminate\\Foundation\\Http\\Middleware\\TransformsRequest.php(21): Illuminate\\Routing\\Pipeline->Illuminate\\Routing\\{closure}(Object(Illuminate\\Http\\Request))
#46 C:\\xampp\\htdocs\\Laravel Projects\\GSF\\vendor\\laravel\\framework\\src\\Illuminate\\Pipeline\\Pipeline.php(163): Illuminate\\Foundation\\Http\\Middleware\\TransformsRequest->handle(Object(Illuminate\\Http\\Request), Object(Closure))
#47 C:\\xampp\\htdocs\\Laravel Projects\\GSF\\vendor\\laravel\\framework\\src\\Illuminate\\Routing\\Pipeline.php(53): Illuminate\\Pipeline\\Pipeline->Illuminate\\Pipeline\\{closure}(Object(Illuminate\\Http\\Request))
#48 C:\\xampp\\htdocs\\Laravel Projects\\GSF\\vendor\\laravel\\framework\\src\\Illuminate\\Foundation\\Http\\Middleware\\TransformsRequest.php(21): Illuminate\\Routing\\Pipeline->Illuminate\\Routing\\{closure}(Object(Illuminate\\Http\\Request))
#49 C:\\xampp\\htdocs\\Laravel Projects\\GSF\\vendor\\laravel\\framework\\src\\Illuminate\\Pipeline\\Pipeline.php(163): Illuminate\\Foundation\\Http\\Middleware\\TransformsRequest->handle(Object(Illuminate\\Http\\Request), Object(Closure))
#50 C:\\xampp\\htdocs\\Laravel Projects\\GSF\\vendor\\laravel\\framework\\src\\Illuminate\\Routing\\Pipeline.php(53): Illuminate\\Pipeline\\Pipeline->Illuminate\\Pipeline\\{closure}(Object(Illuminate\\Http\\Request))
#51 C:\\xampp\\htdocs\\Laravel Projects\\GSF\\vendor\\laravel\\framework\\src\\Illuminate\\Foundation\\Http\\Middleware\\ValidatePostSize.php(27): Illuminate\\Routing\\Pipeline->Illuminate\\Routing\\{closure}(Object(Illuminate\\Http\\Request))
#52 C:\\xampp\\htdocs\\Laravel Projects\\GSF\\vendor\\laravel\\framework\\src\\Illuminate\\Pipeline\\Pipeline.php(163): Illuminate\\Foundation\\Http\\Middleware\\ValidatePostSize->handle(Object(Illuminate\\Http\\Request), Object(Closure))
#53 C:\\xampp\\htdocs\\Laravel Projects\\GSF\\vendor\\laravel\\framework\\src\\Illuminate\\Routing\\Pipeline.php(53): Illuminate\\Pipeline\\Pipeline->Illuminate\\Pipeline\\{closure}(Object(Illuminate\\Http\\Request))
#54 C:\\xampp\\htdocs\\Laravel Projects\\GSF\\vendor\\laravel\\framework\\src\\Illuminate\\Foundation\\Http\\Middleware\\CheckForMaintenanceMode.php(62): Illuminate\\Routing\\Pipeline->Illuminate\\Routing\\{closure}(Object(Illuminate\\Http\\Request))
#55 C:\\xampp\\htdocs\\Laravel Projects\\GSF\\vendor\\laravel\\framework\\src\\Illuminate\\Pipeline\\Pipeline.php(163): Illuminate\\Foundation\\Http\\Middleware\\CheckForMaintenanceMode->handle(Object(Illuminate\\Http\\Request), Object(Closure))
#56 C:\\xampp\\htdocs\\Laravel Projects\\GSF\\vendor\\laravel\\framework\\src\\Illuminate\\Routing\\Pipeline.php(53): Illuminate\\Pipeline\\Pipeline->Illuminate\\Pipeline\\{closure}(Object(Illuminate\\Http\\Request))
#57 C:\\xampp\\htdocs\\Laravel Projects\\GSF\\vendor\\laravel\\framework\\src\\Illuminate\\Pipeline\\Pipeline.php(104): Illuminate\\Routing\\Pipeline->Illuminate\\Routing\\{closure}(Object(Illuminate\\Http\\Request))
#58 C:\\xampp\\htdocs\\Laravel Projects\\GSF\\vendor\\laravel\\framework\\src\\Illuminate\\Foundation\\Http\\Kernel.php(151): Illuminate\\Pipeline\\Pipeline->then(Object(Closure))
#59 C:\\xampp\\htdocs\\Laravel Projects\\GSF\\vendor\\laravel\\framework\\src\\Illuminate\\Foundation\\Http\\Kernel.php(116): Illuminate\\Foundation\\Http\\Kernel->sendRequestThroughRouter(Object(Illuminate\\Http\\Request))
#60 C:\\xampp\\htdocs\\Laravel Projects\\GSF\\public\\index.php(55): Illuminate\\Foundation\\Http\\Kernel->handle(Object(Illuminate\\Http\\Request))
#61 C:\\xampp\\htdocs\\Laravel Projects\\GSF\\server.php(21): require_once('C:\\\\xampp\\\\htdocs...')
#62 {main}
"} 
[2021-01-25 21:05:35] local.ERROR: syntax error, unexpected ')', expecting ',' or ';' (View: C:\xampp\htdocs\Laravel Projects\GSF\resources\views\participant\index.blade.php) {"userId":15,"exception":"[object] (ErrorException(code: 0): syntax error, unexpected ')', expecting ',' or ';' (View: C:\\xampp\\htdocs\\Laravel Projects\\GSF\esources\\views\\participant\\index.blade.php) at C:\\xampp\\htdocs\\Laravel Projects\\GSF\\storage\\framework\\views\\9d2c3ccbb94476023244733ccdacbd1be04f4765.php:84, Symfony\\Component\\Debug\\Exception\\FatalThrowableError(code: 0): syntax error, unexpected ')', expecting ',' or ';' at C:\\xampp\\htdocs\\Laravel Projects\\GSF\\storage\\framework\\views\\9d2c3ccbb94476023244733ccdacbd1be04f4765.php:84)
[stacktrace]
#0 C:\\xampp\\htdocs\\Laravel Projects\\GSF\\vendor\\laravel\\framework\\src\\Illuminate\\View\\Engines\\PhpEngine.php(47): Illuminate\\View\\Engines\\CompilerEngine->handleViewException(Object(Symfony\\Component\\Debug\\Exception\\FatalThrowableError), 1)
#1 C:\\xampp\\htdocs\\Laravel Projects\\GSF\\vendor\\laravel\\framework\\src\\Illuminate\\View\\Engines\\CompilerEngine.php(59): Illuminate\\View\\Engines\\PhpEngine->evaluatePath('C:\\\\xampp\\\\htdocs...', Array)
#2 C:\\xampp\\htdocs\\Laravel Projects\\GSF\\vendor\\laravel\\framework\\src\\Illuminate\\View\\View.php(142): Illuminate\\View\\Engines\\CompilerEngine->get('C:\\\\xampp\\\\htdocs...', Array)
#3 C:\\xampp\\htdocs\\Laravel Projects\\GSF\\vendor\\laravel\\framework\\src\\Illuminate\\View\\View.php(125): Illuminate\\View\\View->getContents()
#4 C:\\xampp\\htdocs\\Laravel Projects\\GSF\\vendor\\laravel\\framework\\src\\Illuminate\\View\\View.php(90): Illuminate\\View\\View->renderContents()
#5 C:\\xampp\\htdocs\\Laravel Projects\\GSF\\vendor\\laravel\\framework\\src\\Illuminate\\Http\\Response.php(42): Illuminate\\View\\View->render()
#6 C:\\xampp\\htdocs\\Laravel Projects\\GSF\\vendor\\symfony\\http-foundation\\Response.php(205): Illuminate\\Http\\Response->setContent(Object(Illuminate\\View\\View))
#7 C:\\xampp\\htdocs\\Laravel Projects\\GSF\\vendor\\laravel\\framework\\src\\Illuminate\\Routing\\Router.php(748): Symfony\\Component\\HttpFoundation\\Response->__construct(Object(Illuminate\\View\\View))
#8 C:\\xampp\\htdocs\\Laravel Projects\\GSF\\vendor\\laravel\\framework\\src\\Illuminate\\Routing\\Router.php(720): Illuminate\\Routing\\Router::toResponse(Object(Illuminate\\Http\\Request), Object(Illuminate\\View\\View))
#9 C:\\xampp\\htdocs\\Laravel Projects\\GSF\\vendor\\laravel\\framework\\src\\Illuminate\\Routing\\Router.php(680): Illuminate\\Routing\\Router->prepareResponse(Object(Illuminate\\Http\\Request), Object(Illuminate\\View\\View))
#10 C:\\xampp\\htdocs\\Laravel Projects\\GSF\\vendor\\laravel\\framework\\src\\Illuminate\\Routing\\Pipeline.php(30): Illuminate\\Routing\\Router->Illuminate\\Routing\\{closure}(Object(Illuminate\\Http\\Request))
#11 C:\\xampp\\htdocs\\Laravel Projects\\GSF\\app\\Http\\Middleware\\SwitchUser.php(22): Illuminate\\Routing\\Pipeline->Illuminate\\Routing\\{closure}(Object(Illuminate\\Http\\Request))
#12 C:\\xampp\\htdocs\\Laravel Projects\\GSF\\vendor\\laravel\\framework\\src\\Illuminate\\Pipeline\\Pipeline.php(163): App\\Http\\Middleware\\SwitchUser->handle(Object(Illuminate\\Http\\Request), Object(Closure))
#13 C:\\xampp\\htdocs\\Laravel Projects\\GSF\\vendor\\laravel\\framework\\src\\Illuminate\\Routing\\Pipeline.php(53): Illuminate\\Pipeline\\Pipeline->Illuminate\\Pipeline\\{closure}(Object(Illuminate\\Http\\Request))
#14 C:\\xampp\\htdocs\\Laravel Projects\\GSF\\vendor\\laravel\\framework\\src\\Illuminate\\Routing\\Middleware\\SubstituteBindings.php(41): Illuminate\\Routing\\Pipeline->Illuminate\\Routing\\{closure}(Object(Illuminate\\Http\\Request))
#15 C:\\xampp\\htdocs\\Laravel Projects\\GSF\\vendor\\laravel\\framework\\src\\Illuminate\\Pipeline\\Pipeline.php(163): Illuminate\\Routing\\Middleware\\SubstituteBindings->handle(Object(Illuminate\\Http\\Request), Object(Closure))
#16 C:\\xampp\\htdocs\\Laravel Projects\\GSF\\vendor\\laravel\\framework\\src\\Illuminate\\Routing\\Pipeline.php(53): Illuminate\\Pipeline\\Pipeline->Illuminate\\Pipeline\\{closure}(Object(Illuminate\\Http\\Request))
#17 C:\\xampp\\htdocs\\Laravel Projects\\GSF\\vendor\\laravel\\framework\\src\\Illuminate\\Auth\\Middleware\\Authenticate.php(43): Illuminate\\Routing\\Pipeline->Illuminate\\Routing\\{closure}(Object(Illuminate\\Http\\Request))
#18 C:\\xampp\\htdocs\\Laravel Projects\\GSF\\vendor\\laravel\\framework\\src\\Illuminate\\Pipeline\\Pipeline.php(163): Illuminate\\Auth\\Middleware\\Authenticate->handle(Object(Illuminate\\Http\\Request), Object(Closure))
#19 C:\\xampp\\htdocs\\Laravel Projects\\GSF\\vendor\\laravel\\framework\\src\\Illuminate\\Routing\\Pipeline.php(53): Illuminate\\Pipeline\\Pipeline->Illuminate\\Pipeline\\{closure}(Object(Illuminate\\Http\\Request))
#20 C:\\xampp\\htdocs\\Laravel Projects\\GSF\\vendor\\laravel\\framework\\src\\Illuminate\\Foundation\\Http\\Middleware\\VerifyCsrfToken.php(75): Illuminate\\Routing\\Pipeline->Illuminate\\Routing\\{closure}(Object(Illuminate\\Http\\Request))
#21 C:\\xampp\\htdocs\\Laravel Projects\\GSF\\vendor\\laravel\\framework\\src\\Illuminate\\Pipeline\\Pipeline.php(163): Illuminate\\Foundation\\Http\\Middleware\\VerifyCsrfToken->handle(Object(Illuminate\\Http\\Request), Object(Closure))
#22 C:\\xampp\\htdocs\\Laravel Projects\\GSF\\vendor\\laravel\\framework\\src\\Illuminate\\Routing\\Pipeline.php(53): Illuminate\\Pipeline\\Pipeline->Illuminate\\Pipeline\\{closure}(Object(Illuminate\\Http\\Request))
#23 C:\\xampp\\htdocs\\Laravel Projects\\GSF\\vendor\\laravel\\framework\\src\\Illuminate\\View\\Middleware\\ShareErrorsFromSession.php(49): Illuminate\\Routing\\Pipeline->Illuminate\\Routing\\{closure}(Object(Illuminate\\Http\\Request))
#24 C:\\xampp\\htdocs\\Laravel Projects\\GSF\\vendor\\laravel\\framework\\src\\Illuminate\\Pipeline\\Pipeline.php(163): Illuminate\\View\\Middleware\\ShareErrorsFromSession->handle(Object(Illuminate\\Http\\Request), Object(Closure))
#25 C:\\xampp\\htdocs\\Laravel Projects\\GSF\\vendor\\laravel\\framework\\src\\Illuminate\\Routing\\Pipeline.php(53): Illuminate\\Pipeline\\Pipeline->Illuminate\\Pipeline\\{closure}(Object(Illuminate\\Http\\Request))
#26 C:\\xampp\\htdocs\\Laravel Projects\\GSF\\vendor\\laravel\\framework\\src\\Illuminate\\Session\\Middleware\\StartSession.php(56): Illuminate\\Routing\\Pipeline->Illuminate\\Routing\\{closure}(Object(Illuminate\\Http\\Request))
#27 C:\\xampp\\htdocs\\Laravel Projects\\GSF\\vendor\\laravel\\framework\\src\\Illuminate\\Pipeline\\Pipeline.php(163): Illuminate\\Session\\Middleware\\StartSession->handle(Object(Illuminate\\Http\\Request), Object(Closure))
#28 C:\\xampp\\htdocs\\Laravel Projects\\GSF\\vendor\\laravel\\framework\\src\\Illuminate\\Routing\\Pipeline.php(53): Illuminate\\Pipeline\\Pipeline->Illuminate\\Pipeline\\{closure}(Object(Illuminate\\Http\\Request))
#29 C:\\xampp\\htdocs\\Laravel Projects\\GSF\\vendor\\laravel\\framework\\src\\Illuminate\\Cookie\\Middleware\\AddQueuedCookiesToResponse.php(37): Illuminate\\Routing\\Pipeline->Illuminate\\Routing\\{closure}(Object(Illuminate\\Http\\Request))
#30 C:\\xampp\\htdocs\\Laravel Projects\\GSF\\vendor\\laravel\\framework\\src\\Illuminate\\Pipeline\\Pipeline.php(163): Illuminate\\Cookie\\Middleware\\AddQueuedCookiesToResponse->handle(Object(Illuminate\\Http\\Request), Object(Closure))
#31 C:\\xampp\\htdocs\\Laravel Projects\\GSF\\vendor\\laravel\\framework\\src\\Illuminate\\Routing\\Pipeline.php(53): Illuminate\\Pipeline\\Pipeline->Illuminate\\Pipeline\\{closure}(Object(Illuminate\\Http\\Request))
#32 C:\\xampp\\htdocs\\Laravel Projects\\GSF\\vendor\\laravel\\framework\\src\\Illuminate\\Cookie\\Middleware\\EncryptCookies.php(66): Illuminate\\Routing\\Pipeline->Illuminate\\Routing\\{closure}(Object(Illuminate\\Http\\Request))
#33 C:\\xampp\\htdocs\\Laravel Projects\\GSF\\vendor\\laravel\\framework\\src\\Illuminate\\Pipeline\\Pipeline.php(163): Illuminate\\Cookie\\Middleware\\EncryptCookies->handle(Object(Illuminate\\Http\\Request), Object(Closure))
#34 C:\\xampp\\htdocs\\Laravel Projects\\GSF\\vendor\\laravel\\framework\\src\\Illuminate\\Routing\\Pipeline.php(53): Illuminate\\Pipeline\\Pipeline->Illuminate\\Pipeline\\{closure}(Object(Illuminate\\Http\\Request))
#35 C:\\xampp\\htdocs\\Laravel Projects\\GSF\\vendor\\laravel\\framework\\src\\Illuminate\\Pipeline\\Pipeline.php(104): Illuminate\\Routing\\Pipeline->Illuminate\\Routing\\{closure}(Object(Illuminate\\Http\\Request))
#36 C:\\xampp\\htdocs\\Laravel Projects\\GSF\\vendor\\laravel\\framework\\src\\Illuminate\\Routing\\Router.php(682): Illuminate\\Pipeline\\Pipeline->then(Object(Closure))
#37 C:\\xampp\\htdocs\\Laravel Projects\\GSF\\vendor\\laravel\\framework\\src\\Illuminate\\Routing\\Router.php(657): Illuminate\\Routing\\Router->runRouteWithinStack(Object(Illuminate\\Routing\\Route), Object(Illuminate\\Http\\Request))
#38 C:\\xampp\\htdocs\\Laravel Projects\\GSF\\vendor\\laravel\\framework\\src\\Illuminate\\Routing\\Router.php(623): Illuminate\\Routing\\Router->runRoute(Object(Illuminate\\Http\\Request), Object(Illuminate\\Routing\\Route))
#39 C:\\xampp\\htdocs\\Laravel Projects\\GSF\\vendor\\laravel\\framework\\src\\Illuminate\\Routing\\Router.php(612): Illuminate\\Routing\\Router->dispatchToRoute(Object(Illuminate\\Http\\Request))
#40 C:\\xampp\\htdocs\\Laravel Projects\\GSF\\vendor\\laravel\\framework\\src\\Illuminate\\Foundation\\Http\\Kernel.php(176): Illuminate\\Routing\\Router->dispatch(Object(Illuminate\\Http\\Request))
#41 C:\\xampp\\htdocs\\Laravel Projects\\GSF\\vendor\\laravel\\framework\\src\\Illuminate\\Routing\\Pipeline.php(30): Illuminate\\Foundation\\Http\\Kernel->Illuminate\\Foundation\\Http\\{closure}(Object(Illuminate\\Http\\Request))
#42 C:\\xampp\\htdocs\\Laravel Projects\\GSF\\vendor\\fideloper\\proxy\\src\\TrustProxies.php(57): Illuminate\\Routing\\Pipeline->Illuminate\\Routing\\{closure}(Object(Illuminate\\Http\\Request))
#43 C:\\xampp\\htdocs\\Laravel Projects\\GSF\\vendor\\laravel\\framework\\src\\Illuminate\\Pipeline\\Pipeline.php(163): Fideloper\\Proxy\\TrustProxies->handle(Object(Illuminate\\Http\\Request), Object(Closure))
#44 C:\\xampp\\htdocs\\Laravel Projects\\GSF\\vendor\\laravel\\framework\\src\\Illuminate\\Routing\\Pipeline.php(53): Illuminate\\Pipeline\\Pipeline->Illuminate\\Pipeline\\{closure}(Object(Illuminate\\Http\\Request))
#45 C:\\xampp\\htdocs\\Laravel Projects\\GSF\\vendor\\laravel\\framework\\src\\Illuminate\\Foundation\\Http\\Middleware\\TransformsRequest.php(21): Illuminate\\Routing\\Pipeline->Illuminate\\Routing\\{closure}(Object(Illuminate\\Http\\Request))
#46 C:\\xampp\\htdocs\\Laravel Projects\\GSF\\vendor\\laravel\\framework\\src\\Illuminate\\Pipeline\\Pipeline.php(163): Illuminate\\Foundation\\Http\\Middleware\\TransformsRequest->handle(Object(Illuminate\\Http\\Request), Object(Closure))
#47 C:\\xampp\\htdocs\\Laravel Projects\\GSF\\vendor\\laravel\\framework\\src\\Illuminate\\Routing\\Pipeline.php(53): Illuminate\\Pipeline\\Pipeline->Illuminate\\Pipeline\\{closure}(Object(Illuminate\\Http\\Request))
#48 C:\\xampp\\htdocs\\Laravel Projects\\GSF\\vendor\\laravel\\framework\\src\\Illuminate\\Foundation\\Http\\Middleware\\TransformsRequest.php(21): Illuminate\\Routing\\Pipeline->Illuminate\\Routing\\{closure}(Object(Illuminate\\Http\\Request))
#49 C:\\xampp\\htdocs\\Laravel Projects\\GSF\\vendor\\laravel\\framework\\src\\Illuminate\\Pipeline\\Pipeline.php(163): Illuminate\\Foundation\\Http\\Middleware\\TransformsRequest->handle(Object(Illuminate\\Http\\Request), Object(Closure))
#50 C:\\xampp\\htdocs\\Laravel Projects\\GSF\\vendor\\laravel\\framework\\src\\Illuminate\\Routing\\Pipeline.php(53): Illuminate\\Pipeline\\Pipeline->Illuminate\\Pipeline\\{closure}(Object(Illuminate\\Http\\Request))
#51 C:\\xampp\\htdocs\\Laravel Projects\\GSF\\vendor\\laravel\\framework\\src\\Illuminate\\Foundation\\Http\\Middleware\\ValidatePostSize.php(27): Illuminate\\Routing\\Pipeline->Illuminate\\Routing\\{closure}(Object(Illuminate\\Http\\Request))
#52 C:\\xampp\\htdocs\\Laravel Projects\\GSF\\vendor\\laravel\\framework\\src\\Illuminate\\Pipeline\\Pipeline.php(163): Illuminate\\Foundation\\Http\\Middleware\\ValidatePostSize->handle(Object(Illuminate\\Http\\Request), Object(Closure))
#53 C:\\xampp\\htdocs\\Laravel Projects\\GSF\\vendor\\laravel\\framework\\src\\Illuminate\\Routing\\Pipeline.php(53): Illuminate\\Pipeline\\Pipeline->Illuminate\\Pipeline\\{closure}(Object(Illuminate\\Http\\Request))
#54 C:\\xampp\\htdocs\\Laravel Projects\\GSF\\vendor\\laravel\\framework\\src\\Illuminate\\Foundation\\Http\\Middleware\\CheckForMaintenanceMode.php(62): Illuminate\\Routing\\Pipeline->Illuminate\\Routing\\{closure}(Object(Illuminate\\Http\\Request))
#55 C:\\xampp\\htdocs\\Laravel Projects\\GSF\\vendor\\laravel\\framework\\src\\Illuminate\\Pipeline\\Pipeline.php(163): Illuminate\\Foundation\\Http\\Middleware\\CheckForMaintenanceMode->handle(Object(Illuminate\\Http\\Request), Object(Closure))
#56 C:\\xampp\\htdocs\\Laravel Projects\\GSF\\vendor\\laravel\\framework\\src\\Illuminate\\Routing\\Pipeline.php(53): Illuminate\\Pipeline\\Pipeline->Illuminate\\Pipeline\\{closure}(Object(Illuminate\\Http\\Request))
#57 C:\\xampp\\htdocs\\Laravel Projects\\GSF\\vendor\\laravel\\framework\\src\\Illuminate\\Pipeline\\Pipeline.php(104): Illuminate\\Routing\\Pipeline->Illuminate\\Routing\\{closure}(Object(Illuminate\\Http\\Request))
#58 C:\\xampp\\htdocs\\Laravel Projects\\GSF\\vendor\\laravel\\framework\\src\\Illuminate\\Foundation\\Http\\Kernel.php(151): Illuminate\\Pipeline\\Pipeline->then(Object(Closure))
#59 C:\\xampp\\htdocs\\Laravel Projects\\GSF\\vendor\\laravel\\framework\\src\\Illuminate\\Foundation\\Http\\Kernel.php(116): Illuminate\\Foundation\\Http\\Kernel->sendRequestThroughRouter(Object(Illuminate\\Http\\Request))
#60 C:\\xampp\\htdocs\\Laravel Projects\\GSF\\public\\index.php(55): Illuminate\\Foundation\\Http\\Kernel->handle(Object(Illuminate\\Http\\Request))
#61 C:\\xampp\\htdocs\\Laravel Projects\\GSF\\server.php(21): require_once('C:\\\\xampp\\\\htdocs...')
#62 {main}
"} 
[2021-01-25 21:06:12] local.ERROR: Trying to get property 'name' of non-object (View: C:\xampp\htdocs\Laravel Projects\GSF\resources\views\participant\index.blade.php) {"userId":15,"exception":"[object] (ErrorException(code: 0): Trying to get property 'name' of non-object (View: C:\\xampp\\htdocs\\Laravel Projects\\GSF\esources\\views\\participant\\index.blade.php) at C:\\xampp\\htdocs\\Laravel Projects\\GSF\\storage\\framework\\views\\9d2c3ccbb94476023244733ccdacbd1be04f4765.php:139, ErrorException(code: 0): Trying to get property 'name' of non-object at C:\\xampp\\htdocs\\Laravel Projects\\GSF\\storage\\framework\\views\\9d2c3ccbb94476023244733ccdacbd1be04f4765.php:139)
[stacktrace]
#0 C:\\xampp\\htdocs\\Laravel Projects\\GSF\\vendor\\laravel\\framework\\src\\Illuminate\\View\\Engines\\PhpEngine.php(45): Illuminate\\View\\Engines\\CompilerEngine->handleViewException(Object(ErrorException), 1)
#1 C:\\xampp\\htdocs\\Laravel Projects\\GSF\\vendor\\laravel\\framework\\src\\Illuminate\\View\\Engines\\CompilerEngine.php(59): Illuminate\\View\\Engines\\PhpEngine->evaluatePath('C:\\\\xampp\\\\htdocs...', Array)
#2 C:\\xampp\\htdocs\\Laravel Projects\\GSF\\vendor\\laravel\\framework\\src\\Illuminate\\View\\View.php(142): Illuminate\\View\\Engines\\CompilerEngine->get('C:\\\\xampp\\\\htdocs...', Array)
#3 C:\\xampp\\htdocs\\Laravel Projects\\GSF\\vendor\\laravel\\framework\\src\\Illuminate\\View\\View.php(125): Illuminate\\View\\View->getContents()
#4 C:\\xampp\\htdocs\\Laravel Projects\\GSF\\vendor\\laravel\\framework\\src\\Illuminate\\View\\View.php(90): Illuminate\\View\\View->renderContents()
#5 C:\\xampp\\htdocs\\Laravel Projects\\GSF\\vendor\\laravel\\framework\\src\\Illuminate\\Http\\Response.php(42): Illuminate\\View\\View->render()
#6 C:\\xampp\\htdocs\\Laravel Projects\\GSF\\vendor\\symfony\\http-foundation\\Response.php(205): Illuminate\\Http\\Response->setContent(Object(Illuminate\\View\\View))
#7 C:\\xampp\\htdocs\\Laravel Projects\\GSF\\vendor\\laravel\\framework\\src\\Illuminate\\Routing\\Router.php(748): Symfony\\Component\\HttpFoundation\\Response->__construct(Object(Illuminate\\View\\View))
#8 C:\\xampp\\htdocs\\Laravel Projects\\GSF\\vendor\\laravel\\framework\\src\\Illuminate\\Routing\\Router.php(720): Illuminate\\Routing\\Router::toResponse(Object(Illuminate\\Http\\Request), Object(Illuminate\\View\\View))
#9 C:\\xampp\\htdocs\\Laravel Projects\\GSF\\vendor\\laravel\\framework\\src\\Illuminate\\Routing\\Router.php(680): Illuminate\\Routing\\Router->prepareResponse(Object(Illuminate\\Http\\Request), Object(Illuminate\\View\\View))
#10 C:\\xampp\\htdocs\\Laravel Projects\\GSF\\vendor\\laravel\\framework\\src\\Illuminate\\Routing\\Pipeline.php(30): Illuminate\\Routing\\Router->Illuminate\\Routing\\{closure}(Object(Illuminate\\Http\\Request))
#11 C:\\xampp\\htdocs\\Laravel Projects\\GSF\\app\\Http\\Middleware\\SwitchUser.php(22): Illuminate\\Routing\\Pipeline->Illuminate\\Routing\\{closure}(Object(Illuminate\\Http\\Request))
#12 C:\\xampp\\htdocs\\Laravel Projects\\GSF\\vendor\\laravel\\framework\\src\\Illuminate\\Pipeline\\Pipeline.php(163): App\\Http\\Middleware\\SwitchUser->handle(Object(Illuminate\\Http\\Request), Object(Closure))
#13 C:\\xampp\\htdocs\\Laravel Projects\\GSF\\vendor\\laravel\\framework\\src\\Illuminate\\Routing\\Pipeline.php(53): Illuminate\\Pipeline\\Pipeline->Illuminate\\Pipeline\\{closure}(Object(Illuminate\\Http\\Request))
#14 C:\\xampp\\htdocs\\Laravel Projects\\GSF\\vendor\\laravel\\framework\\src\\Illuminate\\Routing\\Middleware\\SubstituteBindings.php(41): Illuminate\\Routing\\Pipeline->Illuminate\\Routing\\{closure}(Object(Illuminate\\Http\\Request))
#15 C:\\xampp\\htdocs\\Laravel Projects\\GSF\\vendor\\laravel\\framework\\src\\Illuminate\\Pipeline\\Pipeline.php(163): Illuminate\\Routing\\Middleware\\SubstituteBindings->handle(Object(Illuminate\\Http\\Request), Object(Closure))
#16 C:\\xampp\\htdocs\\Laravel Projects\\GSF\\vendor\\laravel\\framework\\src\\Illuminate\\Routing\\Pipeline.php(53): Illuminate\\Pipeline\\Pipeline->Illuminate\\Pipeline\\{closure}(Object(Illuminate\\Http\\Request))
#17 C:\\xampp\\htdocs\\Laravel Projects\\GSF\\vendor\\laravel\\framework\\src\\Illuminate\\Auth\\Middleware\\Authenticate.php(43): Illuminate\\Routing\\Pipeline->Illuminate\\Routing\\{closure}(Object(Illuminate\\Http\\Request))
#18 C:\\xampp\\htdocs\\Laravel Projects\\GSF\\vendor\\laravel\\framework\\src\\Illuminate\\Pipeline\\Pipeline.php(163): Illuminate\\Auth\\Middleware\\Authenticate->handle(Object(Illuminate\\Http\\Request), Object(Closure))
#19 C:\\xampp\\htdocs\\Laravel Projects\\GSF\\vendor\\laravel\\framework\\src\\Illuminate\\Routing\\Pipeline.php(53): Illuminate\\Pipeline\\Pipeline->Illuminate\\Pipeline\\{closure}(Object(Illuminate\\Http\\Request))
#20 C:\\xampp\\htdocs\\Laravel Projects\\GSF\\vendor\\laravel\\framework\\src\\Illuminate\\Foundation\\Http\\Middleware\\VerifyCsrfToken.php(75): Illuminate\\Routing\\Pipeline->Illuminate\\Routing\\{closure}(Object(Illuminate\\Http\\Request))
#21 C:\\xampp\\htdocs\\Laravel Projects\\GSF\\vendor\\laravel\\framework\\src\\Illuminate\\Pipeline\\Pipeline.php(163): Illuminate\\Foundation\\Http\\Middleware\\VerifyCsrfToken->handle(Object(Illuminate\\Http\\Request), Object(Closure))
#22 C:\\xampp\\htdocs\\Laravel Projects\\GSF\\vendor\\laravel\\framework\\src\\Illuminate\\Routing\\Pipeline.php(53): Illuminate\\Pipeline\\Pipeline->Illuminate\\Pipeline\\{closure}(Object(Illuminate\\Http\\Request))
#23 C:\\xampp\\htdocs\\Laravel Projects\\GSF\\vendor\\laravel\\framework\\src\\Illuminate\\View\\Middleware\\ShareErrorsFromSession.php(49): Illuminate\\Routing\\Pipeline->Illuminate\\Routing\\{closure}(Object(Illuminate\\Http\\Request))
#24 C:\\xampp\\htdocs\\Laravel Projects\\GSF\\vendor\\laravel\\framework\\src\\Illuminate\\Pipeline\\Pipeline.php(163): Illuminate\\View\\Middleware\\ShareErrorsFromSession->handle(Object(Illuminate\\Http\\Request), Object(Closure))
#25 C:\\xampp\\htdocs\\Laravel Projects\\GSF\\vendor\\laravel\\framework\\src\\Illuminate\\Routing\\Pipeline.php(53): Illuminate\\Pipeline\\Pipeline->Illuminate\\Pipeline\\{closure}(Object(Illuminate\\Http\\Request))
#26 C:\\xampp\\htdocs\\Laravel Projects\\GSF\\vendor\\laravel\\framework\\src\\Illuminate\\Session\\Middleware\\StartSession.php(56): Illuminate\\Routing\\Pipeline->Illuminate\\Routing\\{closure}(Object(Illuminate\\Http\\Request))
#27 C:\\xampp\\htdocs\\Laravel Projects\\GSF\\vendor\\laravel\\framework\\src\\Illuminate\\Pipeline\\Pipeline.php(163): Illuminate\\Session\\Middleware\\StartSession->handle(Object(Illuminate\\Http\\Request), Object(Closure))
#28 C:\\xampp\\htdocs\\Laravel Projects\\GSF\\vendor\\laravel\\framework\\src\\Illuminate\\Routing\\Pipeline.php(53): Illuminate\\Pipeline\\Pipeline->Illuminate\\Pipeline\\{closure}(Object(Illuminate\\Http\\Request))
#29 C:\\xampp\\htdocs\\Laravel Projects\\GSF\\vendor\\laravel\\framework\\src\\Illuminate\\Cookie\\Middleware\\AddQueuedCookiesToResponse.php(37): Illuminate\\Routing\\Pipeline->Illuminate\\Routing\\{closure}(Object(Illuminate\\Http\\Request))
#30 C:\\xampp\\htdocs\\Laravel Projects\\GSF\\vendor\\laravel\\framework\\src\\Illuminate\\Pipeline\\Pipeline.php(163): Illuminate\\Cookie\\Middleware\\AddQueuedCookiesToResponse->handle(Object(Illuminate\\Http\\Request), Object(Closure))
#31 C:\\xampp\\htdocs\\Laravel Projects\\GSF\\vendor\\laravel\\framework\\src\\Illuminate\\Routing\\Pipeline.php(53): Illuminate\\Pipeline\\Pipeline->Illuminate\\Pipeline\\{closure}(Object(Illuminate\\Http\\Request))
#32 C:\\xampp\\htdocs\\Laravel Projects\\GSF\\vendor\\laravel\\framework\\src\\Illuminate\\Cookie\\Middleware\\EncryptCookies.php(66): Illuminate\\Routing\\Pipeline->Illuminate\\Routing\\{closure}(Object(Illuminate\\Http\\Request))
#33 C:\\xampp\\htdocs\\Laravel Projects\\GSF\\vendor\\laravel\\framework\\src\\Illuminate\\Pipeline\\Pipeline.php(163): Illuminate\\Cookie\\Middleware\\EncryptCookies->handle(Object(Illuminate\\Http\\Request), Object(Closure))
#34 C:\\xampp\\htdocs\\Laravel Projects\\GSF\\vendor\\laravel\\framework\\src\\Illuminate\\Routing\\Pipeline.php(53): Illuminate\\Pipeline\\Pipeline->Illuminate\\Pipeline\\{closure}(Object(Illuminate\\Http\\Request))
#35 C:\\xampp\\htdocs\\Laravel Projects\\GSF\\vendor\\laravel\\framework\\src\\Illuminate\\Pipeline\\Pipeline.php(104): Illuminate\\Routing\\Pipeline->Illuminate\\Routing\\{closure}(Object(Illuminate\\Http\\Request))
#36 C:\\xampp\\htdocs\\Laravel Projects\\GSF\\vendor\\laravel\\framework\\src\\Illuminate\\Routing\\Router.php(682): Illuminate\\Pipeline\\Pipeline->then(Object(Closure))
#37 C:\\xampp\\htdocs\\Laravel Projects\\GSF\\vendor\\laravel\\framework\\src\\Illuminate\\Routing\\Router.php(657): Illuminate\\Routing\\Router->runRouteWithinStack(Object(Illuminate\\Routing\\Route), Object(Illuminate\\Http\\Request))
#38 C:\\xampp\\htdocs\\Laravel Projects\\GSF\\vendor\\laravel\\framework\\src\\Illuminate\\Routing\\Router.php(623): Illuminate\\Routing\\Router->runRoute(Object(Illuminate\\Http\\Request), Object(Illuminate\\Routing\\Route))
#39 C:\\xampp\\htdocs\\Laravel Projects\\GSF\\vendor\\laravel\\framework\\src\\Illuminate\\Routing\\Router.php(612): Illuminate\\Routing\\Router->dispatchToRoute(Object(Illuminate\\Http\\Request))
#40 C:\\xampp\\htdocs\\Laravel Projects\\GSF\\vendor\\laravel\\framework\\src\\Illuminate\\Foundation\\Http\\Kernel.php(176): Illuminate\\Routing\\Router->dispatch(Object(Illuminate\\Http\\Request))
#41 C:\\xampp\\htdocs\\Laravel Projects\\GSF\\vendor\\laravel\\framework\\src\\Illuminate\\Routing\\Pipeline.php(30): Illuminate\\Foundation\\Http\\Kernel->Illuminate\\Foundation\\Http\\{closure}(Object(Illuminate\\Http\\Request))
#42 C:\\xampp\\htdocs\\Laravel Projects\\GSF\\vendor\\fideloper\\proxy\\src\\TrustProxies.php(57): Illuminate\\Routing\\Pipeline->Illuminate\\Routing\\{closure}(Object(Illuminate\\Http\\Request))
#43 C:\\xampp\\htdocs\\Laravel Projects\\GSF\\vendor\\laravel\\framework\\src\\Illuminate\\Pipeline\\Pipeline.php(163): Fideloper\\Proxy\\TrustProxies->handle(Object(Illuminate\\Http\\Request), Object(Closure))
#44 C:\\xampp\\htdocs\\Laravel Projects\\GSF\\vendor\\laravel\\framework\\src\\Illuminate\\Routing\\Pipeline.php(53): Illuminate\\Pipeline\\Pipeline->Illuminate\\Pipeline\\{closure}(Object(Illuminate\\Http\\Request))
#45 C:\\xampp\\htdocs\\Laravel Projects\\GSF\\vendor\\laravel\\framework\\src\\Illuminate\\Foundation\\Http\\Middleware\\TransformsRequest.php(21): Illuminate\\Routing\\Pipeline->Illuminate\\Routing\\{closure}(Object(Illuminate\\Http\\Request))
#46 C:\\xampp\\htdocs\\Laravel Projects\\GSF\\vendor\\laravel\\framework\\src\\Illuminate\\Pipeline\\Pipeline.php(163): Illuminate\\Foundation\\Http\\Middleware\\TransformsRequest->handle(Object(Illuminate\\Http\\Request), Object(Closure))
#47 C:\\xampp\\htdocs\\Laravel Projects\\GSF\\vendor\\laravel\\framework\\src\\Illuminate\\Routing\\Pipeline.php(53): Illuminate\\Pipeline\\Pipeline->Illuminate\\Pipeline\\{closure}(Object(Illuminate\\Http\\Request))
#48 C:\\xampp\\htdocs\\Laravel Projects\\GSF\\vendor\\laravel\\framework\\src\\Illuminate\\Foundation\\Http\\Middleware\\TransformsRequest.php(21): Illuminate\\Routing\\Pipeline->Illuminate\\Routing\\{closure}(Object(Illuminate\\Http\\Request))
#49 C:\\xampp\\htdocs\\Laravel Projects\\GSF\\vendor\\laravel\\framework\\src\\Illuminate\\Pipeline\\Pipeline.php(163): Illuminate\\Foundation\\Http\\Middleware\\TransformsRequest->handle(Object(Illuminate\\Http\\Request), Object(Closure))
#50 C:\\xampp\\htdocs\\Laravel Projects\\GSF\\vendor\\laravel\\framework\\src\\Illuminate\\Routing\\Pipeline.php(53): Illuminate\\Pipeline\\Pipeline->Illuminate\\Pipeline\\{closure}(Object(Illuminate\\Http\\Request))
#51 C:\\xampp\\htdocs\\Laravel Projects\\GSF\\vendor\\laravel\\framework\\src\\Illuminate\\Foundation\\Http\\Middleware\\ValidatePostSize.php(27): Illuminate\\Routing\\Pipeline->Illuminate\\Routing\\{closure}(Object(Illuminate\\Http\\Request))
#52 C:\\xampp\\htdocs\\Laravel Projects\\GSF\\vendor\\laravel\\framework\\src\\Illuminate\\Pipeline\\Pipeline.php(163): Illuminate\\Foundation\\Http\\Middleware\\ValidatePostSize->handle(Object(Illuminate\\Http\\Request), Object(Closure))
#53 C:\\xampp\\htdocs\\Laravel Projects\\GSF\\vendor\\laravel\\framework\\src\\Illuminate\\Routing\\Pipeline.php(53): Illuminate\\Pipeline\\Pipeline->Illuminate\\Pipeline\\{closure}(Object(Illuminate\\Http\\Request))
#54 C:\\xampp\\htdocs\\Laravel Projects\\GSF\\vendor\\laravel\\framework\\src\\Illuminate\\Foundation\\Http\\Middleware\\CheckForMaintenanceMode.php(62): Illuminate\\Routing\\Pipeline->Illuminate\\Routing\\{closure}(Object(Illuminate\\Http\\Request))
#55 C:\\xampp\\htdocs\\Laravel Projects\\GSF\\vendor\\laravel\\framework\\src\\Illuminate\\Pipeline\\Pipeline.php(163): Illuminate\\Foundation\\Http\\Middleware\\CheckForMaintenanceMode->handle(Object(Illuminate\\Http\\Request), Object(Closure))
#56 C:\\xampp\\htdocs\\Laravel Projects\\GSF\\vendor\\laravel\\framework\\src\\Illuminate\\Routing\\Pipeline.php(53): Illuminate\\Pipeline\\Pipeline->Illuminate\\Pipeline\\{closure}(Object(Illuminate\\Http\\Request))
#57 C:\\xampp\\htdocs\\Laravel Projects\\GSF\\vendor\\laravel\\framework\\src\\Illuminate\\Pipeline\\Pipeline.php(104): Illuminate\\Routing\\Pipeline->Illuminate\\Routing\\{closure}(Object(Illuminate\\Http\\Request))
#58 C:\\xampp\\htdocs\\Laravel Projects\\GSF\\vendor\\laravel\\framework\\src\\Illuminate\\Foundation\\Http\\Kernel.php(151): Illuminate\\Pipeline\\Pipeline->then(Object(Closure))
#59 C:\\xampp\\htdocs\\Laravel Projects\\GSF\\vendor\\laravel\\framework\\src\\Illuminate\\Foundation\\Http\\Kernel.php(116): Illuminate\\Foundation\\Http\\Kernel->sendRequestThroughRouter(Object(Illuminate\\Http\\Request))
#60 C:\\xampp\\htdocs\\Laravel Projects\\GSF\\public\\index.php(55): Illuminate\\Foundation\\Http\\Kernel->handle(Object(Illuminate\\Http\\Request))
#61 C:\\xampp\\htdocs\\Laravel Projects\\GSF\\server.php(21): require_once('C:\\\\xampp\\\\htdocs...')
#62 {main}
"} 
[2021-01-25 21:06:30] local.ERROR: Trying to get property 'name' of non-object (View: C:\xampp\htdocs\Laravel Projects\GSF\resources\views\participant\index.blade.php) {"userId":15,"exception":"[object] (ErrorException(code: 0): Trying to get property 'name' of non-object (View: C:\\xampp\\htdocs\\Laravel Projects\\GSF\esources\\views\\participant\\index.blade.php) at C:\\xampp\\htdocs\\Laravel Projects\\GSF\\storage\\framework\\views\\9d2c3ccbb94476023244733ccdacbd1be04f4765.php:139, ErrorException(code: 0): Trying to get property 'name' of non-object at C:\\xampp\\htdocs\\Laravel Projects\\GSF\\storage\\framework\\views\\9d2c3ccbb94476023244733ccdacbd1be04f4765.php:139)
[stacktrace]
#0 C:\\xampp\\htdocs\\Laravel Projects\\GSF\\vendor\\laravel\\framework\\src\\Illuminate\\View\\Engines\\PhpEngine.php(45): Illuminate\\View\\Engines\\CompilerEngine->handleViewException(Object(ErrorException), 1)
#1 C:\\xampp\\htdocs\\Laravel Projects\\GSF\\vendor\\laravel\\framework\\src\\Illuminate\\View\\Engines\\CompilerEngine.php(59): Illuminate\\View\\Engines\\PhpEngine->evaluatePath('C:\\\\xampp\\\\htdocs...', Array)
#2 C:\\xampp\\htdocs\\Laravel Projects\\GSF\\vendor\\laravel\\framework\\src\\Illuminate\\View\\View.php(142): Illuminate\\View\\Engines\\CompilerEngine->get('C:\\\\xampp\\\\htdocs...', Array)
#3 C:\\xampp\\htdocs\\Laravel Projects\\GSF\\vendor\\laravel\\framework\\src\\Illuminate\\View\\View.php(125): Illuminate\\View\\View->getContents()
#4 C:\\xampp\\htdocs\\Laravel Projects\\GSF\\vendor\\laravel\\framework\\src\\Illuminate\\View\\View.php(90): Illuminate\\View\\View->renderContents()
#5 C:\\xampp\\htdocs\\Laravel Projects\\GSF\\vendor\\laravel\\framework\\src\\Illuminate\\Http\\Response.php(42): Illuminate\\View\\View->render()
#6 C:\\xampp\\htdocs\\Laravel Projects\\GSF\\vendor\\symfony\\http-foundation\\Response.php(205): Illuminate\\Http\\Response->setContent(Object(Illuminate\\View\\View))
#7 C:\\xampp\\htdocs\\Laravel Projects\\GSF\\vendor\\laravel\\framework\\src\\Illuminate\\Routing\\Router.php(748): Symfony\\Component\\HttpFoundation\\Response->__construct(Object(Illuminate\\View\\View))
#8 C:\\xampp\\htdocs\\Laravel Projects\\GSF\\vendor\\laravel\\framework\\src\\Illuminate\\Routing\\Router.php(720): Illuminate\\Routing\\Router::toResponse(Object(Illuminate\\Http\\Request), Object(Illuminate\\View\\View))
#9 C:\\xampp\\htdocs\\Laravel Projects\\GSF\\vendor\\laravel\\framework\\src\\Illuminate\\Routing\\Router.php(680): Illuminate\\Routing\\Router->prepareResponse(Object(Illuminate\\Http\\Request), Object(Illuminate\\View\\View))
#10 C:\\xampp\\htdocs\\Laravel Projects\\GSF\\vendor\\laravel\\framework\\src\\Illuminate\\Routing\\Pipeline.php(30): Illuminate\\Routing\\Router->Illuminate\\Routing\\{closure}(Object(Illuminate\\Http\\Request))
#11 C:\\xampp\\htdocs\\Laravel Projects\\GSF\\app\\Http\\Middleware\\SwitchUser.php(22): Illuminate\\Routing\\Pipeline->Illuminate\\Routing\\{closure}(Object(Illuminate\\Http\\Request))
#12 C:\\xampp\\htdocs\\Laravel Projects\\GSF\\vendor\\laravel\\framework\\src\\Illuminate\\Pipeline\\Pipeline.php(163): App\\Http\\Middleware\\SwitchUser->handle(Object(Illuminate\\Http\\Request), Object(Closure))
#13 C:\\xampp\\htdocs\\Laravel Projects\\GSF\\vendor\\laravel\\framework\\src\\Illuminate\\Routing\\Pipeline.php(53): Illuminate\\Pipeline\\Pipeline->Illuminate\\Pipeline\\{closure}(Object(Illuminate\\Http\\Request))
#14 C:\\xampp\\htdocs\\Laravel Projects\\GSF\\vendor\\laravel\\framework\\src\\Illuminate\\Routing\\Middleware\\SubstituteBindings.php(41): Illuminate\\Routing\\Pipeline->Illuminate\\Routing\\{closure}(Object(Illuminate\\Http\\Request))
#15 C:\\xampp\\htdocs\\Laravel Projects\\GSF\\vendor\\laravel\\framework\\src\\Illuminate\\Pipeline\\Pipeline.php(163): Illuminate\\Routing\\Middleware\\SubstituteBindings->handle(Object(Illuminate\\Http\\Request), Object(Closure))
#16 C:\\xampp\\htdocs\\Laravel Projects\\GSF\\vendor\\laravel\\framework\\src\\Illuminate\\Routing\\Pipeline.php(53): Illuminate\\Pipeline\\Pipeline->Illuminate\\Pipeline\\{closure}(Object(Illuminate\\Http\\Request))
#17 C:\\xampp\\htdocs\\Laravel Projects\\GSF\\vendor\\laravel\\framework\\src\\Illuminate\\Auth\\Middleware\\Authenticate.php(43): Illuminate\\Routing\\Pipeline->Illuminate\\Routing\\{closure}(Object(Illuminate\\Http\\Request))
#18 C:\\xampp\\htdocs\\Laravel Projects\\GSF\\vendor\\laravel\\framework\\src\\Illuminate\\Pipeline\\Pipeline.php(163): Illuminate\\Auth\\Middleware\\Authenticate->handle(Object(Illuminate\\Http\\Request), Object(Closure))
#19 C:\\xampp\\htdocs\\Laravel Projects\\GSF\\vendor\\laravel\\framework\\src\\Illuminate\\Routing\\Pipeline.php(53): Illuminate\\Pipeline\\Pipeline->Illuminate\\Pipeline\\{closure}(Object(Illuminate\\Http\\Request))
#20 C:\\xampp\\htdocs\\Laravel Projects\\GSF\\vendor\\laravel\\framework\\src\\Illuminate\\Foundation\\Http\\Middleware\\VerifyCsrfToken.php(75): Illuminate\\Routing\\Pipeline->Illuminate\\Routing\\{closure}(Object(Illuminate\\Http\\Request))
#21 C:\\xampp\\htdocs\\Laravel Projects\\GSF\\vendor\\laravel\\framework\\src\\Illuminate\\Pipeline\\Pipeline.php(163): Illuminate\\Foundation\\Http\\Middleware\\VerifyCsrfToken->handle(Object(Illuminate\\Http\\Request), Object(Closure))
#22 C:\\xampp\\htdocs\\Laravel Projects\\GSF\\vendor\\laravel\\framework\\src\\Illuminate\\Routing\\Pipeline.php(53): Illuminate\\Pipeline\\Pipeline->Illuminate\\Pipeline\\{closure}(Object(Illuminate\\Http\\Request))
#23 C:\\xampp\\htdocs\\Laravel Projects\\GSF\\vendor\\laravel\\framework\\src\\Illuminate\\View\\Middleware\\ShareErrorsFromSession.php(49): Illuminate\\Routing\\Pipeline->Illuminate\\Routing\\{closure}(Object(Illuminate\\Http\\Request))
#24 C:\\xampp\\htdocs\\Laravel Projects\\GSF\\vendor\\laravel\\framework\\src\\Illuminate\\Pipeline\\Pipeline.php(163): Illuminate\\View\\Middleware\\ShareErrorsFromSession->handle(Object(Illuminate\\Http\\Request), Object(Closure))
#25 C:\\xampp\\htdocs\\Laravel Projects\\GSF\\vendor\\laravel\\framework\\src\\Illuminate\\Routing\\Pipeline.php(53): Illuminate\\Pipeline\\Pipeline->Illuminate\\Pipeline\\{closure}(Object(Illuminate\\Http\\Request))
#26 C:\\xampp\\htdocs\\Laravel Projects\\GSF\\vendor\\laravel\\framework\\src\\Illuminate\\Session\\Middleware\\StartSession.php(56): Illuminate\\Routing\\Pipeline->Illuminate\\Routing\\{closure}(Object(Illuminate\\Http\\Request))
#27 C:\\xampp\\htdocs\\Laravel Projects\\GSF\\vendor\\laravel\\framework\\src\\Illuminate\\Pipeline\\Pipeline.php(163): Illuminate\\Session\\Middleware\\StartSession->handle(Object(Illuminate\\Http\\Request), Object(Closure))
#28 C:\\xampp\\htdocs\\Laravel Projects\\GSF\\vendor\\laravel\\framework\\src\\Illuminate\\Routing\\Pipeline.php(53): Illuminate\\Pipeline\\Pipeline->Illuminate\\Pipeline\\{closure}(Object(Illuminate\\Http\\Request))
#29 C:\\xampp\\htdocs\\Laravel Projects\\GSF\\vendor\\laravel\\framework\\src\\Illuminate\\Cookie\\Middleware\\AddQueuedCookiesToResponse.php(37): Illuminate\\Routing\\Pipeline->Illuminate\\Routing\\{closure}(Object(Illuminate\\Http\\Request))
#30 C:\\xampp\\htdocs\\Laravel Projects\\GSF\\vendor\\laravel\\framework\\src\\Illuminate\\Pipeline\\Pipeline.php(163): Illuminate\\Cookie\\Middleware\\AddQueuedCookiesToResponse->handle(Object(Illuminate\\Http\\Request), Object(Closure))
#31 C:\\xampp\\htdocs\\Laravel Projects\\GSF\\vendor\\laravel\\framework\\src\\Illuminate\\Routing\\Pipeline.php(53): Illuminate\\Pipeline\\Pipeline->Illuminate\\Pipeline\\{closure}(Object(Illuminate\\Http\\Request))
#32 C:\\xampp\\htdocs\\Laravel Projects\\GSF\\vendor\\laravel\\framework\\src\\Illuminate\\Cookie\\Middleware\\EncryptCookies.php(66): Illuminate\\Routing\\Pipeline->Illuminate\\Routing\\{closure}(Object(Illuminate\\Http\\Request))
#33 C:\\xampp\\htdocs\\Laravel Projects\\GSF\\vendor\\laravel\\framework\\src\\Illuminate\\Pipeline\\Pipeline.php(163): Illuminate\\Cookie\\Middleware\\EncryptCookies->handle(Object(Illuminate\\Http\\Request), Object(Closure))
#34 C:\\xampp\\htdocs\\Laravel Projects\\GSF\\vendor\\laravel\\framework\\src\\Illuminate\\Routing\\Pipeline.php(53): Illuminate\\Pipeline\\Pipeline->Illuminate\\Pipeline\\{closure}(Object(Illuminate\\Http\\Request))
#35 C:\\xampp\\htdocs\\Laravel Projects\\GSF\\vendor\\laravel\\framework\\src\\Illuminate\\Pipeline\\Pipeline.php(104): Illuminate\\Routing\\Pipeline->Illuminate\\Routing\\{closure}(Object(Illuminate\\Http\\Request))
#36 C:\\xampp\\htdocs\\Laravel Projects\\GSF\\vendor\\laravel\\framework\\src\\Illuminate\\Routing\\Router.php(682): Illuminate\\Pipeline\\Pipeline->then(Object(Closure))
#37 C:\\xampp\\htdocs\\Laravel Projects\\GSF\\vendor\\laravel\\framework\\src\\Illuminate\\Routing\\Router.php(657): Illuminate\\Routing\\Router->runRouteWithinStack(Object(Illuminate\\Routing\\Route), Object(Illuminate\\Http\\Request))
#38 C:\\xampp\\htdocs\\Laravel Projects\\GSF\\vendor\\laravel\\framework\\src\\Illuminate\\Routing\\Router.php(623): Illuminate\\Routing\\Router->runRoute(Object(Illuminate\\Http\\Request), Object(Illuminate\\Routing\\Route))
#39 C:\\xampp\\htdocs\\Laravel Projects\\GSF\\vendor\\laravel\\framework\\src\\Illuminate\\Routing\\Router.php(612): Illuminate\\Routing\\Router->dispatchToRoute(Object(Illuminate\\Http\\Request))
#40 C:\\xampp\\htdocs\\Laravel Projects\\GSF\\vendor\\laravel\\framework\\src\\Illuminate\\Foundation\\Http\\Kernel.php(176): Illuminate\\Routing\\Router->dispatch(Object(Illuminate\\Http\\Request))
#41 C:\\xampp\\htdocs\\Laravel Projects\\GSF\\vendor\\laravel\\framework\\src\\Illuminate\\Routing\\Pipeline.php(30): Illuminate\\Foundation\\Http\\Kernel->Illuminate\\Foundation\\Http\\{closure}(Object(Illuminate\\Http\\Request))
#42 C:\\xampp\\htdocs\\Laravel Projects\\GSF\\vendor\\fideloper\\proxy\\src\\TrustProxies.php(57): Illuminate\\Routing\\Pipeline->Illuminate\\Routing\\{closure}(Object(Illuminate\\Http\\Request))
#43 C:\\xampp\\htdocs\\Laravel Projects\\GSF\\vendor\\laravel\\framework\\src\\Illuminate\\Pipeline\\Pipeline.php(163): Fideloper\\Proxy\\TrustProxies->handle(Object(Illuminate\\Http\\Request), Object(Closure))
#44 C:\\xampp\\htdocs\\Laravel Projects\\GSF\\vendor\\laravel\\framework\\src\\Illuminate\\Routing\\Pipeline.php(53): Illuminate\\Pipeline\\Pipeline->Illuminate\\Pipeline\\{closure}(Object(Illuminate\\Http\\Request))
#45 C:\\xampp\\htdocs\\Laravel Projects\\GSF\\vendor\\laravel\\framework\\src\\Illuminate\\Foundation\\Http\\Middleware\\TransformsRequest.php(21): Illuminate\\Routing\\Pipeline->Illuminate\\Routing\\{closure}(Object(Illuminate\\Http\\Request))
#46 C:\\xampp\\htdocs\\Laravel Projects\\GSF\\vendor\\laravel\\framework\\src\\Illuminate\\Pipeline\\Pipeline.php(163): Illuminate\\Foundation\\Http\\Middleware\\TransformsRequest->handle(Object(Illuminate\\Http\\Request), Object(Closure))
#47 C:\\xampp\\htdocs\\Laravel Projects\\GSF\\vendor\\laravel\\framework\\src\\Illuminate\\Routing\\Pipeline.php(53): Illuminate\\Pipeline\\Pipeline->Illuminate\\Pipeline\\{closure}(Object(Illuminate\\Http\\Request))
#48 C:\\xampp\\htdocs\\Laravel Projects\\GSF\\vendor\\laravel\\framework\\src\\Illuminate\\Foundation\\Http\\Middleware\\TransformsRequest.php(21): Illuminate\\Routing\\Pipeline->Illuminate\\Routing\\{closure}(Object(Illuminate\\Http\\Request))
#49 C:\\xampp\\htdocs\\Laravel Projects\\GSF\\vendor\\laravel\\framework\\src\\Illuminate\\Pipeline\\Pipeline.php(163): Illuminate\\Foundation\\Http\\Middleware\\TransformsRequest->handle(Object(Illuminate\\Http\\Request), Object(Closure))
#50 C:\\xampp\\htdocs\\Laravel Projects\\GSF\\vendor\\laravel\\framework\\src\\Illuminate\\Routing\\Pipeline.php(53): Illuminate\\Pipeline\\Pipeline->Illuminate\\Pipeline\\{closure}(Object(Illuminate\\Http\\Request))
#51 C:\\xampp\\htdocs\\Laravel Projects\\GSF\\vendor\\laravel\\framework\\src\\Illuminate\\Foundation\\Http\\Middleware\\ValidatePostSize.php(27): Illuminate\\Routing\\Pipeline->Illuminate\\Routing\\{closure}(Object(Illuminate\\Http\\Request))
#52 C:\\xampp\\htdocs\\Laravel Projects\\GSF\\vendor\\laravel\\framework\\src\\Illuminate\\Pipeline\\Pipeline.php(163): Illuminate\\Foundation\\Http\\Middleware\\ValidatePostSize->handle(Object(Illuminate\\Http\\Request), Object(Closure))
#53 C:\\xampp\\htdocs\\Laravel Projects\\GSF\\vendor\\laravel\\framework\\src\\Illuminate\\Routing\\Pipeline.php(53): Illuminate\\Pipeline\\Pipeline->Illuminate\\Pipeline\\{closure}(Object(Illuminate\\Http\\Request))
#54 C:\\xampp\\htdocs\\Laravel Projects\\GSF\\vendor\\laravel\\framework\\src\\Illuminate\\Foundation\\Http\\Middleware\\CheckForMaintenanceMode.php(62): Illuminate\\Routing\\Pipeline->Illuminate\\Routing\\{closure}(Object(Illuminate\\Http\\Request))
#55 C:\\xampp\\htdocs\\Laravel Projects\\GSF\\vendor\\laravel\\framework\\src\\Illuminate\\Pipeline\\Pipeline.php(163): Illuminate\\Foundation\\Http\\Middleware\\CheckForMaintenanceMode->handle(Object(Illuminate\\Http\\Request), Object(Closure))
#56 C:\\xampp\\htdocs\\Laravel Projects\\GSF\\vendor\\laravel\\framework\\src\\Illuminate\\Routing\\Pipeline.php(53): Illuminate\\Pipeline\\Pipeline->Illuminate\\Pipeline\\{closure}(Object(Illuminate\\Http\\Request))
#57 C:\\xampp\\htdocs\\Laravel Projects\\GSF\\vendor\\laravel\\framework\\src\\Illuminate\\Pipeline\\Pipeline.php(104): Illuminate\\Routing\\Pipeline->Illuminate\\Routing\\{closure}(Object(Illuminate\\Http\\Request))
#58 C:\\xampp\\htdocs\\Laravel Projects\\GSF\\vendor\\laravel\\framework\\src\\Illuminate\\Foundation\\Http\\Kernel.php(151): Illuminate\\Pipeline\\Pipeline->then(Object(Closure))
#59 C:\\xampp\\htdocs\\Laravel Projects\\GSF\\vendor\\laravel\\framework\\src\\Illuminate\\Foundation\\Http\\Kernel.php(116): Illuminate\\Foundation\\Http\\Kernel->sendRequestThroughRouter(Object(Illuminate\\Http\\Request))
#60 C:\\xampp\\htdocs\\Laravel Projects\\GSF\\public\\index.php(55): Illuminate\\Foundation\\Http\\Kernel->handle(Object(Illuminate\\Http\\Request))
#61 C:\\xampp\\htdocs\\Laravel Projects\\GSF\\server.php(21): require_once('C:\\\\xampp\\\\htdocs...')
#62 {main}
"} 
[2021-01-25 21:06:49] local.ERROR: syntax error, unexpected ')', expecting ',' or ';' (View: C:\xampp\htdocs\Laravel Projects\GSF\resources\views\participant\index.blade.php) {"userId":15,"exception":"[object] (ErrorException(code: 0): syntax error, unexpected ')', expecting ',' or ';' (View: C:\\xampp\\htdocs\\Laravel Projects\\GSF\esources\\views\\participant\\index.blade.php) at C:\\xampp\\htdocs\\Laravel Projects\\GSF\\storage\\framework\\views\\9d2c3ccbb94476023244733ccdacbd1be04f4765.php:84, Symfony\\Component\\Debug\\Exception\\FatalThrowableError(code: 0): syntax error, unexpected ')', expecting ',' or ';' at C:\\xampp\\htdocs\\Laravel Projects\\GSF\\storage\\framework\\views\\9d2c3ccbb94476023244733ccdacbd1be04f4765.php:84)
[stacktrace]
#0 C:\\xampp\\htdocs\\Laravel Projects\\GSF\\vendor\\laravel\\framework\\src\\Illuminate\\View\\Engines\\PhpEngine.php(47): Illuminate\\View\\Engines\\CompilerEngine->handleViewException(Object(Symfony\\Component\\Debug\\Exception\\FatalThrowableError), 1)
#1 C:\\xampp\\htdocs\\Laravel Projects\\GSF\\vendor\\laravel\\framework\\src\\Illuminate\\View\\Engines\\CompilerEngine.php(59): Illuminate\\View\\Engines\\PhpEngine->evaluatePath('C:\\\\xampp\\\\htdocs...', Array)
#2 C:\\xampp\\htdocs\\Laravel Projects\\GSF\\vendor\\laravel\\framework\\src\\Illuminate\\View\\View.php(142): Illuminate\\View\\Engines\\CompilerEngine->get('C:\\\\xampp\\\\htdocs...', Array)
#3 C:\\xampp\\htdocs\\Laravel Projects\\GSF\\vendor\\laravel\\framework\\src\\Illuminate\\View\\View.php(125): Illuminate\\View\\View->getContents()
#4 C:\\xampp\\htdocs\\Laravel Projects\\GSF\\vendor\\laravel\\framework\\src\\Illuminate\\View\\View.php(90): Illuminate\\View\\View->renderContents()
#5 C:\\xampp\\htdocs\\Laravel Projects\\GSF\\vendor\\laravel\\framework\\src\\Illuminate\\Http\\Response.php(42): Illuminate\\View\\View->render()
#6 C:\\xampp\\htdocs\\Laravel Projects\\GSF\\vendor\\symfony\\http-foundation\\Response.php(205): Illuminate\\Http\\Response->setContent(Object(Illuminate\\View\\View))
#7 C:\\xampp\\htdocs\\Laravel Projects\\GSF\\vendor\\laravel\\framework\\src\\Illuminate\\Routing\\Router.php(748): Symfony\\Component\\HttpFoundation\\Response->__construct(Object(Illuminate\\View\\View))
#8 C:\\xampp\\htdocs\\Laravel Projects\\GSF\\vendor\\laravel\\framework\\src\\Illuminate\\Routing\\Router.php(720): Illuminate\\Routing\\Router::toResponse(Object(Illuminate\\Http\\Request), Object(Illuminate\\View\\View))
#9 C:\\xampp\\htdocs\\Laravel Projects\\GSF\\vendor\\laravel\\framework\\src\\Illuminate\\Routing\\Router.php(680): Illuminate\\Routing\\Router->prepareResponse(Object(Illuminate\\Http\\Request), Object(Illuminate\\View\\View))
#10 C:\\xampp\\htdocs\\Laravel Projects\\GSF\\vendor\\laravel\\framework\\src\\Illuminate\\Routing\\Pipeline.php(30): Illuminate\\Routing\\Router->Illuminate\\Routing\\{closure}(Object(Illuminate\\Http\\Request))
#11 C:\\xampp\\htdocs\\Laravel Projects\\GSF\\app\\Http\\Middleware\\SwitchUser.php(22): Illuminate\\Routing\\Pipeline->Illuminate\\Routing\\{closure}(Object(Illuminate\\Http\\Request))
#12 C:\\xampp\\htdocs\\Laravel Projects\\GSF\\vendor\\laravel\\framework\\src\\Illuminate\\Pipeline\\Pipeline.php(163): App\\Http\\Middleware\\SwitchUser->handle(Object(Illuminate\\Http\\Request), Object(Closure))
#13 C:\\xampp\\htdocs\\Laravel Projects\\GSF\\vendor\\laravel\\framework\\src\\Illuminate\\Routing\\Pipeline.php(53): Illuminate\\Pipeline\\Pipeline->Illuminate\\Pipeline\\{closure}(Object(Illuminate\\Http\\Request))
#14 C:\\xampp\\htdocs\\Laravel Projects\\GSF\\vendor\\laravel\\framework\\src\\Illuminate\\Routing\\Middleware\\SubstituteBindings.php(41): Illuminate\\Routing\\Pipeline->Illuminate\\Routing\\{closure}(Object(Illuminate\\Http\\Request))
#15 C:\\xampp\\htdocs\\Laravel Projects\\GSF\\vendor\\laravel\\framework\\src\\Illuminate\\Pipeline\\Pipeline.php(163): Illuminate\\Routing\\Middleware\\SubstituteBindings->handle(Object(Illuminate\\Http\\Request), Object(Closure))
#16 C:\\xampp\\htdocs\\Laravel Projects\\GSF\\vendor\\laravel\\framework\\src\\Illuminate\\Routing\\Pipeline.php(53): Illuminate\\Pipeline\\Pipeline->Illuminate\\Pipeline\\{closure}(Object(Illuminate\\Http\\Request))
#17 C:\\xampp\\htdocs\\Laravel Projects\\GSF\\vendor\\laravel\\framework\\src\\Illuminate\\Auth\\Middleware\\Authenticate.php(43): Illuminate\\Routing\\Pipeline->Illuminate\\Routing\\{closure}(Object(Illuminate\\Http\\Request))
#18 C:\\xampp\\htdocs\\Laravel Projects\\GSF\\vendor\\laravel\\framework\\src\\Illuminate\\Pipeline\\Pipeline.php(163): Illuminate\\Auth\\Middleware\\Authenticate->handle(Object(Illuminate\\Http\\Request), Object(Closure))
#19 C:\\xampp\\htdocs\\Laravel Projects\\GSF\\vendor\\laravel\\framework\\src\\Illuminate\\Routing\\Pipeline.php(53): Illuminate\\Pipeline\\Pipeline->Illuminate\\Pipeline\\{closure}(Object(Illuminate\\Http\\Request))
#20 C:\\xampp\\htdocs\\Laravel Projects\\GSF\\vendor\\laravel\\framework\\src\\Illuminate\\Foundation\\Http\\Middleware\\VerifyCsrfToken.php(75): Illuminate\\Routing\\Pipeline->Illuminate\\Routing\\{closure}(Object(Illuminate\\Http\\Request))
#21 C:\\xampp\\htdocs\\Laravel Projects\\GSF\\vendor\\laravel\\framework\\src\\Illuminate\\Pipeline\\Pipeline.php(163): Illuminate\\Foundation\\Http\\Middleware\\VerifyCsrfToken->handle(Object(Illuminate\\Http\\Request), Object(Closure))
#22 C:\\xampp\\htdocs\\Laravel Projects\\GSF\\vendor\\laravel\\framework\\src\\Illuminate\\Routing\\Pipeline.php(53): Illuminate\\Pipeline\\Pipeline->Illuminate\\Pipeline\\{closure}(Object(Illuminate\\Http\\Request))
#23 C:\\xampp\\htdocs\\Laravel Projects\\GSF\\vendor\\laravel\\framework\\src\\Illuminate\\View\\Middleware\\ShareErrorsFromSession.php(49): Illuminate\\Routing\\Pipeline->Illuminate\\Routing\\{closure}(Object(Illuminate\\Http\\Request))
#24 C:\\xampp\\htdocs\\Laravel Projects\\GSF\\vendor\\laravel\\framework\\src\\Illuminate\\Pipeline\\Pipeline.php(163): Illuminate\\View\\Middleware\\ShareErrorsFromSession->handle(Object(Illuminate\\Http\\Request), Object(Closure))
#25 C:\\xampp\\htdocs\\Laravel Projects\\GSF\\vendor\\laravel\\framework\\src\\Illuminate\\Routing\\Pipeline.php(53): Illuminate\\Pipeline\\Pipeline->Illuminate\\Pipeline\\{closure}(Object(Illuminate\\Http\\Request))
#26 C:\\xampp\\htdocs\\Laravel Projects\\GSF\\vendor\\laravel\\framework\\src\\Illuminate\\Session\\Middleware\\StartSession.php(56): Illuminate\\Routing\\Pipeline->Illuminate\\Routing\\{closure}(Object(Illuminate\\Http\\Request))
#27 C:\\xampp\\htdocs\\Laravel Projects\\GSF\\vendor\\laravel\\framework\\src\\Illuminate\\Pipeline\\Pipeline.php(163): Illuminate\\Session\\Middleware\\StartSession->handle(Object(Illuminate\\Http\\Request), Object(Closure))
#28 C:\\xampp\\htdocs\\Laravel Projects\\GSF\\vendor\\laravel\\framework\\src\\Illuminate\\Routing\\Pipeline.php(53): Illuminate\\Pipeline\\Pipeline->Illuminate\\Pipeline\\{closure}(Object(Illuminate\\Http\\Request))
#29 C:\\xampp\\htdocs\\Laravel Projects\\GSF\\vendor\\laravel\\framework\\src\\Illuminate\\Cookie\\Middleware\\AddQueuedCookiesToResponse.php(37): Illuminate\\Routing\\Pipeline->Illuminate\\Routing\\{closure}(Object(Illuminate\\Http\\Request))
#30 C:\\xampp\\htdocs\\Laravel Projects\\GSF\\vendor\\laravel\\framework\\src\\Illuminate\\Pipeline\\Pipeline.php(163): Illuminate\\Cookie\\Middleware\\AddQueuedCookiesToResponse->handle(Object(Illuminate\\Http\\Request), Object(Closure))
#31 C:\\xampp\\htdocs\\Laravel Projects\\GSF\\vendor\\laravel\\framework\\src\\Illuminate\\Routing\\Pipeline.php(53): Illuminate\\Pipeline\\Pipeline->Illuminate\\Pipeline\\{closure}(Object(Illuminate\\Http\\Request))
#32 C:\\xampp\\htdocs\\Laravel Projects\\GSF\\vendor\\laravel\\framework\\src\\Illuminate\\Cookie\\Middleware\\EncryptCookies.php(66): Illuminate\\Routing\\Pipeline->Illuminate\\Routing\\{closure}(Object(Illuminate\\Http\\Request))
#33 C:\\xampp\\htdocs\\Laravel Projects\\GSF\\vendor\\laravel\\framework\\src\\Illuminate\\Pipeline\\Pipeline.php(163): Illuminate\\Cookie\\Middleware\\EncryptCookies->handle(Object(Illuminate\\Http\\Request), Object(Closure))
#34 C:\\xampp\\htdocs\\Laravel Projects\\GSF\\vendor\\laravel\\framework\\src\\Illuminate\\Routing\\Pipeline.php(53): Illuminate\\Pipeline\\Pipeline->Illuminate\\Pipeline\\{closure}(Object(Illuminate\\Http\\Request))
#35 C:\\xampp\\htdocs\\Laravel Projects\\GSF\\vendor\\laravel\\framework\\src\\Illuminate\\Pipeline\\Pipeline.php(104): Illuminate\\Routing\\Pipeline->Illuminate\\Routing\\{closure}(Object(Illuminate\\Http\\Request))
#36 C:\\xampp\\htdocs\\Laravel Projects\\GSF\\vendor\\laravel\\framework\\src\\Illuminate\\Routing\\Router.php(682): Illuminate\\Pipeline\\Pipeline->then(Object(Closure))
#37 C:\\xampp\\htdocs\\Laravel Projects\\GSF\\vendor\\laravel\\framework\\src\\Illuminate\\Routing\\Router.php(657): Illuminate\\Routing\\Router->runRouteWithinStack(Object(Illuminate\\Routing\\Route), Object(Illuminate\\Http\\Request))
#38 C:\\xampp\\htdocs\\Laravel Projects\\GSF\\vendor\\laravel\\framework\\src\\Illuminate\\Routing\\Router.php(623): Illuminate\\Routing\\Router->runRoute(Object(Illuminate\\Http\\Request), Object(Illuminate\\Routing\\Route))
#39 C:\\xampp\\htdocs\\Laravel Projects\\GSF\\vendor\\laravel\\framework\\src\\Illuminate\\Routing\\Router.php(612): Illuminate\\Routing\\Router->dispatchToRoute(Object(Illuminate\\Http\\Request))
#40 C:\\xampp\\htdocs\\Laravel Projects\\GSF\\vendor\\laravel\\framework\\src\\Illuminate\\Foundation\\Http\\Kernel.php(176): Illuminate\\Routing\\Router->dispatch(Object(Illuminate\\Http\\Request))
#41 C:\\xampp\\htdocs\\Laravel Projects\\GSF\\vendor\\laravel\\framework\\src\\Illuminate\\Routing\\Pipeline.php(30): Illuminate\\Foundation\\Http\\Kernel->Illuminate\\Foundation\\Http\\{closure}(Object(Illuminate\\Http\\Request))
#42 C:\\xampp\\htdocs\\Laravel Projects\\GSF\\vendor\\fideloper\\proxy\\src\\TrustProxies.php(57): Illuminate\\Routing\\Pipeline->Illuminate\\Routing\\{closure}(Object(Illuminate\\Http\\Request))
#43 C:\\xampp\\htdocs\\Laravel Projects\\GSF\\vendor\\laravel\\framework\\src\\Illuminate\\Pipeline\\Pipeline.php(163): Fideloper\\Proxy\\TrustProxies->handle(Object(Illuminate\\Http\\Request), Object(Closure))
#44 C:\\xampp\\htdocs\\Laravel Projects\\GSF\\vendor\\laravel\\framework\\src\\Illuminate\\Routing\\Pipeline.php(53): Illuminate\\Pipeline\\Pipeline->Illuminate\\Pipeline\\{closure}(Object(Illuminate\\Http\\Request))
#45 C:\\xampp\\htdocs\\Laravel Projects\\GSF\\vendor\\laravel\\framework\\src\\Illuminate\\Foundation\\Http\\Middleware\\TransformsRequest.php(21): Illuminate\\Routing\\Pipeline->Illuminate\\Routing\\{closure}(Object(Illuminate\\Http\\Request))
#46 C:\\xampp\\htdocs\\Laravel Projects\\GSF\\vendor\\laravel\\framework\\src\\Illuminate\\Pipeline\\Pipeline.php(163): Illuminate\\Foundation\\Http\\Middleware\\TransformsRequest->handle(Object(Illuminate\\Http\\Request), Object(Closure))
#47 C:\\xampp\\htdocs\\Laravel Projects\\GSF\\vendor\\laravel\\framework\\src\\Illuminate\\Routing\\Pipeline.php(53): Illuminate\\Pipeline\\Pipeline->Illuminate\\Pipeline\\{closure}(Object(Illuminate\\Http\\Request))
#48 C:\\xampp\\htdocs\\Laravel Projects\\GSF\\vendor\\laravel\\framework\\src\\Illuminate\\Foundation\\Http\\Middleware\\TransformsRequest.php(21): Illuminate\\Routing\\Pipeline->Illuminate\\Routing\\{closure}(Object(Illuminate\\Http\\Request))
#49 C:\\xampp\\htdocs\\Laravel Projects\\GSF\\vendor\\laravel\\framework\\src\\Illuminate\\Pipeline\\Pipeline.php(163): Illuminate\\Foundation\\Http\\Middleware\\TransformsRequest->handle(Object(Illuminate\\Http\\Request), Object(Closure))
#50 C:\\xampp\\htdocs\\Laravel Projects\\GSF\\vendor\\laravel\\framework\\src\\Illuminate\\Routing\\Pipeline.php(53): Illuminate\\Pipeline\\Pipeline->Illuminate\\Pipeline\\{closure}(Object(Illuminate\\Http\\Request))
#51 C:\\xampp\\htdocs\\Laravel Projects\\GSF\\vendor\\laravel\\framework\\src\\Illuminate\\Foundation\\Http\\Middleware\\ValidatePostSize.php(27): Illuminate\\Routing\\Pipeline->Illuminate\\Routing\\{closure}(Object(Illuminate\\Http\\Request))
#52 C:\\xampp\\htdocs\\Laravel Projects\\GSF\\vendor\\laravel\\framework\\src\\Illuminate\\Pipeline\\Pipeline.php(163): Illuminate\\Foundation\\Http\\Middleware\\ValidatePostSize->handle(Object(Illuminate\\Http\\Request), Object(Closure))
#53 C:\\xampp\\htdocs\\Laravel Projects\\GSF\\vendor\\laravel\\framework\\src\\Illuminate\\Routing\\Pipeline.php(53): Illuminate\\Pipeline\\Pipeline->Illuminate\\Pipeline\\{closure}(Object(Illuminate\\Http\\Request))
#54 C:\\xampp\\htdocs\\Laravel Projects\\GSF\\vendor\\laravel\\framework\\src\\Illuminate\\Foundation\\Http\\Middleware\\CheckForMaintenanceMode.php(62): Illuminate\\Routing\\Pipeline->Illuminate\\Routing\\{closure}(Object(Illuminate\\Http\\Request))
#55 C:\\xampp\\htdocs\\Laravel Projects\\GSF\\vendor\\laravel\\framework\\src\\Illuminate\\Pipeline\\Pipeline.php(163): Illuminate\\Foundation\\Http\\Middleware\\CheckForMaintenanceMode->handle(Object(Illuminate\\Http\\Request), Object(Closure))
#56 C:\\xampp\\htdocs\\Laravel Projects\\GSF\\vendor\\laravel\\framework\\src\\Illuminate\\Routing\\Pipeline.php(53): Illuminate\\Pipeline\\Pipeline->Illuminate\\Pipeline\\{closure}(Object(Illuminate\\Http\\Request))
#57 C:\\xampp\\htdocs\\Laravel Projects\\GSF\\vendor\\laravel\\framework\\src\\Illuminate\\Pipeline\\Pipeline.php(104): Illuminate\\Routing\\Pipeline->Illuminate\\Routing\\{closure}(Object(Illuminate\\Http\\Request))
#58 C:\\xampp\\htdocs\\Laravel Projects\\GSF\\vendor\\laravel\\framework\\src\\Illuminate\\Foundation\\Http\\Kernel.php(151): Illuminate\\Pipeline\\Pipeline->then(Object(Closure))
#59 C:\\xampp\\htdocs\\Laravel Projects\\GSF\\vendor\\laravel\\framework\\src\\Illuminate\\Foundation\\Http\\Kernel.php(116): Illuminate\\Foundation\\Http\\Kernel->sendRequestThroughRouter(Object(Illuminate\\Http\\Request))
#60 C:\\xampp\\htdocs\\Laravel Projects\\GSF\\public\\index.php(55): Illuminate\\Foundation\\Http\\Kernel->handle(Object(Illuminate\\Http\\Request))
#61 C:\\xampp\\htdocs\\Laravel Projects\\GSF\\server.php(21): require_once('C:\\\\xampp\\\\htdocs...')
#62 {main}
"} 
[2021-01-25 21:07:03] local.ERROR: Trying to get property 'name' of non-object (View: C:\xampp\htdocs\Laravel Projects\GSF\resources\views\participant\index.blade.php) {"userId":15,"exception":"[object] (ErrorException(code: 0): Trying to get property 'name' of non-object (View: C:\\xampp\\htdocs\\Laravel Projects\\GSF\esources\\views\\participant\\index.blade.php) at C:\\xampp\\htdocs\\Laravel Projects\\GSF\\storage\\framework\\views\\9d2c3ccbb94476023244733ccdacbd1be04f4765.php:84, ErrorException(code: 0): Trying to get property 'name' of non-object at C:\\xampp\\htdocs\\Laravel Projects\\GSF\\storage\\framework\\views\\9d2c3ccbb94476023244733ccdacbd1be04f4765.php:84)
[stacktrace]
#0 C:\\xampp\\htdocs\\Laravel Projects\\GSF\\vendor\\laravel\\framework\\src\\Illuminate\\View\\Engines\\PhpEngine.php(45): Illuminate\\View\\Engines\\CompilerEngine->handleViewException(Object(ErrorException), 1)
#1 C:\\xampp\\htdocs\\Laravel Projects\\GSF\\vendor\\laravel\\framework\\src\\Illuminate\\View\\Engines\\CompilerEngine.php(59): Illuminate\\View\\Engines\\PhpEngine->evaluatePath('C:\\\\xampp\\\\htdocs...', Array)
#2 C:\\xampp\\htdocs\\Laravel Projects\\GSF\\vendor\\laravel\\framework\\src\\Illuminate\\View\\View.php(142): Illuminate\\View\\Engines\\CompilerEngine->get('C:\\\\xampp\\\\htdocs...', Array)
#3 C:\\xampp\\htdocs\\Laravel Projects\\GSF\\vendor\\laravel\\framework\\src\\Illuminate\\View\\View.php(125): Illuminate\\View\\View->getContents()
#4 C:\\xampp\\htdocs\\Laravel Projects\\GSF\\vendor\\laravel\\framework\\src\\Illuminate\\View\\View.php(90): Illuminate\\View\\View->renderContents()
#5 C:\\xampp\\htdocs\\Laravel Projects\\GSF\\vendor\\laravel\\framework\\src\\Illuminate\\Http\\Response.php(42): Illuminate\\View\\View->render()
#6 C:\\xampp\\htdocs\\Laravel Projects\\GSF\\vendor\\symfony\\http-foundation\\Response.php(205): Illuminate\\Http\\Response->setContent(Object(Illuminate\\View\\View))
#7 C:\\xampp\\htdocs\\Laravel Projects\\GSF\\vendor\\laravel\\framework\\src\\Illuminate\\Routing\\Router.php(748): Symfony\\Component\\HttpFoundation\\Response->__construct(Object(Illuminate\\View\\View))
#8 C:\\xampp\\htdocs\\Laravel Projects\\GSF\\vendor\\laravel\\framework\\src\\Illuminate\\Routing\\Router.php(720): Illuminate\\Routing\\Router::toResponse(Object(Illuminate\\Http\\Request), Object(Illuminate\\View\\View))
#9 C:\\xampp\\htdocs\\Laravel Projects\\GSF\\vendor\\laravel\\framework\\src\\Illuminate\\Routing\\Router.php(680): Illuminate\\Routing\\Router->prepareResponse(Object(Illuminate\\Http\\Request), Object(Illuminate\\View\\View))
#10 C:\\xampp\\htdocs\\Laravel Projects\\GSF\\vendor\\laravel\\framework\\src\\Illuminate\\Routing\\Pipeline.php(30): Illuminate\\Routing\\Router->Illuminate\\Routing\\{closure}(Object(Illuminate\\Http\\Request))
#11 C:\\xampp\\htdocs\\Laravel Projects\\GSF\\app\\Http\\Middleware\\SwitchUser.php(22): Illuminate\\Routing\\Pipeline->Illuminate\\Routing\\{closure}(Object(Illuminate\\Http\\Request))
#12 C:\\xampp\\htdocs\\Laravel Projects\\GSF\\vendor\\laravel\\framework\\src\\Illuminate\\Pipeline\\Pipeline.php(163): App\\Http\\Middleware\\SwitchUser->handle(Object(Illuminate\\Http\\Request), Object(Closure))
#13 C:\\xampp\\htdocs\\Laravel Projects\\GSF\\vendor\\laravel\\framework\\src\\Illuminate\\Routing\\Pipeline.php(53): Illuminate\\Pipeline\\Pipeline->Illuminate\\Pipeline\\{closure}(Object(Illuminate\\Http\\Request))
#14 C:\\xampp\\htdocs\\Laravel Projects\\GSF\\vendor\\laravel\\framework\\src\\Illuminate\\Routing\\Middleware\\SubstituteBindings.php(41): Illuminate\\Routing\\Pipeline->Illuminate\\Routing\\{closure}(Object(Illuminate\\Http\\Request))
#15 C:\\xampp\\htdocs\\Laravel Projects\\GSF\\vendor\\laravel\\framework\\src\\Illuminate\\Pipeline\\Pipeline.php(163): Illuminate\\Routing\\Middleware\\SubstituteBindings->handle(Object(Illuminate\\Http\\Request), Object(Closure))
#16 C:\\xampp\\htdocs\\Laravel Projects\\GSF\\vendor\\laravel\\framework\\src\\Illuminate\\Routing\\Pipeline.php(53): Illuminate\\Pipeline\\Pipeline->Illuminate\\Pipeline\\{closure}(Object(Illuminate\\Http\\Request))
#17 C:\\xampp\\htdocs\\Laravel Projects\\GSF\\vendor\\laravel\\framework\\src\\Illuminate\\Auth\\Middleware\\Authenticate.php(43): Illuminate\\Routing\\Pipeline->Illuminate\\Routing\\{closure}(Object(Illuminate\\Http\\Request))
#18 C:\\xampp\\htdocs\\Laravel Projects\\GSF\\vendor\\laravel\\framework\\src\\Illuminate\\Pipeline\\Pipeline.php(163): Illuminate\\Auth\\Middleware\\Authenticate->handle(Object(Illuminate\\Http\\Request), Object(Closure))
#19 C:\\xampp\\htdocs\\Laravel Projects\\GSF\\vendor\\laravel\\framework\\src\\Illuminate\\Routing\\Pipeline.php(53): Illuminate\\Pipeline\\Pipeline->Illuminate\\Pipeline\\{closure}(Object(Illuminate\\Http\\Request))
#20 C:\\xampp\\htdocs\\Laravel Projects\\GSF\\vendor\\laravel\\framework\\src\\Illuminate\\Foundation\\Http\\Middleware\\VerifyCsrfToken.php(75): Illuminate\\Routing\\Pipeline->Illuminate\\Routing\\{closure}(Object(Illuminate\\Http\\Request))
#21 C:\\xampp\\htdocs\\Laravel Projects\\GSF\\vendor\\laravel\\framework\\src\\Illuminate\\Pipeline\\Pipeline.php(163): Illuminate\\Foundation\\Http\\Middleware\\VerifyCsrfToken->handle(Object(Illuminate\\Http\\Request), Object(Closure))
#22 C:\\xampp\\htdocs\\Laravel Projects\\GSF\\vendor\\laravel\\framework\\src\\Illuminate\\Routing\\Pipeline.php(53): Illuminate\\Pipeline\\Pipeline->Illuminate\\Pipeline\\{closure}(Object(Illuminate\\Http\\Request))
#23 C:\\xampp\\htdocs\\Laravel Projects\\GSF\\vendor\\laravel\\framework\\src\\Illuminate\\View\\Middleware\\ShareErrorsFromSession.php(49): Illuminate\\Routing\\Pipeline->Illuminate\\Routing\\{closure}(Object(Illuminate\\Http\\Request))
#24 C:\\xampp\\htdocs\\Laravel Projects\\GSF\\vendor\\laravel\\framework\\src\\Illuminate\\Pipeline\\Pipeline.php(163): Illuminate\\View\\Middleware\\ShareErrorsFromSession->handle(Object(Illuminate\\Http\\Request), Object(Closure))
#25 C:\\xampp\\htdocs\\Laravel Projects\\GSF\\vendor\\laravel\\framework\\src\\Illuminate\\Routing\\Pipeline.php(53): Illuminate\\Pipeline\\Pipeline->Illuminate\\Pipeline\\{closure}(Object(Illuminate\\Http\\Request))
#26 C:\\xampp\\htdocs\\Laravel Projects\\GSF\\vendor\\laravel\\framework\\src\\Illuminate\\Session\\Middleware\\StartSession.php(56): Illuminate\\Routing\\Pipeline->Illuminate\\Routing\\{closure}(Object(Illuminate\\Http\\Request))
#27 C:\\xampp\\htdocs\\Laravel Projects\\GSF\\vendor\\laravel\\framework\\src\\Illuminate\\Pipeline\\Pipeline.php(163): Illuminate\\Session\\Middleware\\StartSession->handle(Object(Illuminate\\Http\\Request), Object(Closure))
#28 C:\\xampp\\htdocs\\Laravel Projects\\GSF\\vendor\\laravel\\framework\\src\\Illuminate\\Routing\\Pipeline.php(53): Illuminate\\Pipeline\\Pipeline->Illuminate\\Pipeline\\{closure}(Object(Illuminate\\Http\\Request))
#29 C:\\xampp\\htdocs\\Laravel Projects\\GSF\\vendor\\laravel\\framework\\src\\Illuminate\\Cookie\\Middleware\\AddQueuedCookiesToResponse.php(37): Illuminate\\Routing\\Pipeline->Illuminate\\Routing\\{closure}(Object(Illuminate\\Http\\Request))
#30 C:\\xampp\\htdocs\\Laravel Projects\\GSF\\vendor\\laravel\\framework\\src\\Illuminate\\Pipeline\\Pipeline.php(163): Illuminate\\Cookie\\Middleware\\AddQueuedCookiesToResponse->handle(Object(Illuminate\\Http\\Request), Object(Closure))
#31 C:\\xampp\\htdocs\\Laravel Projects\\GSF\\vendor\\laravel\\framework\\src\\Illuminate\\Routing\\Pipeline.php(53): Illuminate\\Pipeline\\Pipeline->Illuminate\\Pipeline\\{closure}(Object(Illuminate\\Http\\Request))
#32 C:\\xampp\\htdocs\\Laravel Projects\\GSF\\vendor\\laravel\\framework\\src\\Illuminate\\Cookie\\Middleware\\EncryptCookies.php(66): Illuminate\\Routing\\Pipeline->Illuminate\\Routing\\{closure}(Object(Illuminate\\Http\\Request))
#33 C:\\xampp\\htdocs\\Laravel Projects\\GSF\\vendor\\laravel\\framework\\src\\Illuminate\\Pipeline\\Pipeline.php(163): Illuminate\\Cookie\\Middleware\\EncryptCookies->handle(Object(Illuminate\\Http\\Request), Object(Closure))
#34 C:\\xampp\\htdocs\\Laravel Projects\\GSF\\vendor\\laravel\\framework\\src\\Illuminate\\Routing\\Pipeline.php(53): Illuminate\\Pipeline\\Pipeline->Illuminate\\Pipeline\\{closure}(Object(Illuminate\\Http\\Request))
#35 C:\\xampp\\htdocs\\Laravel Projects\\GSF\\vendor\\laravel\\framework\\src\\Illuminate\\Pipeline\\Pipeline.php(104): Illuminate\\Routing\\Pipeline->Illuminate\\Routing\\{closure}(Object(Illuminate\\Http\\Request))
#36 C:\\xampp\\htdocs\\Laravel Projects\\GSF\\vendor\\laravel\\framework\\src\\Illuminate\\Routing\\Router.php(682): Illuminate\\Pipeline\\Pipeline->then(Object(Closure))
#37 C:\\xampp\\htdocs\\Laravel Projects\\GSF\\vendor\\laravel\\framework\\src\\Illuminate\\Routing\\Router.php(657): Illuminate\\Routing\\Router->runRouteWithinStack(Object(Illuminate\\Routing\\Route), Object(Illuminate\\Http\\Request))
#38 C:\\xampp\\htdocs\\Laravel Projects\\GSF\\vendor\\laravel\\framework\\src\\Illuminate\\Routing\\Router.php(623): Illuminate\\Routing\\Router->runRoute(Object(Illuminate\\Http\\Request), Object(Illuminate\\Routing\\Route))
#39 C:\\xampp\\htdocs\\Laravel Projects\\GSF\\vendor\\laravel\\framework\\src\\Illuminate\\Routing\\Router.php(612): Illuminate\\Routing\\Router->dispatchToRoute(Object(Illuminate\\Http\\Request))
#40 C:\\xampp\\htdocs\\Laravel Projects\\GSF\\vendor\\laravel\\framework\\src\\Illuminate\\Foundation\\Http\\Kernel.php(176): Illuminate\\Routing\\Router->dispatch(Object(Illuminate\\Http\\Request))
#41 C:\\xampp\\htdocs\\Laravel Projects\\GSF\\vendor\\laravel\\framework\\src\\Illuminate\\Routing\\Pipeline.php(30): Illuminate\\Foundation\\Http\\Kernel->Illuminate\\Foundation\\Http\\{closure}(Object(Illuminate\\Http\\Request))
#42 C:\\xampp\\htdocs\\Laravel Projects\\GSF\\vendor\\fideloper\\proxy\\src\\TrustProxies.php(57): Illuminate\\Routing\\Pipeline->Illuminate\\Routing\\{closure}(Object(Illuminate\\Http\\Request))
#43 C:\\xampp\\htdocs\\Laravel Projects\\GSF\\vendor\\laravel\\framework\\src\\Illuminate\\Pipeline\\Pipeline.php(163): Fideloper\\Proxy\\TrustProxies->handle(Object(Illuminate\\Http\\Request), Object(Closure))
#44 C:\\xampp\\htdocs\\Laravel Projects\\GSF\\vendor\\laravel\\framework\\src\\Illuminate\\Routing\\Pipeline.php(53): Illuminate\\Pipeline\\Pipeline->Illuminate\\Pipeline\\{closure}(Object(Illuminate\\Http\\Request))
#45 C:\\xampp\\htdocs\\Laravel Projects\\GSF\\vendor\\laravel\\framework\\src\\Illuminate\\Foundation\\Http\\Middleware\\TransformsRequest.php(21): Illuminate\\Routing\\Pipeline->Illuminate\\Routing\\{closure}(Object(Illuminate\\Http\\Request))
#46 C:\\xampp\\htdocs\\Laravel Projects\\GSF\\vendor\\laravel\\framework\\src\\Illuminate\\Pipeline\\Pipeline.php(163): Illuminate\\Foundation\\Http\\Middleware\\TransformsRequest->handle(Object(Illuminate\\Http\\Request), Object(Closure))
#47 C:\\xampp\\htdocs\\Laravel Projects\\GSF\\vendor\\laravel\\framework\\src\\Illuminate\\Routing\\Pipeline.php(53): Illuminate\\Pipeline\\Pipeline->Illuminate\\Pipeline\\{closure}(Object(Illuminate\\Http\\Request))
#48 C:\\xampp\\htdocs\\Laravel Projects\\GSF\\vendor\\laravel\\framework\\src\\Illuminate\\Foundation\\Http\\Middleware\\TransformsRequest.php(21): Illuminate\\Routing\\Pipeline->Illuminate\\Routing\\{closure}(Object(Illuminate\\Http\\Request))
#49 C:\\xampp\\htdocs\\Laravel Projects\\GSF\\vendor\\laravel\\framework\\src\\Illuminate\\Pipeline\\Pipeline.php(163): Illuminate\\Foundation\\Http\\Middleware\\TransformsRequest->handle(Object(Illuminate\\Http\\Request), Object(Closure))
#50 C:\\xampp\\htdocs\\Laravel Projects\\GSF\\vendor\\laravel\\framework\\src\\Illuminate\\Routing\\Pipeline.php(53): Illuminate\\Pipeline\\Pipeline->Illuminate\\Pipeline\\{closure}(Object(Illuminate\\Http\\Request))
#51 C:\\xampp\\htdocs\\Laravel Projects\\GSF\\vendor\\laravel\\framework\\src\\Illuminate\\Foundation\\Http\\Middleware\\ValidatePostSize.php(27): Illuminate\\Routing\\Pipeline->Illuminate\\Routing\\{closure}(Object(Illuminate\\Http\\Request))
#52 C:\\xampp\\htdocs\\Laravel Projects\\GSF\\vendor\\laravel\\framework\\src\\Illuminate\\Pipeline\\Pipeline.php(163): Illuminate\\Foundation\\Http\\Middleware\\ValidatePostSize->handle(Object(Illuminate\\Http\\Request), Object(Closure))
#53 C:\\xampp\\htdocs\\Laravel Projects\\GSF\\vendor\\laravel\\framework\\src\\Illuminate\\Routing\\Pipeline.php(53): Illuminate\\Pipeline\\Pipeline->Illuminate\\Pipeline\\{closure}(Object(Illuminate\\Http\\Request))
#54 C:\\xampp\\htdocs\\Laravel Projects\\GSF\\vendor\\laravel\\framework\\src\\Illuminate\\Foundation\\Http\\Middleware\\CheckForMaintenanceMode.php(62): Illuminate\\Routing\\Pipeline->Illuminate\\Routing\\{closure}(Object(Illuminate\\Http\\Request))
#55 C:\\xampp\\htdocs\\Laravel Projects\\GSF\\vendor\\laravel\\framework\\src\\Illuminate\\Pipeline\\Pipeline.php(163): Illuminate\\Foundation\\Http\\Middleware\\CheckForMaintenanceMode->handle(Object(Illuminate\\Http\\Request), Object(Closure))
#56 C:\\xampp\\htdocs\\Laravel Projects\\GSF\\vendor\\laravel\\framework\\src\\Illuminate\\Routing\\Pipeline.php(53): Illuminate\\Pipeline\\Pipeline->Illuminate\\Pipeline\\{closure}(Object(Illuminate\\Http\\Request))
#57 C:\\xampp\\htdocs\\Laravel Projects\\GSF\\vendor\\laravel\\framework\\src\\Illuminate\\Pipeline\\Pipeline.php(104): Illuminate\\Routing\\Pipeline->Illuminate\\Routing\\{closure}(Object(Illuminate\\Http\\Request))
#58 C:\\xampp\\htdocs\\Laravel Projects\\GSF\\vendor\\laravel\\framework\\src\\Illuminate\\Foundation\\Http\\Kernel.php(151): Illuminate\\Pipeline\\Pipeline->then(Object(Closure))
#59 C:\\xampp\\htdocs\\Laravel Projects\\GSF\\vendor\\laravel\\framework\\src\\Illuminate\\Foundation\\Http\\Kernel.php(116): Illuminate\\Foundation\\Http\\Kernel->sendRequestThroughRouter(Object(Illuminate\\Http\\Request))
#60 C:\\xampp\\htdocs\\Laravel Projects\\GSF\\public\\index.php(55): Illuminate\\Foundation\\Http\\Kernel->handle(Object(Illuminate\\Http\\Request))
#61 C:\\xampp\\htdocs\\Laravel Projects\\GSF\\server.php(21): require_once('C:\\\\xampp\\\\htdocs...')
#62 {main}
"} 
[2021-01-25 21:07:53] local.ERROR: Trying to get property 'name' of non-object (View: C:\xampp\htdocs\Laravel Projects\GSF\resources\views\participant\index.blade.php) {"userId":15,"exception":"[object] (ErrorException(code: 0): Trying to get property 'name' of non-object (View: C:\\xampp\\htdocs\\Laravel Projects\\GSF\esources\\views\\participant\\index.blade.php) at C:\\xampp\\htdocs\\Laravel Projects\\GSF\\storage\\framework\\views\\9d2c3ccbb94476023244733ccdacbd1be04f4765.php:84, ErrorException(code: 0): Trying to get property 'name' of non-object at C:\\xampp\\htdocs\\Laravel Projects\\GSF\\storage\\framework\\views\\9d2c3ccbb94476023244733ccdacbd1be04f4765.php:84)
[stacktrace]
#0 C:\\xampp\\htdocs\\Laravel Projects\\GSF\\vendor\\laravel\\framework\\src\\Illuminate\\View\\Engines\\PhpEngine.php(45): Illuminate\\View\\Engines\\CompilerEngine->handleViewException(Object(ErrorException), 1)
#1 C:\\xampp\\htdocs\\Laravel Projects\\GSF\\vendor\\laravel\\framework\\src\\Illuminate\\View\\Engines\\CompilerEngine.php(59): Illuminate\\View\\Engines\\PhpEngine->evaluatePath('C:\\\\xampp\\\\htdocs...', Array)
#2 C:\\xampp\\htdocs\\Laravel Projects\\GSF\\vendor\\laravel\\framework\\src\\Illuminate\\View\\View.php(142): Illuminate\\View\\Engines\\CompilerEngine->get('C:\\\\xampp\\\\htdocs...', Array)
#3 C:\\xampp\\htdocs\\Laravel Projects\\GSF\\vendor\\laravel\\framework\\src\\Illuminate\\View\\View.php(125): Illuminate\\View\\View->getContents()
#4 C:\\xampp\\htdocs\\Laravel Projects\\GSF\\vendor\\laravel\\framework\\src\\Illuminate\\View\\View.php(90): Illuminate\\View\\View->renderContents()
#5 C:\\xampp\\htdocs\\Laravel Projects\\GSF\\vendor\\laravel\\framework\\src\\Illuminate\\Http\\Response.php(42): Illuminate\\View\\View->render()
#6 C:\\xampp\\htdocs\\Laravel Projects\\GSF\\vendor\\symfony\\http-foundation\\Response.php(205): Illuminate\\Http\\Response->setContent(Object(Illuminate\\View\\View))
#7 C:\\xampp\\htdocs\\Laravel Projects\\GSF\\vendor\\laravel\\framework\\src\\Illuminate\\Routing\\Router.php(748): Symfony\\Component\\HttpFoundation\\Response->__construct(Object(Illuminate\\View\\View))
#8 C:\\xampp\\htdocs\\Laravel Projects\\GSF\\vendor\\laravel\\framework\\src\\Illuminate\\Routing\\Router.php(720): Illuminate\\Routing\\Router::toResponse(Object(Illuminate\\Http\\Request), Object(Illuminate\\View\\View))
#9 C:\\xampp\\htdocs\\Laravel Projects\\GSF\\vendor\\laravel\\framework\\src\\Illuminate\\Routing\\Router.php(680): Illuminate\\Routing\\Router->prepareResponse(Object(Illuminate\\Http\\Request), Object(Illuminate\\View\\View))
#10 C:\\xampp\\htdocs\\Laravel Projects\\GSF\\vendor\\laravel\\framework\\src\\Illuminate\\Routing\\Pipeline.php(30): Illuminate\\Routing\\Router->Illuminate\\Routing\\{closure}(Object(Illuminate\\Http\\Request))
#11 C:\\xampp\\htdocs\\Laravel Projects\\GSF\\app\\Http\\Middleware\\SwitchUser.php(22): Illuminate\\Routing\\Pipeline->Illuminate\\Routing\\{closure}(Object(Illuminate\\Http\\Request))
#12 C:\\xampp\\htdocs\\Laravel Projects\\GSF\\vendor\\laravel\\framework\\src\\Illuminate\\Pipeline\\Pipeline.php(163): App\\Http\\Middleware\\SwitchUser->handle(Object(Illuminate\\Http\\Request), Object(Closure))
#13 C:\\xampp\\htdocs\\Laravel Projects\\GSF\\vendor\\laravel\\framework\\src\\Illuminate\\Routing\\Pipeline.php(53): Illuminate\\Pipeline\\Pipeline->Illuminate\\Pipeline\\{closure}(Object(Illuminate\\Http\\Request))
#14 C:\\xampp\\htdocs\\Laravel Projects\\GSF\\vendor\\laravel\\framework\\src\\Illuminate\\Routing\\Middleware\\SubstituteBindings.php(41): Illuminate\\Routing\\Pipeline->Illuminate\\Routing\\{closure}(Object(Illuminate\\Http\\Request))
#15 C:\\xampp\\htdocs\\Laravel Projects\\GSF\\vendor\\laravel\\framework\\src\\Illuminate\\Pipeline\\Pipeline.php(163): Illuminate\\Routing\\Middleware\\SubstituteBindings->handle(Object(Illuminate\\Http\\Request), Object(Closure))
#16 C:\\xampp\\htdocs\\Laravel Projects\\GSF\\vendor\\laravel\\framework\\src\\Illuminate\\Routing\\Pipeline.php(53): Illuminate\\Pipeline\\Pipeline->Illuminate\\Pipeline\\{closure}(Object(Illuminate\\Http\\Request))
#17 C:\\xampp\\htdocs\\Laravel Projects\\GSF\\vendor\\laravel\\framework\\src\\Illuminate\\Auth\\Middleware\\Authenticate.php(43): Illuminate\\Routing\\Pipeline->Illuminate\\Routing\\{closure}(Object(Illuminate\\Http\\Request))
#18 C:\\xampp\\htdocs\\Laravel Projects\\GSF\\vendor\\laravel\\framework\\src\\Illuminate\\Pipeline\\Pipeline.php(163): Illuminate\\Auth\\Middleware\\Authenticate->handle(Object(Illuminate\\Http\\Request), Object(Closure))
#19 C:\\xampp\\htdocs\\Laravel Projects\\GSF\\vendor\\laravel\\framework\\src\\Illuminate\\Routing\\Pipeline.php(53): Illuminate\\Pipeline\\Pipeline->Illuminate\\Pipeline\\{closure}(Object(Illuminate\\Http\\Request))
#20 C:\\xampp\\htdocs\\Laravel Projects\\GSF\\vendor\\laravel\\framework\\src\\Illuminate\\Foundation\\Http\\Middleware\\VerifyCsrfToken.php(75): Illuminate\\Routing\\Pipeline->Illuminate\\Routing\\{closure}(Object(Illuminate\\Http\\Request))
#21 C:\\xampp\\htdocs\\Laravel Projects\\GSF\\vendor\\laravel\\framework\\src\\Illuminate\\Pipeline\\Pipeline.php(163): Illuminate\\Foundation\\Http\\Middleware\\VerifyCsrfToken->handle(Object(Illuminate\\Http\\Request), Object(Closure))
#22 C:\\xampp\\htdocs\\Laravel Projects\\GSF\\vendor\\laravel\\framework\\src\\Illuminate\\Routing\\Pipeline.php(53): Illuminate\\Pipeline\\Pipeline->Illuminate\\Pipeline\\{closure}(Object(Illuminate\\Http\\Request))
#23 C:\\xampp\\htdocs\\Laravel Projects\\GSF\\vendor\\laravel\\framework\\src\\Illuminate\\View\\Middleware\\ShareErrorsFromSession.php(49): Illuminate\\Routing\\Pipeline->Illuminate\\Routing\\{closure}(Object(Illuminate\\Http\\Request))
#24 C:\\xampp\\htdocs\\Laravel Projects\\GSF\\vendor\\laravel\\framework\\src\\Illuminate\\Pipeline\\Pipeline.php(163): Illuminate\\View\\Middleware\\ShareErrorsFromSession->handle(Object(Illuminate\\Http\\Request), Object(Closure))
#25 C:\\xampp\\htdocs\\Laravel Projects\\GSF\\vendor\\laravel\\framework\\src\\Illuminate\\Routing\\Pipeline.php(53): Illuminate\\Pipeline\\Pipeline->Illuminate\\Pipeline\\{closure}(Object(Illuminate\\Http\\Request))
#26 C:\\xampp\\htdocs\\Laravel Projects\\GSF\\vendor\\laravel\\framework\\src\\Illuminate\\Session\\Middleware\\StartSession.php(56): Illuminate\\Routing\\Pipeline->Illuminate\\Routing\\{closure}(Object(Illuminate\\Http\\Request))
#27 C:\\xampp\\htdocs\\Laravel Projects\\GSF\\vendor\\laravel\\framework\\src\\Illuminate\\Pipeline\\Pipeline.php(163): Illuminate\\Session\\Middleware\\StartSession->handle(Object(Illuminate\\Http\\Request), Object(Closure))
#28 C:\\xampp\\htdocs\\Laravel Projects\\GSF\\vendor\\laravel\\framework\\src\\Illuminate\\Routing\\Pipeline.php(53): Illuminate\\Pipeline\\Pipeline->Illuminate\\Pipeline\\{closure}(Object(Illuminate\\Http\\Request))
#29 C:\\xampp\\htdocs\\Laravel Projects\\GSF\\vendor\\laravel\\framework\\src\\Illuminate\\Cookie\\Middleware\\AddQueuedCookiesToResponse.php(37): Illuminate\\Routing\\Pipeline->Illuminate\\Routing\\{closure}(Object(Illuminate\\Http\\Request))
#30 C:\\xampp\\htdocs\\Laravel Projects\\GSF\\vendor\\laravel\\framework\\src\\Illuminate\\Pipeline\\Pipeline.php(163): Illuminate\\Cookie\\Middleware\\AddQueuedCookiesToResponse->handle(Object(Illuminate\\Http\\Request), Object(Closure))
#31 C:\\xampp\\htdocs\\Laravel Projects\\GSF\\vendor\\laravel\\framework\\src\\Illuminate\\Routing\\Pipeline.php(53): Illuminate\\Pipeline\\Pipeline->Illuminate\\Pipeline\\{closure}(Object(Illuminate\\Http\\Request))
#32 C:\\xampp\\htdocs\\Laravel Projects\\GSF\\vendor\\laravel\\framework\\src\\Illuminate\\Cookie\\Middleware\\EncryptCookies.php(66): Illuminate\\Routing\\Pipeline->Illuminate\\Routing\\{closure}(Object(Illuminate\\Http\\Request))
#33 C:\\xampp\\htdocs\\Laravel Projects\\GSF\\vendor\\laravel\\framework\\src\\Illuminate\\Pipeline\\Pipeline.php(163): Illuminate\\Cookie\\Middleware\\EncryptCookies->handle(Object(Illuminate\\Http\\Request), Object(Closure))
#34 C:\\xampp\\htdocs\\Laravel Projects\\GSF\\vendor\\laravel\\framework\\src\\Illuminate\\Routing\\Pipeline.php(53): Illuminate\\Pipeline\\Pipeline->Illuminate\\Pipeline\\{closure}(Object(Illuminate\\Http\\Request))
#35 C:\\xampp\\htdocs\\Laravel Projects\\GSF\\vendor\\laravel\\framework\\src\\Illuminate\\Pipeline\\Pipeline.php(104): Illuminate\\Routing\\Pipeline->Illuminate\\Routing\\{closure}(Object(Illuminate\\Http\\Request))
#36 C:\\xampp\\htdocs\\Laravel Projects\\GSF\\vendor\\laravel\\framework\\src\\Illuminate\\Routing\\Router.php(682): Illuminate\\Pipeline\\Pipeline->then(Object(Closure))
#37 C:\\xampp\\htdocs\\Laravel Projects\\GSF\\vendor\\laravel\\framework\\src\\Illuminate\\Routing\\Router.php(657): Illuminate\\Routing\\Router->runRouteWithinStack(Object(Illuminate\\Routing\\Route), Object(Illuminate\\Http\\Request))
#38 C:\\xampp\\htdocs\\Laravel Projects\\GSF\\vendor\\laravel\\framework\\src\\Illuminate\\Routing\\Router.php(623): Illuminate\\Routing\\Router->runRoute(Object(Illuminate\\Http\\Request), Object(Illuminate\\Routing\\Route))
#39 C:\\xampp\\htdocs\\Laravel Projects\\GSF\\vendor\\laravel\\framework\\src\\Illuminate\\Routing\\Router.php(612): Illuminate\\Routing\\Router->dispatchToRoute(Object(Illuminate\\Http\\Request))
#40 C:\\xampp\\htdocs\\Laravel Projects\\GSF\\vendor\\laravel\\framework\\src\\Illuminate\\Foundation\\Http\\Kernel.php(176): Illuminate\\Routing\\Router->dispatch(Object(Illuminate\\Http\\Request))
#41 C:\\xampp\\htdocs\\Laravel Projects\\GSF\\vendor\\laravel\\framework\\src\\Illuminate\\Routing\\Pipeline.php(30): Illuminate\\Foundation\\Http\\Kernel->Illuminate\\Foundation\\Http\\{closure}(Object(Illuminate\\Http\\Request))
#42 C:\\xampp\\htdocs\\Laravel Projects\\GSF\\vendor\\fideloper\\proxy\\src\\TrustProxies.php(57): Illuminate\\Routing\\Pipeline->Illuminate\\Routing\\{closure}(Object(Illuminate\\Http\\Request))
#43 C:\\xampp\\htdocs\\Laravel Projects\\GSF\\vendor\\laravel\\framework\\src\\Illuminate\\Pipeline\\Pipeline.php(163): Fideloper\\Proxy\\TrustProxies->handle(Object(Illuminate\\Http\\Request), Object(Closure))
#44 C:\\xampp\\htdocs\\Laravel Projects\\GSF\\vendor\\laravel\\framework\\src\\Illuminate\\Routing\\Pipeline.php(53): Illuminate\\Pipeline\\Pipeline->Illuminate\\Pipeline\\{closure}(Object(Illuminate\\Http\\Request))
#45 C:\\xampp\\htdocs\\Laravel Projects\\GSF\\vendor\\laravel\\framework\\src\\Illuminate\\Foundation\\Http\\Middleware\\TransformsRequest.php(21): Illuminate\\Routing\\Pipeline->Illuminate\\Routing\\{closure}(Object(Illuminate\\Http\\Request))
#46 C:\\xampp\\htdocs\\Laravel Projects\\GSF\\vendor\\laravel\\framework\\src\\Illuminate\\Pipeline\\Pipeline.php(163): Illuminate\\Foundation\\Http\\Middleware\\TransformsRequest->handle(Object(Illuminate\\Http\\Request), Object(Closure))
#47 C:\\xampp\\htdocs\\Laravel Projects\\GSF\\vendor\\laravel\\framework\\src\\Illuminate\\Routing\\Pipeline.php(53): Illuminate\\Pipeline\\Pipeline->Illuminate\\Pipeline\\{closure}(Object(Illuminate\\Http\\Request))
#48 C:\\xampp\\htdocs\\Laravel Projects\\GSF\\vendor\\laravel\\framework\\src\\Illuminate\\Foundation\\Http\\Middleware\\TransformsRequest.php(21): Illuminate\\Routing\\Pipeline->Illuminate\\Routing\\{closure}(Object(Illuminate\\Http\\Request))
#49 C:\\xampp\\htdocs\\Laravel Projects\\GSF\\vendor\\laravel\\framework\\src\\Illuminate\\Pipeline\\Pipeline.php(163): Illuminate\\Foundation\\Http\\Middleware\\TransformsRequest->handle(Object(Illuminate\\Http\\Request), Object(Closure))
#50 C:\\xampp\\htdocs\\Laravel Projects\\GSF\\vendor\\laravel\\framework\\src\\Illuminate\\Routing\\Pipeline.php(53): Illuminate\\Pipeline\\Pipeline->Illuminate\\Pipeline\\{closure}(Object(Illuminate\\Http\\Request))
#51 C:\\xampp\\htdocs\\Laravel Projects\\GSF\\vendor\\laravel\\framework\\src\\Illuminate\\Foundation\\Http\\Middleware\\ValidatePostSize.php(27): Illuminate\\Routing\\Pipeline->Illuminate\\Routing\\{closure}(Object(Illuminate\\Http\\Request))
#52 C:\\xampp\\htdocs\\Laravel Projects\\GSF\\vendor\\laravel\\framework\\src\\Illuminate\\Pipeline\\Pipeline.php(163): Illuminate\\Foundation\\Http\\Middleware\\ValidatePostSize->handle(Object(Illuminate\\Http\\Request), Object(Closure))
#53 C:\\xampp\\htdocs\\Laravel Projects\\GSF\\vendor\\laravel\\framework\\src\\Illuminate\\Routing\\Pipeline.php(53): Illuminate\\Pipeline\\Pipeline->Illuminate\\Pipeline\\{closure}(Object(Illuminate\\Http\\Request))
#54 C:\\xampp\\htdocs\\Laravel Projects\\GSF\\vendor\\laravel\\framework\\src\\Illuminate\\Foundation\\Http\\Middleware\\CheckForMaintenanceMode.php(62): Illuminate\\Routing\\Pipeline->Illuminate\\Routing\\{closure}(Object(Illuminate\\Http\\Request))
#55 C:\\xampp\\htdocs\\Laravel Projects\\GSF\\vendor\\laravel\\framework\\src\\Illuminate\\Pipeline\\Pipeline.php(163): Illuminate\\Foundation\\Http\\Middleware\\CheckForMaintenanceMode->handle(Object(Illuminate\\Http\\Request), Object(Closure))
#56 C:\\xampp\\htdocs\\Laravel Projects\\GSF\\vendor\\laravel\\framework\\src\\Illuminate\\Routing\\Pipeline.php(53): Illuminate\\Pipeline\\Pipeline->Illuminate\\Pipeline\\{closure}(Object(Illuminate\\Http\\Request))
#57 C:\\xampp\\htdocs\\Laravel Projects\\GSF\\vendor\\laravel\\framework\\src\\Illuminate\\Pipeline\\Pipeline.php(104): Illuminate\\Routing\\Pipeline->Illuminate\\Routing\\{closure}(Object(Illuminate\\Http\\Request))
#58 C:\\xampp\\htdocs\\Laravel Projects\\GSF\\vendor\\laravel\\framework\\src\\Illuminate\\Foundation\\Http\\Kernel.php(151): Illuminate\\Pipeline\\Pipeline->then(Object(Closure))
#59 C:\\xampp\\htdocs\\Laravel Projects\\GSF\\vendor\\laravel\\framework\\src\\Illuminate\\Foundation\\Http\\Kernel.php(116): Illuminate\\Foundation\\Http\\Kernel->sendRequestThroughRouter(Object(Illuminate\\Http\\Request))
#60 C:\\xampp\\htdocs\\Laravel Projects\\GSF\\public\\index.php(55): Illuminate\\Foundation\\Http\\Kernel->handle(Object(Illuminate\\Http\\Request))
#61 C:\\xampp\\htdocs\\Laravel Projects\\GSF\\server.php(21): require_once('C:\\\\xampp\\\\htdocs...')
#62 {main}
"} 
[2021-01-25 21:07:55] local.ERROR: Trying to get property 'name' of non-object (View: C:\xampp\htdocs\Laravel Projects\GSF\resources\views\participant\index.blade.php) {"userId":15,"exception":"[object] (ErrorException(code: 0): Trying to get property 'name' of non-object (View: C:\\xampp\\htdocs\\Laravel Projects\\GSF\esources\\views\\participant\\index.blade.php) at C:\\xampp\\htdocs\\Laravel Projects\\GSF\\storage\\framework\\views\\9d2c3ccbb94476023244733ccdacbd1be04f4765.php:84, ErrorException(code: 0): Trying to get property 'name' of non-object at C:\\xampp\\htdocs\\Laravel Projects\\GSF\\storage\\framework\\views\\9d2c3ccbb94476023244733ccdacbd1be04f4765.php:84)
[stacktrace]
#0 C:\\xampp\\htdocs\\Laravel Projects\\GSF\\vendor\\laravel\\framework\\src\\Illuminate\\View\\Engines\\PhpEngine.php(45): Illuminate\\View\\Engines\\CompilerEngine->handleViewException(Object(ErrorException), 1)
#1 C:\\xampp\\htdocs\\Laravel Projects\\GSF\\vendor\\laravel\\framework\\src\\Illuminate\\View\\Engines\\CompilerEngine.php(59): Illuminate\\View\\Engines\\PhpEngine->evaluatePath('C:\\\\xampp\\\\htdocs...', Array)
#2 C:\\xampp\\htdocs\\Laravel Projects\\GSF\\vendor\\laravel\\framework\\src\\Illuminate\\View\\View.php(142): Illuminate\\View\\Engines\\CompilerEngine->get('C:\\\\xampp\\\\htdocs...', Array)
#3 C:\\xampp\\htdocs\\Laravel Projects\\GSF\\vendor\\laravel\\framework\\src\\Illuminate\\View\\View.php(125): Illuminate\\View\\View->getContents()
#4 C:\\xampp\\htdocs\\Laravel Projects\\GSF\\vendor\\laravel\\framework\\src\\Illuminate\\View\\View.php(90): Illuminate\\View\\View->renderContents()
#5 C:\\xampp\\htdocs\\Laravel Projects\\GSF\\vendor\\laravel\\framework\\src\\Illuminate\\Http\\Response.php(42): Illuminate\\View\\View->render()
#6 C:\\xampp\\htdocs\\Laravel Projects\\GSF\\vendor\\symfony\\http-foundation\\Response.php(205): Illuminate\\Http\\Response->setContent(Object(Illuminate\\View\\View))
#7 C:\\xampp\\htdocs\\Laravel Projects\\GSF\\vendor\\laravel\\framework\\src\\Illuminate\\Routing\\Router.php(748): Symfony\\Component\\HttpFoundation\\Response->__construct(Object(Illuminate\\View\\View))
#8 C:\\xampp\\htdocs\\Laravel Projects\\GSF\\vendor\\laravel\\framework\\src\\Illuminate\\Routing\\Router.php(720): Illuminate\\Routing\\Router::toResponse(Object(Illuminate\\Http\\Request), Object(Illuminate\\View\\View))
#9 C:\\xampp\\htdocs\\Laravel Projects\\GSF\\vendor\\laravel\\framework\\src\\Illuminate\\Routing\\Router.php(680): Illuminate\\Routing\\Router->prepareResponse(Object(Illuminate\\Http\\Request), Object(Illuminate\\View\\View))
#10 C:\\xampp\\htdocs\\Laravel Projects\\GSF\\vendor\\laravel\\framework\\src\\Illuminate\\Routing\\Pipeline.php(30): Illuminate\\Routing\\Router->Illuminate\\Routing\\{closure}(Object(Illuminate\\Http\\Request))
#11 C:\\xampp\\htdocs\\Laravel Projects\\GSF\\app\\Http\\Middleware\\SwitchUser.php(22): Illuminate\\Routing\\Pipeline->Illuminate\\Routing\\{closure}(Object(Illuminate\\Http\\Request))
#12 C:\\xampp\\htdocs\\Laravel Projects\\GSF\\vendor\\laravel\\framework\\src\\Illuminate\\Pipeline\\Pipeline.php(163): App\\Http\\Middleware\\SwitchUser->handle(Object(Illuminate\\Http\\Request), Object(Closure))
#13 C:\\xampp\\htdocs\\Laravel Projects\\GSF\\vendor\\laravel\\framework\\src\\Illuminate\\Routing\\Pipeline.php(53): Illuminate\\Pipeline\\Pipeline->Illuminate\\Pipeline\\{closure}(Object(Illuminate\\Http\\Request))
#14 C:\\xampp\\htdocs\\Laravel Projects\\GSF\\vendor\\laravel\\framework\\src\\Illuminate\\Routing\\Middleware\\SubstituteBindings.php(41): Illuminate\\Routing\\Pipeline->Illuminate\\Routing\\{closure}(Object(Illuminate\\Http\\Request))
#15 C:\\xampp\\htdocs\\Laravel Projects\\GSF\\vendor\\laravel\\framework\\src\\Illuminate\\Pipeline\\Pipeline.php(163): Illuminate\\Routing\\Middleware\\SubstituteBindings->handle(Object(Illuminate\\Http\\Request), Object(Closure))
#16 C:\\xampp\\htdocs\\Laravel Projects\\GSF\\vendor\\laravel\\framework\\src\\Illuminate\\Routing\\Pipeline.php(53): Illuminate\\Pipeline\\Pipeline->Illuminate\\Pipeline\\{closure}(Object(Illuminate\\Http\\Request))
#17 C:\\xampp\\htdocs\\Laravel Projects\\GSF\\vendor\\laravel\\framework\\src\\Illuminate\\Auth\\Middleware\\Authenticate.php(43): Illuminate\\Routing\\Pipeline->Illuminate\\Routing\\{closure}(Object(Illuminate\\Http\\Request))
#18 C:\\xampp\\htdocs\\Laravel Projects\\GSF\\vendor\\laravel\\framework\\src\\Illuminate\\Pipeline\\Pipeline.php(163): Illuminate\\Auth\\Middleware\\Authenticate->handle(Object(Illuminate\\Http\\Request), Object(Closure))
#19 C:\\xampp\\htdocs\\Laravel Projects\\GSF\\vendor\\laravel\\framework\\src\\Illuminate\\Routing\\Pipeline.php(53): Illuminate\\Pipeline\\Pipeline->Illuminate\\Pipeline\\{closure}(Object(Illuminate\\Http\\Request))
#20 C:\\xampp\\htdocs\\Laravel Projects\\GSF\\vendor\\laravel\\framework\\src\\Illuminate\\Foundation\\Http\\Middleware\\VerifyCsrfToken.php(75): Illuminate\\Routing\\Pipeline->Illuminate\\Routing\\{closure}(Object(Illuminate\\Http\\Request))
#21 C:\\xampp\\htdocs\\Laravel Projects\\GSF\\vendor\\laravel\\framework\\src\\Illuminate\\Pipeline\\Pipeline.php(163): Illuminate\\Foundation\\Http\\Middleware\\VerifyCsrfToken->handle(Object(Illuminate\\Http\\Request), Object(Closure))
#22 C:\\xampp\\htdocs\\Laravel Projects\\GSF\\vendor\\laravel\\framework\\src\\Illuminate\\Routing\\Pipeline.php(53): Illuminate\\Pipeline\\Pipeline->Illuminate\\Pipeline\\{closure}(Object(Illuminate\\Http\\Request))
#23 C:\\xampp\\htdocs\\Laravel Projects\\GSF\\vendor\\laravel\\framework\\src\\Illuminate\\View\\Middleware\\ShareErrorsFromSession.php(49): Illuminate\\Routing\\Pipeline->Illuminate\\Routing\\{closure}(Object(Illuminate\\Http\\Request))
#24 C:\\xampp\\htdocs\\Laravel Projects\\GSF\\vendor\\laravel\\framework\\src\\Illuminate\\Pipeline\\Pipeline.php(163): Illuminate\\View\\Middleware\\ShareErrorsFromSession->handle(Object(Illuminate\\Http\\Request), Object(Closure))
#25 C:\\xampp\\htdocs\\Laravel Projects\\GSF\\vendor\\laravel\\framework\\src\\Illuminate\\Routing\\Pipeline.php(53): Illuminate\\Pipeline\\Pipeline->Illuminate\\Pipeline\\{closure}(Object(Illuminate\\Http\\Request))
#26 C:\\xampp\\htdocs\\Laravel Projects\\GSF\\vendor\\laravel\\framework\\src\\Illuminate\\Session\\Middleware\\StartSession.php(56): Illuminate\\Routing\\Pipeline->Illuminate\\Routing\\{closure}(Object(Illuminate\\Http\\Request))
#27 C:\\xampp\\htdocs\\Laravel Projects\\GSF\\vendor\\laravel\\framework\\src\\Illuminate\\Pipeline\\Pipeline.php(163): Illuminate\\Session\\Middleware\\StartSession->handle(Object(Illuminate\\Http\\Request), Object(Closure))
#28 C:\\xampp\\htdocs\\Laravel Projects\\GSF\\vendor\\laravel\\framework\\src\\Illuminate\\Routing\\Pipeline.php(53): Illuminate\\Pipeline\\Pipeline->Illuminate\\Pipeline\\{closure}(Object(Illuminate\\Http\\Request))
#29 C:\\xampp\\htdocs\\Laravel Projects\\GSF\\vendor\\laravel\\framework\\src\\Illuminate\\Cookie\\Middleware\\AddQueuedCookiesToResponse.php(37): Illuminate\\Routing\\Pipeline->Illuminate\\Routing\\{closure}(Object(Illuminate\\Http\\Request))
#30 C:\\xampp\\htdocs\\Laravel Projects\\GSF\\vendor\\laravel\\framework\\src\\Illuminate\\Pipeline\\Pipeline.php(163): Illuminate\\Cookie\\Middleware\\AddQueuedCookiesToResponse->handle(Object(Illuminate\\Http\\Request), Object(Closure))
#31 C:\\xampp\\htdocs\\Laravel Projects\\GSF\\vendor\\laravel\\framework\\src\\Illuminate\\Routing\\Pipeline.php(53): Illuminate\\Pipeline\\Pipeline->Illuminate\\Pipeline\\{closure}(Object(Illuminate\\Http\\Request))
#32 C:\\xampp\\htdocs\\Laravel Projects\\GSF\\vendor\\laravel\\framework\\src\\Illuminate\\Cookie\\Middleware\\EncryptCookies.php(66): Illuminate\\Routing\\Pipeline->Illuminate\\Routing\\{closure}(Object(Illuminate\\Http\\Request))
#33 C:\\xampp\\htdocs\\Laravel Projects\\GSF\\vendor\\laravel\\framework\\src\\Illuminate\\Pipeline\\Pipeline.php(163): Illuminate\\Cookie\\Middleware\\EncryptCookies->handle(Object(Illuminate\\Http\\Request), Object(Closure))
#34 C:\\xampp\\htdocs\\Laravel Projects\\GSF\\vendor\\laravel\\framework\\src\\Illuminate\\Routing\\Pipeline.php(53): Illuminate\\Pipeline\\Pipeline->Illuminate\\Pipeline\\{closure}(Object(Illuminate\\Http\\Request))
#35 C:\\xampp\\htdocs\\Laravel Projects\\GSF\\vendor\\laravel\\framework\\src\\Illuminate\\Pipeline\\Pipeline.php(104): Illuminate\\Routing\\Pipeline->Illuminate\\Routing\\{closure}(Object(Illuminate\\Http\\Request))
#36 C:\\xampp\\htdocs\\Laravel Projects\\GSF\\vendor\\laravel\\framework\\src\\Illuminate\\Routing\\Router.php(682): Illuminate\\Pipeline\\Pipeline->then(Object(Closure))
#37 C:\\xampp\\htdocs\\Laravel Projects\\GSF\\vendor\\laravel\\framework\\src\\Illuminate\\Routing\\Router.php(657): Illuminate\\Routing\\Router->runRouteWithinStack(Object(Illuminate\\Routing\\Route), Object(Illuminate\\Http\\Request))
#38 C:\\xampp\\htdocs\\Laravel Projects\\GSF\\vendor\\laravel\\framework\\src\\Illuminate\\Routing\\Router.php(623): Illuminate\\Routing\\Router->runRoute(Object(Illuminate\\Http\\Request), Object(Illuminate\\Routing\\Route))
#39 C:\\xampp\\htdocs\\Laravel Projects\\GSF\\vendor\\laravel\\framework\\src\\Illuminate\\Routing\\Router.php(612): Illuminate\\Routing\\Router->dispatchToRoute(Object(Illuminate\\Http\\Request))
#40 C:\\xampp\\htdocs\\Laravel Projects\\GSF\\vendor\\laravel\\framework\\src\\Illuminate\\Foundation\\Http\\Kernel.php(176): Illuminate\\Routing\\Router->dispatch(Object(Illuminate\\Http\\Request))
#41 C:\\xampp\\htdocs\\Laravel Projects\\GSF\\vendor\\laravel\\framework\\src\\Illuminate\\Routing\\Pipeline.php(30): Illuminate\\Foundation\\Http\\Kernel->Illuminate\\Foundation\\Http\\{closure}(Object(Illuminate\\Http\\Request))
#42 C:\\xampp\\htdocs\\Laravel Projects\\GSF\\vendor\\fideloper\\proxy\\src\\TrustProxies.php(57): Illuminate\\Routing\\Pipeline->Illuminate\\Routing\\{closure}(Object(Illuminate\\Http\\Request))
#43 C:\\xampp\\htdocs\\Laravel Projects\\GSF\\vendor\\laravel\\framework\\src\\Illuminate\\Pipeline\\Pipeline.php(163): Fideloper\\Proxy\\TrustProxies->handle(Object(Illuminate\\Http\\Request), Object(Closure))
#44 C:\\xampp\\htdocs\\Laravel Projects\\GSF\\vendor\\laravel\\framework\\src\\Illuminate\\Routing\\Pipeline.php(53): Illuminate\\Pipeline\\Pipeline->Illuminate\\Pipeline\\{closure}(Object(Illuminate\\Http\\Request))
#45 C:\\xampp\\htdocs\\Laravel Projects\\GSF\\vendor\\laravel\\framework\\src\\Illuminate\\Foundation\\Http\\Middleware\\TransformsRequest.php(21): Illuminate\\Routing\\Pipeline->Illuminate\\Routing\\{closure}(Object(Illuminate\\Http\\Request))
#46 C:\\xampp\\htdocs\\Laravel Projects\\GSF\\vendor\\laravel\\framework\\src\\Illuminate\\Pipeline\\Pipeline.php(163): Illuminate\\Foundation\\Http\\Middleware\\TransformsRequest->handle(Object(Illuminate\\Http\\Request), Object(Closure))
#47 C:\\xampp\\htdocs\\Laravel Projects\\GSF\\vendor\\laravel\\framework\\src\\Illuminate\\Routing\\Pipeline.php(53): Illuminate\\Pipeline\\Pipeline->Illuminate\\Pipeline\\{closure}(Object(Illuminate\\Http\\Request))
#48 C:\\xampp\\htdocs\\Laravel Projects\\GSF\\vendor\\laravel\\framework\\src\\Illuminate\\Foundation\\Http\\Middleware\\TransformsRequest.php(21): Illuminate\\Routing\\Pipeline->Illuminate\\Routing\\{closure}(Object(Illuminate\\Http\\Request))
#49 C:\\xampp\\htdocs\\Laravel Projects\\GSF\\vendor\\laravel\\framework\\src\\Illuminate\\Pipeline\\Pipeline.php(163): Illuminate\\Foundation\\Http\\Middleware\\TransformsRequest->handle(Object(Illuminate\\Http\\Request), Object(Closure))
#50 C:\\xampp\\htdocs\\Laravel Projects\\GSF\\vendor\\laravel\\framework\\src\\Illuminate\\Routing\\Pipeline.php(53): Illuminate\\Pipeline\\Pipeline->Illuminate\\Pipeline\\{closure}(Object(Illuminate\\Http\\Request))
#51 C:\\xampp\\htdocs\\Laravel Projects\\GSF\\vendor\\laravel\\framework\\src\\Illuminate\\Foundation\\Http\\Middleware\\ValidatePostSize.php(27): Illuminate\\Routing\\Pipeline->Illuminate\\Routing\\{closure}(Object(Illuminate\\Http\\Request))
#52 C:\\xampp\\htdocs\\Laravel Projects\\GSF\\vendor\\laravel\\framework\\src\\Illuminate\\Pipeline\\Pipeline.php(163): Illuminate\\Foundation\\Http\\Middleware\\ValidatePostSize->handle(Object(Illuminate\\Http\\Request), Object(Closure))
#53 C:\\xampp\\htdocs\\Laravel Projects\\GSF\\vendor\\laravel\\framework\\src\\Illuminate\\Routing\\Pipeline.php(53): Illuminate\\Pipeline\\Pipeline->Illuminate\\Pipeline\\{closure}(Object(Illuminate\\Http\\Request))
#54 C:\\xampp\\htdocs\\Laravel Projects\\GSF\\vendor\\laravel\\framework\\src\\Illuminate\\Foundation\\Http\\Middleware\\CheckForMaintenanceMode.php(62): Illuminate\\Routing\\Pipeline->Illuminate\\Routing\\{closure}(Object(Illuminate\\Http\\Request))
#55 C:\\xampp\\htdocs\\Laravel Projects\\GSF\\vendor\\laravel\\framework\\src\\Illuminate\\Pipeline\\Pipeline.php(163): Illuminate\\Foundation\\Http\\Middleware\\CheckForMaintenanceMode->handle(Object(Illuminate\\Http\\Request), Object(Closure))
#56 C:\\xampp\\htdocs\\Laravel Projects\\GSF\\vendor\\laravel\\framework\\src\\Illuminate\\Routing\\Pipeline.php(53): Illuminate\\Pipeline\\Pipeline->Illuminate\\Pipeline\\{closure}(Object(Illuminate\\Http\\Request))
#57 C:\\xampp\\htdocs\\Laravel Projects\\GSF\\vendor\\laravel\\framework\\src\\Illuminate\\Pipeline\\Pipeline.php(104): Illuminate\\Routing\\Pipeline->Illuminate\\Routing\\{closure}(Object(Illuminate\\Http\\Request))
#58 C:\\xampp\\htdocs\\Laravel Projects\\GSF\\vendor\\laravel\\framework\\src\\Illuminate\\Foundation\\Http\\Kernel.php(151): Illuminate\\Pipeline\\Pipeline->then(Object(Closure))
#59 C:\\xampp\\htdocs\\Laravel Projects\\GSF\\vendor\\laravel\\framework\\src\\Illuminate\\Foundation\\Http\\Kernel.php(116): Illuminate\\Foundation\\Http\\Kernel->sendRequestThroughRouter(Object(Illuminate\\Http\\Request))
#60 C:\\xampp\\htdocs\\Laravel Projects\\GSF\\public\\index.php(55): Illuminate\\Foundation\\Http\\Kernel->handle(Object(Illuminate\\Http\\Request))
#61 C:\\xampp\\htdocs\\Laravel Projects\\GSF\\server.php(21): require_once('C:\\\\xampp\\\\htdocs...')
#62 {main}
"} 
[2021-01-25 21:08:17] local.ERROR: Trying to get property 'name' of non-object (View: C:\xampp\htdocs\Laravel Projects\GSF\resources\views\participant\index.blade.php) {"userId":15,"exception":"[object] (ErrorException(code: 0): Trying to get property 'name' of non-object (View: C:\\xampp\\htdocs\\Laravel Projects\\GSF\esources\\views\\participant\\index.blade.php) at C:\\xampp\\htdocs\\Laravel Projects\\GSF\\storage\\framework\\views\\9d2c3ccbb94476023244733ccdacbd1be04f4765.php:84, ErrorException(code: 0): Trying to get property 'name' of non-object at C:\\xampp\\htdocs\\Laravel Projects\\GSF\\storage\\framework\\views\\9d2c3ccbb94476023244733ccdacbd1be04f4765.php:84)
[stacktrace]
#0 C:\\xampp\\htdocs\\Laravel Projects\\GSF\\vendor\\laravel\\framework\\src\\Illuminate\\View\\Engines\\PhpEngine.php(45): Illuminate\\View\\Engines\\CompilerEngine->handleViewException(Object(ErrorException), 1)
#1 C:\\xampp\\htdocs\\Laravel Projects\\GSF\\vendor\\laravel\\framework\\src\\Illuminate\\View\\Engines\\CompilerEngine.php(59): Illuminate\\View\\Engines\\PhpEngine->evaluatePath('C:\\\\xampp\\\\htdocs...', Array)
#2 C:\\xampp\\htdocs\\Laravel Projects\\GSF\\vendor\\laravel\\framework\\src\\Illuminate\\View\\View.php(142): Illuminate\\View\\Engines\\CompilerEngine->get('C:\\\\xampp\\\\htdocs...', Array)
#3 C:\\xampp\\htdocs\\Laravel Projects\\GSF\\vendor\\laravel\\framework\\src\\Illuminate\\View\\View.php(125): Illuminate\\View\\View->getContents()
#4 C:\\xampp\\htdocs\\Laravel Projects\\GSF\\vendor\\laravel\\framework\\src\\Illuminate\\View\\View.php(90): Illuminate\\View\\View->renderContents()
#5 C:\\xampp\\htdocs\\Laravel Projects\\GSF\\vendor\\laravel\\framework\\src\\Illuminate\\Http\\Response.php(42): Illuminate\\View\\View->render()
#6 C:\\xampp\\htdocs\\Laravel Projects\\GSF\\vendor\\symfony\\http-foundation\\Response.php(205): Illuminate\\Http\\Response->setContent(Object(Illuminate\\View\\View))
#7 C:\\xampp\\htdocs\\Laravel Projects\\GSF\\vendor\\laravel\\framework\\src\\Illuminate\\Routing\\Router.php(748): Symfony\\Component\\HttpFoundation\\Response->__construct(Object(Illuminate\\View\\View))
#8 C:\\xampp\\htdocs\\Laravel Projects\\GSF\\vendor\\laravel\\framework\\src\\Illuminate\\Routing\\Router.php(720): Illuminate\\Routing\\Router::toResponse(Object(Illuminate\\Http\\Request), Object(Illuminate\\View\\View))
#9 C:\\xampp\\htdocs\\Laravel Projects\\GSF\\vendor\\laravel\\framework\\src\\Illuminate\\Routing\\Router.php(680): Illuminate\\Routing\\Router->prepareResponse(Object(Illuminate\\Http\\Request), Object(Illuminate\\View\\View))
#10 C:\\xampp\\htdocs\\Laravel Projects\\GSF\\vendor\\laravel\\framework\\src\\Illuminate\\Routing\\Pipeline.php(30): Illuminate\\Routing\\Router->Illuminate\\Routing\\{closure}(Object(Illuminate\\Http\\Request))
#11 C:\\xampp\\htdocs\\Laravel Projects\\GSF\\app\\Http\\Middleware\\SwitchUser.php(22): Illuminate\\Routing\\Pipeline->Illuminate\\Routing\\{closure}(Object(Illuminate\\Http\\Request))
#12 C:\\xampp\\htdocs\\Laravel Projects\\GSF\\vendor\\laravel\\framework\\src\\Illuminate\\Pipeline\\Pipeline.php(163): App\\Http\\Middleware\\SwitchUser->handle(Object(Illuminate\\Http\\Request), Object(Closure))
#13 C:\\xampp\\htdocs\\Laravel Projects\\GSF\\vendor\\laravel\\framework\\src\\Illuminate\\Routing\\Pipeline.php(53): Illuminate\\Pipeline\\Pipeline->Illuminate\\Pipeline\\{closure}(Object(Illuminate\\Http\\Request))
#14 C:\\xampp\\htdocs\\Laravel Projects\\GSF\\vendor\\laravel\\framework\\src\\Illuminate\\Routing\\Middleware\\SubstituteBindings.php(41): Illuminate\\Routing\\Pipeline->Illuminate\\Routing\\{closure}(Object(Illuminate\\Http\\Request))
#15 C:\\xampp\\htdocs\\Laravel Projects\\GSF\\vendor\\laravel\\framework\\src\\Illuminate\\Pipeline\\Pipeline.php(163): Illuminate\\Routing\\Middleware\\SubstituteBindings->handle(Object(Illuminate\\Http\\Request), Object(Closure))
#16 C:\\xampp\\htdocs\\Laravel Projects\\GSF\\vendor\\laravel\\framework\\src\\Illuminate\\Routing\\Pipeline.php(53): Illuminate\\Pipeline\\Pipeline->Illuminate\\Pipeline\\{closure}(Object(Illuminate\\Http\\Request))
#17 C:\\xampp\\htdocs\\Laravel Projects\\GSF\\vendor\\laravel\\framework\\src\\Illuminate\\Auth\\Middleware\\Authenticate.php(43): Illuminate\\Routing\\Pipeline->Illuminate\\Routing\\{closure}(Object(Illuminate\\Http\\Request))
#18 C:\\xampp\\htdocs\\Laravel Projects\\GSF\\vendor\\laravel\\framework\\src\\Illuminate\\Pipeline\\Pipeline.php(163): Illuminate\\Auth\\Middleware\\Authenticate->handle(Object(Illuminate\\Http\\Request), Object(Closure))
#19 C:\\xampp\\htdocs\\Laravel Projects\\GSF\\vendor\\laravel\\framework\\src\\Illuminate\\Routing\\Pipeline.php(53): Illuminate\\Pipeline\\Pipeline->Illuminate\\Pipeline\\{closure}(Object(Illuminate\\Http\\Request))
#20 C:\\xampp\\htdocs\\Laravel Projects\\GSF\\vendor\\laravel\\framework\\src\\Illuminate\\Foundation\\Http\\Middleware\\VerifyCsrfToken.php(75): Illuminate\\Routing\\Pipeline->Illuminate\\Routing\\{closure}(Object(Illuminate\\Http\\Request))
#21 C:\\xampp\\htdocs\\Laravel Projects\\GSF\\vendor\\laravel\\framework\\src\\Illuminate\\Pipeline\\Pipeline.php(163): Illuminate\\Foundation\\Http\\Middleware\\VerifyCsrfToken->handle(Object(Illuminate\\Http\\Request), Object(Closure))
#22 C:\\xampp\\htdocs\\Laravel Projects\\GSF\\vendor\\laravel\\framework\\src\\Illuminate\\Routing\\Pipeline.php(53): Illuminate\\Pipeline\\Pipeline->Illuminate\\Pipeline\\{closure}(Object(Illuminate\\Http\\Request))
#23 C:\\xampp\\htdocs\\Laravel Projects\\GSF\\vendor\\laravel\\framework\\src\\Illuminate\\View\\Middleware\\ShareErrorsFromSession.php(49): Illuminate\\Routing\\Pipeline->Illuminate\\Routing\\{closure}(Object(Illuminate\\Http\\Request))
#24 C:\\xampp\\htdocs\\Laravel Projects\\GSF\\vendor\\laravel\\framework\\src\\Illuminate\\Pipeline\\Pipeline.php(163): Illuminate\\View\\Middleware\\ShareErrorsFromSession->handle(Object(Illuminate\\Http\\Request), Object(Closure))
#25 C:\\xampp\\htdocs\\Laravel Projects\\GSF\\vendor\\laravel\\framework\\src\\Illuminate\\Routing\\Pipeline.php(53): Illuminate\\Pipeline\\Pipeline->Illuminate\\Pipeline\\{closure}(Object(Illuminate\\Http\\Request))
#26 C:\\xampp\\htdocs\\Laravel Projects\\GSF\\vendor\\laravel\\framework\\src\\Illuminate\\Session\\Middleware\\StartSession.php(56): Illuminate\\Routing\\Pipeline->Illuminate\\Routing\\{closure}(Object(Illuminate\\Http\\Request))
#27 C:\\xampp\\htdocs\\Laravel Projects\\GSF\\vendor\\laravel\\framework\\src\\Illuminate\\Pipeline\\Pipeline.php(163): Illuminate\\Session\\Middleware\\StartSession->handle(Object(Illuminate\\Http\\Request), Object(Closure))
#28 C:\\xampp\\htdocs\\Laravel Projects\\GSF\\vendor\\laravel\\framework\\src\\Illuminate\\Routing\\Pipeline.php(53): Illuminate\\Pipeline\\Pipeline->Illuminate\\Pipeline\\{closure}(Object(Illuminate\\Http\\Request))
#29 C:\\xampp\\htdocs\\Laravel Projects\\GSF\\vendor\\laravel\\framework\\src\\Illuminate\\Cookie\\Middleware\\AddQueuedCookiesToResponse.php(37): Illuminate\\Routing\\Pipeline->Illuminate\\Routing\\{closure}(Object(Illuminate\\Http\\Request))
#30 C:\\xampp\\htdocs\\Laravel Projects\\GSF\\vendor\\laravel\\framework\\src\\Illuminate\\Pipeline\\Pipeline.php(163): Illuminate\\Cookie\\Middleware\\AddQueuedCookiesToResponse->handle(Object(Illuminate\\Http\\Request), Object(Closure))
#31 C:\\xampp\\htdocs\\Laravel Projects\\GSF\\vendor\\laravel\\framework\\src\\Illuminate\\Routing\\Pipeline.php(53): Illuminate\\Pipeline\\Pipeline->Illuminate\\Pipeline\\{closure}(Object(Illuminate\\Http\\Request))
#32 C:\\xampp\\htdocs\\Laravel Projects\\GSF\\vendor\\laravel\\framework\\src\\Illuminate\\Cookie\\Middleware\\EncryptCookies.php(66): Illuminate\\Routing\\Pipeline->Illuminate\\Routing\\{closure}(Object(Illuminate\\Http\\Request))
#33 C:\\xampp\\htdocs\\Laravel Projects\\GSF\\vendor\\laravel\\framework\\src\\Illuminate\\Pipeline\\Pipeline.php(163): Illuminate\\Cookie\\Middleware\\EncryptCookies->handle(Object(Illuminate\\Http\\Request), Object(Closure))
#34 C:\\xampp\\htdocs\\Laravel Projects\\GSF\\vendor\\laravel\\framework\\src\\Illuminate\\Routing\\Pipeline.php(53): Illuminate\\Pipeline\\Pipeline->Illuminate\\Pipeline\\{closure}(Object(Illuminate\\Http\\Request))
#35 C:\\xampp\\htdocs\\Laravel Projects\\GSF\\vendor\\laravel\\framework\\src\\Illuminate\\Pipeline\\Pipeline.php(104): Illuminate\\Routing\\Pipeline->Illuminate\\Routing\\{closure}(Object(Illuminate\\Http\\Request))
#36 C:\\xampp\\htdocs\\Laravel Projects\\GSF\\vendor\\laravel\\framework\\src\\Illuminate\\Routing\\Router.php(682): Illuminate\\Pipeline\\Pipeline->then(Object(Closure))
#37 C:\\xampp\\htdocs\\Laravel Projects\\GSF\\vendor\\laravel\\framework\\src\\Illuminate\\Routing\\Router.php(657): Illuminate\\Routing\\Router->runRouteWithinStack(Object(Illuminate\\Routing\\Route), Object(Illuminate\\Http\\Request))
#38 C:\\xampp\\htdocs\\Laravel Projects\\GSF\\vendor\\laravel\\framework\\src\\Illuminate\\Routing\\Router.php(623): Illuminate\\Routing\\Router->runRoute(Object(Illuminate\\Http\\Request), Object(Illuminate\\Routing\\Route))
#39 C:\\xampp\\htdocs\\Laravel Projects\\GSF\\vendor\\laravel\\framework\\src\\Illuminate\\Routing\\Router.php(612): Illuminate\\Routing\\Router->dispatchToRoute(Object(Illuminate\\Http\\Request))
#40 C:\\xampp\\htdocs\\Laravel Projects\\GSF\\vendor\\laravel\\framework\\src\\Illuminate\\Foundation\\Http\\Kernel.php(176): Illuminate\\Routing\\Router->dispatch(Object(Illuminate\\Http\\Request))
#41 C:\\xampp\\htdocs\\Laravel Projects\\GSF\\vendor\\laravel\\framework\\src\\Illuminate\\Routing\\Pipeline.php(30): Illuminate\\Foundation\\Http\\Kernel->Illuminate\\Foundation\\Http\\{closure}(Object(Illuminate\\Http\\Request))
#42 C:\\xampp\\htdocs\\Laravel Projects\\GSF\\vendor\\fideloper\\proxy\\src\\TrustProxies.php(57): Illuminate\\Routing\\Pipeline->Illuminate\\Routing\\{closure}(Object(Illuminate\\Http\\Request))
#43 C:\\xampp\\htdocs\\Laravel Projects\\GSF\\vendor\\laravel\\framework\\src\\Illuminate\\Pipeline\\Pipeline.php(163): Fideloper\\Proxy\\TrustProxies->handle(Object(Illuminate\\Http\\Request), Object(Closure))
#44 C:\\xampp\\htdocs\\Laravel Projects\\GSF\\vendor\\laravel\\framework\\src\\Illuminate\\Routing\\Pipeline.php(53): Illuminate\\Pipeline\\Pipeline->Illuminate\\Pipeline\\{closure}(Object(Illuminate\\Http\\Request))
#45 C:\\xampp\\htdocs\\Laravel Projects\\GSF\\vendor\\laravel\\framework\\src\\Illuminate\\Foundation\\Http\\Middleware\\TransformsRequest.php(21): Illuminate\\Routing\\Pipeline->Illuminate\\Routing\\{closure}(Object(Illuminate\\Http\\Request))
#46 C:\\xampp\\htdocs\\Laravel Projects\\GSF\\vendor\\laravel\\framework\\src\\Illuminate\\Pipeline\\Pipeline.php(163): Illuminate\\Foundation\\Http\\Middleware\\TransformsRequest->handle(Object(Illuminate\\Http\\Request), Object(Closure))
#47 C:\\xampp\\htdocs\\Laravel Projects\\GSF\\vendor\\laravel\\framework\\src\\Illuminate\\Routing\\Pipeline.php(53): Illuminate\\Pipeline\\Pipeline->Illuminate\\Pipeline\\{closure}(Object(Illuminate\\Http\\Request))
#48 C:\\xampp\\htdocs\\Laravel Projects\\GSF\\vendor\\laravel\\framework\\src\\Illuminate\\Foundation\\Http\\Middleware\\TransformsRequest.php(21): Illuminate\\Routing\\Pipeline->Illuminate\\Routing\\{closure}(Object(Illuminate\\Http\\Request))
#49 C:\\xampp\\htdocs\\Laravel Projects\\GSF\\vendor\\laravel\\framework\\src\\Illuminate\\Pipeline\\Pipeline.php(163): Illuminate\\Foundation\\Http\\Middleware\\TransformsRequest->handle(Object(Illuminate\\Http\\Request), Object(Closure))
#50 C:\\xampp\\htdocs\\Laravel Projects\\GSF\\vendor\\laravel\\framework\\src\\Illuminate\\Routing\\Pipeline.php(53): Illuminate\\Pipeline\\Pipeline->Illuminate\\Pipeline\\{closure}(Object(Illuminate\\Http\\Request))
#51 C:\\xampp\\htdocs\\Laravel Projects\\GSF\\vendor\\laravel\\framework\\src\\Illuminate\\Foundation\\Http\\Middleware\\ValidatePostSize.php(27): Illuminate\\Routing\\Pipeline->Illuminate\\Routing\\{closure}(Object(Illuminate\\Http\\Request))
#52 C:\\xampp\\htdocs\\Laravel Projects\\GSF\\vendor\\laravel\\framework\\src\\Illuminate\\Pipeline\\Pipeline.php(163): Illuminate\\Foundation\\Http\\Middleware\\ValidatePostSize->handle(Object(Illuminate\\Http\\Request), Object(Closure))
#53 C:\\xampp\\htdocs\\Laravel Projects\\GSF\\vendor\\laravel\\framework\\src\\Illuminate\\Routing\\Pipeline.php(53): Illuminate\\Pipeline\\Pipeline->Illuminate\\Pipeline\\{closure}(Object(Illuminate\\Http\\Request))
#54 C:\\xampp\\htdocs\\Laravel Projects\\GSF\\vendor\\laravel\\framework\\src\\Illuminate\\Foundation\\Http\\Middleware\\CheckForMaintenanceMode.php(62): Illuminate\\Routing\\Pipeline->Illuminate\\Routing\\{closure}(Object(Illuminate\\Http\\Request))
#55 C:\\xampp\\htdocs\\Laravel Projects\\GSF\\vendor\\laravel\\framework\\src\\Illuminate\\Pipeline\\Pipeline.php(163): Illuminate\\Foundation\\Http\\Middleware\\CheckForMaintenanceMode->handle(Object(Illuminate\\Http\\Request), Object(Closure))
#56 C:\\xampp\\htdocs\\Laravel Projects\\GSF\\vendor\\laravel\\framework\\src\\Illuminate\\Routing\\Pipeline.php(53): Illuminate\\Pipeline\\Pipeline->Illuminate\\Pipeline\\{closure}(Object(Illuminate\\Http\\Request))
#57 C:\\xampp\\htdocs\\Laravel Projects\\GSF\\vendor\\laravel\\framework\\src\\Illuminate\\Pipeline\\Pipeline.php(104): Illuminate\\Routing\\Pipeline->Illuminate\\Routing\\{closure}(Object(Illuminate\\Http\\Request))
#58 C:\\xampp\\htdocs\\Laravel Projects\\GSF\\vendor\\laravel\\framework\\src\\Illuminate\\Foundation\\Http\\Kernel.php(151): Illuminate\\Pipeline\\Pipeline->then(Object(Closure))
#59 C:\\xampp\\htdocs\\Laravel Projects\\GSF\\vendor\\laravel\\framework\\src\\Illuminate\\Foundation\\Http\\Kernel.php(116): Illuminate\\Foundation\\Http\\Kernel->sendRequestThroughRouter(Object(Illuminate\\Http\\Request))
#60 C:\\xampp\\htdocs\\Laravel Projects\\GSF\\public\\index.php(55): Illuminate\\Foundation\\Http\\Kernel->handle(Object(Illuminate\\Http\\Request))
#61 C:\\xampp\\htdocs\\Laravel Projects\\GSF\\server.php(21): require_once('C:\\\\xampp\\\\htdocs...')
#62 {main}
"} 
[2021-01-25 21:08:29] local.ERROR: Trying to get property 'name' of non-object (View: C:\xampp\htdocs\Laravel Projects\GSF\resources\views\participant\index.blade.php) {"userId":15,"exception":"[object] (ErrorException(code: 0): Trying to get property 'name' of non-object (View: C:\\xampp\\htdocs\\Laravel Projects\\GSF\esources\\views\\participant\\index.blade.php) at C:\\xampp\\htdocs\\Laravel Projects\\GSF\\storage\\framework\\views\\9d2c3ccbb94476023244733ccdacbd1be04f4765.php:136, ErrorException(code: 0): Trying to get property 'name' of non-object at C:\\xampp\\htdocs\\Laravel Projects\\GSF\\storage\\framework\\views\\9d2c3ccbb94476023244733ccdacbd1be04f4765.php:136)
[stacktrace]
#0 C:\\xampp\\htdocs\\Laravel Projects\\GSF\\vendor\\laravel\\framework\\src\\Illuminate\\View\\Engines\\PhpEngine.php(45): Illuminate\\View\\Engines\\CompilerEngine->handleViewException(Object(ErrorException), 1)
#1 C:\\xampp\\htdocs\\Laravel Projects\\GSF\\vendor\\laravel\\framework\\src\\Illuminate\\View\\Engines\\CompilerEngine.php(59): Illuminate\\View\\Engines\\PhpEngine->evaluatePath('C:\\\\xampp\\\\htdocs...', Array)
#2 C:\\xampp\\htdocs\\Laravel Projects\\GSF\\vendor\\laravel\\framework\\src\\Illuminate\\View\\View.php(142): Illuminate\\View\\Engines\\CompilerEngine->get('C:\\\\xampp\\\\htdocs...', Array)
#3 C:\\xampp\\htdocs\\Laravel Projects\\GSF\\vendor\\laravel\\framework\\src\\Illuminate\\View\\View.php(125): Illuminate\\View\\View->getContents()
#4 C:\\xampp\\htdocs\\Laravel Projects\\GSF\\vendor\\laravel\\framework\\src\\Illuminate\\View\\View.php(90): Illuminate\\View\\View->renderContents()
#5 C:\\xampp\\htdocs\\Laravel Projects\\GSF\\vendor\\laravel\\framework\\src\\Illuminate\\Http\\Response.php(42): Illuminate\\View\\View->render()
#6 C:\\xampp\\htdocs\\Laravel Projects\\GSF\\vendor\\symfony\\http-foundation\\Response.php(205): Illuminate\\Http\\Response->setContent(Object(Illuminate\\View\\View))
#7 C:\\xampp\\htdocs\\Laravel Projects\\GSF\\vendor\\laravel\\framework\\src\\Illuminate\\Routing\\Router.php(748): Symfony\\Component\\HttpFoundation\\Response->__construct(Object(Illuminate\\View\\View))
#8 C:\\xampp\\htdocs\\Laravel Projects\\GSF\\vendor\\laravel\\framework\\src\\Illuminate\\Routing\\Router.php(720): Illuminate\\Routing\\Router::toResponse(Object(Illuminate\\Http\\Request), Object(Illuminate\\View\\View))
#9 C:\\xampp\\htdocs\\Laravel Projects\\GSF\\vendor\\laravel\\framework\\src\\Illuminate\\Routing\\Router.php(680): Illuminate\\Routing\\Router->prepareResponse(Object(Illuminate\\Http\\Request), Object(Illuminate\\View\\View))
#10 C:\\xampp\\htdocs\\Laravel Projects\\GSF\\vendor\\laravel\\framework\\src\\Illuminate\\Routing\\Pipeline.php(30): Illuminate\\Routing\\Router->Illuminate\\Routing\\{closure}(Object(Illuminate\\Http\\Request))
#11 C:\\xampp\\htdocs\\Laravel Projects\\GSF\\app\\Http\\Middleware\\SwitchUser.php(22): Illuminate\\Routing\\Pipeline->Illuminate\\Routing\\{closure}(Object(Illuminate\\Http\\Request))
#12 C:\\xampp\\htdocs\\Laravel Projects\\GSF\\vendor\\laravel\\framework\\src\\Illuminate\\Pipeline\\Pipeline.php(163): App\\Http\\Middleware\\SwitchUser->handle(Object(Illuminate\\Http\\Request), Object(Closure))
#13 C:\\xampp\\htdocs\\Laravel Projects\\GSF\\vendor\\laravel\\framework\\src\\Illuminate\\Routing\\Pipeline.php(53): Illuminate\\Pipeline\\Pipeline->Illuminate\\Pipeline\\{closure}(Object(Illuminate\\Http\\Request))
#14 C:\\xampp\\htdocs\\Laravel Projects\\GSF\\vendor\\laravel\\framework\\src\\Illuminate\\Routing\\Middleware\\SubstituteBindings.php(41): Illuminate\\Routing\\Pipeline->Illuminate\\Routing\\{closure}(Object(Illuminate\\Http\\Request))
#15 C:\\xampp\\htdocs\\Laravel Projects\\GSF\\vendor\\laravel\\framework\\src\\Illuminate\\Pipeline\\Pipeline.php(163): Illuminate\\Routing\\Middleware\\SubstituteBindings->handle(Object(Illuminate\\Http\\Request), Object(Closure))
#16 C:\\xampp\\htdocs\\Laravel Projects\\GSF\\vendor\\laravel\\framework\\src\\Illuminate\\Routing\\Pipeline.php(53): Illuminate\\Pipeline\\Pipeline->Illuminate\\Pipeline\\{closure}(Object(Illuminate\\Http\\Request))
#17 C:\\xampp\\htdocs\\Laravel Projects\\GSF\\vendor\\laravel\\framework\\src\\Illuminate\\Auth\\Middleware\\Authenticate.php(43): Illuminate\\Routing\\Pipeline->Illuminate\\Routing\\{closure}(Object(Illuminate\\Http\\Request))
#18 C:\\xampp\\htdocs\\Laravel Projects\\GSF\\vendor\\laravel\\framework\\src\\Illuminate\\Pipeline\\Pipeline.php(163): Illuminate\\Auth\\Middleware\\Authenticate->handle(Object(Illuminate\\Http\\Request), Object(Closure))
#19 C:\\xampp\\htdocs\\Laravel Projects\\GSF\\vendor\\laravel\\framework\\src\\Illuminate\\Routing\\Pipeline.php(53): Illuminate\\Pipeline\\Pipeline->Illuminate\\Pipeline\\{closure}(Object(Illuminate\\Http\\Request))
#20 C:\\xampp\\htdocs\\Laravel Projects\\GSF\\vendor\\laravel\\framework\\src\\Illuminate\\Foundation\\Http\\Middleware\\VerifyCsrfToken.php(75): Illuminate\\Routing\\Pipeline->Illuminate\\Routing\\{closure}(Object(Illuminate\\Http\\Request))
#21 C:\\xampp\\htdocs\\Laravel Projects\\GSF\\vendor\\laravel\\framework\\src\\Illuminate\\Pipeline\\Pipeline.php(163): Illuminate\\Foundation\\Http\\Middleware\\VerifyCsrfToken->handle(Object(Illuminate\\Http\\Request), Object(Closure))
#22 C:\\xampp\\htdocs\\Laravel Projects\\GSF\\vendor\\laravel\\framework\\src\\Illuminate\\Routing\\Pipeline.php(53): Illuminate\\Pipeline\\Pipeline->Illuminate\\Pipeline\\{closure}(Object(Illuminate\\Http\\Request))
#23 C:\\xampp\\htdocs\\Laravel Projects\\GSF\\vendor\\laravel\\framework\\src\\Illuminate\\View\\Middleware\\ShareErrorsFromSession.php(49): Illuminate\\Routing\\Pipeline->Illuminate\\Routing\\{closure}(Object(Illuminate\\Http\\Request))
#24 C:\\xampp\\htdocs\\Laravel Projects\\GSF\\vendor\\laravel\\framework\\src\\Illuminate\\Pipeline\\Pipeline.php(163): Illuminate\\View\\Middleware\\ShareErrorsFromSession->handle(Object(Illuminate\\Http\\Request), Object(Closure))
#25 C:\\xampp\\htdocs\\Laravel Projects\\GSF\\vendor\\laravel\\framework\\src\\Illuminate\\Routing\\Pipeline.php(53): Illuminate\\Pipeline\\Pipeline->Illuminate\\Pipeline\\{closure}(Object(Illuminate\\Http\\Request))
#26 C:\\xampp\\htdocs\\Laravel Projects\\GSF\\vendor\\laravel\\framework\\src\\Illuminate\\Session\\Middleware\\StartSession.php(56): Illuminate\\Routing\\Pipeline->Illuminate\\Routing\\{closure}(Object(Illuminate\\Http\\Request))
#27 C:\\xampp\\htdocs\\Laravel Projects\\GSF\\vendor\\laravel\\framework\\src\\Illuminate\\Pipeline\\Pipeline.php(163): Illuminate\\Session\\Middleware\\StartSession->handle(Object(Illuminate\\Http\\Request), Object(Closure))
#28 C:\\xampp\\htdocs\\Laravel Projects\\GSF\\vendor\\laravel\\framework\\src\\Illuminate\\Routing\\Pipeline.php(53): Illuminate\\Pipeline\\Pipeline->Illuminate\\Pipeline\\{closure}(Object(Illuminate\\Http\\Request))
#29 C:\\xampp\\htdocs\\Laravel Projects\\GSF\\vendor\\laravel\\framework\\src\\Illuminate\\Cookie\\Middleware\\AddQueuedCookiesToResponse.php(37): Illuminate\\Routing\\Pipeline->Illuminate\\Routing\\{closure}(Object(Illuminate\\Http\\Request))
#30 C:\\xampp\\htdocs\\Laravel Projects\\GSF\\vendor\\laravel\\framework\\src\\Illuminate\\Pipeline\\Pipeline.php(163): Illuminate\\Cookie\\Middleware\\AddQueuedCookiesToResponse->handle(Object(Illuminate\\Http\\Request), Object(Closure))
#31 C:\\xampp\\htdocs\\Laravel Projects\\GSF\\vendor\\laravel\\framework\\src\\Illuminate\\Routing\\Pipeline.php(53): Illuminate\\Pipeline\\Pipeline->Illuminate\\Pipeline\\{closure}(Object(Illuminate\\Http\\Request))
#32 C:\\xampp\\htdocs\\Laravel Projects\\GSF\\vendor\\laravel\\framework\\src\\Illuminate\\Cookie\\Middleware\\EncryptCookies.php(66): Illuminate\\Routing\\Pipeline->Illuminate\\Routing\\{closure}(Object(Illuminate\\Http\\Request))
#33 C:\\xampp\\htdocs\\Laravel Projects\\GSF\\vendor\\laravel\\framework\\src\\Illuminate\\Pipeline\\Pipeline.php(163): Illuminate\\Cookie\\Middleware\\EncryptCookies->handle(Object(Illuminate\\Http\\Request), Object(Closure))
#34 C:\\xampp\\htdocs\\Laravel Projects\\GSF\\vendor\\laravel\\framework\\src\\Illuminate\\Routing\\Pipeline.php(53): Illuminate\\Pipeline\\Pipeline->Illuminate\\Pipeline\\{closure}(Object(Illuminate\\Http\\Request))
#35 C:\\xampp\\htdocs\\Laravel Projects\\GSF\\vendor\\laravel\\framework\\src\\Illuminate\\Pipeline\\Pipeline.php(104): Illuminate\\Routing\\Pipeline->Illuminate\\Routing\\{closure}(Object(Illuminate\\Http\\Request))
#36 C:\\xampp\\htdocs\\Laravel Projects\\GSF\\vendor\\laravel\\framework\\src\\Illuminate\\Routing\\Router.php(682): Illuminate\\Pipeline\\Pipeline->then(Object(Closure))
#37 C:\\xampp\\htdocs\\Laravel Projects\\GSF\\vendor\\laravel\\framework\\src\\Illuminate\\Routing\\Router.php(657): Illuminate\\Routing\\Router->runRouteWithinStack(Object(Illuminate\\Routing\\Route), Object(Illuminate\\Http\\Request))
#38 C:\\xampp\\htdocs\\Laravel Projects\\GSF\\vendor\\laravel\\framework\\src\\Illuminate\\Routing\\Router.php(623): Illuminate\\Routing\\Router->runRoute(Object(Illuminate\\Http\\Request), Object(Illuminate\\Routing\\Route))
#39 C:\\xampp\\htdocs\\Laravel Projects\\GSF\\vendor\\laravel\\framework\\src\\Illuminate\\Routing\\Router.php(612): Illuminate\\Routing\\Router->dispatchToRoute(Object(Illuminate\\Http\\Request))
#40 C:\\xampp\\htdocs\\Laravel Projects\\GSF\\vendor\\laravel\\framework\\src\\Illuminate\\Foundation\\Http\\Kernel.php(176): Illuminate\\Routing\\Router->dispatch(Object(Illuminate\\Http\\Request))
#41 C:\\xampp\\htdocs\\Laravel Projects\\GSF\\vendor\\laravel\\framework\\src\\Illuminate\\Routing\\Pipeline.php(30): Illuminate\\Foundation\\Http\\Kernel->Illuminate\\Foundation\\Http\\{closure}(Object(Illuminate\\Http\\Request))
#42 C:\\xampp\\htdocs\\Laravel Projects\\GSF\\vendor\\fideloper\\proxy\\src\\TrustProxies.php(57): Illuminate\\Routing\\Pipeline->Illuminate\\Routing\\{closure}(Object(Illuminate\\Http\\Request))
#43 C:\\xampp\\htdocs\\Laravel Projects\\GSF\\vendor\\laravel\\framework\\src\\Illuminate\\Pipeline\\Pipeline.php(163): Fideloper\\Proxy\\TrustProxies->handle(Object(Illuminate\\Http\\Request), Object(Closure))
#44 C:\\xampp\\htdocs\\Laravel Projects\\GSF\\vendor\\laravel\\framework\\src\\Illuminate\\Routing\\Pipeline.php(53): Illuminate\\Pipeline\\Pipeline->Illuminate\\Pipeline\\{closure}(Object(Illuminate\\Http\\Request))
#45 C:\\xampp\\htdocs\\Laravel Projects\\GSF\\vendor\\laravel\\framework\\src\\Illuminate\\Foundation\\Http\\Middleware\\TransformsRequest.php(21): Illuminate\\Routing\\Pipeline->Illuminate\\Routing\\{closure}(Object(Illuminate\\Http\\Request))
#46 C:\\xampp\\htdocs\\Laravel Projects\\GSF\\vendor\\laravel\\framework\\src\\Illuminate\\Pipeline\\Pipeline.php(163): Illuminate\\Foundation\\Http\\Middleware\\TransformsRequest->handle(Object(Illuminate\\Http\\Request), Object(Closure))
#47 C:\\xampp\\htdocs\\Laravel Projects\\GSF\\vendor\\laravel\\framework\\src\\Illuminate\\Routing\\Pipeline.php(53): Illuminate\\Pipeline\\Pipeline->Illuminate\\Pipeline\\{closure}(Object(Illuminate\\Http\\Request))
#48 C:\\xampp\\htdocs\\Laravel Projects\\GSF\\vendor\\laravel\\framework\\src\\Illuminate\\Foundation\\Http\\Middleware\\TransformsRequest.php(21): Illuminate\\Routing\\Pipeline->Illuminate\\Routing\\{closure}(Object(Illuminate\\Http\\Request))
#49 C:\\xampp\\htdocs\\Laravel Projects\\GSF\\vendor\\laravel\\framework\\src\\Illuminate\\Pipeline\\Pipeline.php(163): Illuminate\\Foundation\\Http\\Middleware\\TransformsRequest->handle(Object(Illuminate\\Http\\Request), Object(Closure))
#50 C:\\xampp\\htdocs\\Laravel Projects\\GSF\\vendor\\laravel\\framework\\src\\Illuminate\\Routing\\Pipeline.php(53): Illuminate\\Pipeline\\Pipeline->Illuminate\\Pipeline\\{closure}(Object(Illuminate\\Http\\Request))
#51 C:\\xampp\\htdocs\\Laravel Projects\\GSF\\vendor\\laravel\\framework\\src\\Illuminate\\Foundation\\Http\\Middleware\\ValidatePostSize.php(27): Illuminate\\Routing\\Pipeline->Illuminate\\Routing\\{closure}(Object(Illuminate\\Http\\Request))
#52 C:\\xampp\\htdocs\\Laravel Projects\\GSF\\vendor\\laravel\\framework\\src\\Illuminate\\Pipeline\\Pipeline.php(163): Illuminate\\Foundation\\Http\\Middleware\\ValidatePostSize->handle(Object(Illuminate\\Http\\Request), Object(Closure))
#53 C:\\xampp\\htdocs\\Laravel Projects\\GSF\\vendor\\laravel\\framework\\src\\Illuminate\\Routing\\Pipeline.php(53): Illuminate\\Pipeline\\Pipeline->Illuminate\\Pipeline\\{closure}(Object(Illuminate\\Http\\Request))
#54 C:\\xampp\\htdocs\\Laravel Projects\\GSF\\vendor\\laravel\\framework\\src\\Illuminate\\Foundation\\Http\\Middleware\\CheckForMaintenanceMode.php(62): Illuminate\\Routing\\Pipeline->Illuminate\\Routing\\{closure}(Object(Illuminate\\Http\\Request))
#55 C:\\xampp\\htdocs\\Laravel Projects\\GSF\\vendor\\laravel\\framework\\src\\Illuminate\\Pipeline\\Pipeline.php(163): Illuminate\\Foundation\\Http\\Middleware\\CheckForMaintenanceMode->handle(Object(Illuminate\\Http\\Request), Object(Closure))
#56 C:\\xampp\\htdocs\\Laravel Projects\\GSF\\vendor\\laravel\\framework\\src\\Illuminate\\Routing\\Pipeline.php(53): Illuminate\\Pipeline\\Pipeline->Illuminate\\Pipeline\\{closure}(Object(Illuminate\\Http\\Request))
#57 C:\\xampp\\htdocs\\Laravel Projects\\GSF\\vendor\\laravel\\framework\\src\\Illuminate\\Pipeline\\Pipeline.php(104): Illuminate\\Routing\\Pipeline->Illuminate\\Routing\\{closure}(Object(Illuminate\\Http\\Request))
#58 C:\\xampp\\htdocs\\Laravel Projects\\GSF\\vendor\\laravel\\framework\\src\\Illuminate\\Foundation\\Http\\Kernel.php(151): Illuminate\\Pipeline\\Pipeline->then(Object(Closure))
#59 C:\\xampp\\htdocs\\Laravel Projects\\GSF\\vendor\\laravel\\framework\\src\\Illuminate\\Foundation\\Http\\Kernel.php(116): Illuminate\\Foundation\\Http\\Kernel->sendRequestThroughRouter(Object(Illuminate\\Http\\Request))
#60 C:\\xampp\\htdocs\\Laravel Projects\\GSF\\public\\index.php(55): Illuminate\\Foundation\\Http\\Kernel->handle(Object(Illuminate\\Http\\Request))
#61 C:\\xampp\\htdocs\\Laravel Projects\\GSF\\server.php(21): require_once('C:\\\\xampp\\\\htdocs...')
#62 {main}
"} 
[2021-01-25 21:08:30] local.ERROR: Trying to get property 'name' of non-object (View: C:\xampp\htdocs\Laravel Projects\GSF\resources\views\participant\index.blade.php) {"userId":15,"exception":"[object] (ErrorException(code: 0): Trying to get property 'name' of non-object (View: C:\\xampp\\htdocs\\Laravel Projects\\GSF\esources\\views\\participant\\index.blade.php) at C:\\xampp\\htdocs\\Laravel Projects\\GSF\\storage\\framework\\views\\9d2c3ccbb94476023244733ccdacbd1be04f4765.php:136, ErrorException(code: 0): Trying to get property 'name' of non-object at C:\\xampp\\htdocs\\Laravel Projects\\GSF\\storage\\framework\\views\\9d2c3ccbb94476023244733ccdacbd1be04f4765.php:136)
[stacktrace]
#0 C:\\xampp\\htdocs\\Laravel Projects\\GSF\\vendor\\laravel\\framework\\src\\Illuminate\\View\\Engines\\PhpEngine.php(45): Illuminate\\View\\Engines\\CompilerEngine->handleViewException(Object(ErrorException), 1)
#1 C:\\xampp\\htdocs\\Laravel Projects\\GSF\\vendor\\laravel\\framework\\src\\Illuminate\\View\\Engines\\CompilerEngine.php(59): Illuminate\\View\\Engines\\PhpEngine->evaluatePath('C:\\\\xampp\\\\htdocs...', Array)
#2 C:\\xampp\\htdocs\\Laravel Projects\\GSF\\vendor\\laravel\\framework\\src\\Illuminate\\View\\View.php(142): Illuminate\\View\\Engines\\CompilerEngine->get('C:\\\\xampp\\\\htdocs...', Array)
#3 C:\\xampp\\htdocs\\Laravel Projects\\GSF\\vendor\\laravel\\framework\\src\\Illuminate\\View\\View.php(125): Illuminate\\View\\View->getContents()
#4 C:\\xampp\\htdocs\\Laravel Projects\\GSF\\vendor\\laravel\\framework\\src\\Illuminate\\View\\View.php(90): Illuminate\\View\\View->renderContents()
#5 C:\\xampp\\htdocs\\Laravel Projects\\GSF\\vendor\\laravel\\framework\\src\\Illuminate\\Http\\Response.php(42): Illuminate\\View\\View->render()
#6 C:\\xampp\\htdocs\\Laravel Projects\\GSF\\vendor\\symfony\\http-foundation\\Response.php(205): Illuminate\\Http\\Response->setContent(Object(Illuminate\\View\\View))
#7 C:\\xampp\\htdocs\\Laravel Projects\\GSF\\vendor\\laravel\\framework\\src\\Illuminate\\Routing\\Router.php(748): Symfony\\Component\\HttpFoundation\\Response->__construct(Object(Illuminate\\View\\View))
#8 C:\\xampp\\htdocs\\Laravel Projects\\GSF\\vendor\\laravel\\framework\\src\\Illuminate\\Routing\\Router.php(720): Illuminate\\Routing\\Router::toResponse(Object(Illuminate\\Http\\Request), Object(Illuminate\\View\\View))
#9 C:\\xampp\\htdocs\\Laravel Projects\\GSF\\vendor\\laravel\\framework\\src\\Illuminate\\Routing\\Router.php(680): Illuminate\\Routing\\Router->prepareResponse(Object(Illuminate\\Http\\Request), Object(Illuminate\\View\\View))
#10 C:\\xampp\\htdocs\\Laravel Projects\\GSF\\vendor\\laravel\\framework\\src\\Illuminate\\Routing\\Pipeline.php(30): Illuminate\\Routing\\Router->Illuminate\\Routing\\{closure}(Object(Illuminate\\Http\\Request))
#11 C:\\xampp\\htdocs\\Laravel Projects\\GSF\\app\\Http\\Middleware\\SwitchUser.php(22): Illuminate\\Routing\\Pipeline->Illuminate\\Routing\\{closure}(Object(Illuminate\\Http\\Request))
#12 C:\\xampp\\htdocs\\Laravel Projects\\GSF\\vendor\\laravel\\framework\\src\\Illuminate\\Pipeline\\Pipeline.php(163): App\\Http\\Middleware\\SwitchUser->handle(Object(Illuminate\\Http\\Request), Object(Closure))
#13 C:\\xampp\\htdocs\\Laravel Projects\\GSF\\vendor\\laravel\\framework\\src\\Illuminate\\Routing\\Pipeline.php(53): Illuminate\\Pipeline\\Pipeline->Illuminate\\Pipeline\\{closure}(Object(Illuminate\\Http\\Request))
#14 C:\\xampp\\htdocs\\Laravel Projects\\GSF\\vendor\\laravel\\framework\\src\\Illuminate\\Routing\\Middleware\\SubstituteBindings.php(41): Illuminate\\Routing\\Pipeline->Illuminate\\Routing\\{closure}(Object(Illuminate\\Http\\Request))
#15 C:\\xampp\\htdocs\\Laravel Projects\\GSF\\vendor\\laravel\\framework\\src\\Illuminate\\Pipeline\\Pipeline.php(163): Illuminate\\Routing\\Middleware\\SubstituteBindings->handle(Object(Illuminate\\Http\\Request), Object(Closure))
#16 C:\\xampp\\htdocs\\Laravel Projects\\GSF\\vendor\\laravel\\framework\\src\\Illuminate\\Routing\\Pipeline.php(53): Illuminate\\Pipeline\\Pipeline->Illuminate\\Pipeline\\{closure}(Object(Illuminate\\Http\\Request))
#17 C:\\xampp\\htdocs\\Laravel Projects\\GSF\\vendor\\laravel\\framework\\src\\Illuminate\\Auth\\Middleware\\Authenticate.php(43): Illuminate\\Routing\\Pipeline->Illuminate\\Routing\\{closure}(Object(Illuminate\\Http\\Request))
#18 C:\\xampp\\htdocs\\Laravel Projects\\GSF\\vendor\\laravel\\framework\\src\\Illuminate\\Pipeline\\Pipeline.php(163): Illuminate\\Auth\\Middleware\\Authenticate->handle(Object(Illuminate\\Http\\Request), Object(Closure))
#19 C:\\xampp\\htdocs\\Laravel Projects\\GSF\\vendor\\laravel\\framework\\src\\Illuminate\\Routing\\Pipeline.php(53): Illuminate\\Pipeline\\Pipeline->Illuminate\\Pipeline\\{closure}(Object(Illuminate\\Http\\Request))
#20 C:\\xampp\\htdocs\\Laravel Projects\\GSF\\vendor\\laravel\\framework\\src\\Illuminate\\Foundation\\Http\\Middleware\\VerifyCsrfToken.php(75): Illuminate\\Routing\\Pipeline->Illuminate\\Routing\\{closure}(Object(Illuminate\\Http\\Request))
#21 C:\\xampp\\htdocs\\Laravel Projects\\GSF\\vendor\\laravel\\framework\\src\\Illuminate\\Pipeline\\Pipeline.php(163): Illuminate\\Foundation\\Http\\Middleware\\VerifyCsrfToken->handle(Object(Illuminate\\Http\\Request), Object(Closure))
#22 C:\\xampp\\htdocs\\Laravel Projects\\GSF\\vendor\\laravel\\framework\\src\\Illuminate\\Routing\\Pipeline.php(53): Illuminate\\Pipeline\\Pipeline->Illuminate\\Pipeline\\{closure}(Object(Illuminate\\Http\\Request))
#23 C:\\xampp\\htdocs\\Laravel Projects\\GSF\\vendor\\laravel\\framework\\src\\Illuminate\\View\\Middleware\\ShareErrorsFromSession.php(49): Illuminate\\Routing\\Pipeline->Illuminate\\Routing\\{closure}(Object(Illuminate\\Http\\Request))
#24 C:\\xampp\\htdocs\\Laravel Projects\\GSF\\vendor\\laravel\\framework\\src\\Illuminate\\Pipeline\\Pipeline.php(163): Illuminate\\View\\Middleware\\ShareErrorsFromSession->handle(Object(Illuminate\\Http\\Request), Object(Closure))
#25 C:\\xampp\\htdocs\\Laravel Projects\\GSF\\vendor\\laravel\\framework\\src\\Illuminate\\Routing\\Pipeline.php(53): Illuminate\\Pipeline\\Pipeline->Illuminate\\Pipeline\\{closure}(Object(Illuminate\\Http\\Request))
#26 C:\\xampp\\htdocs\\Laravel Projects\\GSF\\vendor\\laravel\\framework\\src\\Illuminate\\Session\\Middleware\\StartSession.php(56): Illuminate\\Routing\\Pipeline->Illuminate\\Routing\\{closure}(Object(Illuminate\\Http\\Request))
#27 C:\\xampp\\htdocs\\Laravel Projects\\GSF\\vendor\\laravel\\framework\\src\\Illuminate\\Pipeline\\Pipeline.php(163): Illuminate\\Session\\Middleware\\StartSession->handle(Object(Illuminate\\Http\\Request), Object(Closure))
#28 C:\\xampp\\htdocs\\Laravel Projects\\GSF\\vendor\\laravel\\framework\\src\\Illuminate\\Routing\\Pipeline.php(53): Illuminate\\Pipeline\\Pipeline->Illuminate\\Pipeline\\{closure}(Object(Illuminate\\Http\\Request))
#29 C:\\xampp\\htdocs\\Laravel Projects\\GSF\\vendor\\laravel\\framework\\src\\Illuminate\\Cookie\\Middleware\\AddQueuedCookiesToResponse.php(37): Illuminate\\Routing\\Pipeline->Illuminate\\Routing\\{closure}(Object(Illuminate\\Http\\Request))
#30 C:\\xampp\\htdocs\\Laravel Projects\\GSF\\vendor\\laravel\\framework\\src\\Illuminate\\Pipeline\\Pipeline.php(163): Illuminate\\Cookie\\Middleware\\AddQueuedCookiesToResponse->handle(Object(Illuminate\\Http\\Request), Object(Closure))
#31 C:\\xampp\\htdocs\\Laravel Projects\\GSF\\vendor\\laravel\\framework\\src\\Illuminate\\Routing\\Pipeline.php(53): Illuminate\\Pipeline\\Pipeline->Illuminate\\Pipeline\\{closure}(Object(Illuminate\\Http\\Request))
#32 C:\\xampp\\htdocs\\Laravel Projects\\GSF\\vendor\\laravel\\framework\\src\\Illuminate\\Cookie\\Middleware\\EncryptCookies.php(66): Illuminate\\Routing\\Pipeline->Illuminate\\Routing\\{closure}(Object(Illuminate\\Http\\Request))
#33 C:\\xampp\\htdocs\\Laravel Projects\\GSF\\vendor\\laravel\\framework\\src\\Illuminate\\Pipeline\\Pipeline.php(163): Illuminate\\Cookie\\Middleware\\EncryptCookies->handle(Object(Illuminate\\Http\\Request), Object(Closure))
#34 C:\\xampp\\htdocs\\Laravel Projects\\GSF\\vendor\\laravel\\framework\\src\\Illuminate\\Routing\\Pipeline.php(53): Illuminate\\Pipeline\\Pipeline->Illuminate\\Pipeline\\{closure}(Object(Illuminate\\Http\\Request))
#35 C:\\xampp\\htdocs\\Laravel Projects\\GSF\\vendor\\laravel\\framework\\src\\Illuminate\\Pipeline\\Pipeline.php(104): Illuminate\\Routing\\Pipeline->Illuminate\\Routing\\{closure}(Object(Illuminate\\Http\\Request))
#36 C:\\xampp\\htdocs\\Laravel Projects\\GSF\\vendor\\laravel\\framework\\src\\Illuminate\\Routing\\Router.php(682): Illuminate\\Pipeline\\Pipeline->then(Object(Closure))
#37 C:\\xampp\\htdocs\\Laravel Projects\\GSF\\vendor\\laravel\\framework\\src\\Illuminate\\Routing\\Router.php(657): Illuminate\\Routing\\Router->runRouteWithinStack(Object(Illuminate\\Routing\\Route), Object(Illuminate\\Http\\Request))
#38 C:\\xampp\\htdocs\\Laravel Projects\\GSF\\vendor\\laravel\\framework\\src\\Illuminate\\Routing\\Router.php(623): Illuminate\\Routing\\Router->runRoute(Object(Illuminate\\Http\\Request), Object(Illuminate\\Routing\\Route))
#39 C:\\xampp\\htdocs\\Laravel Projects\\GSF\\vendor\\laravel\\framework\\src\\Illuminate\\Routing\\Router.php(612): Illuminate\\Routing\\Router->dispatchToRoute(Object(Illuminate\\Http\\Request))
#40 C:\\xampp\\htdocs\\Laravel Projects\\GSF\\vendor\\laravel\\framework\\src\\Illuminate\\Foundation\\Http\\Kernel.php(176): Illuminate\\Routing\\Router->dispatch(Object(Illuminate\\Http\\Request))
#41 C:\\xampp\\htdocs\\Laravel Projects\\GSF\\vendor\\laravel\\framework\\src\\Illuminate\\Routing\\Pipeline.php(30): Illuminate\\Foundation\\Http\\Kernel->Illuminate\\Foundation\\Http\\{closure}(Object(Illuminate\\Http\\Request))
#42 C:\\xampp\\htdocs\\Laravel Projects\\GSF\\vendor\\fideloper\\proxy\\src\\TrustProxies.php(57): Illuminate\\Routing\\Pipeline->Illuminate\\Routing\\{closure}(Object(Illuminate\\Http\\Request))
#43 C:\\xampp\\htdocs\\Laravel Projects\\GSF\\vendor\\laravel\\framework\\src\\Illuminate\\Pipeline\\Pipeline.php(163): Fideloper\\Proxy\\TrustProxies->handle(Object(Illuminate\\Http\\Request), Object(Closure))
#44 C:\\xampp\\htdocs\\Laravel Projects\\GSF\\vendor\\laravel\\framework\\src\\Illuminate\\Routing\\Pipeline.php(53): Illuminate\\Pipeline\\Pipeline->Illuminate\\Pipeline\\{closure}(Object(Illuminate\\Http\\Request))
#45 C:\\xampp\\htdocs\\Laravel Projects\\GSF\\vendor\\laravel\\framework\\src\\Illuminate\\Foundation\\Http\\Middleware\\TransformsRequest.php(21): Illuminate\\Routing\\Pipeline->Illuminate\\Routing\\{closure}(Object(Illuminate\\Http\\Request))
#46 C:\\xampp\\htdocs\\Laravel Projects\\GSF\\vendor\\laravel\\framework\\src\\Illuminate\\Pipeline\\Pipeline.php(163): Illuminate\\Foundation\\Http\\Middleware\\TransformsRequest->handle(Object(Illuminate\\Http\\Request), Object(Closure))
#47 C:\\xampp\\htdocs\\Laravel Projects\\GSF\\vendor\\laravel\\framework\\src\\Illuminate\\Routing\\Pipeline.php(53): Illuminate\\Pipeline\\Pipeline->Illuminate\\Pipeline\\{closure}(Object(Illuminate\\Http\\Request))
#48 C:\\xampp\\htdocs\\Laravel Projects\\GSF\\vendor\\laravel\\framework\\src\\Illuminate\\Foundation\\Http\\Middleware\\TransformsRequest.php(21): Illuminate\\Routing\\Pipeline->Illuminate\\Routing\\{closure}(Object(Illuminate\\Http\\Request))
#49 C:\\xampp\\htdocs\\Laravel Projects\\GSF\\vendor\\laravel\\framework\\src\\Illuminate\\Pipeline\\Pipeline.php(163): Illuminate\\Foundation\\Http\\Middleware\\TransformsRequest->handle(Object(Illuminate\\Http\\Request), Object(Closure))
#50 C:\\xampp\\htdocs\\Laravel Projects\\GSF\\vendor\\laravel\\framework\\src\\Illuminate\\Routing\\Pipeline.php(53): Illuminate\\Pipeline\\Pipeline->Illuminate\\Pipeline\\{closure}(Object(Illuminate\\Http\\Request))
#51 C:\\xampp\\htdocs\\Laravel Projects\\GSF\\vendor\\laravel\\framework\\src\\Illuminate\\Foundation\\Http\\Middleware\\ValidatePostSize.php(27): Illuminate\\Routing\\Pipeline->Illuminate\\Routing\\{closure}(Object(Illuminate\\Http\\Request))
#52 C:\\xampp\\htdocs\\Laravel Projects\\GSF\\vendor\\laravel\\framework\\src\\Illuminate\\Pipeline\\Pipeline.php(163): Illuminate\\Foundation\\Http\\Middleware\\ValidatePostSize->handle(Object(Illuminate\\Http\\Request), Object(Closure))
#53 C:\\xampp\\htdocs\\Laravel Projects\\GSF\\vendor\\laravel\\framework\\src\\Illuminate\\Routing\\Pipeline.php(53): Illuminate\\Pipeline\\Pipeline->Illuminate\\Pipeline\\{closure}(Object(Illuminate\\Http\\Request))
#54 C:\\xampp\\htdocs\\Laravel Projects\\GSF\\vendor\\laravel\\framework\\src\\Illuminate\\Foundation\\Http\\Middleware\\CheckForMaintenanceMode.php(62): Illuminate\\Routing\\Pipeline->Illuminate\\Routing\\{closure}(Object(Illuminate\\Http\\Request))
#55 C:\\xampp\\htdocs\\Laravel Projects\\GSF\\vendor\\laravel\\framework\\src\\Illuminate\\Pipeline\\Pipeline.php(163): Illuminate\\Foundation\\Http\\Middleware\\CheckForMaintenanceMode->handle(Object(Illuminate\\Http\\Request), Object(Closure))
#56 C:\\xampp\\htdocs\\Laravel Projects\\GSF\\vendor\\laravel\\framework\\src\\Illuminate\\Routing\\Pipeline.php(53): Illuminate\\Pipeline\\Pipeline->Illuminate\\Pipeline\\{closure}(Object(Illuminate\\Http\\Request))
#57 C:\\xampp\\htdocs\\Laravel Projects\\GSF\\vendor\\laravel\\framework\\src\\Illuminate\\Pipeline\\Pipeline.php(104): Illuminate\\Routing\\Pipeline->Illuminate\\Routing\\{closure}(Object(Illuminate\\Http\\Request))
#58 C:\\xampp\\htdocs\\Laravel Projects\\GSF\\vendor\\laravel\\framework\\src\\Illuminate\\Foundation\\Http\\Kernel.php(151): Illuminate\\Pipeline\\Pipeline->then(Object(Closure))
#59 C:\\xampp\\htdocs\\Laravel Projects\\GSF\\vendor\\laravel\\framework\\src\\Illuminate\\Foundation\\Http\\Kernel.php(116): Illuminate\\Foundation\\Http\\Kernel->sendRequestThroughRouter(Object(Illuminate\\Http\\Request))
#60 C:\\xampp\\htdocs\\Laravel Projects\\GSF\\public\\index.php(55): Illuminate\\Foundation\\Http\\Kernel->handle(Object(Illuminate\\Http\\Request))
#61 C:\\xampp\\htdocs\\Laravel Projects\\GSF\\server.php(21): require_once('C:\\\\xampp\\\\htdocs...')
#62 {main}
"} 
[2021-01-25 21:08:58] local.ERROR: syntax error, unexpected ')' (View: C:\xampp\htdocs\Laravel Projects\GSF\resources\views\participant\index.blade.php) {"userId":15,"exception":"[object] (ErrorException(code: 0): syntax error, unexpected ')' (View: C:\\xampp\\htdocs\\Laravel Projects\\GSF\esources\\views\\participant\\index.blade.php) at C:\\xampp\\htdocs\\Laravel Projects\\GSF\\storage\\framework\\views\\9d2c3ccbb94476023244733ccdacbd1be04f4765.php:84, Symfony\\Component\\Debug\\Exception\\FatalThrowableError(code: 0): syntax error, unexpected ')' at C:\\xampp\\htdocs\\Laravel Projects\\GSF\\storage\\framework\\views\\9d2c3ccbb94476023244733ccdacbd1be04f4765.php:84)
[stacktrace]
#0 C:\\xampp\\htdocs\\Laravel Projects\\GSF\\vendor\\laravel\\framework\\src\\Illuminate\\View\\Engines\\PhpEngine.php(47): Illuminate\\View\\Engines\\CompilerEngine->handleViewException(Object(Symfony\\Component\\Debug\\Exception\\FatalThrowableError), 1)
#1 C:\\xampp\\htdocs\\Laravel Projects\\GSF\\vendor\\laravel\\framework\\src\\Illuminate\\View\\Engines\\CompilerEngine.php(59): Illuminate\\View\\Engines\\PhpEngine->evaluatePath('C:\\\\xampp\\\\htdocs...', Array)
#2 C:\\xampp\\htdocs\\Laravel Projects\\GSF\\vendor\\laravel\\framework\\src\\Illuminate\\View\\View.php(142): Illuminate\\View\\Engines\\CompilerEngine->get('C:\\\\xampp\\\\htdocs...', Array)
#3 C:\\xampp\\htdocs\\Laravel Projects\\GSF\\vendor\\laravel\\framework\\src\\Illuminate\\View\\View.php(125): Illuminate\\View\\View->getContents()
#4 C:\\xampp\\htdocs\\Laravel Projects\\GSF\\vendor\\laravel\\framework\\src\\Illuminate\\View\\View.php(90): Illuminate\\View\\View->renderContents()
#5 C:\\xampp\\htdocs\\Laravel Projects\\GSF\\vendor\\laravel\\framework\\src\\Illuminate\\Http\\Response.php(42): Illuminate\\View\\View->render()
#6 C:\\xampp\\htdocs\\Laravel Projects\\GSF\\vendor\\symfony\\http-foundation\\Response.php(205): Illuminate\\Http\\Response->setContent(Object(Illuminate\\View\\View))
#7 C:\\xampp\\htdocs\\Laravel Projects\\GSF\\vendor\\laravel\\framework\\src\\Illuminate\\Routing\\Router.php(748): Symfony\\Component\\HttpFoundation\\Response->__construct(Object(Illuminate\\View\\View))
#8 C:\\xampp\\htdocs\\Laravel Projects\\GSF\\vendor\\laravel\\framework\\src\\Illuminate\\Routing\\Router.php(720): Illuminate\\Routing\\Router::toResponse(Object(Illuminate\\Http\\Request), Object(Illuminate\\View\\View))
#9 C:\\xampp\\htdocs\\Laravel Projects\\GSF\\vendor\\laravel\\framework\\src\\Illuminate\\Routing\\Router.php(680): Illuminate\\Routing\\Router->prepareResponse(Object(Illuminate\\Http\\Request), Object(Illuminate\\View\\View))
#10 C:\\xampp\\htdocs\\Laravel Projects\\GSF\\vendor\\laravel\\framework\\src\\Illuminate\\Routing\\Pipeline.php(30): Illuminate\\Routing\\Router->Illuminate\\Routing\\{closure}(Object(Illuminate\\Http\\Request))
#11 C:\\xampp\\htdocs\\Laravel Projects\\GSF\\app\\Http\\Middleware\\SwitchUser.php(22): Illuminate\\Routing\\Pipeline->Illuminate\\Routing\\{closure}(Object(Illuminate\\Http\\Request))
#12 C:\\xampp\\htdocs\\Laravel Projects\\GSF\\vendor\\laravel\\framework\\src\\Illuminate\\Pipeline\\Pipeline.php(163): App\\Http\\Middleware\\SwitchUser->handle(Object(Illuminate\\Http\\Request), Object(Closure))
#13 C:\\xampp\\htdocs\\Laravel Projects\\GSF\\vendor\\laravel\\framework\\src\\Illuminate\\Routing\\Pipeline.php(53): Illuminate\\Pipeline\\Pipeline->Illuminate\\Pipeline\\{closure}(Object(Illuminate\\Http\\Request))
#14 C:\\xampp\\htdocs\\Laravel Projects\\GSF\\vendor\\laravel\\framework\\src\\Illuminate\\Routing\\Middleware\\SubstituteBindings.php(41): Illuminate\\Routing\\Pipeline->Illuminate\\Routing\\{closure}(Object(Illuminate\\Http\\Request))
#15 C:\\xampp\\htdocs\\Laravel Projects\\GSF\\vendor\\laravel\\framework\\src\\Illuminate\\Pipeline\\Pipeline.php(163): Illuminate\\Routing\\Middleware\\SubstituteBindings->handle(Object(Illuminate\\Http\\Request), Object(Closure))
#16 C:\\xampp\\htdocs\\Laravel Projects\\GSF\\vendor\\laravel\\framework\\src\\Illuminate\\Routing\\Pipeline.php(53): Illuminate\\Pipeline\\Pipeline->Illuminate\\Pipeline\\{closure}(Object(Illuminate\\Http\\Request))
#17 C:\\xampp\\htdocs\\Laravel Projects\\GSF\\vendor\\laravel\\framework\\src\\Illuminate\\Auth\\Middleware\\Authenticate.php(43): Illuminate\\Routing\\Pipeline->Illuminate\\Routing\\{closure}(Object(Illuminate\\Http\\Request))
#18 C:\\xampp\\htdocs\\Laravel Projects\\GSF\\vendor\\laravel\\framework\\src\\Illuminate\\Pipeline\\Pipeline.php(163): Illuminate\\Auth\\Middleware\\Authenticate->handle(Object(Illuminate\\Http\\Request), Object(Closure))
#19 C:\\xampp\\htdocs\\Laravel Projects\\GSF\\vendor\\laravel\\framework\\src\\Illuminate\\Routing\\Pipeline.php(53): Illuminate\\Pipeline\\Pipeline->Illuminate\\Pipeline\\{closure}(Object(Illuminate\\Http\\Request))
#20 C:\\xampp\\htdocs\\Laravel Projects\\GSF\\vendor\\laravel\\framework\\src\\Illuminate\\Foundation\\Http\\Middleware\\VerifyCsrfToken.php(75): Illuminate\\Routing\\Pipeline->Illuminate\\Routing\\{closure}(Object(Illuminate\\Http\\Request))
#21 C:\\xampp\\htdocs\\Laravel Projects\\GSF\\vendor\\laravel\\framework\\src\\Illuminate\\Pipeline\\Pipeline.php(163): Illuminate\\Foundation\\Http\\Middleware\\VerifyCsrfToken->handle(Object(Illuminate\\Http\\Request), Object(Closure))
#22 C:\\xampp\\htdocs\\Laravel Projects\\GSF\\vendor\\laravel\\framework\\src\\Illuminate\\Routing\\Pipeline.php(53): Illuminate\\Pipeline\\Pipeline->Illuminate\\Pipeline\\{closure}(Object(Illuminate\\Http\\Request))
#23 C:\\xampp\\htdocs\\Laravel Projects\\GSF\\vendor\\laravel\\framework\\src\\Illuminate\\View\\Middleware\\ShareErrorsFromSession.php(49): Illuminate\\Routing\\Pipeline->Illuminate\\Routing\\{closure}(Object(Illuminate\\Http\\Request))
#24 C:\\xampp\\htdocs\\Laravel Projects\\GSF\\vendor\\laravel\\framework\\src\\Illuminate\\Pipeline\\Pipeline.php(163): Illuminate\\View\\Middleware\\ShareErrorsFromSession->handle(Object(Illuminate\\Http\\Request), Object(Closure))
#25 C:\\xampp\\htdocs\\Laravel Projects\\GSF\\vendor\\laravel\\framework\\src\\Illuminate\\Routing\\Pipeline.php(53): Illuminate\\Pipeline\\Pipeline->Illuminate\\Pipeline\\{closure}(Object(Illuminate\\Http\\Request))
#26 C:\\xampp\\htdocs\\Laravel Projects\\GSF\\vendor\\laravel\\framework\\src\\Illuminate\\Session\\Middleware\\StartSession.php(56): Illuminate\\Routing\\Pipeline->Illuminate\\Routing\\{closure}(Object(Illuminate\\Http\\Request))
#27 C:\\xampp\\htdocs\\Laravel Projects\\GSF\\vendor\\laravel\\framework\\src\\Illuminate\\Pipeline\\Pipeline.php(163): Illuminate\\Session\\Middleware\\StartSession->handle(Object(Illuminate\\Http\\Request), Object(Closure))
#28 C:\\xampp\\htdocs\\Laravel Projects\\GSF\\vendor\\laravel\\framework\\src\\Illuminate\\Routing\\Pipeline.php(53): Illuminate\\Pipeline\\Pipeline->Illuminate\\Pipeline\\{closure}(Object(Illuminate\\Http\\Request))
#29 C:\\xampp\\htdocs\\Laravel Projects\\GSF\\vendor\\laravel\\framework\\src\\Illuminate\\Cookie\\Middleware\\AddQueuedCookiesToResponse.php(37): Illuminate\\Routing\\Pipeline->Illuminate\\Routing\\{closure}(Object(Illuminate\\Http\\Request))
#30 C:\\xampp\\htdocs\\Laravel Projects\\GSF\\vendor\\laravel\\framework\\src\\Illuminate\\Pipeline\\Pipeline.php(163): Illuminate\\Cookie\\Middleware\\AddQueuedCookiesToResponse->handle(Object(Illuminate\\Http\\Request), Object(Closure))
#31 C:\\xampp\\htdocs\\Laravel Projects\\GSF\\vendor\\laravel\\framework\\src\\Illuminate\\Routing\\Pipeline.php(53): Illuminate\\Pipeline\\Pipeline->Illuminate\\Pipeline\\{closure}(Object(Illuminate\\Http\\Request))
#32 C:\\xampp\\htdocs\\Laravel Projects\\GSF\\vendor\\laravel\\framework\\src\\Illuminate\\Cookie\\Middleware\\EncryptCookies.php(66): Illuminate\\Routing\\Pipeline->Illuminate\\Routing\\{closure}(Object(Illuminate\\Http\\Request))
#33 C:\\xampp\\htdocs\\Laravel Projects\\GSF\\vendor\\laravel\\framework\\src\\Illuminate\\Pipeline\\Pipeline.php(163): Illuminate\\Cookie\\Middleware\\EncryptCookies->handle(Object(Illuminate\\Http\\Request), Object(Closure))
#34 C:\\xampp\\htdocs\\Laravel Projects\\GSF\\vendor\\laravel\\framework\\src\\Illuminate\\Routing\\Pipeline.php(53): Illuminate\\Pipeline\\Pipeline->Illuminate\\Pipeline\\{closure}(Object(Illuminate\\Http\\Request))
#35 C:\\xampp\\htdocs\\Laravel Projects\\GSF\\vendor\\laravel\\framework\\src\\Illuminate\\Pipeline\\Pipeline.php(104): Illuminate\\Routing\\Pipeline->Illuminate\\Routing\\{closure}(Object(Illuminate\\Http\\Request))
#36 C:\\xampp\\htdocs\\Laravel Projects\\GSF\\vendor\\laravel\\framework\\src\\Illuminate\\Routing\\Router.php(682): Illuminate\\Pipeline\\Pipeline->then(Object(Closure))
#37 C:\\xampp\\htdocs\\Laravel Projects\\GSF\\vendor\\laravel\\framework\\src\\Illuminate\\Routing\\Router.php(657): Illuminate\\Routing\\Router->runRouteWithinStack(Object(Illuminate\\Routing\\Route), Object(Illuminate\\Http\\Request))
#38 C:\\xampp\\htdocs\\Laravel Projects\\GSF\\vendor\\laravel\\framework\\src\\Illuminate\\Routing\\Router.php(623): Illuminate\\Routing\\Router->runRoute(Object(Illuminate\\Http\\Request), Object(Illuminate\\Routing\\Route))
#39 C:\\xampp\\htdocs\\Laravel Projects\\GSF\\vendor\\laravel\\framework\\src\\Illuminate\\Routing\\Router.php(612): Illuminate\\Routing\\Router->dispatchToRoute(Object(Illuminate\\Http\\Request))
#40 C:\\xampp\\htdocs\\Laravel Projects\\GSF\\vendor\\laravel\\framework\\src\\Illuminate\\Foundation\\Http\\Kernel.php(176): Illuminate\\Routing\\Router->dispatch(Object(Illuminate\\Http\\Request))
#41 C:\\xampp\\htdocs\\Laravel Projects\\GSF\\vendor\\laravel\\framework\\src\\Illuminate\\Routing\\Pipeline.php(30): Illuminate\\Foundation\\Http\\Kernel->Illuminate\\Foundation\\Http\\{closure}(Object(Illuminate\\Http\\Request))
#42 C:\\xampp\\htdocs\\Laravel Projects\\GSF\\vendor\\fideloper\\proxy\\src\\TrustProxies.php(57): Illuminate\\Routing\\Pipeline->Illuminate\\Routing\\{closure}(Object(Illuminate\\Http\\Request))
#43 C:\\xampp\\htdocs\\Laravel Projects\\GSF\\vendor\\laravel\\framework\\src\\Illuminate\\Pipeline\\Pipeline.php(163): Fideloper\\Proxy\\TrustProxies->handle(Object(Illuminate\\Http\\Request), Object(Closure))
#44 C:\\xampp\\htdocs\\Laravel Projects\\GSF\\vendor\\laravel\\framework\\src\\Illuminate\\Routing\\Pipeline.php(53): Illuminate\\Pipeline\\Pipeline->Illuminate\\Pipeline\\{closure}(Object(Illuminate\\Http\\Request))
#45 C:\\xampp\\htdocs\\Laravel Projects\\GSF\\vendor\\laravel\\framework\\src\\Illuminate\\Foundation\\Http\\Middleware\\TransformsRequest.php(21): Illuminate\\Routing\\Pipeline->Illuminate\\Routing\\{closure}(Object(Illuminate\\Http\\Request))
#46 C:\\xampp\\htdocs\\Laravel Projects\\GSF\\vendor\\laravel\\framework\\src\\Illuminate\\Pipeline\\Pipeline.php(163): Illuminate\\Foundation\\Http\\Middleware\\TransformsRequest->handle(Object(Illuminate\\Http\\Request), Object(Closure))
#47 C:\\xampp\\htdocs\\Laravel Projects\\GSF\\vendor\\laravel\\framework\\src\\Illuminate\\Routing\\Pipeline.php(53): Illuminate\\Pipeline\\Pipeline->Illuminate\\Pipeline\\{closure}(Object(Illuminate\\Http\\Request))
#48 C:\\xampp\\htdocs\\Laravel Projects\\GSF\\vendor\\laravel\\framework\\src\\Illuminate\\Foundation\\Http\\Middleware\\TransformsRequest.php(21): Illuminate\\Routing\\Pipeline->Illuminate\\Routing\\{closure}(Object(Illuminate\\Http\\Request))
#49 C:\\xampp\\htdocs\\Laravel Projects\\GSF\\vendor\\laravel\\framework\\src\\Illuminate\\Pipeline\\Pipeline.php(163): Illuminate\\Foundation\\Http\\Middleware\\TransformsRequest->handle(Object(Illuminate\\Http\\Request), Object(Closure))
#50 C:\\xampp\\htdocs\\Laravel Projects\\GSF\\vendor\\laravel\\framework\\src\\Illuminate\\Routing\\Pipeline.php(53): Illuminate\\Pipeline\\Pipeline->Illuminate\\Pipeline\\{closure}(Object(Illuminate\\Http\\Request))
#51 C:\\xampp\\htdocs\\Laravel Projects\\GSF\\vendor\\laravel\\framework\\src\\Illuminate\\Foundation\\Http\\Middleware\\ValidatePostSize.php(27): Illuminate\\Routing\\Pipeline->Illuminate\\Routing\\{closure}(Object(Illuminate\\Http\\Request))
#52 C:\\xampp\\htdocs\\Laravel Projects\\GSF\\vendor\\laravel\\framework\\src\\Illuminate\\Pipeline\\Pipeline.php(163): Illuminate\\Foundation\\Http\\Middleware\\ValidatePostSize->handle(Object(Illuminate\\Http\\Request), Object(Closure))
#53 C:\\xampp\\htdocs\\Laravel Projects\\GSF\\vendor\\laravel\\framework\\src\\Illuminate\\Routing\\Pipeline.php(53): Illuminate\\Pipeline\\Pipeline->Illuminate\\Pipeline\\{closure}(Object(Illuminate\\Http\\Request))
#54 C:\\xampp\\htdocs\\Laravel Projects\\GSF\\vendor\\laravel\\framework\\src\\Illuminate\\Foundation\\Http\\Middleware\\CheckForMaintenanceMode.php(62): Illuminate\\Routing\\Pipeline->Illuminate\\Routing\\{closure}(Object(Illuminate\\Http\\Request))
#55 C:\\xampp\\htdocs\\Laravel Projects\\GSF\\vendor\\laravel\\framework\\src\\Illuminate\\Pipeline\\Pipeline.php(163): Illuminate\\Foundation\\Http\\Middleware\\CheckForMaintenanceMode->handle(Object(Illuminate\\Http\\Request), Object(Closure))
#56 C:\\xampp\\htdocs\\Laravel Projects\\GSF\\vendor\\laravel\\framework\\src\\Illuminate\\Routing\\Pipeline.php(53): Illuminate\\Pipeline\\Pipeline->Illuminate\\Pipeline\\{closure}(Object(Illuminate\\Http\\Request))
#57 C:\\xampp\\htdocs\\Laravel Projects\\GSF\\vendor\\laravel\\framework\\src\\Illuminate\\Pipeline\\Pipeline.php(104): Illuminate\\Routing\\Pipeline->Illuminate\\Routing\\{closure}(Object(Illuminate\\Http\\Request))
#58 C:\\xampp\\htdocs\\Laravel Projects\\GSF\\vendor\\laravel\\framework\\src\\Illuminate\\Foundation\\Http\\Kernel.php(151): Illuminate\\Pipeline\\Pipeline->then(Object(Closure))
#59 C:\\xampp\\htdocs\\Laravel Projects\\GSF\\vendor\\laravel\\framework\\src\\Illuminate\\Foundation\\Http\\Kernel.php(116): Illuminate\\Foundation\\Http\\Kernel->sendRequestThroughRouter(Object(Illuminate\\Http\\Request))
#60 C:\\xampp\\htdocs\\Laravel Projects\\GSF\\public\\index.php(55): Illuminate\\Foundation\\Http\\Kernel->handle(Object(Illuminate\\Http\\Request))
#61 C:\\xampp\\htdocs\\Laravel Projects\\GSF\\server.php(21): require_once('C:\\\\xampp\\\\htdocs...')
#62 {main}
"} 
[2021-01-25 21:09:00] local.ERROR: syntax error, unexpected ')' (View: C:\xampp\htdocs\Laravel Projects\GSF\resources\views\participant\index.blade.php) {"userId":15,"exception":"[object] (ErrorException(code: 0): syntax error, unexpected ')' (View: C:\\xampp\\htdocs\\Laravel Projects\\GSF\esources\\views\\participant\\index.blade.php) at C:\\xampp\\htdocs\\Laravel Projects\\GSF\\storage\\framework\\views\\9d2c3ccbb94476023244733ccdacbd1be04f4765.php:84, Symfony\\Component\\Debug\\Exception\\FatalThrowableError(code: 0): syntax error, unexpected ')' at C:\\xampp\\htdocs\\Laravel Projects\\GSF\\storage\\framework\\views\\9d2c3ccbb94476023244733ccdacbd1be04f4765.php:84)
[stacktrace]
#0 C:\\xampp\\htdocs\\Laravel Projects\\GSF\\vendor\\laravel\\framework\\src\\Illuminate\\View\\Engines\\PhpEngine.php(47): Illuminate\\View\\Engines\\CompilerEngine->handleViewException(Object(Symfony\\Component\\Debug\\Exception\\FatalThrowableError), 1)
#1 C:\\xampp\\htdocs\\Laravel Projects\\GSF\\vendor\\laravel\\framework\\src\\Illuminate\\View\\Engines\\CompilerEngine.php(59): Illuminate\\View\\Engines\\PhpEngine->evaluatePath('C:\\\\xampp\\\\htdocs...', Array)
#2 C:\\xampp\\htdocs\\Laravel Projects\\GSF\\vendor\\laravel\\framework\\src\\Illuminate\\View\\View.php(142): Illuminate\\View\\Engines\\CompilerEngine->get('C:\\\\xampp\\\\htdocs...', Array)
#3 C:\\xampp\\htdocs\\Laravel Projects\\GSF\\vendor\\laravel\\framework\\src\\Illuminate\\View\\View.php(125): Illuminate\\View\\View->getContents()
#4 C:\\xampp\\htdocs\\Laravel Projects\\GSF\\vendor\\laravel\\framework\\src\\Illuminate\\View\\View.php(90): Illuminate\\View\\View->renderContents()
#5 C:\\xampp\\htdocs\\Laravel Projects\\GSF\\vendor\\laravel\\framework\\src\\Illuminate\\Http\\Response.php(42): Illuminate\\View\\View->render()
#6 C:\\xampp\\htdocs\\Laravel Projects\\GSF\\vendor\\symfony\\http-foundation\\Response.php(205): Illuminate\\Http\\Response->setContent(Object(Illuminate\\View\\View))
#7 C:\\xampp\\htdocs\\Laravel Projects\\GSF\\vendor\\laravel\\framework\\src\\Illuminate\\Routing\\Router.php(748): Symfony\\Component\\HttpFoundation\\Response->__construct(Object(Illuminate\\View\\View))
#8 C:\\xampp\\htdocs\\Laravel Projects\\GSF\\vendor\\laravel\\framework\\src\\Illuminate\\Routing\\Router.php(720): Illuminate\\Routing\\Router::toResponse(Object(Illuminate\\Http\\Request), Object(Illuminate\\View\\View))
#9 C:\\xampp\\htdocs\\Laravel Projects\\GSF\\vendor\\laravel\\framework\\src\\Illuminate\\Routing\\Router.php(680): Illuminate\\Routing\\Router->prepareResponse(Object(Illuminate\\Http\\Request), Object(Illuminate\\View\\View))
#10 C:\\xampp\\htdocs\\Laravel Projects\\GSF\\vendor\\laravel\\framework\\src\\Illuminate\\Routing\\Pipeline.php(30): Illuminate\\Routing\\Router->Illuminate\\Routing\\{closure}(Object(Illuminate\\Http\\Request))
#11 C:\\xampp\\htdocs\\Laravel Projects\\GSF\\app\\Http\\Middleware\\SwitchUser.php(22): Illuminate\\Routing\\Pipeline->Illuminate\\Routing\\{closure}(Object(Illuminate\\Http\\Request))
#12 C:\\xampp\\htdocs\\Laravel Projects\\GSF\\vendor\\laravel\\framework\\src\\Illuminate\\Pipeline\\Pipeline.php(163): App\\Http\\Middleware\\SwitchUser->handle(Object(Illuminate\\Http\\Request), Object(Closure))
#13 C:\\xampp\\htdocs\\Laravel Projects\\GSF\\vendor\\laravel\\framework\\src\\Illuminate\\Routing\\Pipeline.php(53): Illuminate\\Pipeline\\Pipeline->Illuminate\\Pipeline\\{closure}(Object(Illuminate\\Http\\Request))
#14 C:\\xampp\\htdocs\\Laravel Projects\\GSF\\vendor\\laravel\\framework\\src\\Illuminate\\Routing\\Middleware\\SubstituteBindings.php(41): Illuminate\\Routing\\Pipeline->Illuminate\\Routing\\{closure}(Object(Illuminate\\Http\\Request))
#15 C:\\xampp\\htdocs\\Laravel Projects\\GSF\\vendor\\laravel\\framework\\src\\Illuminate\\Pipeline\\Pipeline.php(163): Illuminate\\Routing\\Middleware\\SubstituteBindings->handle(Object(Illuminate\\Http\\Request), Object(Closure))
#16 C:\\xampp\\htdocs\\Laravel Projects\\GSF\\vendor\\laravel\\framework\\src\\Illuminate\\Routing\\Pipeline.php(53): Illuminate\\Pipeline\\Pipeline->Illuminate\\Pipeline\\{closure}(Object(Illuminate\\Http\\Request))
#17 C:\\xampp\\htdocs\\Laravel Projects\\GSF\\vendor\\laravel\\framework\\src\\Illuminate\\Auth\\Middleware\\Authenticate.php(43): Illuminate\\Routing\\Pipeline->Illuminate\\Routing\\{closure}(Object(Illuminate\\Http\\Request))
#18 C:\\xampp\\htdocs\\Laravel Projects\\GSF\\vendor\\laravel\\framework\\src\\Illuminate\\Pipeline\\Pipeline.php(163): Illuminate\\Auth\\Middleware\\Authenticate->handle(Object(Illuminate\\Http\\Request), Object(Closure))
#19 C:\\xampp\\htdocs\\Laravel Projects\\GSF\\vendor\\laravel\\framework\\src\\Illuminate\\Routing\\Pipeline.php(53): Illuminate\\Pipeline\\Pipeline->Illuminate\\Pipeline\\{closure}(Object(Illuminate\\Http\\Request))
#20 C:\\xampp\\htdocs\\Laravel Projects\\GSF\\vendor\\laravel\\framework\\src\\Illuminate\\Foundation\\Http\\Middleware\\VerifyCsrfToken.php(75): Illuminate\\Routing\\Pipeline->Illuminate\\Routing\\{closure}(Object(Illuminate\\Http\\Request))
#21 C:\\xampp\\htdocs\\Laravel Projects\\GSF\\vendor\\laravel\\framework\\src\\Illuminate\\Pipeline\\Pipeline.php(163): Illuminate\\Foundation\\Http\\Middleware\\VerifyCsrfToken->handle(Object(Illuminate\\Http\\Request), Object(Closure))
#22 C:\\xampp\\htdocs\\Laravel Projects\\GSF\\vendor\\laravel\\framework\\src\\Illuminate\\Routing\\Pipeline.php(53): Illuminate\\Pipeline\\Pipeline->Illuminate\\Pipeline\\{closure}(Object(Illuminate\\Http\\Request))
#23 C:\\xampp\\htdocs\\Laravel Projects\\GSF\\vendor\\laravel\\framework\\src\\Illuminate\\View\\Middleware\\ShareErrorsFromSession.php(49): Illuminate\\Routing\\Pipeline->Illuminate\\Routing\\{closure}(Object(Illuminate\\Http\\Request))
#24 C:\\xampp\\htdocs\\Laravel Projects\\GSF\\vendor\\laravel\\framework\\src\\Illuminate\\Pipeline\\Pipeline.php(163): Illuminate\\View\\Middleware\\ShareErrorsFromSession->handle(Object(Illuminate\\Http\\Request), Object(Closure))
#25 C:\\xampp\\htdocs\\Laravel Projects\\GSF\\vendor\\laravel\\framework\\src\\Illuminate\\Routing\\Pipeline.php(53): Illuminate\\Pipeline\\Pipeline->Illuminate\\Pipeline\\{closure}(Object(Illuminate\\Http\\Request))
#26 C:\\xampp\\htdocs\\Laravel Projects\\GSF\\vendor\\laravel\\framework\\src\\Illuminate\\Session\\Middleware\\StartSession.php(56): Illuminate\\Routing\\Pipeline->Illuminate\\Routing\\{closure}(Object(Illuminate\\Http\\Request))
#27 C:\\xampp\\htdocs\\Laravel Projects\\GSF\\vendor\\laravel\\framework\\src\\Illuminate\\Pipeline\\Pipeline.php(163): Illuminate\\Session\\Middleware\\StartSession->handle(Object(Illuminate\\Http\\Request), Object(Closure))
#28 C:\\xampp\\htdocs\\Laravel Projects\\GSF\\vendor\\laravel\\framework\\src\\Illuminate\\Routing\\Pipeline.php(53): Illuminate\\Pipeline\\Pipeline->Illuminate\\Pipeline\\{closure}(Object(Illuminate\\Http\\Request))
#29 C:\\xampp\\htdocs\\Laravel Projects\\GSF\\vendor\\laravel\\framework\\src\\Illuminate\\Cookie\\Middleware\\AddQueuedCookiesToResponse.php(37): Illuminate\\Routing\\Pipeline->Illuminate\\Routing\\{closure}(Object(Illuminate\\Http\\Request))
#30 C:\\xampp\\htdocs\\Laravel Projects\\GSF\\vendor\\laravel\\framework\\src\\Illuminate\\Pipeline\\Pipeline.php(163): Illuminate\\Cookie\\Middleware\\AddQueuedCookiesToResponse->handle(Object(Illuminate\\Http\\Request), Object(Closure))
#31 C:\\xampp\\htdocs\\Laravel Projects\\GSF\\vendor\\laravel\\framework\\src\\Illuminate\\Routing\\Pipeline.php(53): Illuminate\\Pipeline\\Pipeline->Illuminate\\Pipeline\\{closure}(Object(Illuminate\\Http\\Request))
#32 C:\\xampp\\htdocs\\Laravel Projects\\GSF\\vendor\\laravel\\framework\\src\\Illuminate\\Cookie\\Middleware\\EncryptCookies.php(66): Illuminate\\Routing\\Pipeline->Illuminate\\Routing\\{closure}(Object(Illuminate\\Http\\Request))
#33 C:\\xampp\\htdocs\\Laravel Projects\\GSF\\vendor\\laravel\\framework\\src\\Illuminate\\Pipeline\\Pipeline.php(163): Illuminate\\Cookie\\Middleware\\EncryptCookies->handle(Object(Illuminate\\Http\\Request), Object(Closure))
#34 C:\\xampp\\htdocs\\Laravel Projects\\GSF\\vendor\\laravel\\framework\\src\\Illuminate\\Routing\\Pipeline.php(53): Illuminate\\Pipeline\\Pipeline->Illuminate\\Pipeline\\{closure}(Object(Illuminate\\Http\\Request))
#35 C:\\xampp\\htdocs\\Laravel Projects\\GSF\\vendor\\laravel\\framework\\src\\Illuminate\\Pipeline\\Pipeline.php(104): Illuminate\\Routing\\Pipeline->Illuminate\\Routing\\{closure}(Object(Illuminate\\Http\\Request))
#36 C:\\xampp\\htdocs\\Laravel Projects\\GSF\\vendor\\laravel\\framework\\src\\Illuminate\\Routing\\Router.php(682): Illuminate\\Pipeline\\Pipeline->then(Object(Closure))
#37 C:\\xampp\\htdocs\\Laravel Projects\\GSF\\vendor\\laravel\\framework\\src\\Illuminate\\Routing\\Router.php(657): Illuminate\\Routing\\Router->runRouteWithinStack(Object(Illuminate\\Routing\\Route), Object(Illuminate\\Http\\Request))
#38 C:\\xampp\\htdocs\\Laravel Projects\\GSF\\vendor\\laravel\\framework\\src\\Illuminate\\Routing\\Router.php(623): Illuminate\\Routing\\Router->runRoute(Object(Illuminate\\Http\\Request), Object(Illuminate\\Routing\\Route))
#39 C:\\xampp\\htdocs\\Laravel Projects\\GSF\\vendor\\laravel\\framework\\src\\Illuminate\\Routing\\Router.php(612): Illuminate\\Routing\\Router->dispatchToRoute(Object(Illuminate\\Http\\Request))
#40 C:\\xampp\\htdocs\\Laravel Projects\\GSF\\vendor\\laravel\\framework\\src\\Illuminate\\Foundation\\Http\\Kernel.php(176): Illuminate\\Routing\\Router->dispatch(Object(Illuminate\\Http\\Request))
#41 C:\\xampp\\htdocs\\Laravel Projects\\GSF\\vendor\\laravel\\framework\\src\\Illuminate\\Routing\\Pipeline.php(30): Illuminate\\Foundation\\Http\\Kernel->Illuminate\\Foundation\\Http\\{closure}(Object(Illuminate\\Http\\Request))
#42 C:\\xampp\\htdocs\\Laravel Projects\\GSF\\vendor\\fideloper\\proxy\\src\\TrustProxies.php(57): Illuminate\\Routing\\Pipeline->Illuminate\\Routing\\{closure}(Object(Illuminate\\Http\\Request))
#43 C:\\xampp\\htdocs\\Laravel Projects\\GSF\\vendor\\laravel\\framework\\src\\Illuminate\\Pipeline\\Pipeline.php(163): Fideloper\\Proxy\\TrustProxies->handle(Object(Illuminate\\Http\\Request), Object(Closure))
#44 C:\\xampp\\htdocs\\Laravel Projects\\GSF\\vendor\\laravel\\framework\\src\\Illuminate\\Routing\\Pipeline.php(53): Illuminate\\Pipeline\\Pipeline->Illuminate\\Pipeline\\{closure}(Object(Illuminate\\Http\\Request))
#45 C:\\xampp\\htdocs\\Laravel Projects\\GSF\\vendor\\laravel\\framework\\src\\Illuminate\\Foundation\\Http\\Middleware\\TransformsRequest.php(21): Illuminate\\Routing\\Pipeline->Illuminate\\Routing\\{closure}(Object(Illuminate\\Http\\Request))
#46 C:\\xampp\\htdocs\\Laravel Projects\\GSF\\vendor\\laravel\\framework\\src\\Illuminate\\Pipeline\\Pipeline.php(163): Illuminate\\Foundation\\Http\\Middleware\\TransformsRequest->handle(Object(Illuminate\\Http\\Request), Object(Closure))
#47 C:\\xampp\\htdocs\\Laravel Projects\\GSF\\vendor\\laravel\\framework\\src\\Illuminate\\Routing\\Pipeline.php(53): Illuminate\\Pipeline\\Pipeline->Illuminate\\Pipeline\\{closure}(Object(Illuminate\\Http\\Request))
#48 C:\\xampp\\htdocs\\Laravel Projects\\GSF\\vendor\\laravel\\framework\\src\\Illuminate\\Foundation\\Http\\Middleware\\TransformsRequest.php(21): Illuminate\\Routing\\Pipeline->Illuminate\\Routing\\{closure}(Object(Illuminate\\Http\\Request))
#49 C:\\xampp\\htdocs\\Laravel Projects\\GSF\\vendor\\laravel\\framework\\src\\Illuminate\\Pipeline\\Pipeline.php(163): Illuminate\\Foundation\\Http\\Middleware\\TransformsRequest->handle(Object(Illuminate\\Http\\Request), Object(Closure))
#50 C:\\xampp\\htdocs\\Laravel Projects\\GSF\\vendor\\laravel\\framework\\src\\Illuminate\\Routing\\Pipeline.php(53): Illuminate\\Pipeline\\Pipeline->Illuminate\\Pipeline\\{closure}(Object(Illuminate\\Http\\Request))
#51 C:\\xampp\\htdocs\\Laravel Projects\\GSF\\vendor\\laravel\\framework\\src\\Illuminate\\Foundation\\Http\\Middleware\\ValidatePostSize.php(27): Illuminate\\Routing\\Pipeline->Illuminate\\Routing\\{closure}(Object(Illuminate\\Http\\Request))
#52 C:\\xampp\\htdocs\\Laravel Projects\\GSF\\vendor\\laravel\\framework\\src\\Illuminate\\Pipeline\\Pipeline.php(163): Illuminate\\Foundation\\Http\\Middleware\\ValidatePostSize->handle(Object(Illuminate\\Http\\Request), Object(Closure))
#53 C:\\xampp\\htdocs\\Laravel Projects\\GSF\\vendor\\laravel\\framework\\src\\Illuminate\\Routing\\Pipeline.php(53): Illuminate\\Pipeline\\Pipeline->Illuminate\\Pipeline\\{closure}(Object(Illuminate\\Http\\Request))
#54 C:\\xampp\\htdocs\\Laravel Projects\\GSF\\vendor\\laravel\\framework\\src\\Illuminate\\Foundation\\Http\\Middleware\\CheckForMaintenanceMode.php(62): Illuminate\\Routing\\Pipeline->Illuminate\\Routing\\{closure}(Object(Illuminate\\Http\\Request))
#55 C:\\xampp\\htdocs\\Laravel Projects\\GSF\\vendor\\laravel\\framework\\src\\Illuminate\\Pipeline\\Pipeline.php(163): Illuminate\\Foundation\\Http\\Middleware\\CheckForMaintenanceMode->handle(Object(Illuminate\\Http\\Request), Object(Closure))
#56 C:\\xampp\\htdocs\\Laravel Projects\\GSF\\vendor\\laravel\\framework\\src\\Illuminate\\Routing\\Pipeline.php(53): Illuminate\\Pipeline\\Pipeline->Illuminate\\Pipeline\\{closure}(Object(Illuminate\\Http\\Request))
#57 C:\\xampp\\htdocs\\Laravel Projects\\GSF\\vendor\\laravel\\framework\\src\\Illuminate\\Pipeline\\Pipeline.php(104): Illuminate\\Routing\\Pipeline->Illuminate\\Routing\\{closure}(Object(Illuminate\\Http\\Request))
#58 C:\\xampp\\htdocs\\Laravel Projects\\GSF\\vendor\\laravel\\framework\\src\\Illuminate\\Foundation\\Http\\Kernel.php(151): Illuminate\\Pipeline\\Pipeline->then(Object(Closure))
#59 C:\\xampp\\htdocs\\Laravel Projects\\GSF\\vendor\\laravel\\framework\\src\\Illuminate\\Foundation\\Http\\Kernel.php(116): Illuminate\\Foundation\\Http\\Kernel->sendRequestThroughRouter(Object(Illuminate\\Http\\Request))
#60 C:\\xampp\\htdocs\\Laravel Projects\\GSF\\public\\index.php(55): Illuminate\\Foundation\\Http\\Kernel->handle(Object(Illuminate\\Http\\Request))
#61 C:\\xampp\\htdocs\\Laravel Projects\\GSF\\server.php(21): require_once('C:\\\\xampp\\\\htdocs...')
#62 {main}
"} 
[2021-01-25 21:09:18] local.ERROR: syntax error, unexpected ')' (View: C:\xampp\htdocs\Laravel Projects\GSF\resources\views\participant\index.blade.php) {"userId":15,"exception":"[object] (ErrorException(code: 0): syntax error, unexpected ')' (View: C:\\xampp\\htdocs\\Laravel Projects\\GSF\esources\\views\\participant\\index.blade.php) at C:\\xampp\\htdocs\\Laravel Projects\\GSF\\storage\\framework\\views\\9d2c3ccbb94476023244733ccdacbd1be04f4765.php:84, Symfony\\Component\\Debug\\Exception\\FatalThrowableError(code: 0): syntax error, unexpected ')' at C:\\xampp\\htdocs\\Laravel Projects\\GSF\\storage\\framework\\views\\9d2c3ccbb94476023244733ccdacbd1be04f4765.php:84)
[stacktrace]
#0 C:\\xampp\\htdocs\\Laravel Projects\\GSF\\vendor\\laravel\\framework\\src\\Illuminate\\View\\Engines\\PhpEngine.php(47): Illuminate\\View\\Engines\\CompilerEngine->handleViewException(Object(Symfony\\Component\\Debug\\Exception\\FatalThrowableError), 1)
#1 C:\\xampp\\htdocs\\Laravel Projects\\GSF\\vendor\\laravel\\framework\\src\\Illuminate\\View\\Engines\\CompilerEngine.php(59): Illuminate\\View\\Engines\\PhpEngine->evaluatePath('C:\\\\xampp\\\\htdocs...', Array)
#2 C:\\xampp\\htdocs\\Laravel Projects\\GSF\\vendor\\laravel\\framework\\src\\Illuminate\\View\\View.php(142): Illuminate\\View\\Engines\\CompilerEngine->get('C:\\\\xampp\\\\htdocs...', Array)
#3 C:\\xampp\\htdocs\\Laravel Projects\\GSF\\vendor\\laravel\\framework\\src\\Illuminate\\View\\View.php(125): Illuminate\\View\\View->getContents()
#4 C:\\xampp\\htdocs\\Laravel Projects\\GSF\\vendor\\laravel\\framework\\src\\Illuminate\\View\\View.php(90): Illuminate\\View\\View->renderContents()
#5 C:\\xampp\\htdocs\\Laravel Projects\\GSF\\vendor\\laravel\\framework\\src\\Illuminate\\Http\\Response.php(42): Illuminate\\View\\View->render()
#6 C:\\xampp\\htdocs\\Laravel Projects\\GSF\\vendor\\symfony\\http-foundation\\Response.php(205): Illuminate\\Http\\Response->setContent(Object(Illuminate\\View\\View))
#7 C:\\xampp\\htdocs\\Laravel Projects\\GSF\\vendor\\laravel\\framework\\src\\Illuminate\\Routing\\Router.php(748): Symfony\\Component\\HttpFoundation\\Response->__construct(Object(Illuminate\\View\\View))
#8 C:\\xampp\\htdocs\\Laravel Projects\\GSF\\vendor\\laravel\\framework\\src\\Illuminate\\Routing\\Router.php(720): Illuminate\\Routing\\Router::toResponse(Object(Illuminate\\Http\\Request), Object(Illuminate\\View\\View))
#9 C:\\xampp\\htdocs\\Laravel Projects\\GSF\\vendor\\laravel\\framework\\src\\Illuminate\\Routing\\Router.php(680): Illuminate\\Routing\\Router->prepareResponse(Object(Illuminate\\Http\\Request), Object(Illuminate\\View\\View))
#10 C:\\xampp\\htdocs\\Laravel Projects\\GSF\\vendor\\laravel\\framework\\src\\Illuminate\\Routing\\Pipeline.php(30): Illuminate\\Routing\\Router->Illuminate\\Routing\\{closure}(Object(Illuminate\\Http\\Request))
#11 C:\\xampp\\htdocs\\Laravel Projects\\GSF\\app\\Http\\Middleware\\SwitchUser.php(22): Illuminate\\Routing\\Pipeline->Illuminate\\Routing\\{closure}(Object(Illuminate\\Http\\Request))
#12 C:\\xampp\\htdocs\\Laravel Projects\\GSF\\vendor\\laravel\\framework\\src\\Illuminate\\Pipeline\\Pipeline.php(163): App\\Http\\Middleware\\SwitchUser->handle(Object(Illuminate\\Http\\Request), Object(Closure))
#13 C:\\xampp\\htdocs\\Laravel Projects\\GSF\\vendor\\laravel\\framework\\src\\Illuminate\\Routing\\Pipeline.php(53): Illuminate\\Pipeline\\Pipeline->Illuminate\\Pipeline\\{closure}(Object(Illuminate\\Http\\Request))
#14 C:\\xampp\\htdocs\\Laravel Projects\\GSF\\vendor\\laravel\\framework\\src\\Illuminate\\Routing\\Middleware\\SubstituteBindings.php(41): Illuminate\\Routing\\Pipeline->Illuminate\\Routing\\{closure}(Object(Illuminate\\Http\\Request))
#15 C:\\xampp\\htdocs\\Laravel Projects\\GSF\\vendor\\laravel\\framework\\src\\Illuminate\\Pipeline\\Pipeline.php(163): Illuminate\\Routing\\Middleware\\SubstituteBindings->handle(Object(Illuminate\\Http\\Request), Object(Closure))
#16 C:\\xampp\\htdocs\\Laravel Projects\\GSF\\vendor\\laravel\\framework\\src\\Illuminate\\Routing\\Pipeline.php(53): Illuminate\\Pipeline\\Pipeline->Illuminate\\Pipeline\\{closure}(Object(Illuminate\\Http\\Request))
#17 C:\\xampp\\htdocs\\Laravel Projects\\GSF\\vendor\\laravel\\framework\\src\\Illuminate\\Auth\\Middleware\\Authenticate.php(43): Illuminate\\Routing\\Pipeline->Illuminate\\Routing\\{closure}(Object(Illuminate\\Http\\Request))
#18 C:\\xampp\\htdocs\\Laravel Projects\\GSF\\vendor\\laravel\\framework\\src\\Illuminate\\Pipeline\\Pipeline.php(163): Illuminate\\Auth\\Middleware\\Authenticate->handle(Object(Illuminate\\Http\\Request), Object(Closure))
#19 C:\\xampp\\htdocs\\Laravel Projects\\GSF\\vendor\\laravel\\framework\\src\\Illuminate\\Routing\\Pipeline.php(53): Illuminate\\Pipeline\\Pipeline->Illuminate\\Pipeline\\{closure}(Object(Illuminate\\Http\\Request))
#20 C:\\xampp\\htdocs\\Laravel Projects\\GSF\\vendor\\laravel\\framework\\src\\Illuminate\\Foundation\\Http\\Middleware\\VerifyCsrfToken.php(75): Illuminate\\Routing\\Pipeline->Illuminate\\Routing\\{closure}(Object(Illuminate\\Http\\Request))
#21 C:\\xampp\\htdocs\\Laravel Projects\\GSF\\vendor\\laravel\\framework\\src\\Illuminate\\Pipeline\\Pipeline.php(163): Illuminate\\Foundation\\Http\\Middleware\\VerifyCsrfToken->handle(Object(Illuminate\\Http\\Request), Object(Closure))
#22 C:\\xampp\\htdocs\\Laravel Projects\\GSF\\vendor\\laravel\\framework\\src\\Illuminate\\Routing\\Pipeline.php(53): Illuminate\\Pipeline\\Pipeline->Illuminate\\Pipeline\\{closure}(Object(Illuminate\\Http\\Request))
#23 C:\\xampp\\htdocs\\Laravel Projects\\GSF\\vendor\\laravel\\framework\\src\\Illuminate\\View\\Middleware\\ShareErrorsFromSession.php(49): Illuminate\\Routing\\Pipeline->Illuminate\\Routing\\{closure}(Object(Illuminate\\Http\\Request))
#24 C:\\xampp\\htdocs\\Laravel Projects\\GSF\\vendor\\laravel\\framework\\src\\Illuminate\\Pipeline\\Pipeline.php(163): Illuminate\\View\\Middleware\\ShareErrorsFromSession->handle(Object(Illuminate\\Http\\Request), Object(Closure))
#25 C:\\xampp\\htdocs\\Laravel Projects\\GSF\\vendor\\laravel\\framework\\src\\Illuminate\\Routing\\Pipeline.php(53): Illuminate\\Pipeline\\Pipeline->Illuminate\\Pipeline\\{closure}(Object(Illuminate\\Http\\Request))
#26 C:\\xampp\\htdocs\\Laravel Projects\\GSF\\vendor\\laravel\\framework\\src\\Illuminate\\Session\\Middleware\\StartSession.php(56): Illuminate\\Routing\\Pipeline->Illuminate\\Routing\\{closure}(Object(Illuminate\\Http\\Request))
#27 C:\\xampp\\htdocs\\Laravel Projects\\GSF\\vendor\\laravel\\framework\\src\\Illuminate\\Pipeline\\Pipeline.php(163): Illuminate\\Session\\Middleware\\StartSession->handle(Object(Illuminate\\Http\\Request), Object(Closure))
#28 C:\\xampp\\htdocs\\Laravel Projects\\GSF\\vendor\\laravel\\framework\\src\\Illuminate\\Routing\\Pipeline.php(53): Illuminate\\Pipeline\\Pipeline->Illuminate\\Pipeline\\{closure}(Object(Illuminate\\Http\\Request))
#29 C:\\xampp\\htdocs\\Laravel Projects\\GSF\\vendor\\laravel\\framework\\src\\Illuminate\\Cookie\\Middleware\\AddQueuedCookiesToResponse.php(37): Illuminate\\Routing\\Pipeline->Illuminate\\Routing\\{closure}(Object(Illuminate\\Http\\Request))
#30 C:\\xampp\\htdocs\\Laravel Projects\\GSF\\vendor\\laravel\\framework\\src\\Illuminate\\Pipeline\\Pipeline.php(163): Illuminate\\Cookie\\Middleware\\AddQueuedCookiesToResponse->handle(Object(Illuminate\\Http\\Request), Object(Closure))
#31 C:\\xampp\\htdocs\\Laravel Projects\\GSF\\vendor\\laravel\\framework\\src\\Illuminate\\Routing\\Pipeline.php(53): Illuminate\\Pipeline\\Pipeline->Illuminate\\Pipeline\\{closure}(Object(Illuminate\\Http\\Request))
#32 C:\\xampp\\htdocs\\Laravel Projects\\GSF\\vendor\\laravel\\framework\\src\\Illuminate\\Cookie\\Middleware\\EncryptCookies.php(66): Illuminate\\Routing\\Pipeline->Illuminate\\Routing\\{closure}(Object(Illuminate\\Http\\Request))
#33 C:\\xampp\\htdocs\\Laravel Projects\\GSF\\vendor\\laravel\\framework\\src\\Illuminate\\Pipeline\\Pipeline.php(163): Illuminate\\Cookie\\Middleware\\EncryptCookies->handle(Object(Illuminate\\Http\\Request), Object(Closure))
#34 C:\\xampp\\htdocs\\Laravel Projects\\GSF\\vendor\\laravel\\framework\\src\\Illuminate\\Routing\\Pipeline.php(53): Illuminate\\Pipeline\\Pipeline->Illuminate\\Pipeline\\{closure}(Object(Illuminate\\Http\\Request))
#35 C:\\xampp\\htdocs\\Laravel Projects\\GSF\\vendor\\laravel\\framework\\src\\Illuminate\\Pipeline\\Pipeline.php(104): Illuminate\\Routing\\Pipeline->Illuminate\\Routing\\{closure}(Object(Illuminate\\Http\\Request))
#36 C:\\xampp\\htdocs\\Laravel Projects\\GSF\\vendor\\laravel\\framework\\src\\Illuminate\\Routing\\Router.php(682): Illuminate\\Pipeline\\Pipeline->then(Object(Closure))
#37 C:\\xampp\\htdocs\\Laravel Projects\\GSF\\vendor\\laravel\\framework\\src\\Illuminate\\Routing\\Router.php(657): Illuminate\\Routing\\Router->runRouteWithinStack(Object(Illuminate\\Routing\\Route), Object(Illuminate\\Http\\Request))
#38 C:\\xampp\\htdocs\\Laravel Projects\\GSF\\vendor\\laravel\\framework\\src\\Illuminate\\Routing\\Router.php(623): Illuminate\\Routing\\Router->runRoute(Object(Illuminate\\Http\\Request), Object(Illuminate\\Routing\\Route))
#39 C:\\xampp\\htdocs\\Laravel Projects\\GSF\\vendor\\laravel\\framework\\src\\Illuminate\\Routing\\Router.php(612): Illuminate\\Routing\\Router->dispatchToRoute(Object(Illuminate\\Http\\Request))
#40 C:\\xampp\\htdocs\\Laravel Projects\\GSF\\vendor\\laravel\\framework\\src\\Illuminate\\Foundation\\Http\\Kernel.php(176): Illuminate\\Routing\\Router->dispatch(Object(Illuminate\\Http\\Request))
#41 C:\\xampp\\htdocs\\Laravel Projects\\GSF\\vendor\\laravel\\framework\\src\\Illuminate\\Routing\\Pipeline.php(30): Illuminate\\Foundation\\Http\\Kernel->Illuminate\\Foundation\\Http\\{closure}(Object(Illuminate\\Http\\Request))
#42 C:\\xampp\\htdocs\\Laravel Projects\\GSF\\vendor\\fideloper\\proxy\\src\\TrustProxies.php(57): Illuminate\\Routing\\Pipeline->Illuminate\\Routing\\{closure}(Object(Illuminate\\Http\\Request))
#43 C:\\xampp\\htdocs\\Laravel Projects\\GSF\\vendor\\laravel\\framework\\src\\Illuminate\\Pipeline\\Pipeline.php(163): Fideloper\\Proxy\\TrustProxies->handle(Object(Illuminate\\Http\\Request), Object(Closure))
#44 C:\\xampp\\htdocs\\Laravel Projects\\GSF\\vendor\\laravel\\framework\\src\\Illuminate\\Routing\\Pipeline.php(53): Illuminate\\Pipeline\\Pipeline->Illuminate\\Pipeline\\{closure}(Object(Illuminate\\Http\\Request))
#45 C:\\xampp\\htdocs\\Laravel Projects\\GSF\\vendor\\laravel\\framework\\src\\Illuminate\\Foundation\\Http\\Middleware\\TransformsRequest.php(21): Illuminate\\Routing\\Pipeline->Illuminate\\Routing\\{closure}(Object(Illuminate\\Http\\Request))
#46 C:\\xampp\\htdocs\\Laravel Projects\\GSF\\vendor\\laravel\\framework\\src\\Illuminate\\Pipeline\\Pipeline.php(163): Illuminate\\Foundation\\Http\\Middleware\\TransformsRequest->handle(Object(Illuminate\\Http\\Request), Object(Closure))
#47 C:\\xampp\\htdocs\\Laravel Projects\\GSF\\vendor\\laravel\\framework\\src\\Illuminate\\Routing\\Pipeline.php(53): Illuminate\\Pipeline\\Pipeline->Illuminate\\Pipeline\\{closure}(Object(Illuminate\\Http\\Request))
#48 C:\\xampp\\htdocs\\Laravel Projects\\GSF\\vendor\\laravel\\framework\\src\\Illuminate\\Foundation\\Http\\Middleware\\TransformsRequest.php(21): Illuminate\\Routing\\Pipeline->Illuminate\\Routing\\{closure}(Object(Illuminate\\Http\\Request))
#49 C:\\xampp\\htdocs\\Laravel Projects\\GSF\\vendor\\laravel\\framework\\src\\Illuminate\\Pipeline\\Pipeline.php(163): Illuminate\\Foundation\\Http\\Middleware\\TransformsRequest->handle(Object(Illuminate\\Http\\Request), Object(Closure))
#50 C:\\xampp\\htdocs\\Laravel Projects\\GSF\\vendor\\laravel\\framework\\src\\Illuminate\\Routing\\Pipeline.php(53): Illuminate\\Pipeline\\Pipeline->Illuminate\\Pipeline\\{closure}(Object(Illuminate\\Http\\Request))
#51 C:\\xampp\\htdocs\\Laravel Projects\\GSF\\vendor\\laravel\\framework\\src\\Illuminate\\Foundation\\Http\\Middleware\\ValidatePostSize.php(27): Illuminate\\Routing\\Pipeline->Illuminate\\Routing\\{closure}(Object(Illuminate\\Http\\Request))
#52 C:\\xampp\\htdocs\\Laravel Projects\\GSF\\vendor\\laravel\\framework\\src\\Illuminate\\Pipeline\\Pipeline.php(163): Illuminate\\Foundation\\Http\\Middleware\\ValidatePostSize->handle(Object(Illuminate\\Http\\Request), Object(Closure))
#53 C:\\xampp\\htdocs\\Laravel Projects\\GSF\\vendor\\laravel\\framework\\src\\Illuminate\\Routing\\Pipeline.php(53): Illuminate\\Pipeline\\Pipeline->Illuminate\\Pipeline\\{closure}(Object(Illuminate\\Http\\Request))
#54 C:\\xampp\\htdocs\\Laravel Projects\\GSF\\vendor\\laravel\\framework\\src\\Illuminate\\Foundation\\Http\\Middleware\\CheckForMaintenanceMode.php(62): Illuminate\\Routing\\Pipeline->Illuminate\\Routing\\{closure}(Object(Illuminate\\Http\\Request))
#55 C:\\xampp\\htdocs\\Laravel Projects\\GSF\\vendor\\laravel\\framework\\src\\Illuminate\\Pipeline\\Pipeline.php(163): Illuminate\\Foundation\\Http\\Middleware\\CheckForMaintenanceMode->handle(Object(Illuminate\\Http\\Request), Object(Closure))
#56 C:\\xampp\\htdocs\\Laravel Projects\\GSF\\vendor\\laravel\\framework\\src\\Illuminate\\Routing\\Pipeline.php(53): Illuminate\\Pipeline\\Pipeline->Illuminate\\Pipeline\\{closure}(Object(Illuminate\\Http\\Request))
#57 C:\\xampp\\htdocs\\Laravel Projects\\GSF\\vendor\\laravel\\framework\\src\\Illuminate\\Pipeline\\Pipeline.php(104): Illuminate\\Routing\\Pipeline->Illuminate\\Routing\\{closure}(Object(Illuminate\\Http\\Request))
#58 C:\\xampp\\htdocs\\Laravel Projects\\GSF\\vendor\\laravel\\framework\\src\\Illuminate\\Foundation\\Http\\Kernel.php(151): Illuminate\\Pipeline\\Pipeline->then(Object(Closure))
#59 C:\\xampp\\htdocs\\Laravel Projects\\GSF\\vendor\\laravel\\framework\\src\\Illuminate\\Foundation\\Http\\Kernel.php(116): Illuminate\\Foundation\\Http\\Kernel->sendRequestThroughRouter(Object(Illuminate\\Http\\Request))
#60 C:\\xampp\\htdocs\\Laravel Projects\\GSF\\public\\index.php(55): Illuminate\\Foundation\\Http\\Kernel->handle(Object(Illuminate\\Http\\Request))
#61 C:\\xampp\\htdocs\\Laravel Projects\\GSF\\server.php(21): require_once('C:\\\\xampp\\\\htdocs...')
#62 {main}
"} 
[2021-01-25 21:09:19] local.ERROR: syntax error, unexpected ')' (View: C:\xampp\htdocs\Laravel Projects\GSF\resources\views\participant\index.blade.php) {"userId":15,"exception":"[object] (ErrorException(code: 0): syntax error, unexpected ')' (View: C:\\xampp\\htdocs\\Laravel Projects\\GSF\esources\\views\\participant\\index.blade.php) at C:\\xampp\\htdocs\\Laravel Projects\\GSF\\storage\\framework\\views\\9d2c3ccbb94476023244733ccdacbd1be04f4765.php:84, Symfony\\Component\\Debug\\Exception\\FatalThrowableError(code: 0): syntax error, unexpected ')' at C:\\xampp\\htdocs\\Laravel Projects\\GSF\\storage\\framework\\views\\9d2c3ccbb94476023244733ccdacbd1be04f4765.php:84)
[stacktrace]
#0 C:\\xampp\\htdocs\\Laravel Projects\\GSF\\vendor\\laravel\\framework\\src\\Illuminate\\View\\Engines\\PhpEngine.php(47): Illuminate\\View\\Engines\\CompilerEngine->handleViewException(Object(Symfony\\Component\\Debug\\Exception\\FatalThrowableError), 1)
#1 C:\\xampp\\htdocs\\Laravel Projects\\GSF\\vendor\\laravel\\framework\\src\\Illuminate\\View\\Engines\\CompilerEngine.php(59): Illuminate\\View\\Engines\\PhpEngine->evaluatePath('C:\\\\xampp\\\\htdocs...', Array)
#2 C:\\xampp\\htdocs\\Laravel Projects\\GSF\\vendor\\laravel\\framework\\src\\Illuminate\\View\\View.php(142): Illuminate\\View\\Engines\\CompilerEngine->get('C:\\\\xampp\\\\htdocs...', Array)
#3 C:\\xampp\\htdocs\\Laravel Projects\\GSF\\vendor\\laravel\\framework\\src\\Illuminate\\View\\View.php(125): Illuminate\\View\\View->getContents()
#4 C:\\xampp\\htdocs\\Laravel Projects\\GSF\\vendor\\laravel\\framework\\src\\Illuminate\\View\\View.php(90): Illuminate\\View\\View->renderContents()
#5 C:\\xampp\\htdocs\\Laravel Projects\\GSF\\vendor\\laravel\\framework\\src\\Illuminate\\Http\\Response.php(42): Illuminate\\View\\View->render()
#6 C:\\xampp\\htdocs\\Laravel Projects\\GSF\\vendor\\symfony\\http-foundation\\Response.php(205): Illuminate\\Http\\Response->setContent(Object(Illuminate\\View\\View))
#7 C:\\xampp\\htdocs\\Laravel Projects\\GSF\\vendor\\laravel\\framework\\src\\Illuminate\\Routing\\Router.php(748): Symfony\\Component\\HttpFoundation\\Response->__construct(Object(Illuminate\\View\\View))
#8 C:\\xampp\\htdocs\\Laravel Projects\\GSF\\vendor\\laravel\\framework\\src\\Illuminate\\Routing\\Router.php(720): Illuminate\\Routing\\Router::toResponse(Object(Illuminate\\Http\\Request), Object(Illuminate\\View\\View))
#9 C:\\xampp\\htdocs\\Laravel Projects\\GSF\\vendor\\laravel\\framework\\src\\Illuminate\\Routing\\Router.php(680): Illuminate\\Routing\\Router->prepareResponse(Object(Illuminate\\Http\\Request), Object(Illuminate\\View\\View))
#10 C:\\xampp\\htdocs\\Laravel Projects\\GSF\\vendor\\laravel\\framework\\src\\Illuminate\\Routing\\Pipeline.php(30): Illuminate\\Routing\\Router->Illuminate\\Routing\\{closure}(Object(Illuminate\\Http\\Request))
#11 C:\\xampp\\htdocs\\Laravel Projects\\GSF\\app\\Http\\Middleware\\SwitchUser.php(22): Illuminate\\Routing\\Pipeline->Illuminate\\Routing\\{closure}(Object(Illuminate\\Http\\Request))
#12 C:\\xampp\\htdocs\\Laravel Projects\\GSF\\vendor\\laravel\\framework\\src\\Illuminate\\Pipeline\\Pipeline.php(163): App\\Http\\Middleware\\SwitchUser->handle(Object(Illuminate\\Http\\Request), Object(Closure))
#13 C:\\xampp\\htdocs\\Laravel Projects\\GSF\\vendor\\laravel\\framework\\src\\Illuminate\\Routing\\Pipeline.php(53): Illuminate\\Pipeline\\Pipeline->Illuminate\\Pipeline\\{closure}(Object(Illuminate\\Http\\Request))
#14 C:\\xampp\\htdocs\\Laravel Projects\\GSF\\vendor\\laravel\\framework\\src\\Illuminate\\Routing\\Middleware\\SubstituteBindings.php(41): Illuminate\\Routing\\Pipeline->Illuminate\\Routing\\{closure}(Object(Illuminate\\Http\\Request))
#15 C:\\xampp\\htdocs\\Laravel Projects\\GSF\\vendor\\laravel\\framework\\src\\Illuminate\\Pipeline\\Pipeline.php(163): Illuminate\\Routing\\Middleware\\SubstituteBindings->handle(Object(Illuminate\\Http\\Request), Object(Closure))
#16 C:\\xampp\\htdocs\\Laravel Projects\\GSF\\vendor\\laravel\\framework\\src\\Illuminate\\Routing\\Pipeline.php(53): Illuminate\\Pipeline\\Pipeline->Illuminate\\Pipeline\\{closure}(Object(Illuminate\\Http\\Request))
#17 C:\\xampp\\htdocs\\Laravel Projects\\GSF\\vendor\\laravel\\framework\\src\\Illuminate\\Auth\\Middleware\\Authenticate.php(43): Illuminate\\Routing\\Pipeline->Illuminate\\Routing\\{closure}(Object(Illuminate\\Http\\Request))
#18 C:\\xampp\\htdocs\\Laravel Projects\\GSF\\vendor\\laravel\\framework\\src\\Illuminate\\Pipeline\\Pipeline.php(163): Illuminate\\Auth\\Middleware\\Authenticate->handle(Object(Illuminate\\Http\\Request), Object(Closure))
#19 C:\\xampp\\htdocs\\Laravel Projects\\GSF\\vendor\\laravel\\framework\\src\\Illuminate\\Routing\\Pipeline.php(53): Illuminate\\Pipeline\\Pipeline->Illuminate\\Pipeline\\{closure}(Object(Illuminate\\Http\\Request))
#20 C:\\xampp\\htdocs\\Laravel Projects\\GSF\\vendor\\laravel\\framework\\src\\Illuminate\\Foundation\\Http\\Middleware\\VerifyCsrfToken.php(75): Illuminate\\Routing\\Pipeline->Illuminate\\Routing\\{closure}(Object(Illuminate\\Http\\Request))
#21 C:\\xampp\\htdocs\\Laravel Projects\\GSF\\vendor\\laravel\\framework\\src\\Illuminate\\Pipeline\\Pipeline.php(163): Illuminate\\Foundation\\Http\\Middleware\\VerifyCsrfToken->handle(Object(Illuminate\\Http\\Request), Object(Closure))
#22 C:\\xampp\\htdocs\\Laravel Projects\\GSF\\vendor\\laravel\\framework\\src\\Illuminate\\Routing\\Pipeline.php(53): Illuminate\\Pipeline\\Pipeline->Illuminate\\Pipeline\\{closure}(Object(Illuminate\\Http\\Request))
#23 C:\\xampp\\htdocs\\Laravel Projects\\GSF\\vendor\\laravel\\framework\\src\\Illuminate\\View\\Middleware\\ShareErrorsFromSession.php(49): Illuminate\\Routing\\Pipeline->Illuminate\\Routing\\{closure}(Object(Illuminate\\Http\\Request))
#24 C:\\xampp\\htdocs\\Laravel Projects\\GSF\\vendor\\laravel\\framework\\src\\Illuminate\\Pipeline\\Pipeline.php(163): Illuminate\\View\\Middleware\\ShareErrorsFromSession->handle(Object(Illuminate\\Http\\Request), Object(Closure))
#25 C:\\xampp\\htdocs\\Laravel Projects\\GSF\\vendor\\laravel\\framework\\src\\Illuminate\\Routing\\Pipeline.php(53): Illuminate\\Pipeline\\Pipeline->Illuminate\\Pipeline\\{closure}(Object(Illuminate\\Http\\Request))
#26 C:\\xampp\\htdocs\\Laravel Projects\\GSF\\vendor\\laravel\\framework\\src\\Illuminate\\Session\\Middleware\\StartSession.php(56): Illuminate\\Routing\\Pipeline->Illuminate\\Routing\\{closure}(Object(Illuminate\\Http\\Request))
#27 C:\\xampp\\htdocs\\Laravel Projects\\GSF\\vendor\\laravel\\framework\\src\\Illuminate\\Pipeline\\Pipeline.php(163): Illuminate\\Session\\Middleware\\StartSession->handle(Object(Illuminate\\Http\\Request), Object(Closure))
#28 C:\\xampp\\htdocs\\Laravel Projects\\GSF\\vendor\\laravel\\framework\\src\\Illuminate\\Routing\\Pipeline.php(53): Illuminate\\Pipeline\\Pipeline->Illuminate\\Pipeline\\{closure}(Object(Illuminate\\Http\\Request))
#29 C:\\xampp\\htdocs\\Laravel Projects\\GSF\\vendor\\laravel\\framework\\src\\Illuminate\\Cookie\\Middleware\\AddQueuedCookiesToResponse.php(37): Illuminate\\Routing\\Pipeline->Illuminate\\Routing\\{closure}(Object(Illuminate\\Http\\Request))
#30 C:\\xampp\\htdocs\\Laravel Projects\\GSF\\vendor\\laravel\\framework\\src\\Illuminate\\Pipeline\\Pipeline.php(163): Illuminate\\Cookie\\Middleware\\AddQueuedCookiesToResponse->handle(Object(Illuminate\\Http\\Request), Object(Closure))
#31 C:\\xampp\\htdocs\\Laravel Projects\\GSF\\vendor\\laravel\\framework\\src\\Illuminate\\Routing\\Pipeline.php(53): Illuminate\\Pipeline\\Pipeline->Illuminate\\Pipeline\\{closure}(Object(Illuminate\\Http\\Request))
#32 C:\\xampp\\htdocs\\Laravel Projects\\GSF\\vendor\\laravel\\framework\\src\\Illuminate\\Cookie\\Middleware\\EncryptCookies.php(66): Illuminate\\Routing\\Pipeline->Illuminate\\Routing\\{closure}(Object(Illuminate\\Http\\Request))
#33 C:\\xampp\\htdocs\\Laravel Projects\\GSF\\vendor\\laravel\\framework\\src\\Illuminate\\Pipeline\\Pipeline.php(163): Illuminate\\Cookie\\Middleware\\EncryptCookies->handle(Object(Illuminate\\Http\\Request), Object(Closure))
#34 C:\\xampp\\htdocs\\Laravel Projects\\GSF\\vendor\\laravel\\framework\\src\\Illuminate\\Routing\\Pipeline.php(53): Illuminate\\Pipeline\\Pipeline->Illuminate\\Pipeline\\{closure}(Object(Illuminate\\Http\\Request))
#35 C:\\xampp\\htdocs\\Laravel Projects\\GSF\\vendor\\laravel\\framework\\src\\Illuminate\\Pipeline\\Pipeline.php(104): Illuminate\\Routing\\Pipeline->Illuminate\\Routing\\{closure}(Object(Illuminate\\Http\\Request))
#36 C:\\xampp\\htdocs\\Laravel Projects\\GSF\\vendor\\laravel\\framework\\src\\Illuminate\\Routing\\Router.php(682): Illuminate\\Pipeline\\Pipeline->then(Object(Closure))
#37 C:\\xampp\\htdocs\\Laravel Projects\\GSF\\vendor\\laravel\\framework\\src\\Illuminate\\Routing\\Router.php(657): Illuminate\\Routing\\Router->runRouteWithinStack(Object(Illuminate\\Routing\\Route), Object(Illuminate\\Http\\Request))
#38 C:\\xampp\\htdocs\\Laravel Projects\\GSF\\vendor\\laravel\\framework\\src\\Illuminate\\Routing\\Router.php(623): Illuminate\\Routing\\Router->runRoute(Object(Illuminate\\Http\\Request), Object(Illuminate\\Routing\\Route))
#39 C:\\xampp\\htdocs\\Laravel Projects\\GSF\\vendor\\laravel\\framework\\src\\Illuminate\\Routing\\Router.php(612): Illuminate\\Routing\\Router->dispatchToRoute(Object(Illuminate\\Http\\Request))
#40 C:\\xampp\\htdocs\\Laravel Projects\\GSF\\vendor\\laravel\\framework\\src\\Illuminate\\Foundation\\Http\\Kernel.php(176): Illuminate\\Routing\\Router->dispatch(Object(Illuminate\\Http\\Request))
#41 C:\\xampp\\htdocs\\Laravel Projects\\GSF\\vendor\\laravel\\framework\\src\\Illuminate\\Routing\\Pipeline.php(30): Illuminate\\Foundation\\Http\\Kernel->Illuminate\\Foundation\\Http\\{closure}(Object(Illuminate\\Http\\Request))
#42 C:\\xampp\\htdocs\\Laravel Projects\\GSF\\vendor\\fideloper\\proxy\\src\\TrustProxies.php(57): Illuminate\\Routing\\Pipeline->Illuminate\\Routing\\{closure}(Object(Illuminate\\Http\\Request))
#43 C:\\xampp\\htdocs\\Laravel Projects\\GSF\\vendor\\laravel\\framework\\src\\Illuminate\\Pipeline\\Pipeline.php(163): Fideloper\\Proxy\\TrustProxies->handle(Object(Illuminate\\Http\\Request), Object(Closure))
#44 C:\\xampp\\htdocs\\Laravel Projects\\GSF\\vendor\\laravel\\framework\\src\\Illuminate\\Routing\\Pipeline.php(53): Illuminate\\Pipeline\\Pipeline->Illuminate\\Pipeline\\{closure}(Object(Illuminate\\Http\\Request))
#45 C:\\xampp\\htdocs\\Laravel Projects\\GSF\\vendor\\laravel\\framework\\src\\Illuminate\\Foundation\\Http\\Middleware\\TransformsRequest.php(21): Illuminate\\Routing\\Pipeline->Illuminate\\Routing\\{closure}(Object(Illuminate\\Http\\Request))
#46 C:\\xampp\\htdocs\\Laravel Projects\\GSF\\vendor\\laravel\\framework\\src\\Illuminate\\Pipeline\\Pipeline.php(163): Illuminate\\Foundation\\Http\\Middleware\\TransformsRequest->handle(Object(Illuminate\\Http\\Request), Object(Closure))
#47 C:\\xampp\\htdocs\\Laravel Projects\\GSF\\vendor\\laravel\\framework\\src\\Illuminate\\Routing\\Pipeline.php(53): Illuminate\\Pipeline\\Pipeline->Illuminate\\Pipeline\\{closure}(Object(Illuminate\\Http\\Request))
#48 C:\\xampp\\htdocs\\Laravel Projects\\GSF\\vendor\\laravel\\framework\\src\\Illuminate\\Foundation\\Http\\Middleware\\TransformsRequest.php(21): Illuminate\\Routing\\Pipeline->Illuminate\\Routing\\{closure}(Object(Illuminate\\Http\\Request))
#49 C:\\xampp\\htdocs\\Laravel Projects\\GSF\\vendor\\laravel\\framework\\src\\Illuminate\\Pipeline\\Pipeline.php(163): Illuminate\\Foundation\\Http\\Middleware\\TransformsRequest->handle(Object(Illuminate\\Http\\Request), Object(Closure))
#50 C:\\xampp\\htdocs\\Laravel Projects\\GSF\\vendor\\laravel\\framework\\src\\Illuminate\\Routing\\Pipeline.php(53): Illuminate\\Pipeline\\Pipeline->Illuminate\\Pipeline\\{closure}(Object(Illuminate\\Http\\Request))
#51 C:\\xampp\\htdocs\\Laravel Projects\\GSF\\vendor\\laravel\\framework\\src\\Illuminate\\Foundation\\Http\\Middleware\\ValidatePostSize.php(27): Illuminate\\Routing\\Pipeline->Illuminate\\Routing\\{closure}(Object(Illuminate\\Http\\Request))
#52 C:\\xampp\\htdocs\\Laravel Projects\\GSF\\vendor\\laravel\\framework\\src\\Illuminate\\Pipeline\\Pipeline.php(163): Illuminate\\Foundation\\Http\\Middleware\\ValidatePostSize->handle(Object(Illuminate\\Http\\Request), Object(Closure))
#53 C:\\xampp\\htdocs\\Laravel Projects\\GSF\\vendor\\laravel\\framework\\src\\Illuminate\\Routing\\Pipeline.php(53): Illuminate\\Pipeline\\Pipeline->Illuminate\\Pipeline\\{closure}(Object(Illuminate\\Http\\Request))
#54 C:\\xampp\\htdocs\\Laravel Projects\\GSF\\vendor\\laravel\\framework\\src\\Illuminate\\Foundation\\Http\\Middleware\\CheckForMaintenanceMode.php(62): Illuminate\\Routing\\Pipeline->Illuminate\\Routing\\{closure}(Object(Illuminate\\Http\\Request))
#55 C:\\xampp\\htdocs\\Laravel Projects\\GSF\\vendor\\laravel\\framework\\src\\Illuminate\\Pipeline\\Pipeline.php(163): Illuminate\\Foundation\\Http\\Middleware\\CheckForMaintenanceMode->handle(Object(Illuminate\\Http\\Request), Object(Closure))
#56 C:\\xampp\\htdocs\\Laravel Projects\\GSF\\vendor\\laravel\\framework\\src\\Illuminate\\Routing\\Pipeline.php(53): Illuminate\\Pipeline\\Pipeline->Illuminate\\Pipeline\\{closure}(Object(Illuminate\\Http\\Request))
#57 C:\\xampp\\htdocs\\Laravel Projects\\GSF\\vendor\\laravel\\framework\\src\\Illuminate\\Pipeline\\Pipeline.php(104): Illuminate\\Routing\\Pipeline->Illuminate\\Routing\\{closure}(Object(Illuminate\\Http\\Request))
#58 C:\\xampp\\htdocs\\Laravel Projects\\GSF\\vendor\\laravel\\framework\\src\\Illuminate\\Foundation\\Http\\Kernel.php(151): Illuminate\\Pipeline\\Pipeline->then(Object(Closure))
#59 C:\\xampp\\htdocs\\Laravel Projects\\GSF\\vendor\\laravel\\framework\\src\\Illuminate\\Foundation\\Http\\Kernel.php(116): Illuminate\\Foundation\\Http\\Kernel->sendRequestThroughRouter(Object(Illuminate\\Http\\Request))
#60 C:\\xampp\\htdocs\\Laravel Projects\\GSF\\public\\index.php(55): Illuminate\\Foundation\\Http\\Kernel->handle(Object(Illuminate\\Http\\Request))
#61 C:\\xampp\\htdocs\\Laravel Projects\\GSF\\server.php(21): require_once('C:\\\\xampp\\\\htdocs...')
#62 {main}
"} 
[2021-01-25 21:09:33] local.ERROR: syntax error, unexpected ')' (View: C:\xampp\htdocs\Laravel Projects\GSF\resources\views\participant\index.blade.php) {"userId":15,"exception":"[object] (ErrorException(code: 0): syntax error, unexpected ')' (View: C:\\xampp\\htdocs\\Laravel Projects\\GSF\esources\\views\\participant\\index.blade.php) at C:\\xampp\\htdocs\\Laravel Projects\\GSF\\storage\\framework\\views\\9d2c3ccbb94476023244733ccdacbd1be04f4765.php:84, Symfony\\Component\\Debug\\Exception\\FatalThrowableError(code: 0): syntax error, unexpected ')' at C:\\xampp\\htdocs\\Laravel Projects\\GSF\\storage\\framework\\views\\9d2c3ccbb94476023244733ccdacbd1be04f4765.php:84)
[stacktrace]
#0 C:\\xampp\\htdocs\\Laravel Projects\\GSF\\vendor\\laravel\\framework\\src\\Illuminate\\View\\Engines\\PhpEngine.php(47): Illuminate\\View\\Engines\\CompilerEngine->handleViewException(Object(Symfony\\Component\\Debug\\Exception\\FatalThrowableError), 1)
#1 C:\\xampp\\htdocs\\Laravel Projects\\GSF\\vendor\\laravel\\framework\\src\\Illuminate\\View\\Engines\\CompilerEngine.php(59): Illuminate\\View\\Engines\\PhpEngine->evaluatePath('C:\\\\xampp\\\\htdocs...', Array)
#2 C:\\xampp\\htdocs\\Laravel Projects\\GSF\\vendor\\laravel\\framework\\src\\Illuminate\\View\\View.php(142): Illuminate\\View\\Engines\\CompilerEngine->get('C:\\\\xampp\\\\htdocs...', Array)
#3 C:\\xampp\\htdocs\\Laravel Projects\\GSF\\vendor\\laravel\\framework\\src\\Illuminate\\View\\View.php(125): Illuminate\\View\\View->getContents()
#4 C:\\xampp\\htdocs\\Laravel Projects\\GSF\\vendor\\laravel\\framework\\src\\Illuminate\\View\\View.php(90): Illuminate\\View\\View->renderContents()
#5 C:\\xampp\\htdocs\\Laravel Projects\\GSF\\vendor\\laravel\\framework\\src\\Illuminate\\Http\\Response.php(42): Illuminate\\View\\View->render()
#6 C:\\xampp\\htdocs\\Laravel Projects\\GSF\\vendor\\symfony\\http-foundation\\Response.php(205): Illuminate\\Http\\Response->setContent(Object(Illuminate\\View\\View))
#7 C:\\xampp\\htdocs\\Laravel Projects\\GSF\\vendor\\laravel\\framework\\src\\Illuminate\\Routing\\Router.php(748): Symfony\\Component\\HttpFoundation\\Response->__construct(Object(Illuminate\\View\\View))
#8 C:\\xampp\\htdocs\\Laravel Projects\\GSF\\vendor\\laravel\\framework\\src\\Illuminate\\Routing\\Router.php(720): Illuminate\\Routing\\Router::toResponse(Object(Illuminate\\Http\\Request), Object(Illuminate\\View\\View))
#9 C:\\xampp\\htdocs\\Laravel Projects\\GSF\\vendor\\laravel\\framework\\src\\Illuminate\\Routing\\Router.php(680): Illuminate\\Routing\\Router->prepareResponse(Object(Illuminate\\Http\\Request), Object(Illuminate\\View\\View))
#10 C:\\xampp\\htdocs\\Laravel Projects\\GSF\\vendor\\laravel\\framework\\src\\Illuminate\\Routing\\Pipeline.php(30): Illuminate\\Routing\\Router->Illuminate\\Routing\\{closure}(Object(Illuminate\\Http\\Request))
#11 C:\\xampp\\htdocs\\Laravel Projects\\GSF\\app\\Http\\Middleware\\SwitchUser.php(22): Illuminate\\Routing\\Pipeline->Illuminate\\Routing\\{closure}(Object(Illuminate\\Http\\Request))
#12 C:\\xampp\\htdocs\\Laravel Projects\\GSF\\vendor\\laravel\\framework\\src\\Illuminate\\Pipeline\\Pipeline.php(163): App\\Http\\Middleware\\SwitchUser->handle(Object(Illuminate\\Http\\Request), Object(Closure))
#13 C:\\xampp\\htdocs\\Laravel Projects\\GSF\\vendor\\laravel\\framework\\src\\Illuminate\\Routing\\Pipeline.php(53): Illuminate\\Pipeline\\Pipeline->Illuminate\\Pipeline\\{closure}(Object(Illuminate\\Http\\Request))
#14 C:\\xampp\\htdocs\\Laravel Projects\\GSF\\vendor\\laravel\\framework\\src\\Illuminate\\Routing\\Middleware\\SubstituteBindings.php(41): Illuminate\\Routing\\Pipeline->Illuminate\\Routing\\{closure}(Object(Illuminate\\Http\\Request))
#15 C:\\xampp\\htdocs\\Laravel Projects\\GSF\\vendor\\laravel\\framework\\src\\Illuminate\\Pipeline\\Pipeline.php(163): Illuminate\\Routing\\Middleware\\SubstituteBindings->handle(Object(Illuminate\\Http\\Request), Object(Closure))
#16 C:\\xampp\\htdocs\\Laravel Projects\\GSF\\vendor\\laravel\\framework\\src\\Illuminate\\Routing\\Pipeline.php(53): Illuminate\\Pipeline\\Pipeline->Illuminate\\Pipeline\\{closure}(Object(Illuminate\\Http\\Request))
#17 C:\\xampp\\htdocs\\Laravel Projects\\GSF\\vendor\\laravel\\framework\\src\\Illuminate\\Auth\\Middleware\\Authenticate.php(43): Illuminate\\Routing\\Pipeline->Illuminate\\Routing\\{closure}(Object(Illuminate\\Http\\Request))
#18 C:\\xampp\\htdocs\\Laravel Projects\\GSF\\vendor\\laravel\\framework\\src\\Illuminate\\Pipeline\\Pipeline.php(163): Illuminate\\Auth\\Middleware\\Authenticate->handle(Object(Illuminate\\Http\\Request), Object(Closure))
#19 C:\\xampp\\htdocs\\Laravel Projects\\GSF\\vendor\\laravel\\framework\\src\\Illuminate\\Routing\\Pipeline.php(53): Illuminate\\Pipeline\\Pipeline->Illuminate\\Pipeline\\{closure}(Object(Illuminate\\Http\\Request))
#20 C:\\xampp\\htdocs\\Laravel Projects\\GSF\\vendor\\laravel\\framework\\src\\Illuminate\\Foundation\\Http\\Middleware\\VerifyCsrfToken.php(75): Illuminate\\Routing\\Pipeline->Illuminate\\Routing\\{closure}(Object(Illuminate\\Http\\Request))
#21 C:\\xampp\\htdocs\\Laravel Projects\\GSF\\vendor\\laravel\\framework\\src\\Illuminate\\Pipeline\\Pipeline.php(163): Illuminate\\Foundation\\Http\\Middleware\\VerifyCsrfToken->handle(Object(Illuminate\\Http\\Request), Object(Closure))
#22 C:\\xampp\\htdocs\\Laravel Projects\\GSF\\vendor\\laravel\\framework\\src\\Illuminate\\Routing\\Pipeline.php(53): Illuminate\\Pipeline\\Pipeline->Illuminate\\Pipeline\\{closure}(Object(Illuminate\\Http\\Request))
#23 C:\\xampp\\htdocs\\Laravel Projects\\GSF\\vendor\\laravel\\framework\\src\\Illuminate\\View\\Middleware\\ShareErrorsFromSession.php(49): Illuminate\\Routing\\Pipeline->Illuminate\\Routing\\{closure}(Object(Illuminate\\Http\\Request))
#24 C:\\xampp\\htdocs\\Laravel Projects\\GSF\\vendor\\laravel\\framework\\src\\Illuminate\\Pipeline\\Pipeline.php(163): Illuminate\\View\\Middleware\\ShareErrorsFromSession->handle(Object(Illuminate\\Http\\Request), Object(Closure))
#25 C:\\xampp\\htdocs\\Laravel Projects\\GSF\\vendor\\laravel\\framework\\src\\Illuminate\\Routing\\Pipeline.php(53): Illuminate\\Pipeline\\Pipeline->Illuminate\\Pipeline\\{closure}(Object(Illuminate\\Http\\Request))
#26 C:\\xampp\\htdocs\\Laravel Projects\\GSF\\vendor\\laravel\\framework\\src\\Illuminate\\Session\\Middleware\\StartSession.php(56): Illuminate\\Routing\\Pipeline->Illuminate\\Routing\\{closure}(Object(Illuminate\\Http\\Request))
#27 C:\\xampp\\htdocs\\Laravel Projects\\GSF\\vendor\\laravel\\framework\\src\\Illuminate\\Pipeline\\Pipeline.php(163): Illuminate\\Session\\Middleware\\StartSession->handle(Object(Illuminate\\Http\\Request), Object(Closure))
#28 C:\\xampp\\htdocs\\Laravel Projects\\GSF\\vendor\\laravel\\framework\\src\\Illuminate\\Routing\\Pipeline.php(53): Illuminate\\Pipeline\\Pipeline->Illuminate\\Pipeline\\{closure}(Object(Illuminate\\Http\\Request))
#29 C:\\xampp\\htdocs\\Laravel Projects\\GSF\\vendor\\laravel\\framework\\src\\Illuminate\\Cookie\\Middleware\\AddQueuedCookiesToResponse.php(37): Illuminate\\Routing\\Pipeline->Illuminate\\Routing\\{closure}(Object(Illuminate\\Http\\Request))
#30 C:\\xampp\\htdocs\\Laravel Projects\\GSF\\vendor\\laravel\\framework\\src\\Illuminate\\Pipeline\\Pipeline.php(163): Illuminate\\Cookie\\Middleware\\AddQueuedCookiesToResponse->handle(Object(Illuminate\\Http\\Request), Object(Closure))
#31 C:\\xampp\\htdocs\\Laravel Projects\\GSF\\vendor\\laravel\\framework\\src\\Illuminate\\Routing\\Pipeline.php(53): Illuminate\\Pipeline\\Pipeline->Illuminate\\Pipeline\\{closure}(Object(Illuminate\\Http\\Request))
#32 C:\\xampp\\htdocs\\Laravel Projects\\GSF\\vendor\\laravel\\framework\\src\\Illuminate\\Cookie\\Middleware\\EncryptCookies.php(66): Illuminate\\Routing\\Pipeline->Illuminate\\Routing\\{closure}(Object(Illuminate\\Http\\Request))
#33 C:\\xampp\\htdocs\\Laravel Projects\\GSF\\vendor\\laravel\\framework\\src\\Illuminate\\Pipeline\\Pipeline.php(163): Illuminate\\Cookie\\Middleware\\EncryptCookies->handle(Object(Illuminate\\Http\\Request), Object(Closure))
#34 C:\\xampp\\htdocs\\Laravel Projects\\GSF\\vendor\\laravel\\framework\\src\\Illuminate\\Routing\\Pipeline.php(53): Illuminate\\Pipeline\\Pipeline->Illuminate\\Pipeline\\{closure}(Object(Illuminate\\Http\\Request))
#35 C:\\xampp\\htdocs\\Laravel Projects\\GSF\\vendor\\laravel\\framework\\src\\Illuminate\\Pipeline\\Pipeline.php(104): Illuminate\\Routing\\Pipeline->Illuminate\\Routing\\{closure}(Object(Illuminate\\Http\\Request))
#36 C:\\xampp\\htdocs\\Laravel Projects\\GSF\\vendor\\laravel\\framework\\src\\Illuminate\\Routing\\Router.php(682): Illuminate\\Pipeline\\Pipeline->then(Object(Closure))
#37 C:\\xampp\\htdocs\\Laravel Projects\\GSF\\vendor\\laravel\\framework\\src\\Illuminate\\Routing\\Router.php(657): Illuminate\\Routing\\Router->runRouteWithinStack(Object(Illuminate\\Routing\\Route), Object(Illuminate\\Http\\Request))
#38 C:\\xampp\\htdocs\\Laravel Projects\\GSF\\vendor\\laravel\\framework\\src\\Illuminate\\Routing\\Router.php(623): Illuminate\\Routing\\Router->runRoute(Object(Illuminate\\Http\\Request), Object(Illuminate\\Routing\\Route))
#39 C:\\xampp\\htdocs\\Laravel Projects\\GSF\\vendor\\laravel\\framework\\src\\Illuminate\\Routing\\Router.php(612): Illuminate\\Routing\\Router->dispatchToRoute(Object(Illuminate\\Http\\Request))
#40 C:\\xampp\\htdocs\\Laravel Projects\\GSF\\vendor\\laravel\\framework\\src\\Illuminate\\Foundation\\Http\\Kernel.php(176): Illuminate\\Routing\\Router->dispatch(Object(Illuminate\\Http\\Request))
#41 C:\\xampp\\htdocs\\Laravel Projects\\GSF\\vendor\\laravel\\framework\\src\\Illuminate\\Routing\\Pipeline.php(30): Illuminate\\Foundation\\Http\\Kernel->Illuminate\\Foundation\\Http\\{closure}(Object(Illuminate\\Http\\Request))
#42 C:\\xampp\\htdocs\\Laravel Projects\\GSF\\vendor\\fideloper\\proxy\\src\\TrustProxies.php(57): Illuminate\\Routing\\Pipeline->Illuminate\\Routing\\{closure}(Object(Illuminate\\Http\\Request))
#43 C:\\xampp\\htdocs\\Laravel Projects\\GSF\\vendor\\laravel\\framework\\src\\Illuminate\\Pipeline\\Pipeline.php(163): Fideloper\\Proxy\\TrustProxies->handle(Object(Illuminate\\Http\\Request), Object(Closure))
#44 C:\\xampp\\htdocs\\Laravel Projects\\GSF\\vendor\\laravel\\framework\\src\\Illuminate\\Routing\\Pipeline.php(53): Illuminate\\Pipeline\\Pipeline->Illuminate\\Pipeline\\{closure}(Object(Illuminate\\Http\\Request))
#45 C:\\xampp\\htdocs\\Laravel Projects\\GSF\\vendor\\laravel\\framework\\src\\Illuminate\\Foundation\\Http\\Middleware\\TransformsRequest.php(21): Illuminate\\Routing\\Pipeline->Illuminate\\Routing\\{closure}(Object(Illuminate\\Http\\Request))
#46 C:\\xampp\\htdocs\\Laravel Projects\\GSF\\vendor\\laravel\\framework\\src\\Illuminate\\Pipeline\\Pipeline.php(163): Illuminate\\Foundation\\Http\\Middleware\\TransformsRequest->handle(Object(Illuminate\\Http\\Request), Object(Closure))
#47 C:\\xampp\\htdocs\\Laravel Projects\\GSF\\vendor\\laravel\\framework\\src\\Illuminate\\Routing\\Pipeline.php(53): Illuminate\\Pipeline\\Pipeline->Illuminate\\Pipeline\\{closure}(Object(Illuminate\\Http\\Request))
#48 C:\\xampp\\htdocs\\Laravel Projects\\GSF\\vendor\\laravel\\framework\\src\\Illuminate\\Foundation\\Http\\Middleware\\TransformsRequest.php(21): Illuminate\\Routing\\Pipeline->Illuminate\\Routing\\{closure}(Object(Illuminate\\Http\\Request))
#49 C:\\xampp\\htdocs\\Laravel Projects\\GSF\\vendor\\laravel\\framework\\src\\Illuminate\\Pipeline\\Pipeline.php(163): Illuminate\\Foundation\\Http\\Middleware\\TransformsRequest->handle(Object(Illuminate\\Http\\Request), Object(Closure))
#50 C:\\xampp\\htdocs\\Laravel Projects\\GSF\\vendor\\laravel\\framework\\src\\Illuminate\\Routing\\Pipeline.php(53): Illuminate\\Pipeline\\Pipeline->Illuminate\\Pipeline\\{closure}(Object(Illuminate\\Http\\Request))
#51 C:\\xampp\\htdocs\\Laravel Projects\\GSF\\vendor\\laravel\\framework\\src\\Illuminate\\Foundation\\Http\\Middleware\\ValidatePostSize.php(27): Illuminate\\Routing\\Pipeline->Illuminate\\Routing\\{closure}(Object(Illuminate\\Http\\Request))
#52 C:\\xampp\\htdocs\\Laravel Projects\\GSF\\vendor\\laravel\\framework\\src\\Illuminate\\Pipeline\\Pipeline.php(163): Illuminate\\Foundation\\Http\\Middleware\\ValidatePostSize->handle(Object(Illuminate\\Http\\Request), Object(Closure))
#53 C:\\xampp\\htdocs\\Laravel Projects\\GSF\\vendor\\laravel\\framework\\src\\Illuminate\\Routing\\Pipeline.php(53): Illuminate\\Pipeline\\Pipeline->Illuminate\\Pipeline\\{closure}(Object(Illuminate\\Http\\Request))
#54 C:\\xampp\\htdocs\\Laravel Projects\\GSF\\vendor\\laravel\\framework\\src\\Illuminate\\Foundation\\Http\\Middleware\\CheckForMaintenanceMode.php(62): Illuminate\\Routing\\Pipeline->Illuminate\\Routing\\{closure}(Object(Illuminate\\Http\\Request))
#55 C:\\xampp\\htdocs\\Laravel Projects\\GSF\\vendor\\laravel\\framework\\src\\Illuminate\\Pipeline\\Pipeline.php(163): Illuminate\\Foundation\\Http\\Middleware\\CheckForMaintenanceMode->handle(Object(Illuminate\\Http\\Request), Object(Closure))
#56 C:\\xampp\\htdocs\\Laravel Projects\\GSF\\vendor\\laravel\\framework\\src\\Illuminate\\Routing\\Pipeline.php(53): Illuminate\\Pipeline\\Pipeline->Illuminate\\Pipeline\\{closure}(Object(Illuminate\\Http\\Request))
#57 C:\\xampp\\htdocs\\Laravel Projects\\GSF\\vendor\\laravel\\framework\\src\\Illuminate\\Pipeline\\Pipeline.php(104): Illuminate\\Routing\\Pipeline->Illuminate\\Routing\\{closure}(Object(Illuminate\\Http\\Request))
#58 C:\\xampp\\htdocs\\Laravel Projects\\GSF\\vendor\\laravel\\framework\\src\\Illuminate\\Foundation\\Http\\Kernel.php(151): Illuminate\\Pipeline\\Pipeline->then(Object(Closure))
#59 C:\\xampp\\htdocs\\Laravel Projects\\GSF\\vendor\\laravel\\framework\\src\\Illuminate\\Foundation\\Http\\Kernel.php(116): Illuminate\\Foundation\\Http\\Kernel->sendRequestThroughRouter(Object(Illuminate\\Http\\Request))
#60 C:\\xampp\\htdocs\\Laravel Projects\\GSF\\public\\index.php(55): Illuminate\\Foundation\\Http\\Kernel->handle(Object(Illuminate\\Http\\Request))
#61 C:\\xampp\\htdocs\\Laravel Projects\\GSF\\server.php(21): require_once('C:\\\\xampp\\\\htdocs...')
#62 {main}
"} 
[2021-01-25 21:10:38] local.ERROR: Trying to get property 'name' of non-object (View: C:\xampp\htdocs\Laravel Projects\GSF\resources\views\participant\index.blade.php) {"userId":15,"exception":"[object] (ErrorException(code: 0): Trying to get property 'name' of non-object (View: C:\\xampp\\htdocs\\Laravel Projects\\GSF\esources\\views\\participant\\index.blade.php) at C:\\xampp\\htdocs\\Laravel Projects\\GSF\\storage\\framework\\views\\9d2c3ccbb94476023244733ccdacbd1be04f4765.php:84, ErrorException(code: 0): Trying to get property 'name' of non-object at C:\\xampp\\htdocs\\Laravel Projects\\GSF\\storage\\framework\\views\\9d2c3ccbb94476023244733ccdacbd1be04f4765.php:84)
[stacktrace]
#0 C:\\xampp\\htdocs\\Laravel Projects\\GSF\\vendor\\laravel\\framework\\src\\Illuminate\\View\\Engines\\PhpEngine.php(45): Illuminate\\View\\Engines\\CompilerEngine->handleViewException(Object(ErrorException), 1)
#1 C:\\xampp\\htdocs\\Laravel Projects\\GSF\\vendor\\laravel\\framework\\src\\Illuminate\\View\\Engines\\CompilerEngine.php(59): Illuminate\\View\\Engines\\PhpEngine->evaluatePath('C:\\\\xampp\\\\htdocs...', Array)
#2 C:\\xampp\\htdocs\\Laravel Projects\\GSF\\vendor\\laravel\\framework\\src\\Illuminate\\View\\View.php(142): Illuminate\\View\\Engines\\CompilerEngine->get('C:\\\\xampp\\\\htdocs...', Array)
#3 C:\\xampp\\htdocs\\Laravel Projects\\GSF\\vendor\\laravel\\framework\\src\\Illuminate\\View\\View.php(125): Illuminate\\View\\View->getContents()
#4 C:\\xampp\\htdocs\\Laravel Projects\\GSF\\vendor\\laravel\\framework\\src\\Illuminate\\View\\View.php(90): Illuminate\\View\\View->renderContents()
#5 C:\\xampp\\htdocs\\Laravel Projects\\GSF\\vendor\\laravel\\framework\\src\\Illuminate\\Http\\Response.php(42): Illuminate\\View\\View->render()
#6 C:\\xampp\\htdocs\\Laravel Projects\\GSF\\vendor\\symfony\\http-foundation\\Response.php(205): Illuminate\\Http\\Response->setContent(Object(Illuminate\\View\\View))
#7 C:\\xampp\\htdocs\\Laravel Projects\\GSF\\vendor\\laravel\\framework\\src\\Illuminate\\Routing\\Router.php(748): Symfony\\Component\\HttpFoundation\\Response->__construct(Object(Illuminate\\View\\View))
#8 C:\\xampp\\htdocs\\Laravel Projects\\GSF\\vendor\\laravel\\framework\\src\\Illuminate\\Routing\\Router.php(720): Illuminate\\Routing\\Router::toResponse(Object(Illuminate\\Http\\Request), Object(Illuminate\\View\\View))
#9 C:\\xampp\\htdocs\\Laravel Projects\\GSF\\vendor\\laravel\\framework\\src\\Illuminate\\Routing\\Router.php(680): Illuminate\\Routing\\Router->prepareResponse(Object(Illuminate\\Http\\Request), Object(Illuminate\\View\\View))
#10 C:\\xampp\\htdocs\\Laravel Projects\\GSF\\vendor\\laravel\\framework\\src\\Illuminate\\Routing\\Pipeline.php(30): Illuminate\\Routing\\Router->Illuminate\\Routing\\{closure}(Object(Illuminate\\Http\\Request))
#11 C:\\xampp\\htdocs\\Laravel Projects\\GSF\\app\\Http\\Middleware\\SwitchUser.php(22): Illuminate\\Routing\\Pipeline->Illuminate\\Routing\\{closure}(Object(Illuminate\\Http\\Request))
#12 C:\\xampp\\htdocs\\Laravel Projects\\GSF\\vendor\\laravel\\framework\\src\\Illuminate\\Pipeline\\Pipeline.php(163): App\\Http\\Middleware\\SwitchUser->handle(Object(Illuminate\\Http\\Request), Object(Closure))
#13 C:\\xampp\\htdocs\\Laravel Projects\\GSF\\vendor\\laravel\\framework\\src\\Illuminate\\Routing\\Pipeline.php(53): Illuminate\\Pipeline\\Pipeline->Illuminate\\Pipeline\\{closure}(Object(Illuminate\\Http\\Request))
#14 C:\\xampp\\htdocs\\Laravel Projects\\GSF\\vendor\\laravel\\framework\\src\\Illuminate\\Routing\\Middleware\\SubstituteBindings.php(41): Illuminate\\Routing\\Pipeline->Illuminate\\Routing\\{closure}(Object(Illuminate\\Http\\Request))
#15 C:\\xampp\\htdocs\\Laravel Projects\\GSF\\vendor\\laravel\\framework\\src\\Illuminate\\Pipeline\\Pipeline.php(163): Illuminate\\Routing\\Middleware\\SubstituteBindings->handle(Object(Illuminate\\Http\\Request), Object(Closure))
#16 C:\\xampp\\htdocs\\Laravel Projects\\GSF\\vendor\\laravel\\framework\\src\\Illuminate\\Routing\\Pipeline.php(53): Illuminate\\Pipeline\\Pipeline->Illuminate\\Pipeline\\{closure}(Object(Illuminate\\Http\\Request))
#17 C:\\xampp\\htdocs\\Laravel Projects\\GSF\\vendor\\laravel\\framework\\src\\Illuminate\\Auth\\Middleware\\Authenticate.php(43): Illuminate\\Routing\\Pipeline->Illuminate\\Routing\\{closure}(Object(Illuminate\\Http\\Request))
#18 C:\\xampp\\htdocs\\Laravel Projects\\GSF\\vendor\\laravel\\framework\\src\\Illuminate\\Pipeline\\Pipeline.php(163): Illuminate\\Auth\\Middleware\\Authenticate->handle(Object(Illuminate\\Http\\Request), Object(Closure))
#19 C:\\xampp\\htdocs\\Laravel Projects\\GSF\\vendor\\laravel\\framework\\src\\Illuminate\\Routing\\Pipeline.php(53): Illuminate\\Pipeline\\Pipeline->Illuminate\\Pipeline\\{closure}(Object(Illuminate\\Http\\Request))
#20 C:\\xampp\\htdocs\\Laravel Projects\\GSF\\vendor\\laravel\\framework\\src\\Illuminate\\Foundation\\Http\\Middleware\\VerifyCsrfToken.php(75): Illuminate\\Routing\\Pipeline->Illuminate\\Routing\\{closure}(Object(Illuminate\\Http\\Request))
#21 C:\\xampp\\htdocs\\Laravel Projects\\GSF\\vendor\\laravel\\framework\\src\\Illuminate\\Pipeline\\Pipeline.php(163): Illuminate\\Foundation\\Http\\Middleware\\VerifyCsrfToken->handle(Object(Illuminate\\Http\\Request), Object(Closure))
#22 C:\\xampp\\htdocs\\Laravel Projects\\GSF\\vendor\\laravel\\framework\\src\\Illuminate\\Routing\\Pipeline.php(53): Illuminate\\Pipeline\\Pipeline->Illuminate\\Pipeline\\{closure}(Object(Illuminate\\Http\\Request))
#23 C:\\xampp\\htdocs\\Laravel Projects\\GSF\\vendor\\laravel\\framework\\src\\Illuminate\\View\\Middleware\\ShareErrorsFromSession.php(49): Illuminate\\Routing\\Pipeline->Illuminate\\Routing\\{closure}(Object(Illuminate\\Http\\Request))
#24 C:\\xampp\\htdocs\\Laravel Projects\\GSF\\vendor\\laravel\\framework\\src\\Illuminate\\Pipeline\\Pipeline.php(163): Illuminate\\View\\Middleware\\ShareErrorsFromSession->handle(Object(Illuminate\\Http\\Request), Object(Closure))
#25 C:\\xampp\\htdocs\\Laravel Projects\\GSF\\vendor\\laravel\\framework\\src\\Illuminate\\Routing\\Pipeline.php(53): Illuminate\\Pipeline\\Pipeline->Illuminate\\Pipeline\\{closure}(Object(Illuminate\\Http\\Request))
#26 C:\\xampp\\htdocs\\Laravel Projects\\GSF\\vendor\\laravel\\framework\\src\\Illuminate\\Session\\Middleware\\StartSession.php(56): Illuminate\\Routing\\Pipeline->Illuminate\\Routing\\{closure}(Object(Illuminate\\Http\\Request))
#27 C:\\xampp\\htdocs\\Laravel Projects\\GSF\\vendor\\laravel\\framework\\src\\Illuminate\\Pipeline\\Pipeline.php(163): Illuminate\\Session\\Middleware\\StartSession->handle(Object(Illuminate\\Http\\Request), Object(Closure))
#28 C:\\xampp\\htdocs\\Laravel Projects\\GSF\\vendor\\laravel\\framework\\src\\Illuminate\\Routing\\Pipeline.php(53): Illuminate\\Pipeline\\Pipeline->Illuminate\\Pipeline\\{closure}(Object(Illuminate\\Http\\Request))
#29 C:\\xampp\\htdocs\\Laravel Projects\\GSF\\vendor\\laravel\\framework\\src\\Illuminate\\Cookie\\Middleware\\AddQueuedCookiesToResponse.php(37): Illuminate\\Routing\\Pipeline->Illuminate\\Routing\\{closure}(Object(Illuminate\\Http\\Request))
#30 C:\\xampp\\htdocs\\Laravel Projects\\GSF\\vendor\\laravel\\framework\\src\\Illuminate\\Pipeline\\Pipeline.php(163): Illuminate\\Cookie\\Middleware\\AddQueuedCookiesToResponse->handle(Object(Illuminate\\Http\\Request), Object(Closure))
#31 C:\\xampp\\htdocs\\Laravel Projects\\GSF\\vendor\\laravel\\framework\\src\\Illuminate\\Routing\\Pipeline.php(53): Illuminate\\Pipeline\\Pipeline->Illuminate\\Pipeline\\{closure}(Object(Illuminate\\Http\\Request))
#32 C:\\xampp\\htdocs\\Laravel Projects\\GSF\\vendor\\laravel\\framework\\src\\Illuminate\\Cookie\\Middleware\\EncryptCookies.php(66): Illuminate\\Routing\\Pipeline->Illuminate\\Routing\\{closure}(Object(Illuminate\\Http\\Request))
#33 C:\\xampp\\htdocs\\Laravel Projects\\GSF\\vendor\\laravel\\framework\\src\\Illuminate\\Pipeline\\Pipeline.php(163): Illuminate\\Cookie\\Middleware\\EncryptCookies->handle(Object(Illuminate\\Http\\Request), Object(Closure))
#34 C:\\xampp\\htdocs\\Laravel Projects\\GSF\\vendor\\laravel\\framework\\src\\Illuminate\\Routing\\Pipeline.php(53): Illuminate\\Pipeline\\Pipeline->Illuminate\\Pipeline\\{closure}(Object(Illuminate\\Http\\Request))
#35 C:\\xampp\\htdocs\\Laravel Projects\\GSF\\vendor\\laravel\\framework\\src\\Illuminate\\Pipeline\\Pipeline.php(104): Illuminate\\Routing\\Pipeline->Illuminate\\Routing\\{closure}(Object(Illuminate\\Http\\Request))
#36 C:\\xampp\\htdocs\\Laravel Projects\\GSF\\vendor\\laravel\\framework\\src\\Illuminate\\Routing\\Router.php(682): Illuminate\\Pipeline\\Pipeline->then(Object(Closure))
#37 C:\\xampp\\htdocs\\Laravel Projects\\GSF\\vendor\\laravel\\framework\\src\\Illuminate\\Routing\\Router.php(657): Illuminate\\Routing\\Router->runRouteWithinStack(Object(Illuminate\\Routing\\Route), Object(Illuminate\\Http\\Request))
#38 C:\\xampp\\htdocs\\Laravel Projects\\GSF\\vendor\\laravel\\framework\\src\\Illuminate\\Routing\\Router.php(623): Illuminate\\Routing\\Router->runRoute(Object(Illuminate\\Http\\Request), Object(Illuminate\\Routing\\Route))
#39 C:\\xampp\\htdocs\\Laravel Projects\\GSF\\vendor\\laravel\\framework\\src\\Illuminate\\Routing\\Router.php(612): Illuminate\\Routing\\Router->dispatchToRoute(Object(Illuminate\\Http\\Request))
#40 C:\\xampp\\htdocs\\Laravel Projects\\GSF\\vendor\\laravel\\framework\\src\\Illuminate\\Foundation\\Http\\Kernel.php(176): Illuminate\\Routing\\Router->dispatch(Object(Illuminate\\Http\\Request))
#41 C:\\xampp\\htdocs\\Laravel Projects\\GSF\\vendor\\laravel\\framework\\src\\Illuminate\\Routing\\Pipeline.php(30): Illuminate\\Foundation\\Http\\Kernel->Illuminate\\Foundation\\Http\\{closure}(Object(Illuminate\\Http\\Request))
#42 C:\\xampp\\htdocs\\Laravel Projects\\GSF\\vendor\\fideloper\\proxy\\src\\TrustProxies.php(57): Illuminate\\Routing\\Pipeline->Illuminate\\Routing\\{closure}(Object(Illuminate\\Http\\Request))
#43 C:\\xampp\\htdocs\\Laravel Projects\\GSF\\vendor\\laravel\\framework\\src\\Illuminate\\Pipeline\\Pipeline.php(163): Fideloper\\Proxy\\TrustProxies->handle(Object(Illuminate\\Http\\Request), Object(Closure))
#44 C:\\xampp\\htdocs\\Laravel Projects\\GSF\\vendor\\laravel\\framework\\src\\Illuminate\\Routing\\Pipeline.php(53): Illuminate\\Pipeline\\Pipeline->Illuminate\\Pipeline\\{closure}(Object(Illuminate\\Http\\Request))
#45 C:\\xampp\\htdocs\\Laravel Projects\\GSF\\vendor\\laravel\\framework\\src\\Illuminate\\Foundation\\Http\\Middleware\\TransformsRequest.php(21): Illuminate\\Routing\\Pipeline->Illuminate\\Routing\\{closure}(Object(Illuminate\\Http\\Request))
#46 C:\\xampp\\htdocs\\Laravel Projects\\GSF\\vendor\\laravel\\framework\\src\\Illuminate\\Pipeline\\Pipeline.php(163): Illuminate\\Foundation\\Http\\Middleware\\TransformsRequest->handle(Object(Illuminate\\Http\\Request), Object(Closure))
#47 C:\\xampp\\htdocs\\Laravel Projects\\GSF\\vendor\\laravel\\framework\\src\\Illuminate\\Routing\\Pipeline.php(53): Illuminate\\Pipeline\\Pipeline->Illuminate\\Pipeline\\{closure}(Object(Illuminate\\Http\\Request))
#48 C:\\xampp\\htdocs\\Laravel Projects\\GSF\\vendor\\laravel\\framework\\src\\Illuminate\\Foundation\\Http\\Middleware\\TransformsRequest.php(21): Illuminate\\Routing\\Pipeline->Illuminate\\Routing\\{closure}(Object(Illuminate\\Http\\Request))
#49 C:\\xampp\\htdocs\\Laravel Projects\\GSF\\vendor\\laravel\\framework\\src\\Illuminate\\Pipeline\\Pipeline.php(163): Illuminate\\Foundation\\Http\\Middleware\\TransformsRequest->handle(Object(Illuminate\\Http\\Request), Object(Closure))
#50 C:\\xampp\\htdocs\\Laravel Projects\\GSF\\vendor\\laravel\\framework\\src\\Illuminate\\Routing\\Pipeline.php(53): Illuminate\\Pipeline\\Pipeline->Illuminate\\Pipeline\\{closure}(Object(Illuminate\\Http\\Request))
#51 C:\\xampp\\htdocs\\Laravel Projects\\GSF\\vendor\\laravel\\framework\\src\\Illuminate\\Foundation\\Http\\Middleware\\ValidatePostSize.php(27): Illuminate\\Routing\\Pipeline->Illuminate\\Routing\\{closure}(Object(Illuminate\\Http\\Request))
#52 C:\\xampp\\htdocs\\Laravel Projects\\GSF\\vendor\\laravel\\framework\\src\\Illuminate\\Pipeline\\Pipeline.php(163): Illuminate\\Foundation\\Http\\Middleware\\ValidatePostSize->handle(Object(Illuminate\\Http\\Request), Object(Closure))
#53 C:\\xampp\\htdocs\\Laravel Projects\\GSF\\vendor\\laravel\\framework\\src\\Illuminate\\Routing\\Pipeline.php(53): Illuminate\\Pipeline\\Pipeline->Illuminate\\Pipeline\\{closure}(Object(Illuminate\\Http\\Request))
#54 C:\\xampp\\htdocs\\Laravel Projects\\GSF\\vendor\\laravel\\framework\\src\\Illuminate\\Foundation\\Http\\Middleware\\CheckForMaintenanceMode.php(62): Illuminate\\Routing\\Pipeline->Illuminate\\Routing\\{closure}(Object(Illuminate\\Http\\Request))
#55 C:\\xampp\\htdocs\\Laravel Projects\\GSF\\vendor\\laravel\\framework\\src\\Illuminate\\Pipeline\\Pipeline.php(163): Illuminate\\Foundation\\Http\\Middleware\\CheckForMaintenanceMode->handle(Object(Illuminate\\Http\\Request), Object(Closure))
#56 C:\\xampp\\htdocs\\Laravel Projects\\GSF\\vendor\\laravel\\framework\\src\\Illuminate\\Routing\\Pipeline.php(53): Illuminate\\Pipeline\\Pipeline->Illuminate\\Pipeline\\{closure}(Object(Illuminate\\Http\\Request))
#57 C:\\xampp\\htdocs\\Laravel Projects\\GSF\\vendor\\laravel\\framework\\src\\Illuminate\\Pipeline\\Pipeline.php(104): Illuminate\\Routing\\Pipeline->Illuminate\\Routing\\{closure}(Object(Illuminate\\Http\\Request))
#58 C:\\xampp\\htdocs\\Laravel Projects\\GSF\\vendor\\laravel\\framework\\src\\Illuminate\\Foundation\\Http\\Kernel.php(151): Illuminate\\Pipeline\\Pipeline->then(Object(Closure))
#59 C:\\xampp\\htdocs\\Laravel Projects\\GSF\\vendor\\laravel\\framework\\src\\Illuminate\\Foundation\\Http\\Kernel.php(116): Illuminate\\Foundation\\Http\\Kernel->sendRequestThroughRouter(Object(Illuminate\\Http\\Request))
#60 C:\\xampp\\htdocs\\Laravel Projects\\GSF\\public\\index.php(55): Illuminate\\Foundation\\Http\\Kernel->handle(Object(Illuminate\\Http\\Request))
#61 C:\\xampp\\htdocs\\Laravel Projects\\GSF\\server.php(21): require_once('C:\\\\xampp\\\\htdocs...')
#62 {main}
"} 
[2021-01-25 21:16:09] local.ERROR: Trying to get property 'name' of non-object (View: C:\xampp\htdocs\Laravel Projects\GSF\resources\views\participant\index.blade.php) {"userId":15,"exception":"[object] (ErrorException(code: 0): Trying to get property 'name' of non-object (View: C:\\xampp\\htdocs\\Laravel Projects\\GSF\esources\\views\\participant\\index.blade.php) at C:\\xampp\\htdocs\\Laravel Projects\\GSF\\storage\\framework\\views\\9d2c3ccbb94476023244733ccdacbd1be04f4765.php:84, ErrorException(code: 0): Trying to get property 'name' of non-object at C:\\xampp\\htdocs\\Laravel Projects\\GSF\\storage\\framework\\views\\9d2c3ccbb94476023244733ccdacbd1be04f4765.php:84)
[stacktrace]
#0 C:\\xampp\\htdocs\\Laravel Projects\\GSF\\vendor\\laravel\\framework\\src\\Illuminate\\View\\Engines\\PhpEngine.php(45): Illuminate\\View\\Engines\\CompilerEngine->handleViewException(Object(ErrorException), 1)
#1 C:\\xampp\\htdocs\\Laravel Projects\\GSF\\vendor\\laravel\\framework\\src\\Illuminate\\View\\Engines\\CompilerEngine.php(59): Illuminate\\View\\Engines\\PhpEngine->evaluatePath('C:\\\\xampp\\\\htdocs...', Array)
#2 C:\\xampp\\htdocs\\Laravel Projects\\GSF\\vendor\\laravel\\framework\\src\\Illuminate\\View\\View.php(142): Illuminate\\View\\Engines\\CompilerEngine->get('C:\\\\xampp\\\\htdocs...', Array)
#3 C:\\xampp\\htdocs\\Laravel Projects\\GSF\\vendor\\laravel\\framework\\src\\Illuminate\\View\\View.php(125): Illuminate\\View\\View->getContents()
#4 C:\\xampp\\htdocs\\Laravel Projects\\GSF\\vendor\\laravel\\framework\\src\\Illuminate\\View\\View.php(90): Illuminate\\View\\View->renderContents()
#5 C:\\xampp\\htdocs\\Laravel Projects\\GSF\\vendor\\laravel\\framework\\src\\Illuminate\\Http\\Response.php(42): Illuminate\\View\\View->render()
#6 C:\\xampp\\htdocs\\Laravel Projects\\GSF\\vendor\\symfony\\http-foundation\\Response.php(205): Illuminate\\Http\\Response->setContent(Object(Illuminate\\View\\View))
#7 C:\\xampp\\htdocs\\Laravel Projects\\GSF\\vendor\\laravel\\framework\\src\\Illuminate\\Routing\\Router.php(748): Symfony\\Component\\HttpFoundation\\Response->__construct(Object(Illuminate\\View\\View))
#8 C:\\xampp\\htdocs\\Laravel Projects\\GSF\\vendor\\laravel\\framework\\src\\Illuminate\\Routing\\Router.php(720): Illuminate\\Routing\\Router::toResponse(Object(Illuminate\\Http\\Request), Object(Illuminate\\View\\View))
#9 C:\\xampp\\htdocs\\Laravel Projects\\GSF\\vendor\\laravel\\framework\\src\\Illuminate\\Routing\\Router.php(680): Illuminate\\Routing\\Router->prepareResponse(Object(Illuminate\\Http\\Request), Object(Illuminate\\View\\View))
#10 C:\\xampp\\htdocs\\Laravel Projects\\GSF\\vendor\\laravel\\framework\\src\\Illuminate\\Routing\\Pipeline.php(30): Illuminate\\Routing\\Router->Illuminate\\Routing\\{closure}(Object(Illuminate\\Http\\Request))
#11 C:\\xampp\\htdocs\\Laravel Projects\\GSF\\app\\Http\\Middleware\\SwitchUser.php(22): Illuminate\\Routing\\Pipeline->Illuminate\\Routing\\{closure}(Object(Illuminate\\Http\\Request))
#12 C:\\xampp\\htdocs\\Laravel Projects\\GSF\\vendor\\laravel\\framework\\src\\Illuminate\\Pipeline\\Pipeline.php(163): App\\Http\\Middleware\\SwitchUser->handle(Object(Illuminate\\Http\\Request), Object(Closure))
#13 C:\\xampp\\htdocs\\Laravel Projects\\GSF\\vendor\\laravel\\framework\\src\\Illuminate\\Routing\\Pipeline.php(53): Illuminate\\Pipeline\\Pipeline->Illuminate\\Pipeline\\{closure}(Object(Illuminate\\Http\\Request))
#14 C:\\xampp\\htdocs\\Laravel Projects\\GSF\\vendor\\laravel\\framework\\src\\Illuminate\\Routing\\Middleware\\SubstituteBindings.php(41): Illuminate\\Routing\\Pipeline->Illuminate\\Routing\\{closure}(Object(Illuminate\\Http\\Request))
#15 C:\\xampp\\htdocs\\Laravel Projects\\GSF\\vendor\\laravel\\framework\\src\\Illuminate\\Pipeline\\Pipeline.php(163): Illuminate\\Routing\\Middleware\\SubstituteBindings->handle(Object(Illuminate\\Http\\Request), Object(Closure))
#16 C:\\xampp\\htdocs\\Laravel Projects\\GSF\\vendor\\laravel\\framework\\src\\Illuminate\\Routing\\Pipeline.php(53): Illuminate\\Pipeline\\Pipeline->Illuminate\\Pipeline\\{closure}(Object(Illuminate\\Http\\Request))
#17 C:\\xampp\\htdocs\\Laravel Projects\\GSF\\vendor\\laravel\\framework\\src\\Illuminate\\Auth\\Middleware\\Authenticate.php(43): Illuminate\\Routing\\Pipeline->Illuminate\\Routing\\{closure}(Object(Illuminate\\Http\\Request))
#18 C:\\xampp\\htdocs\\Laravel Projects\\GSF\\vendor\\laravel\\framework\\src\\Illuminate\\Pipeline\\Pipeline.php(163): Illuminate\\Auth\\Middleware\\Authenticate->handle(Object(Illuminate\\Http\\Request), Object(Closure))
#19 C:\\xampp\\htdocs\\Laravel Projects\\GSF\\vendor\\laravel\\framework\\src\\Illuminate\\Routing\\Pipeline.php(53): Illuminate\\Pipeline\\Pipeline->Illuminate\\Pipeline\\{closure}(Object(Illuminate\\Http\\Request))
#20 C:\\xampp\\htdocs\\Laravel Projects\\GSF\\vendor\\laravel\\framework\\src\\Illuminate\\Foundation\\Http\\Middleware\\VerifyCsrfToken.php(75): Illuminate\\Routing\\Pipeline->Illuminate\\Routing\\{closure}(Object(Illuminate\\Http\\Request))
#21 C:\\xampp\\htdocs\\Laravel Projects\\GSF\\vendor\\laravel\\framework\\src\\Illuminate\\Pipeline\\Pipeline.php(163): Illuminate\\Foundation\\Http\\Middleware\\VerifyCsrfToken->handle(Object(Illuminate\\Http\\Request), Object(Closure))
#22 C:\\xampp\\htdocs\\Laravel Projects\\GSF\\vendor\\laravel\\framework\\src\\Illuminate\\Routing\\Pipeline.php(53): Illuminate\\Pipeline\\Pipeline->Illuminate\\Pipeline\\{closure}(Object(Illuminate\\Http\\Request))
#23 C:\\xampp\\htdocs\\Laravel Projects\\GSF\\vendor\\laravel\\framework\\src\\Illuminate\\View\\Middleware\\ShareErrorsFromSession.php(49): Illuminate\\Routing\\Pipeline->Illuminate\\Routing\\{closure}(Object(Illuminate\\Http\\Request))
#24 C:\\xampp\\htdocs\\Laravel Projects\\GSF\\vendor\\laravel\\framework\\src\\Illuminate\\Pipeline\\Pipeline.php(163): Illuminate\\View\\Middleware\\ShareErrorsFromSession->handle(Object(Illuminate\\Http\\Request), Object(Closure))
#25 C:\\xampp\\htdocs\\Laravel Projects\\GSF\\vendor\\laravel\\framework\\src\\Illuminate\\Routing\\Pipeline.php(53): Illuminate\\Pipeline\\Pipeline->Illuminate\\Pipeline\\{closure}(Object(Illuminate\\Http\\Request))
#26 C:\\xampp\\htdocs\\Laravel Projects\\GSF\\vendor\\laravel\\framework\\src\\Illuminate\\Session\\Middleware\\StartSession.php(56): Illuminate\\Routing\\Pipeline->Illuminate\\Routing\\{closure}(Object(Illuminate\\Http\\Request))
#27 C:\\xampp\\htdocs\\Laravel Projects\\GSF\\vendor\\laravel\\framework\\src\\Illuminate\\Pipeline\\Pipeline.php(163): Illuminate\\Session\\Middleware\\StartSession->handle(Object(Illuminate\\Http\\Request), Object(Closure))
#28 C:\\xampp\\htdocs\\Laravel Projects\\GSF\\vendor\\laravel\\framework\\src\\Illuminate\\Routing\\Pipeline.php(53): Illuminate\\Pipeline\\Pipeline->Illuminate\\Pipeline\\{closure}(Object(Illuminate\\Http\\Request))
#29 C:\\xampp\\htdocs\\Laravel Projects\\GSF\\vendor\\laravel\\framework\\src\\Illuminate\\Cookie\\Middleware\\AddQueuedCookiesToResponse.php(37): Illuminate\\Routing\\Pipeline->Illuminate\\Routing\\{closure}(Object(Illuminate\\Http\\Request))
#30 C:\\xampp\\htdocs\\Laravel Projects\\GSF\\vendor\\laravel\\framework\\src\\Illuminate\\Pipeline\\Pipeline.php(163): Illuminate\\Cookie\\Middleware\\AddQueuedCookiesToResponse->handle(Object(Illuminate\\Http\\Request), Object(Closure))
#31 C:\\xampp\\htdocs\\Laravel Projects\\GSF\\vendor\\laravel\\framework\\src\\Illuminate\\Routing\\Pipeline.php(53): Illuminate\\Pipeline\\Pipeline->Illuminate\\Pipeline\\{closure}(Object(Illuminate\\Http\\Request))
#32 C:\\xampp\\htdocs\\Laravel Projects\\GSF\\vendor\\laravel\\framework\\src\\Illuminate\\Cookie\\Middleware\\EncryptCookies.php(66): Illuminate\\Routing\\Pipeline->Illuminate\\Routing\\{closure}(Object(Illuminate\\Http\\Request))
#33 C:\\xampp\\htdocs\\Laravel Projects\\GSF\\vendor\\laravel\\framework\\src\\Illuminate\\Pipeline\\Pipeline.php(163): Illuminate\\Cookie\\Middleware\\EncryptCookies->handle(Object(Illuminate\\Http\\Request), Object(Closure))
#34 C:\\xampp\\htdocs\\Laravel Projects\\GSF\\vendor\\laravel\\framework\\src\\Illuminate\\Routing\\Pipeline.php(53): Illuminate\\Pipeline\\Pipeline->Illuminate\\Pipeline\\{closure}(Object(Illuminate\\Http\\Request))
#35 C:\\xampp\\htdocs\\Laravel Projects\\GSF\\vendor\\laravel\\framework\\src\\Illuminate\\Pipeline\\Pipeline.php(104): Illuminate\\Routing\\Pipeline->Illuminate\\Routing\\{closure}(Object(Illuminate\\Http\\Request))
#36 C:\\xampp\\htdocs\\Laravel Projects\\GSF\\vendor\\laravel\\framework\\src\\Illuminate\\Routing\\Router.php(682): Illuminate\\Pipeline\\Pipeline->then(Object(Closure))
#37 C:\\xampp\\htdocs\\Laravel Projects\\GSF\\vendor\\laravel\\framework\\src\\Illuminate\\Routing\\Router.php(657): Illuminate\\Routing\\Router->runRouteWithinStack(Object(Illuminate\\Routing\\Route), Object(Illuminate\\Http\\Request))
#38 C:\\xampp\\htdocs\\Laravel Projects\\GSF\\vendor\\laravel\\framework\\src\\Illuminate\\Routing\\Router.php(623): Illuminate\\Routing\\Router->runRoute(Object(Illuminate\\Http\\Request), Object(Illuminate\\Routing\\Route))
#39 C:\\xampp\\htdocs\\Laravel Projects\\GSF\\vendor\\laravel\\framework\\src\\Illuminate\\Routing\\Router.php(612): Illuminate\\Routing\\Router->dispatchToRoute(Object(Illuminate\\Http\\Request))
#40 C:\\xampp\\htdocs\\Laravel Projects\\GSF\\vendor\\laravel\\framework\\src\\Illuminate\\Foundation\\Http\\Kernel.php(176): Illuminate\\Routing\\Router->dispatch(Object(Illuminate\\Http\\Request))
#41 C:\\xampp\\htdocs\\Laravel Projects\\GSF\\vendor\\laravel\\framework\\src\\Illuminate\\Routing\\Pipeline.php(30): Illuminate\\Foundation\\Http\\Kernel->Illuminate\\Foundation\\Http\\{closure}(Object(Illuminate\\Http\\Request))
#42 C:\\xampp\\htdocs\\Laravel Projects\\GSF\\vendor\\fideloper\\proxy\\src\\TrustProxies.php(57): Illuminate\\Routing\\Pipeline->Illuminate\\Routing\\{closure}(Object(Illuminate\\Http\\Request))
#43 C:\\xampp\\htdocs\\Laravel Projects\\GSF\\vendor\\laravel\\framework\\src\\Illuminate\\Pipeline\\Pipeline.php(163): Fideloper\\Proxy\\TrustProxies->handle(Object(Illuminate\\Http\\Request), Object(Closure))
#44 C:\\xampp\\htdocs\\Laravel Projects\\GSF\\vendor\\laravel\\framework\\src\\Illuminate\\Routing\\Pipeline.php(53): Illuminate\\Pipeline\\Pipeline->Illuminate\\Pipeline\\{closure}(Object(Illuminate\\Http\\Request))
#45 C:\\xampp\\htdocs\\Laravel Projects\\GSF\\vendor\\laravel\\framework\\src\\Illuminate\\Foundation\\Http\\Middleware\\TransformsRequest.php(21): Illuminate\\Routing\\Pipeline->Illuminate\\Routing\\{closure}(Object(Illuminate\\Http\\Request))
#46 C:\\xampp\\htdocs\\Laravel Projects\\GSF\\vendor\\laravel\\framework\\src\\Illuminate\\Pipeline\\Pipeline.php(163): Illuminate\\Foundation\\Http\\Middleware\\TransformsRequest->handle(Object(Illuminate\\Http\\Request), Object(Closure))
#47 C:\\xampp\\htdocs\\Laravel Projects\\GSF\\vendor\\laravel\\framework\\src\\Illuminate\\Routing\\Pipeline.php(53): Illuminate\\Pipeline\\Pipeline->Illuminate\\Pipeline\\{closure}(Object(Illuminate\\Http\\Request))
#48 C:\\xampp\\htdocs\\Laravel Projects\\GSF\\vendor\\laravel\\framework\\src\\Illuminate\\Foundation\\Http\\Middleware\\TransformsRequest.php(21): Illuminate\\Routing\\Pipeline->Illuminate\\Routing\\{closure}(Object(Illuminate\\Http\\Request))
#49 C:\\xampp\\htdocs\\Laravel Projects\\GSF\\vendor\\laravel\\framework\\src\\Illuminate\\Pipeline\\Pipeline.php(163): Illuminate\\Foundation\\Http\\Middleware\\TransformsRequest->handle(Object(Illuminate\\Http\\Request), Object(Closure))
#50 C:\\xampp\\htdocs\\Laravel Projects\\GSF\\vendor\\laravel\\framework\\src\\Illuminate\\Routing\\Pipeline.php(53): Illuminate\\Pipeline\\Pipeline->Illuminate\\Pipeline\\{closure}(Object(Illuminate\\Http\\Request))
#51 C:\\xampp\\htdocs\\Laravel Projects\\GSF\\vendor\\laravel\\framework\\src\\Illuminate\\Foundation\\Http\\Middleware\\ValidatePostSize.php(27): Illuminate\\Routing\\Pipeline->Illuminate\\Routing\\{closure}(Object(Illuminate\\Http\\Request))
#52 C:\\xampp\\htdocs\\Laravel Projects\\GSF\\vendor\\laravel\\framework\\src\\Illuminate\\Pipeline\\Pipeline.php(163): Illuminate\\Foundation\\Http\\Middleware\\ValidatePostSize->handle(Object(Illuminate\\Http\\Request), Object(Closure))
#53 C:\\xampp\\htdocs\\Laravel Projects\\GSF\\vendor\\laravel\\framework\\src\\Illuminate\\Routing\\Pipeline.php(53): Illuminate\\Pipeline\\Pipeline->Illuminate\\Pipeline\\{closure}(Object(Illuminate\\Http\\Request))
#54 C:\\xampp\\htdocs\\Laravel Projects\\GSF\\vendor\\laravel\\framework\\src\\Illuminate\\Foundation\\Http\\Middleware\\CheckForMaintenanceMode.php(62): Illuminate\\Routing\\Pipeline->Illuminate\\Routing\\{closure}(Object(Illuminate\\Http\\Request))
#55 C:\\xampp\\htdocs\\Laravel Projects\\GSF\\vendor\\laravel\\framework\\src\\Illuminate\\Pipeline\\Pipeline.php(163): Illuminate\\Foundation\\Http\\Middleware\\CheckForMaintenanceMode->handle(Object(Illuminate\\Http\\Request), Object(Closure))
#56 C:\\xampp\\htdocs\\Laravel Projects\\GSF\\vendor\\laravel\\framework\\src\\Illuminate\\Routing\\Pipeline.php(53): Illuminate\\Pipeline\\Pipeline->Illuminate\\Pipeline\\{closure}(Object(Illuminate\\Http\\Request))
#57 C:\\xampp\\htdocs\\Laravel Projects\\GSF\\vendor\\laravel\\framework\\src\\Illuminate\\Pipeline\\Pipeline.php(104): Illuminate\\Routing\\Pipeline->Illuminate\\Routing\\{closure}(Object(Illuminate\\Http\\Request))
#58 C:\\xampp\\htdocs\\Laravel Projects\\GSF\\vendor\\laravel\\framework\\src\\Illuminate\\Foundation\\Http\\Kernel.php(151): Illuminate\\Pipeline\\Pipeline->then(Object(Closure))
#59 C:\\xampp\\htdocs\\Laravel Projects\\GSF\\vendor\\laravel\\framework\\src\\Illuminate\\Foundation\\Http\\Kernel.php(116): Illuminate\\Foundation\\Http\\Kernel->sendRequestThroughRouter(Object(Illuminate\\Http\\Request))
#60 C:\\xampp\\htdocs\\Laravel Projects\\GSF\\public\\index.php(55): Illuminate\\Foundation\\Http\\Kernel->handle(Object(Illuminate\\Http\\Request))
#61 C:\\xampp\\htdocs\\Laravel Projects\\GSF\\server.php(21): require_once('C:\\\\xampp\\\\htdocs...')
#62 {main}
"} 
[2021-01-25 21:16:39] local.ERROR: Trying to get property 'name' of non-object (View: C:\xampp\htdocs\Laravel Projects\GSF\resources\views\participant\index.blade.php) {"userId":15,"exception":"[object] (ErrorException(code: 0): Trying to get property 'name' of non-object (View: C:\\xampp\\htdocs\\Laravel Projects\\GSF\esources\\views\\participant\\index.blade.php) at C:\\xampp\\htdocs\\Laravel Projects\\GSF\\storage\\framework\\views\\9d2c3ccbb94476023244733ccdacbd1be04f4765.php:84, ErrorException(code: 0): Trying to get property 'name' of non-object at C:\\xampp\\htdocs\\Laravel Projects\\GSF\\storage\\framework\\views\\9d2c3ccbb94476023244733ccdacbd1be04f4765.php:84)
[stacktrace]
#0 C:\\xampp\\htdocs\\Laravel Projects\\GSF\\vendor\\laravel\\framework\\src\\Illuminate\\View\\Engines\\PhpEngine.php(45): Illuminate\\View\\Engines\\CompilerEngine->handleViewException(Object(ErrorException), 1)
#1 C:\\xampp\\htdocs\\Laravel Projects\\GSF\\vendor\\laravel\\framework\\src\\Illuminate\\View\\Engines\\CompilerEngine.php(59): Illuminate\\View\\Engines\\PhpEngine->evaluatePath('C:\\\\xampp\\\\htdocs...', Array)
#2 C:\\xampp\\htdocs\\Laravel Projects\\GSF\\vendor\\laravel\\framework\\src\\Illuminate\\View\\View.php(142): Illuminate\\View\\Engines\\CompilerEngine->get('C:\\\\xampp\\\\htdocs...', Array)
#3 C:\\xampp\\htdocs\\Laravel Projects\\GSF\\vendor\\laravel\\framework\\src\\Illuminate\\View\\View.php(125): Illuminate\\View\\View->getContents()
#4 C:\\xampp\\htdocs\\Laravel Projects\\GSF\\vendor\\laravel\\framework\\src\\Illuminate\\View\\View.php(90): Illuminate\\View\\View->renderContents()
#5 C:\\xampp\\htdocs\\Laravel Projects\\GSF\\vendor\\laravel\\framework\\src\\Illuminate\\Http\\Response.php(42): Illuminate\\View\\View->render()
#6 C:\\xampp\\htdocs\\Laravel Projects\\GSF\\vendor\\symfony\\http-foundation\\Response.php(205): Illuminate\\Http\\Response->setContent(Object(Illuminate\\View\\View))
#7 C:\\xampp\\htdocs\\Laravel Projects\\GSF\\vendor\\laravel\\framework\\src\\Illuminate\\Routing\\Router.php(748): Symfony\\Component\\HttpFoundation\\Response->__construct(Object(Illuminate\\View\\View))
#8 C:\\xampp\\htdocs\\Laravel Projects\\GSF\\vendor\\laravel\\framework\\src\\Illuminate\\Routing\\Router.php(720): Illuminate\\Routing\\Router::toResponse(Object(Illuminate\\Http\\Request), Object(Illuminate\\View\\View))
#9 C:\\xampp\\htdocs\\Laravel Projects\\GSF\\vendor\\laravel\\framework\\src\\Illuminate\\Routing\\Router.php(680): Illuminate\\Routing\\Router->prepareResponse(Object(Illuminate\\Http\\Request), Object(Illuminate\\View\\View))
#10 C:\\xampp\\htdocs\\Laravel Projects\\GSF\\vendor\\laravel\\framework\\src\\Illuminate\\Routing\\Pipeline.php(30): Illuminate\\Routing\\Router->Illuminate\\Routing\\{closure}(Object(Illuminate\\Http\\Request))
#11 C:\\xampp\\htdocs\\Laravel Projects\\GSF\\app\\Http\\Middleware\\SwitchUser.php(22): Illuminate\\Routing\\Pipeline->Illuminate\\Routing\\{closure}(Object(Illuminate\\Http\\Request))
#12 C:\\xampp\\htdocs\\Laravel Projects\\GSF\\vendor\\laravel\\framework\\src\\Illuminate\\Pipeline\\Pipeline.php(163): App\\Http\\Middleware\\SwitchUser->handle(Object(Illuminate\\Http\\Request), Object(Closure))
#13 C:\\xampp\\htdocs\\Laravel Projects\\GSF\\vendor\\laravel\\framework\\src\\Illuminate\\Routing\\Pipeline.php(53): Illuminate\\Pipeline\\Pipeline->Illuminate\\Pipeline\\{closure}(Object(Illuminate\\Http\\Request))
#14 C:\\xampp\\htdocs\\Laravel Projects\\GSF\\vendor\\laravel\\framework\\src\\Illuminate\\Routing\\Middleware\\SubstituteBindings.php(41): Illuminate\\Routing\\Pipeline->Illuminate\\Routing\\{closure}(Object(Illuminate\\Http\\Request))
#15 C:\\xampp\\htdocs\\Laravel Projects\\GSF\\vendor\\laravel\\framework\\src\\Illuminate\\Pipeline\\Pipeline.php(163): Illuminate\\Routing\\Middleware\\SubstituteBindings->handle(Object(Illuminate\\Http\\Request), Object(Closure))
#16 C:\\xampp\\htdocs\\Laravel Projects\\GSF\\vendor\\laravel\\framework\\src\\Illuminate\\Routing\\Pipeline.php(53): Illuminate\\Pipeline\\Pipeline->Illuminate\\Pipeline\\{closure}(Object(Illuminate\\Http\\Request))
#17 C:\\xampp\\htdocs\\Laravel Projects\\GSF\\vendor\\laravel\\framework\\src\\Illuminate\\Auth\\Middleware\\Authenticate.php(43): Illuminate\\Routing\\Pipeline->Illuminate\\Routing\\{closure}(Object(Illuminate\\Http\\Request))
#18 C:\\xampp\\htdocs\\Laravel Projects\\GSF\\vendor\\laravel\\framework\\src\\Illuminate\\Pipeline\\Pipeline.php(163): Illuminate\\Auth\\Middleware\\Authenticate->handle(Object(Illuminate\\Http\\Request), Object(Closure))
#19 C:\\xampp\\htdocs\\Laravel Projects\\GSF\\vendor\\laravel\\framework\\src\\Illuminate\\Routing\\Pipeline.php(53): Illuminate\\Pipeline\\Pipeline->Illuminate\\Pipeline\\{closure}(Object(Illuminate\\Http\\Request))
#20 C:\\xampp\\htdocs\\Laravel Projects\\GSF\\vendor\\laravel\\framework\\src\\Illuminate\\Foundation\\Http\\Middleware\\VerifyCsrfToken.php(75): Illuminate\\Routing\\Pipeline->Illuminate\\Routing\\{closure}(Object(Illuminate\\Http\\Request))
#21 C:\\xampp\\htdocs\\Laravel Projects\\GSF\\vendor\\laravel\\framework\\src\\Illuminate\\Pipeline\\Pipeline.php(163): Illuminate\\Foundation\\Http\\Middleware\\VerifyCsrfToken->handle(Object(Illuminate\\Http\\Request), Object(Closure))
#22 C:\\xampp\\htdocs\\Laravel Projects\\GSF\\vendor\\laravel\\framework\\src\\Illuminate\\Routing\\Pipeline.php(53): Illuminate\\Pipeline\\Pipeline->Illuminate\\Pipeline\\{closure}(Object(Illuminate\\Http\\Request))
#23 C:\\xampp\\htdocs\\Laravel Projects\\GSF\\vendor\\laravel\\framework\\src\\Illuminate\\View\\Middleware\\ShareErrorsFromSession.php(49): Illuminate\\Routing\\Pipeline->Illuminate\\Routing\\{closure}(Object(Illuminate\\Http\\Request))
#24 C:\\xampp\\htdocs\\Laravel Projects\\GSF\\vendor\\laravel\\framework\\src\\Illuminate\\Pipeline\\Pipeline.php(163): Illuminate\\View\\Middleware\\ShareErrorsFromSession->handle(Object(Illuminate\\Http\\Request), Object(Closure))
#25 C:\\xampp\\htdocs\\Laravel Projects\\GSF\\vendor\\laravel\\framework\\src\\Illuminate\\Routing\\Pipeline.php(53): Illuminate\\Pipeline\\Pipeline->Illuminate\\Pipeline\\{closure}(Object(Illuminate\\Http\\Request))
#26 C:\\xampp\\htdocs\\Laravel Projects\\GSF\\vendor\\laravel\\framework\\src\\Illuminate\\Session\\Middleware\\StartSession.php(56): Illuminate\\Routing\\Pipeline->Illuminate\\Routing\\{closure}(Object(Illuminate\\Http\\Request))
#27 C:\\xampp\\htdocs\\Laravel Projects\\GSF\\vendor\\laravel\\framework\\src\\Illuminate\\Pipeline\\Pipeline.php(163): Illuminate\\Session\\Middleware\\StartSession->handle(Object(Illuminate\\Http\\Request), Object(Closure))
#28 C:\\xampp\\htdocs\\Laravel Projects\\GSF\\vendor\\laravel\\framework\\src\\Illuminate\\Routing\\Pipeline.php(53): Illuminate\\Pipeline\\Pipeline->Illuminate\\Pipeline\\{closure}(Object(Illuminate\\Http\\Request))
#29 C:\\xampp\\htdocs\\Laravel Projects\\GSF\\vendor\\laravel\\framework\\src\\Illuminate\\Cookie\\Middleware\\AddQueuedCookiesToResponse.php(37): Illuminate\\Routing\\Pipeline->Illuminate\\Routing\\{closure}(Object(Illuminate\\Http\\Request))
#30 C:\\xampp\\htdocs\\Laravel Projects\\GSF\\vendor\\laravel\\framework\\src\\Illuminate\\Pipeline\\Pipeline.php(163): Illuminate\\Cookie\\Middleware\\AddQueuedCookiesToResponse->handle(Object(Illuminate\\Http\\Request), Object(Closure))
#31 C:\\xampp\\htdocs\\Laravel Projects\\GSF\\vendor\\laravel\\framework\\src\\Illuminate\\Routing\\Pipeline.php(53): Illuminate\\Pipeline\\Pipeline->Illuminate\\Pipeline\\{closure}(Object(Illuminate\\Http\\Request))
#32 C:\\xampp\\htdocs\\Laravel Projects\\GSF\\vendor\\laravel\\framework\\src\\Illuminate\\Cookie\\Middleware\\EncryptCookies.php(66): Illuminate\\Routing\\Pipeline->Illuminate\\Routing\\{closure}(Object(Illuminate\\Http\\Request))
#33 C:\\xampp\\htdocs\\Laravel Projects\\GSF\\vendor\\laravel\\framework\\src\\Illuminate\\Pipeline\\Pipeline.php(163): Illuminate\\Cookie\\Middleware\\EncryptCookies->handle(Object(Illuminate\\Http\\Request), Object(Closure))
#34 C:\\xampp\\htdocs\\Laravel Projects\\GSF\\vendor\\laravel\\framework\\src\\Illuminate\\Routing\\Pipeline.php(53): Illuminate\\Pipeline\\Pipeline->Illuminate\\Pipeline\\{closure}(Object(Illuminate\\Http\\Request))
#35 C:\\xampp\\htdocs\\Laravel Projects\\GSF\\vendor\\laravel\\framework\\src\\Illuminate\\Pipeline\\Pipeline.php(104): Illuminate\\Routing\\Pipeline->Illuminate\\Routing\\{closure}(Object(Illuminate\\Http\\Request))
#36 C:\\xampp\\htdocs\\Laravel Projects\\GSF\\vendor\\laravel\\framework\\src\\Illuminate\\Routing\\Router.php(682): Illuminate\\Pipeline\\Pipeline->then(Object(Closure))
#37 C:\\xampp\\htdocs\\Laravel Projects\\GSF\\vendor\\laravel\\framework\\src\\Illuminate\\Routing\\Router.php(657): Illuminate\\Routing\\Router->runRouteWithinStack(Object(Illuminate\\Routing\\Route), Object(Illuminate\\Http\\Request))
#38 C:\\xampp\\htdocs\\Laravel Projects\\GSF\\vendor\\laravel\\framework\\src\\Illuminate\\Routing\\Router.php(623): Illuminate\\Routing\\Router->runRoute(Object(Illuminate\\Http\\Request), Object(Illuminate\\Routing\\Route))
#39 C:\\xampp\\htdocs\\Laravel Projects\\GSF\\vendor\\laravel\\framework\\src\\Illuminate\\Routing\\Router.php(612): Illuminate\\Routing\\Router->dispatchToRoute(Object(Illuminate\\Http\\Request))
#40 C:\\xampp\\htdocs\\Laravel Projects\\GSF\\vendor\\laravel\\framework\\src\\Illuminate\\Foundation\\Http\\Kernel.php(176): Illuminate\\Routing\\Router->dispatch(Object(Illuminate\\Http\\Request))
#41 C:\\xampp\\htdocs\\Laravel Projects\\GSF\\vendor\\laravel\\framework\\src\\Illuminate\\Routing\\Pipeline.php(30): Illuminate\\Foundation\\Http\\Kernel->Illuminate\\Foundation\\Http\\{closure}(Object(Illuminate\\Http\\Request))
#42 C:\\xampp\\htdocs\\Laravel Projects\\GSF\\vendor\\fideloper\\proxy\\src\\TrustProxies.php(57): Illuminate\\Routing\\Pipeline->Illuminate\\Routing\\{closure}(Object(Illuminate\\Http\\Request))
#43 C:\\xampp\\htdocs\\Laravel Projects\\GSF\\vendor\\laravel\\framework\\src\\Illuminate\\Pipeline\\Pipeline.php(163): Fideloper\\Proxy\\TrustProxies->handle(Object(Illuminate\\Http\\Request), Object(Closure))
#44 C:\\xampp\\htdocs\\Laravel Projects\\GSF\\vendor\\laravel\\framework\\src\\Illuminate\\Routing\\Pipeline.php(53): Illuminate\\Pipeline\\Pipeline->Illuminate\\Pipeline\\{closure}(Object(Illuminate\\Http\\Request))
#45 C:\\xampp\\htdocs\\Laravel Projects\\GSF\\vendor\\laravel\\framework\\src\\Illuminate\\Foundation\\Http\\Middleware\\TransformsRequest.php(21): Illuminate\\Routing\\Pipeline->Illuminate\\Routing\\{closure}(Object(Illuminate\\Http\\Request))
#46 C:\\xampp\\htdocs\\Laravel Projects\\GSF\\vendor\\laravel\\framework\\src\\Illuminate\\Pipeline\\Pipeline.php(163): Illuminate\\Foundation\\Http\\Middleware\\TransformsRequest->handle(Object(Illuminate\\Http\\Request), Object(Closure))
#47 C:\\xampp\\htdocs\\Laravel Projects\\GSF\\vendor\\laravel\\framework\\src\\Illuminate\\Routing\\Pipeline.php(53): Illuminate\\Pipeline\\Pipeline->Illuminate\\Pipeline\\{closure}(Object(Illuminate\\Http\\Request))
#48 C:\\xampp\\htdocs\\Laravel Projects\\GSF\\vendor\\laravel\\framework\\src\\Illuminate\\Foundation\\Http\\Middleware\\TransformsRequest.php(21): Illuminate\\Routing\\Pipeline->Illuminate\\Routing\\{closure}(Object(Illuminate\\Http\\Request))
#49 C:\\xampp\\htdocs\\Laravel Projects\\GSF\\vendor\\laravel\\framework\\src\\Illuminate\\Pipeline\\Pipeline.php(163): Illuminate\\Foundation\\Http\\Middleware\\TransformsRequest->handle(Object(Illuminate\\Http\\Request), Object(Closure))
#50 C:\\xampp\\htdocs\\Laravel Projects\\GSF\\vendor\\laravel\\framework\\src\\Illuminate\\Routing\\Pipeline.php(53): Illuminate\\Pipeline\\Pipeline->Illuminate\\Pipeline\\{closure}(Object(Illuminate\\Http\\Request))
#51 C:\\xampp\\htdocs\\Laravel Projects\\GSF\\vendor\\laravel\\framework\\src\\Illuminate\\Foundation\\Http\\Middleware\\ValidatePostSize.php(27): Illuminate\\Routing\\Pipeline->Illuminate\\Routing\\{closure}(Object(Illuminate\\Http\\Request))
#52 C:\\xampp\\htdocs\\Laravel Projects\\GSF\\vendor\\laravel\\framework\\src\\Illuminate\\Pipeline\\Pipeline.php(163): Illuminate\\Foundation\\Http\\Middleware\\ValidatePostSize->handle(Object(Illuminate\\Http\\Request), Object(Closure))
#53 C:\\xampp\\htdocs\\Laravel Projects\\GSF\\vendor\\laravel\\framework\\src\\Illuminate\\Routing\\Pipeline.php(53): Illuminate\\Pipeline\\Pipeline->Illuminate\\Pipeline\\{closure}(Object(Illuminate\\Http\\Request))
#54 C:\\xampp\\htdocs\\Laravel Projects\\GSF\\vendor\\laravel\\framework\\src\\Illuminate\\Foundation\\Http\\Middleware\\CheckForMaintenanceMode.php(62): Illuminate\\Routing\\Pipeline->Illuminate\\Routing\\{closure}(Object(Illuminate\\Http\\Request))
#55 C:\\xampp\\htdocs\\Laravel Projects\\GSF\\vendor\\laravel\\framework\\src\\Illuminate\\Pipeline\\Pipeline.php(163): Illuminate\\Foundation\\Http\\Middleware\\CheckForMaintenanceMode->handle(Object(Illuminate\\Http\\Request), Object(Closure))
#56 C:\\xampp\\htdocs\\Laravel Projects\\GSF\\vendor\\laravel\\framework\\src\\Illuminate\\Routing\\Pipeline.php(53): Illuminate\\Pipeline\\Pipeline->Illuminate\\Pipeline\\{closure}(Object(Illuminate\\Http\\Request))
#57 C:\\xampp\\htdocs\\Laravel Projects\\GSF\\vendor\\laravel\\framework\\src\\Illuminate\\Pipeline\\Pipeline.php(104): Illuminate\\Routing\\Pipeline->Illuminate\\Routing\\{closure}(Object(Illuminate\\Http\\Request))
#58 C:\\xampp\\htdocs\\Laravel Projects\\GSF\\vendor\\laravel\\framework\\src\\Illuminate\\Foundation\\Http\\Kernel.php(151): Illuminate\\Pipeline\\Pipeline->then(Object(Closure))
#59 C:\\xampp\\htdocs\\Laravel Projects\\GSF\\vendor\\laravel\\framework\\src\\Illuminate\\Foundation\\Http\\Kernel.php(116): Illuminate\\Foundation\\Http\\Kernel->sendRequestThroughRouter(Object(Illuminate\\Http\\Request))
#60 C:\\xampp\\htdocs\\Laravel Projects\\GSF\\public\\index.php(55): Illuminate\\Foundation\\Http\\Kernel->handle(Object(Illuminate\\Http\\Request))
#61 C:\\xampp\\htdocs\\Laravel Projects\\GSF\\server.php(21): require_once('C:\\\\xampp\\\\htdocs...')
#62 {main}
"} 
[2021-01-25 21:16:51] local.ERROR: Cannot use isset() on the result of an expression (you can use "null !== expression" instead) {"userId":15,"exception":"[object] (Symfony\\Component\\Debug\\Exception\\FatalErrorException(code: 64): Cannot use isset() on the result of an expression (you can use \"null !== expression\" instead) at C:\\xampp\\htdocs\\Laravel Projects\\GSF\\storage\\framework\\views\\9d2c3ccbb94476023244733ccdacbd1be04f4765.php:84)
[stacktrace]
#0 {main}
"} 
[2021-01-25 21:17:05] local.ERROR: Trying to get property 'name' of non-object (View: C:\xampp\htdocs\Laravel Projects\GSF\resources\views\participant\index.blade.php) {"userId":15,"exception":"[object] (ErrorException(code: 0): Trying to get property 'name' of non-object (View: C:\\xampp\\htdocs\\Laravel Projects\\GSF\esources\\views\\participant\\index.blade.php) at C:\\xampp\\htdocs\\Laravel Projects\\GSF\\storage\\framework\\views\\9d2c3ccbb94476023244733ccdacbd1be04f4765.php:84, ErrorException(code: 0): Trying to get property 'name' of non-object at C:\\xampp\\htdocs\\Laravel Projects\\GSF\\storage\\framework\\views\\9d2c3ccbb94476023244733ccdacbd1be04f4765.php:84)
[stacktrace]
#0 C:\\xampp\\htdocs\\Laravel Projects\\GSF\\vendor\\laravel\\framework\\src\\Illuminate\\View\\Engines\\PhpEngine.php(45): Illuminate\\View\\Engines\\CompilerEngine->handleViewException(Object(ErrorException), 1)
#1 C:\\xampp\\htdocs\\Laravel Projects\\GSF\\vendor\\laravel\\framework\\src\\Illuminate\\View\\Engines\\CompilerEngine.php(59): Illuminate\\View\\Engines\\PhpEngine->evaluatePath('C:\\\\xampp\\\\htdocs...', Array)
#2 C:\\xampp\\htdocs\\Laravel Projects\\GSF\\vendor\\laravel\\framework\\src\\Illuminate\\View\\View.php(142): Illuminate\\View\\Engines\\CompilerEngine->get('C:\\\\xampp\\\\htdocs...', Array)
#3 C:\\xampp\\htdocs\\Laravel Projects\\GSF\\vendor\\laravel\\framework\\src\\Illuminate\\View\\View.php(125): Illuminate\\View\\View->getContents()
#4 C:\\xampp\\htdocs\\Laravel Projects\\GSF\\vendor\\laravel\\framework\\src\\Illuminate\\View\\View.php(90): Illuminate\\View\\View->renderContents()
#5 C:\\xampp\\htdocs\\Laravel Projects\\GSF\\vendor\\laravel\\framework\\src\\Illuminate\\Http\\Response.php(42): Illuminate\\View\\View->render()
#6 C:\\xampp\\htdocs\\Laravel Projects\\GSF\\vendor\\symfony\\http-foundation\\Response.php(205): Illuminate\\Http\\Response->setContent(Object(Illuminate\\View\\View))
#7 C:\\xampp\\htdocs\\Laravel Projects\\GSF\\vendor\\laravel\\framework\\src\\Illuminate\\Routing\\Router.php(748): Symfony\\Component\\HttpFoundation\\Response->__construct(Object(Illuminate\\View\\View))
#8 C:\\xampp\\htdocs\\Laravel Projects\\GSF\\vendor\\laravel\\framework\\src\\Illuminate\\Routing\\Router.php(720): Illuminate\\Routing\\Router::toResponse(Object(Illuminate\\Http\\Request), Object(Illuminate\\View\\View))
#9 C:\\xampp\\htdocs\\Laravel Projects\\GSF\\vendor\\laravel\\framework\\src\\Illuminate\\Routing\\Router.php(680): Illuminate\\Routing\\Router->prepareResponse(Object(Illuminate\\Http\\Request), Object(Illuminate\\View\\View))
#10 C:\\xampp\\htdocs\\Laravel Projects\\GSF\\vendor\\laravel\\framework\\src\\Illuminate\\Routing\\Pipeline.php(30): Illuminate\\Routing\\Router->Illuminate\\Routing\\{closure}(Object(Illuminate\\Http\\Request))
#11 C:\\xampp\\htdocs\\Laravel Projects\\GSF\\app\\Http\\Middleware\\SwitchUser.php(22): Illuminate\\Routing\\Pipeline->Illuminate\\Routing\\{closure}(Object(Illuminate\\Http\\Request))
#12 C:\\xampp\\htdocs\\Laravel Projects\\GSF\\vendor\\laravel\\framework\\src\\Illuminate\\Pipeline\\Pipeline.php(163): App\\Http\\Middleware\\SwitchUser->handle(Object(Illuminate\\Http\\Request), Object(Closure))
#13 C:\\xampp\\htdocs\\Laravel Projects\\GSF\\vendor\\laravel\\framework\\src\\Illuminate\\Routing\\Pipeline.php(53): Illuminate\\Pipeline\\Pipeline->Illuminate\\Pipeline\\{closure}(Object(Illuminate\\Http\\Request))
#14 C:\\xampp\\htdocs\\Laravel Projects\\GSF\\vendor\\laravel\\framework\\src\\Illuminate\\Routing\\Middleware\\SubstituteBindings.php(41): Illuminate\\Routing\\Pipeline->Illuminate\\Routing\\{closure}(Object(Illuminate\\Http\\Request))
#15 C:\\xampp\\htdocs\\Laravel Projects\\GSF\\vendor\\laravel\\framework\\src\\Illuminate\\Pipeline\\Pipeline.php(163): Illuminate\\Routing\\Middleware\\SubstituteBindings->handle(Object(Illuminate\\Http\\Request), Object(Closure))
#16 C:\\xampp\\htdocs\\Laravel Projects\\GSF\\vendor\\laravel\\framework\\src\\Illuminate\\Routing\\Pipeline.php(53): Illuminate\\Pipeline\\Pipeline->Illuminate\\Pipeline\\{closure}(Object(Illuminate\\Http\\Request))
#17 C:\\xampp\\htdocs\\Laravel Projects\\GSF\\vendor\\laravel\\framework\\src\\Illuminate\\Auth\\Middleware\\Authenticate.php(43): Illuminate\\Routing\\Pipeline->Illuminate\\Routing\\{closure}(Object(Illuminate\\Http\\Request))
#18 C:\\xampp\\htdocs\\Laravel Projects\\GSF\\vendor\\laravel\\framework\\src\\Illuminate\\Pipeline\\Pipeline.php(163): Illuminate\\Auth\\Middleware\\Authenticate->handle(Object(Illuminate\\Http\\Request), Object(Closure))
#19 C:\\xampp\\htdocs\\Laravel Projects\\GSF\\vendor\\laravel\\framework\\src\\Illuminate\\Routing\\Pipeline.php(53): Illuminate\\Pipeline\\Pipeline->Illuminate\\Pipeline\\{closure}(Object(Illuminate\\Http\\Request))
#20 C:\\xampp\\htdocs\\Laravel Projects\\GSF\\vendor\\laravel\\framework\\src\\Illuminate\\Foundation\\Http\\Middleware\\VerifyCsrfToken.php(75): Illuminate\\Routing\\Pipeline->Illuminate\\Routing\\{closure}(Object(Illuminate\\Http\\Request))
#21 C:\\xampp\\htdocs\\Laravel Projects\\GSF\\vendor\\laravel\\framework\\src\\Illuminate\\Pipeline\\Pipeline.php(163): Illuminate\\Foundation\\Http\\Middleware\\VerifyCsrfToken->handle(Object(Illuminate\\Http\\Request), Object(Closure))
#22 C:\\xampp\\htdocs\\Laravel Projects\\GSF\\vendor\\laravel\\framework\\src\\Illuminate\\Routing\\Pipeline.php(53): Illuminate\\Pipeline\\Pipeline->Illuminate\\Pipeline\\{closure}(Object(Illuminate\\Http\\Request))
#23 C:\\xampp\\htdocs\\Laravel Projects\\GSF\\vendor\\laravel\\framework\\src\\Illuminate\\View\\Middleware\\ShareErrorsFromSession.php(49): Illuminate\\Routing\\Pipeline->Illuminate\\Routing\\{closure}(Object(Illuminate\\Http\\Request))
#24 C:\\xampp\\htdocs\\Laravel Projects\\GSF\\vendor\\laravel\\framework\\src\\Illuminate\\Pipeline\\Pipeline.php(163): Illuminate\\View\\Middleware\\ShareErrorsFromSession->handle(Object(Illuminate\\Http\\Request), Object(Closure))
#25 C:\\xampp\\htdocs\\Laravel Projects\\GSF\\vendor\\laravel\\framework\\src\\Illuminate\\Routing\\Pipeline.php(53): Illuminate\\Pipeline\\Pipeline->Illuminate\\Pipeline\\{closure}(Object(Illuminate\\Http\\Request))
#26 C:\\xampp\\htdocs\\Laravel Projects\\GSF\\vendor\\laravel\\framework\\src\\Illuminate\\Session\\Middleware\\StartSession.php(56): Illuminate\\Routing\\Pipeline->Illuminate\\Routing\\{closure}(Object(Illuminate\\Http\\Request))
#27 C:\\xampp\\htdocs\\Laravel Projects\\GSF\\vendor\\laravel\\framework\\src\\Illuminate\\Pipeline\\Pipeline.php(163): Illuminate\\Session\\Middleware\\StartSession->handle(Object(Illuminate\\Http\\Request), Object(Closure))
#28 C:\\xampp\\htdocs\\Laravel Projects\\GSF\\vendor\\laravel\\framework\\src\\Illuminate\\Routing\\Pipeline.php(53): Illuminate\\Pipeline\\Pipeline->Illuminate\\Pipeline\\{closure}(Object(Illuminate\\Http\\Request))
#29 C:\\xampp\\htdocs\\Laravel Projects\\GSF\\vendor\\laravel\\framework\\src\\Illuminate\\Cookie\\Middleware\\AddQueuedCookiesToResponse.php(37): Illuminate\\Routing\\Pipeline->Illuminate\\Routing\\{closure}(Object(Illuminate\\Http\\Request))
#30 C:\\xampp\\htdocs\\Laravel Projects\\GSF\\vendor\\laravel\\framework\\src\\Illuminate\\Pipeline\\Pipeline.php(163): Illuminate\\Cookie\\Middleware\\AddQueuedCookiesToResponse->handle(Object(Illuminate\\Http\\Request), Object(Closure))
#31 C:\\xampp\\htdocs\\Laravel Projects\\GSF\\vendor\\laravel\\framework\\src\\Illuminate\\Routing\\Pipeline.php(53): Illuminate\\Pipeline\\Pipeline->Illuminate\\Pipeline\\{closure}(Object(Illuminate\\Http\\Request))
#32 C:\\xampp\\htdocs\\Laravel Projects\\GSF\\vendor\\laravel\\framework\\src\\Illuminate\\Cookie\\Middleware\\EncryptCookies.php(66): Illuminate\\Routing\\Pipeline->Illuminate\\Routing\\{closure}(Object(Illuminate\\Http\\Request))
#33 C:\\xampp\\htdocs\\Laravel Projects\\GSF\\vendor\\laravel\\framework\\src\\Illuminate\\Pipeline\\Pipeline.php(163): Illuminate\\Cookie\\Middleware\\EncryptCookies->handle(Object(Illuminate\\Http\\Request), Object(Closure))
#34 C:\\xampp\\htdocs\\Laravel Projects\\GSF\\vendor\\laravel\\framework\\src\\Illuminate\\Routing\\Pipeline.php(53): Illuminate\\Pipeline\\Pipeline->Illuminate\\Pipeline\\{closure}(Object(Illuminate\\Http\\Request))
#35 C:\\xampp\\htdocs\\Laravel Projects\\GSF\\vendor\\laravel\\framework\\src\\Illuminate\\Pipeline\\Pipeline.php(104): Illuminate\\Routing\\Pipeline->Illuminate\\Routing\\{closure}(Object(Illuminate\\Http\\Request))
#36 C:\\xampp\\htdocs\\Laravel Projects\\GSF\\vendor\\laravel\\framework\\src\\Illuminate\\Routing\\Router.php(682): Illuminate\\Pipeline\\Pipeline->then(Object(Closure))
#37 C:\\xampp\\htdocs\\Laravel Projects\\GSF\\vendor\\laravel\\framework\\src\\Illuminate\\Routing\\Router.php(657): Illuminate\\Routing\\Router->runRouteWithinStack(Object(Illuminate\\Routing\\Route), Object(Illuminate\\Http\\Request))
#38 C:\\xampp\\htdocs\\Laravel Projects\\GSF\\vendor\\laravel\\framework\\src\\Illuminate\\Routing\\Router.php(623): Illuminate\\Routing\\Router->runRoute(Object(Illuminate\\Http\\Request), Object(Illuminate\\Routing\\Route))
#39 C:\\xampp\\htdocs\\Laravel Projects\\GSF\\vendor\\laravel\\framework\\src\\Illuminate\\Routing\\Router.php(612): Illuminate\\Routing\\Router->dispatchToRoute(Object(Illuminate\\Http\\Request))
#40 C:\\xampp\\htdocs\\Laravel Projects\\GSF\\vendor\\laravel\\framework\\src\\Illuminate\\Foundation\\Http\\Kernel.php(176): Illuminate\\Routing\\Router->dispatch(Object(Illuminate\\Http\\Request))
#41 C:\\xampp\\htdocs\\Laravel Projects\\GSF\\vendor\\laravel\\framework\\src\\Illuminate\\Routing\\Pipeline.php(30): Illuminate\\Foundation\\Http\\Kernel->Illuminate\\Foundation\\Http\\{closure}(Object(Illuminate\\Http\\Request))
#42 C:\\xampp\\htdocs\\Laravel Projects\\GSF\\vendor\\fideloper\\proxy\\src\\TrustProxies.php(57): Illuminate\\Routing\\Pipeline->Illuminate\\Routing\\{closure}(Object(Illuminate\\Http\\Request))
#43 C:\\xampp\\htdocs\\Laravel Projects\\GSF\\vendor\\laravel\\framework\\src\\Illuminate\\Pipeline\\Pipeline.php(163): Fideloper\\Proxy\\TrustProxies->handle(Object(Illuminate\\Http\\Request), Object(Closure))
#44 C:\\xampp\\htdocs\\Laravel Projects\\GSF\\vendor\\laravel\\framework\\src\\Illuminate\\Routing\\Pipeline.php(53): Illuminate\\Pipeline\\Pipeline->Illuminate\\Pipeline\\{closure}(Object(Illuminate\\Http\\Request))
#45 C:\\xampp\\htdocs\\Laravel Projects\\GSF\\vendor\\laravel\\framework\\src\\Illuminate\\Foundation\\Http\\Middleware\\TransformsRequest.php(21): Illuminate\\Routing\\Pipeline->Illuminate\\Routing\\{closure}(Object(Illuminate\\Http\\Request))
#46 C:\\xampp\\htdocs\\Laravel Projects\\GSF\\vendor\\laravel\\framework\\src\\Illuminate\\Pipeline\\Pipeline.php(163): Illuminate\\Foundation\\Http\\Middleware\\TransformsRequest->handle(Object(Illuminate\\Http\\Request), Object(Closure))
#47 C:\\xampp\\htdocs\\Laravel Projects\\GSF\\vendor\\laravel\\framework\\src\\Illuminate\\Routing\\Pipeline.php(53): Illuminate\\Pipeline\\Pipeline->Illuminate\\Pipeline\\{closure}(Object(Illuminate\\Http\\Request))
#48 C:\\xampp\\htdocs\\Laravel Projects\\GSF\\vendor\\laravel\\framework\\src\\Illuminate\\Foundation\\Http\\Middleware\\TransformsRequest.php(21): Illuminate\\Routing\\Pipeline->Illuminate\\Routing\\{closure}(Object(Illuminate\\Http\\Request))
#49 C:\\xampp\\htdocs\\Laravel Projects\\GSF\\vendor\\laravel\\framework\\src\\Illuminate\\Pipeline\\Pipeline.php(163): Illuminate\\Foundation\\Http\\Middleware\\TransformsRequest->handle(Object(Illuminate\\Http\\Request), Object(Closure))
#50 C:\\xampp\\htdocs\\Laravel Projects\\GSF\\vendor\\laravel\\framework\\src\\Illuminate\\Routing\\Pipeline.php(53): Illuminate\\Pipeline\\Pipeline->Illuminate\\Pipeline\\{closure}(Object(Illuminate\\Http\\Request))
#51 C:\\xampp\\htdocs\\Laravel Projects\\GSF\\vendor\\laravel\\framework\\src\\Illuminate\\Foundation\\Http\\Middleware\\ValidatePostSize.php(27): Illuminate\\Routing\\Pipeline->Illuminate\\Routing\\{closure}(Object(Illuminate\\Http\\Request))
#52 C:\\xampp\\htdocs\\Laravel Projects\\GSF\\vendor\\laravel\\framework\\src\\Illuminate\\Pipeline\\Pipeline.php(163): Illuminate\\Foundation\\Http\\Middleware\\ValidatePostSize->handle(Object(Illuminate\\Http\\Request), Object(Closure))
#53 C:\\xampp\\htdocs\\Laravel Projects\\GSF\\vendor\\laravel\\framework\\src\\Illuminate\\Routing\\Pipeline.php(53): Illuminate\\Pipeline\\Pipeline->Illuminate\\Pipeline\\{closure}(Object(Illuminate\\Http\\Request))
#54 C:\\xampp\\htdocs\\Laravel Projects\\GSF\\vendor\\laravel\\framework\\src\\Illuminate\\Foundation\\Http\\Middleware\\CheckForMaintenanceMode.php(62): Illuminate\\Routing\\Pipeline->Illuminate\\Routing\\{closure}(Object(Illuminate\\Http\\Request))
#55 C:\\xampp\\htdocs\\Laravel Projects\\GSF\\vendor\\laravel\\framework\\src\\Illuminate\\Pipeline\\Pipeline.php(163): Illuminate\\Foundation\\Http\\Middleware\\CheckForMaintenanceMode->handle(Object(Illuminate\\Http\\Request), Object(Closure))
#56 C:\\xampp\\htdocs\\Laravel Projects\\GSF\\vendor\\laravel\\framework\\src\\Illuminate\\Routing\\Pipeline.php(53): Illuminate\\Pipeline\\Pipeline->Illuminate\\Pipeline\\{closure}(Object(Illuminate\\Http\\Request))
#57 C:\\xampp\\htdocs\\Laravel Projects\\GSF\\vendor\\laravel\\framework\\src\\Illuminate\\Pipeline\\Pipeline.php(104): Illuminate\\Routing\\Pipeline->Illuminate\\Routing\\{closure}(Object(Illuminate\\Http\\Request))
#58 C:\\xampp\\htdocs\\Laravel Projects\\GSF\\vendor\\laravel\\framework\\src\\Illuminate\\Foundation\\Http\\Kernel.php(151): Illuminate\\Pipeline\\Pipeline->then(Object(Closure))
#59 C:\\xampp\\htdocs\\Laravel Projects\\GSF\\vendor\\laravel\\framework\\src\\Illuminate\\Foundation\\Http\\Kernel.php(116): Illuminate\\Foundation\\Http\\Kernel->sendRequestThroughRouter(Object(Illuminate\\Http\\Request))
#60 C:\\xampp\\htdocs\\Laravel Projects\\GSF\\public\\index.php(55): Illuminate\\Foundation\\Http\\Kernel->handle(Object(Illuminate\\Http\\Request))
#61 C:\\xampp\\htdocs\\Laravel Projects\\GSF\\server.php(21): require_once('C:\\\\xampp\\\\htdocs...')
#62 {main}
"} 
[2021-01-25 21:27:28] local.ERROR: Trying to get property 'name' of non-object (View: C:\xampp\htdocs\Laravel Projects\GSF\resources\views\participant\index.blade.php) {"userId":15,"exception":"[object] (ErrorException(code: 0): Trying to get property 'name' of non-object (View: C:\\xampp\\htdocs\\Laravel Projects\\GSF\esources\\views\\participant\\index.blade.php) at C:\\xampp\\htdocs\\Laravel Projects\\GSF\\storage\\framework\\views\\9d2c3ccbb94476023244733ccdacbd1be04f4765.php:84, ErrorException(code: 0): Trying to get property 'name' of non-object at C:\\xampp\\htdocs\\Laravel Projects\\GSF\\storage\\framework\\views\\9d2c3ccbb94476023244733ccdacbd1be04f4765.php:84)
[stacktrace]
#0 C:\\xampp\\htdocs\\Laravel Projects\\GSF\\vendor\\laravel\\framework\\src\\Illuminate\\View\\Engines\\PhpEngine.php(45): Illuminate\\View\\Engines\\CompilerEngine->handleViewException(Object(ErrorException), 1)
#1 C:\\xampp\\htdocs\\Laravel Projects\\GSF\\vendor\\laravel\\framework\\src\\Illuminate\\View\\Engines\\CompilerEngine.php(59): Illuminate\\View\\Engines\\PhpEngine->evaluatePath('C:\\\\xampp\\\\htdocs...', Array)
#2 C:\\xampp\\htdocs\\Laravel Projects\\GSF\\vendor\\laravel\\framework\\src\\Illuminate\\View\\View.php(142): Illuminate\\View\\Engines\\CompilerEngine->get('C:\\\\xampp\\\\htdocs...', Array)
#3 C:\\xampp\\htdocs\\Laravel Projects\\GSF\\vendor\\laravel\\framework\\src\\Illuminate\\View\\View.php(125): Illuminate\\View\\View->getContents()
#4 C:\\xampp\\htdocs\\Laravel Projects\\GSF\\vendor\\laravel\\framework\\src\\Illuminate\\View\\View.php(90): Illuminate\\View\\View->renderContents()
#5 C:\\xampp\\htdocs\\Laravel Projects\\GSF\\vendor\\laravel\\framework\\src\\Illuminate\\Http\\Response.php(42): Illuminate\\View\\View->render()
#6 C:\\xampp\\htdocs\\Laravel Projects\\GSF\\vendor\\symfony\\http-foundation\\Response.php(205): Illuminate\\Http\\Response->setContent(Object(Illuminate\\View\\View))
#7 C:\\xampp\\htdocs\\Laravel Projects\\GSF\\vendor\\laravel\\framework\\src\\Illuminate\\Routing\\Router.php(748): Symfony\\Component\\HttpFoundation\\Response->__construct(Object(Illuminate\\View\\View))
#8 C:\\xampp\\htdocs\\Laravel Projects\\GSF\\vendor\\laravel\\framework\\src\\Illuminate\\Routing\\Router.php(720): Illuminate\\Routing\\Router::toResponse(Object(Illuminate\\Http\\Request), Object(Illuminate\\View\\View))
#9 C:\\xampp\\htdocs\\Laravel Projects\\GSF\\vendor\\laravel\\framework\\src\\Illuminate\\Routing\\Router.php(680): Illuminate\\Routing\\Router->prepareResponse(Object(Illuminate\\Http\\Request), Object(Illuminate\\View\\View))
#10 C:\\xampp\\htdocs\\Laravel Projects\\GSF\\vendor\\laravel\\framework\\src\\Illuminate\\Routing\\Pipeline.php(30): Illuminate\\Routing\\Router->Illuminate\\Routing\\{closure}(Object(Illuminate\\Http\\Request))
#11 C:\\xampp\\htdocs\\Laravel Projects\\GSF\\app\\Http\\Middleware\\SwitchUser.php(22): Illuminate\\Routing\\Pipeline->Illuminate\\Routing\\{closure}(Object(Illuminate\\Http\\Request))
#12 C:\\xampp\\htdocs\\Laravel Projects\\GSF\\vendor\\laravel\\framework\\src\\Illuminate\\Pipeline\\Pipeline.php(163): App\\Http\\Middleware\\SwitchUser->handle(Object(Illuminate\\Http\\Request), Object(Closure))
#13 C:\\xampp\\htdocs\\Laravel Projects\\GSF\\vendor\\laravel\\framework\\src\\Illuminate\\Routing\\Pipeline.php(53): Illuminate\\Pipeline\\Pipeline->Illuminate\\Pipeline\\{closure}(Object(Illuminate\\Http\\Request))
#14 C:\\xampp\\htdocs\\Laravel Projects\\GSF\\vendor\\laravel\\framework\\src\\Illuminate\\Routing\\Middleware\\SubstituteBindings.php(41): Illuminate\\Routing\\Pipeline->Illuminate\\Routing\\{closure}(Object(Illuminate\\Http\\Request))
#15 C:\\xampp\\htdocs\\Laravel Projects\\GSF\\vendor\\laravel\\framework\\src\\Illuminate\\Pipeline\\Pipeline.php(163): Illuminate\\Routing\\Middleware\\SubstituteBindings->handle(Object(Illuminate\\Http\\Request), Object(Closure))
#16 C:\\xampp\\htdocs\\Laravel Projects\\GSF\\vendor\\laravel\\framework\\src\\Illuminate\\Routing\\Pipeline.php(53): Illuminate\\Pipeline\\Pipeline->Illuminate\\Pipeline\\{closure}(Object(Illuminate\\Http\\Request))
#17 C:\\xampp\\htdocs\\Laravel Projects\\GSF\\vendor\\laravel\\framework\\src\\Illuminate\\Auth\\Middleware\\Authenticate.php(43): Illuminate\\Routing\\Pipeline->Illuminate\\Routing\\{closure}(Object(Illuminate\\Http\\Request))
#18 C:\\xampp\\htdocs\\Laravel Projects\\GSF\\vendor\\laravel\\framework\\src\\Illuminate\\Pipeline\\Pipeline.php(163): Illuminate\\Auth\\Middleware\\Authenticate->handle(Object(Illuminate\\Http\\Request), Object(Closure))
#19 C:\\xampp\\htdocs\\Laravel Projects\\GSF\\vendor\\laravel\\framework\\src\\Illuminate\\Routing\\Pipeline.php(53): Illuminate\\Pipeline\\Pipeline->Illuminate\\Pipeline\\{closure}(Object(Illuminate\\Http\\Request))
#20 C:\\xampp\\htdocs\\Laravel Projects\\GSF\\vendor\\laravel\\framework\\src\\Illuminate\\Foundation\\Http\\Middleware\\VerifyCsrfToken.php(75): Illuminate\\Routing\\Pipeline->Illuminate\\Routing\\{closure}(Object(Illuminate\\Http\\Request))
#21 C:\\xampp\\htdocs\\Laravel Projects\\GSF\\vendor\\laravel\\framework\\src\\Illuminate\\Pipeline\\Pipeline.php(163): Illuminate\\Foundation\\Http\\Middleware\\VerifyCsrfToken->handle(Object(Illuminate\\Http\\Request), Object(Closure))
#22 C:\\xampp\\htdocs\\Laravel Projects\\GSF\\vendor\\laravel\\framework\\src\\Illuminate\\Routing\\Pipeline.php(53): Illuminate\\Pipeline\\Pipeline->Illuminate\\Pipeline\\{closure}(Object(Illuminate\\Http\\Request))
#23 C:\\xampp\\htdocs\\Laravel Projects\\GSF\\vendor\\laravel\\framework\\src\\Illuminate\\View\\Middleware\\ShareErrorsFromSession.php(49): Illuminate\\Routing\\Pipeline->Illuminate\\Routing\\{closure}(Object(Illuminate\\Http\\Request))
#24 C:\\xampp\\htdocs\\Laravel Projects\\GSF\\vendor\\laravel\\framework\\src\\Illuminate\\Pipeline\\Pipeline.php(163): Illuminate\\View\\Middleware\\ShareErrorsFromSession->handle(Object(Illuminate\\Http\\Request), Object(Closure))
#25 C:\\xampp\\htdocs\\Laravel Projects\\GSF\\vendor\\laravel\\framework\\src\\Illuminate\\Routing\\Pipeline.php(53): Illuminate\\Pipeline\\Pipeline->Illuminate\\Pipeline\\{closure}(Object(Illuminate\\Http\\Request))
#26 C:\\xampp\\htdocs\\Laravel Projects\\GSF\\vendor\\laravel\\framework\\src\\Illuminate\\Session\\Middleware\\StartSession.php(56): Illuminate\\Routing\\Pipeline->Illuminate\\Routing\\{closure}(Object(Illuminate\\Http\\Request))
#27 C:\\xampp\\htdocs\\Laravel Projects\\GSF\\vendor\\laravel\\framework\\src\\Illuminate\\Pipeline\\Pipeline.php(163): Illuminate\\Session\\Middleware\\StartSession->handle(Object(Illuminate\\Http\\Request), Object(Closure))
#28 C:\\xampp\\htdocs\\Laravel Projects\\GSF\\vendor\\laravel\\framework\\src\\Illuminate\\Routing\\Pipeline.php(53): Illuminate\\Pipeline\\Pipeline->Illuminate\\Pipeline\\{closure}(Object(Illuminate\\Http\\Request))
#29 C:\\xampp\\htdocs\\Laravel Projects\\GSF\\vendor\\laravel\\framework\\src\\Illuminate\\Cookie\\Middleware\\AddQueuedCookiesToResponse.php(37): Illuminate\\Routing\\Pipeline->Illuminate\\Routing\\{closure}(Object(Illuminate\\Http\\Request))
#30 C:\\xampp\\htdocs\\Laravel Projects\\GSF\\vendor\\laravel\\framework\\src\\Illuminate\\Pipeline\\Pipeline.php(163): Illuminate\\Cookie\\Middleware\\AddQueuedCookiesToResponse->handle(Object(Illuminate\\Http\\Request), Object(Closure))
#31 C:\\xampp\\htdocs\\Laravel Projects\\GSF\\vendor\\laravel\\framework\\src\\Illuminate\\Routing\\Pipeline.php(53): Illuminate\\Pipeline\\Pipeline->Illuminate\\Pipeline\\{closure}(Object(Illuminate\\Http\\Request))
#32 C:\\xampp\\htdocs\\Laravel Projects\\GSF\\vendor\\laravel\\framework\\src\\Illuminate\\Cookie\\Middleware\\EncryptCookies.php(66): Illuminate\\Routing\\Pipeline->Illuminate\\Routing\\{closure}(Object(Illuminate\\Http\\Request))
#33 C:\\xampp\\htdocs\\Laravel Projects\\GSF\\vendor\\laravel\\framework\\src\\Illuminate\\Pipeline\\Pipeline.php(163): Illuminate\\Cookie\\Middleware\\EncryptCookies->handle(Object(Illuminate\\Http\\Request), Object(Closure))
#34 C:\\xampp\\htdocs\\Laravel Projects\\GSF\\vendor\\laravel\\framework\\src\\Illuminate\\Routing\\Pipeline.php(53): Illuminate\\Pipeline\\Pipeline->Illuminate\\Pipeline\\{closure}(Object(Illuminate\\Http\\Request))
#35 C:\\xampp\\htdocs\\Laravel Projects\\GSF\\vendor\\laravel\\framework\\src\\Illuminate\\Pipeline\\Pipeline.php(104): Illuminate\\Routing\\Pipeline->Illuminate\\Routing\\{closure}(Object(Illuminate\\Http\\Request))
#36 C:\\xampp\\htdocs\\Laravel Projects\\GSF\\vendor\\laravel\\framework\\src\\Illuminate\\Routing\\Router.php(682): Illuminate\\Pipeline\\Pipeline->then(Object(Closure))
#37 C:\\xampp\\htdocs\\Laravel Projects\\GSF\\vendor\\laravel\\framework\\src\\Illuminate\\Routing\\Router.php(657): Illuminate\\Routing\\Router->runRouteWithinStack(Object(Illuminate\\Routing\\Route), Object(Illuminate\\Http\\Request))
#38 C:\\xampp\\htdocs\\Laravel Projects\\GSF\\vendor\\laravel\\framework\\src\\Illuminate\\Routing\\Router.php(623): Illuminate\\Routing\\Router->runRoute(Object(Illuminate\\Http\\Request), Object(Illuminate\\Routing\\Route))
#39 C:\\xampp\\htdocs\\Laravel Projects\\GSF\\vendor\\laravel\\framework\\src\\Illuminate\\Routing\\Router.php(612): Illuminate\\Routing\\Router->dispatchToRoute(Object(Illuminate\\Http\\Request))
#40 C:\\xampp\\htdocs\\Laravel Projects\\GSF\\vendor\\laravel\\framework\\src\\Illuminate\\Foundation\\Http\\Kernel.php(176): Illuminate\\Routing\\Router->dispatch(Object(Illuminate\\Http\\Request))
#41 C:\\xampp\\htdocs\\Laravel Projects\\GSF\\vendor\\laravel\\framework\\src\\Illuminate\\Routing\\Pipeline.php(30): Illuminate\\Foundation\\Http\\Kernel->Illuminate\\Foundation\\Http\\{closure}(Object(Illuminate\\Http\\Request))
#42 C:\\xampp\\htdocs\\Laravel Projects\\GSF\\vendor\\fideloper\\proxy\\src\\TrustProxies.php(57): Illuminate\\Routing\\Pipeline->Illuminate\\Routing\\{closure}(Object(Illuminate\\Http\\Request))
#43 C:\\xampp\\htdocs\\Laravel Projects\\GSF\\vendor\\laravel\\framework\\src\\Illuminate\\Pipeline\\Pipeline.php(163): Fideloper\\Proxy\\TrustProxies->handle(Object(Illuminate\\Http\\Request), Object(Closure))
#44 C:\\xampp\\htdocs\\Laravel Projects\\GSF\\vendor\\laravel\\framework\\src\\Illuminate\\Routing\\Pipeline.php(53): Illuminate\\Pipeline\\Pipeline->Illuminate\\Pipeline\\{closure}(Object(Illuminate\\Http\\Request))
#45 C:\\xampp\\htdocs\\Laravel Projects\\GSF\\vendor\\laravel\\framework\\src\\Illuminate\\Foundation\\Http\\Middleware\\TransformsRequest.php(21): Illuminate\\Routing\\Pipeline->Illuminate\\Routing\\{closure}(Object(Illuminate\\Http\\Request))
#46 C:\\xampp\\htdocs\\Laravel Projects\\GSF\\vendor\\laravel\\framework\\src\\Illuminate\\Pipeline\\Pipeline.php(163): Illuminate\\Foundation\\Http\\Middleware\\TransformsRequest->handle(Object(Illuminate\\Http\\Request), Object(Closure))
#47 C:\\xampp\\htdocs\\Laravel Projects\\GSF\\vendor\\laravel\\framework\\src\\Illuminate\\Routing\\Pipeline.php(53): Illuminate\\Pipeline\\Pipeline->Illuminate\\Pipeline\\{closure}(Object(Illuminate\\Http\\Request))
#48 C:\\xampp\\htdocs\\Laravel Projects\\GSF\\vendor\\laravel\\framework\\src\\Illuminate\\Foundation\\Http\\Middleware\\TransformsRequest.php(21): Illuminate\\Routing\\Pipeline->Illuminate\\Routing\\{closure}(Object(Illuminate\\Http\\Request))
#49 C:\\xampp\\htdocs\\Laravel Projects\\GSF\\vendor\\laravel\\framework\\src\\Illuminate\\Pipeline\\Pipeline.php(163): Illuminate\\Foundation\\Http\\Middleware\\TransformsRequest->handle(Object(Illuminate\\Http\\Request), Object(Closure))
#50 C:\\xampp\\htdocs\\Laravel Projects\\GSF\\vendor\\laravel\\framework\\src\\Illuminate\\Routing\\Pipeline.php(53): Illuminate\\Pipeline\\Pipeline->Illuminate\\Pipeline\\{closure}(Object(Illuminate\\Http\\Request))
#51 C:\\xampp\\htdocs\\Laravel Projects\\GSF\\vendor\\laravel\\framework\\src\\Illuminate\\Foundation\\Http\\Middleware\\ValidatePostSize.php(27): Illuminate\\Routing\\Pipeline->Illuminate\\Routing\\{closure}(Object(Illuminate\\Http\\Request))
#52 C:\\xampp\\htdocs\\Laravel Projects\\GSF\\vendor\\laravel\\framework\\src\\Illuminate\\Pipeline\\Pipeline.php(163): Illuminate\\Foundation\\Http\\Middleware\\ValidatePostSize->handle(Object(Illuminate\\Http\\Request), Object(Closure))
#53 C:\\xampp\\htdocs\\Laravel Projects\\GSF\\vendor\\laravel\\framework\\src\\Illuminate\\Routing\\Pipeline.php(53): Illuminate\\Pipeline\\Pipeline->Illuminate\\Pipeline\\{closure}(Object(Illuminate\\Http\\Request))
#54 C:\\xampp\\htdocs\\Laravel Projects\\GSF\\vendor\\laravel\\framework\\src\\Illuminate\\Foundation\\Http\\Middleware\\CheckForMaintenanceMode.php(62): Illuminate\\Routing\\Pipeline->Illuminate\\Routing\\{closure}(Object(Illuminate\\Http\\Request))
#55 C:\\xampp\\htdocs\\Laravel Projects\\GSF\\vendor\\laravel\\framework\\src\\Illuminate\\Pipeline\\Pipeline.php(163): Illuminate\\Foundation\\Http\\Middleware\\CheckForMaintenanceMode->handle(Object(Illuminate\\Http\\Request), Object(Closure))
#56 C:\\xampp\\htdocs\\Laravel Projects\\GSF\\vendor\\laravel\\framework\\src\\Illuminate\\Routing\\Pipeline.php(53): Illuminate\\Pipeline\\Pipeline->Illuminate\\Pipeline\\{closure}(Object(Illuminate\\Http\\Request))
#57 C:\\xampp\\htdocs\\Laravel Projects\\GSF\\vendor\\laravel\\framework\\src\\Illuminate\\Pipeline\\Pipeline.php(104): Illuminate\\Routing\\Pipeline->Illuminate\\Routing\\{closure}(Object(Illuminate\\Http\\Request))
#58 C:\\xampp\\htdocs\\Laravel Projects\\GSF\\vendor\\laravel\\framework\\src\\Illuminate\\Foundation\\Http\\Kernel.php(151): Illuminate\\Pipeline\\Pipeline->then(Object(Closure))
#59 C:\\xampp\\htdocs\\Laravel Projects\\GSF\\vendor\\laravel\\framework\\src\\Illuminate\\Foundation\\Http\\Kernel.php(116): Illuminate\\Foundation\\Http\\Kernel->sendRequestThroughRouter(Object(Illuminate\\Http\\Request))
#60 C:\\xampp\\htdocs\\Laravel Projects\\GSF\\public\\index.php(55): Illuminate\\Foundation\\Http\\Kernel->handle(Object(Illuminate\\Http\\Request))
#61 C:\\xampp\\htdocs\\Laravel Projects\\GSF\\server.php(21): require_once('C:\\\\xampp\\\\htdocs...')
#62 {main}
"} 
[2021-01-25 21:28:07] local.ERROR: Trying to get property 'name' of non-object (View: C:\xampp\htdocs\Laravel Projects\GSF\resources\views\participant\index.blade.php) {"userId":15,"exception":"[object] (ErrorException(code: 0): Trying to get property 'name' of non-object (View: C:\\xampp\\htdocs\\Laravel Projects\\GSF\esources\\views\\participant\\index.blade.php) at C:\\xampp\\htdocs\\Laravel Projects\\GSF\\storage\\framework\\views\\9d2c3ccbb94476023244733ccdacbd1be04f4765.php:84, ErrorException(code: 0): Trying to get property 'name' of non-object at C:\\xampp\\htdocs\\Laravel Projects\\GSF\\storage\\framework\\views\\9d2c3ccbb94476023244733ccdacbd1be04f4765.php:84)
[stacktrace]
#0 C:\\xampp\\htdocs\\Laravel Projects\\GSF\\vendor\\laravel\\framework\\src\\Illuminate\\View\\Engines\\PhpEngine.php(45): Illuminate\\View\\Engines\\CompilerEngine->handleViewException(Object(ErrorException), 1)
#1 C:\\xampp\\htdocs\\Laravel Projects\\GSF\\vendor\\laravel\\framework\\src\\Illuminate\\View\\Engines\\CompilerEngine.php(59): Illuminate\\View\\Engines\\PhpEngine->evaluatePath('C:\\\\xampp\\\\htdocs...', Array)
#2 C:\\xampp\\htdocs\\Laravel Projects\\GSF\\vendor\\laravel\\framework\\src\\Illuminate\\View\\View.php(142): Illuminate\\View\\Engines\\CompilerEngine->get('C:\\\\xampp\\\\htdocs...', Array)
#3 C:\\xampp\\htdocs\\Laravel Projects\\GSF\\vendor\\laravel\\framework\\src\\Illuminate\\View\\View.php(125): Illuminate\\View\\View->getContents()
#4 C:\\xampp\\htdocs\\Laravel Projects\\GSF\\vendor\\laravel\\framework\\src\\Illuminate\\View\\View.php(90): Illuminate\\View\\View->renderContents()
#5 C:\\xampp\\htdocs\\Laravel Projects\\GSF\\vendor\\laravel\\framework\\src\\Illuminate\\Http\\Response.php(42): Illuminate\\View\\View->render()
#6 C:\\xampp\\htdocs\\Laravel Projects\\GSF\\vendor\\symfony\\http-foundation\\Response.php(205): Illuminate\\Http\\Response->setContent(Object(Illuminate\\View\\View))
#7 C:\\xampp\\htdocs\\Laravel Projects\\GSF\\vendor\\laravel\\framework\\src\\Illuminate\\Routing\\Router.php(748): Symfony\\Component\\HttpFoundation\\Response->__construct(Object(Illuminate\\View\\View))
#8 C:\\xampp\\htdocs\\Laravel Projects\\GSF\\vendor\\laravel\\framework\\src\\Illuminate\\Routing\\Router.php(720): Illuminate\\Routing\\Router::toResponse(Object(Illuminate\\Http\\Request), Object(Illuminate\\View\\View))
#9 C:\\xampp\\htdocs\\Laravel Projects\\GSF\\vendor\\laravel\\framework\\src\\Illuminate\\Routing\\Router.php(680): Illuminate\\Routing\\Router->prepareResponse(Object(Illuminate\\Http\\Request), Object(Illuminate\\View\\View))
#10 C:\\xampp\\htdocs\\Laravel Projects\\GSF\\vendor\\laravel\\framework\\src\\Illuminate\\Routing\\Pipeline.php(30): Illuminate\\Routing\\Router->Illuminate\\Routing\\{closure}(Object(Illuminate\\Http\\Request))
#11 C:\\xampp\\htdocs\\Laravel Projects\\GSF\\app\\Http\\Middleware\\SwitchUser.php(22): Illuminate\\Routing\\Pipeline->Illuminate\\Routing\\{closure}(Object(Illuminate\\Http\\Request))
#12 C:\\xampp\\htdocs\\Laravel Projects\\GSF\\vendor\\laravel\\framework\\src\\Illuminate\\Pipeline\\Pipeline.php(163): App\\Http\\Middleware\\SwitchUser->handle(Object(Illuminate\\Http\\Request), Object(Closure))
#13 C:\\xampp\\htdocs\\Laravel Projects\\GSF\\vendor\\laravel\\framework\\src\\Illuminate\\Routing\\Pipeline.php(53): Illuminate\\Pipeline\\Pipeline->Illuminate\\Pipeline\\{closure}(Object(Illuminate\\Http\\Request))
#14 C:\\xampp\\htdocs\\Laravel Projects\\GSF\\vendor\\laravel\\framework\\src\\Illuminate\\Routing\\Middleware\\SubstituteBindings.php(41): Illuminate\\Routing\\Pipeline->Illuminate\\Routing\\{closure}(Object(Illuminate\\Http\\Request))
#15 C:\\xampp\\htdocs\\Laravel Projects\\GSF\\vendor\\laravel\\framework\\src\\Illuminate\\Pipeline\\Pipeline.php(163): Illuminate\\Routing\\Middleware\\SubstituteBindings->handle(Object(Illuminate\\Http\\Request), Object(Closure))
#16 C:\\xampp\\htdocs\\Laravel Projects\\GSF\\vendor\\laravel\\framework\\src\\Illuminate\\Routing\\Pipeline.php(53): Illuminate\\Pipeline\\Pipeline->Illuminate\\Pipeline\\{closure}(Object(Illuminate\\Http\\Request))
#17 C:\\xampp\\htdocs\\Laravel Projects\\GSF\\vendor\\laravel\\framework\\src\\Illuminate\\Auth\\Middleware\\Authenticate.php(43): Illuminate\\Routing\\Pipeline->Illuminate\\Routing\\{closure}(Object(Illuminate\\Http\\Request))
#18 C:\\xampp\\htdocs\\Laravel Projects\\GSF\\vendor\\laravel\\framework\\src\\Illuminate\\Pipeline\\Pipeline.php(163): Illuminate\\Auth\\Middleware\\Authenticate->handle(Object(Illuminate\\Http\\Request), Object(Closure))
#19 C:\\xampp\\htdocs\\Laravel Projects\\GSF\\vendor\\laravel\\framework\\src\\Illuminate\\Routing\\Pipeline.php(53): Illuminate\\Pipeline\\Pipeline->Illuminate\\Pipeline\\{closure}(Object(Illuminate\\Http\\Request))
#20 C:\\xampp\\htdocs\\Laravel Projects\\GSF\\vendor\\laravel\\framework\\src\\Illuminate\\Foundation\\Http\\Middleware\\VerifyCsrfToken.php(75): Illuminate\\Routing\\Pipeline->Illuminate\\Routing\\{closure}(Object(Illuminate\\Http\\Request))
#21 C:\\xampp\\htdocs\\Laravel Projects\\GSF\\vendor\\laravel\\framework\\src\\Illuminate\\Pipeline\\Pipeline.php(163): Illuminate\\Foundation\\Http\\Middleware\\VerifyCsrfToken->handle(Object(Illuminate\\Http\\Request), Object(Closure))
#22 C:\\xampp\\htdocs\\Laravel Projects\\GSF\\vendor\\laravel\\framework\\src\\Illuminate\\Routing\\Pipeline.php(53): Illuminate\\Pipeline\\Pipeline->Illuminate\\Pipeline\\{closure}(Object(Illuminate\\Http\\Request))
#23 C:\\xampp\\htdocs\\Laravel Projects\\GSF\\vendor\\laravel\\framework\\src\\Illuminate\\View\\Middleware\\ShareErrorsFromSession.php(49): Illuminate\\Routing\\Pipeline->Illuminate\\Routing\\{closure}(Object(Illuminate\\Http\\Request))
#24 C:\\xampp\\htdocs\\Laravel Projects\\GSF\\vendor\\laravel\\framework\\src\\Illuminate\\Pipeline\\Pipeline.php(163): Illuminate\\View\\Middleware\\ShareErrorsFromSession->handle(Object(Illuminate\\Http\\Request), Object(Closure))
#25 C:\\xampp\\htdocs\\Laravel Projects\\GSF\\vendor\\laravel\\framework\\src\\Illuminate\\Routing\\Pipeline.php(53): Illuminate\\Pipeline\\Pipeline->Illuminate\\Pipeline\\{closure}(Object(Illuminate\\Http\\Request))
#26 C:\\xampp\\htdocs\\Laravel Projects\\GSF\\vendor\\laravel\\framework\\src\\Illuminate\\Session\\Middleware\\StartSession.php(56): Illuminate\\Routing\\Pipeline->Illuminate\\Routing\\{closure}(Object(Illuminate\\Http\\Request))
#27 C:\\xampp\\htdocs\\Laravel Projects\\GSF\\vendor\\laravel\\framework\\src\\Illuminate\\Pipeline\\Pipeline.php(163): Illuminate\\Session\\Middleware\\StartSession->handle(Object(Illuminate\\Http\\Request), Object(Closure))
#28 C:\\xampp\\htdocs\\Laravel Projects\\GSF\\vendor\\laravel\\framework\\src\\Illuminate\\Routing\\Pipeline.php(53): Illuminate\\Pipeline\\Pipeline->Illuminate\\Pipeline\\{closure}(Object(Illuminate\\Http\\Request))
#29 C:\\xampp\\htdocs\\Laravel Projects\\GSF\\vendor\\laravel\\framework\\src\\Illuminate\\Cookie\\Middleware\\AddQueuedCookiesToResponse.php(37): Illuminate\\Routing\\Pipeline->Illuminate\\Routing\\{closure}(Object(Illuminate\\Http\\Request))
#30 C:\\xampp\\htdocs\\Laravel Projects\\GSF\\vendor\\laravel\\framework\\src\\Illuminate\\Pipeline\\Pipeline.php(163): Illuminate\\Cookie\\Middleware\\AddQueuedCookiesToResponse->handle(Object(Illuminate\\Http\\Request), Object(Closure))
#31 C:\\xampp\\htdocs\\Laravel Projects\\GSF\\vendor\\laravel\\framework\\src\\Illuminate\\Routing\\Pipeline.php(53): Illuminate\\Pipeline\\Pipeline->Illuminate\\Pipeline\\{closure}(Object(Illuminate\\Http\\Request))
#32 C:\\xampp\\htdocs\\Laravel Projects\\GSF\\vendor\\laravel\\framework\\src\\Illuminate\\Cookie\\Middleware\\EncryptCookies.php(66): Illuminate\\Routing\\Pipeline->Illuminate\\Routing\\{closure}(Object(Illuminate\\Http\\Request))
#33 C:\\xampp\\htdocs\\Laravel Projects\\GSF\\vendor\\laravel\\framework\\src\\Illuminate\\Pipeline\\Pipeline.php(163): Illuminate\\Cookie\\Middleware\\EncryptCookies->handle(Object(Illuminate\\Http\\Request), Object(Closure))
#34 C:\\xampp\\htdocs\\Laravel Projects\\GSF\\vendor\\laravel\\framework\\src\\Illuminate\\Routing\\Pipeline.php(53): Illuminate\\Pipeline\\Pipeline->Illuminate\\Pipeline\\{closure}(Object(Illuminate\\Http\\Request))
#35 C:\\xampp\\htdocs\\Laravel Projects\\GSF\\vendor\\laravel\\framework\\src\\Illuminate\\Pipeline\\Pipeline.php(104): Illuminate\\Routing\\Pipeline->Illuminate\\Routing\\{closure}(Object(Illuminate\\Http\\Request))
#36 C:\\xampp\\htdocs\\Laravel Projects\\GSF\\vendor\\laravel\\framework\\src\\Illuminate\\Routing\\Router.php(682): Illuminate\\Pipeline\\Pipeline->then(Object(Closure))
#37 C:\\xampp\\htdocs\\Laravel Projects\\GSF\\vendor\\laravel\\framework\\src\\Illuminate\\Routing\\Router.php(657): Illuminate\\Routing\\Router->runRouteWithinStack(Object(Illuminate\\Routing\\Route), Object(Illuminate\\Http\\Request))
#38 C:\\xampp\\htdocs\\Laravel Projects\\GSF\\vendor\\laravel\\framework\\src\\Illuminate\\Routing\\Router.php(623): Illuminate\\Routing\\Router->runRoute(Object(Illuminate\\Http\\Request), Object(Illuminate\\Routing\\Route))
#39 C:\\xampp\\htdocs\\Laravel Projects\\GSF\\vendor\\laravel\\framework\\src\\Illuminate\\Routing\\Router.php(612): Illuminate\\Routing\\Router->dispatchToRoute(Object(Illuminate\\Http\\Request))
#40 C:\\xampp\\htdocs\\Laravel Projects\\GSF\\vendor\\laravel\\framework\\src\\Illuminate\\Foundation\\Http\\Kernel.php(176): Illuminate\\Routing\\Router->dispatch(Object(Illuminate\\Http\\Request))
#41 C:\\xampp\\htdocs\\Laravel Projects\\GSF\\vendor\\laravel\\framework\\src\\Illuminate\\Routing\\Pipeline.php(30): Illuminate\\Foundation\\Http\\Kernel->Illuminate\\Foundation\\Http\\{closure}(Object(Illuminate\\Http\\Request))
#42 C:\\xampp\\htdocs\\Laravel Projects\\GSF\\vendor\\fideloper\\proxy\\src\\TrustProxies.php(57): Illuminate\\Routing\\Pipeline->Illuminate\\Routing\\{closure}(Object(Illuminate\\Http\\Request))
#43 C:\\xampp\\htdocs\\Laravel Projects\\GSF\\vendor\\laravel\\framework\\src\\Illuminate\\Pipeline\\Pipeline.php(163): Fideloper\\Proxy\\TrustProxies->handle(Object(Illuminate\\Http\\Request), Object(Closure))
#44 C:\\xampp\\htdocs\\Laravel Projects\\GSF\\vendor\\laravel\\framework\\src\\Illuminate\\Routing\\Pipeline.php(53): Illuminate\\Pipeline\\Pipeline->Illuminate\\Pipeline\\{closure}(Object(Illuminate\\Http\\Request))
#45 C:\\xampp\\htdocs\\Laravel Projects\\GSF\\vendor\\laravel\\framework\\src\\Illuminate\\Foundation\\Http\\Middleware\\TransformsRequest.php(21): Illuminate\\Routing\\Pipeline->Illuminate\\Routing\\{closure}(Object(Illuminate\\Http\\Request))
#46 C:\\xampp\\htdocs\\Laravel Projects\\GSF\\vendor\\laravel\\framework\\src\\Illuminate\\Pipeline\\Pipeline.php(163): Illuminate\\Foundation\\Http\\Middleware\\TransformsRequest->handle(Object(Illuminate\\Http\\Request), Object(Closure))
#47 C:\\xampp\\htdocs\\Laravel Projects\\GSF\\vendor\\laravel\\framework\\src\\Illuminate\\Routing\\Pipeline.php(53): Illuminate\\Pipeline\\Pipeline->Illuminate\\Pipeline\\{closure}(Object(Illuminate\\Http\\Request))
#48 C:\\xampp\\htdocs\\Laravel Projects\\GSF\\vendor\\laravel\\framework\\src\\Illuminate\\Foundation\\Http\\Middleware\\TransformsRequest.php(21): Illuminate\\Routing\\Pipeline->Illuminate\\Routing\\{closure}(Object(Illuminate\\Http\\Request))
#49 C:\\xampp\\htdocs\\Laravel Projects\\GSF\\vendor\\laravel\\framework\\src\\Illuminate\\Pipeline\\Pipeline.php(163): Illuminate\\Foundation\\Http\\Middleware\\TransformsRequest->handle(Object(Illuminate\\Http\\Request), Object(Closure))
#50 C:\\xampp\\htdocs\\Laravel Projects\\GSF\\vendor\\laravel\\framework\\src\\Illuminate\\Routing\\Pipeline.php(53): Illuminate\\Pipeline\\Pipeline->Illuminate\\Pipeline\\{closure}(Object(Illuminate\\Http\\Request))
#51 C:\\xampp\\htdocs\\Laravel Projects\\GSF\\vendor\\laravel\\framework\\src\\Illuminate\\Foundation\\Http\\Middleware\\ValidatePostSize.php(27): Illuminate\\Routing\\Pipeline->Illuminate\\Routing\\{closure}(Object(Illuminate\\Http\\Request))
#52 C:\\xampp\\htdocs\\Laravel Projects\\GSF\\vendor\\laravel\\framework\\src\\Illuminate\\Pipeline\\Pipeline.php(163): Illuminate\\Foundation\\Http\\Middleware\\ValidatePostSize->handle(Object(Illuminate\\Http\\Request), Object(Closure))
#53 C:\\xampp\\htdocs\\Laravel Projects\\GSF\\vendor\\laravel\\framework\\src\\Illuminate\\Routing\\Pipeline.php(53): Illuminate\\Pipeline\\Pipeline->Illuminate\\Pipeline\\{closure}(Object(Illuminate\\Http\\Request))
#54 C:\\xampp\\htdocs\\Laravel Projects\\GSF\\vendor\\laravel\\framework\\src\\Illuminate\\Foundation\\Http\\Middleware\\CheckForMaintenanceMode.php(62): Illuminate\\Routing\\Pipeline->Illuminate\\Routing\\{closure}(Object(Illuminate\\Http\\Request))
#55 C:\\xampp\\htdocs\\Laravel Projects\\GSF\\vendor\\laravel\\framework\\src\\Illuminate\\Pipeline\\Pipeline.php(163): Illuminate\\Foundation\\Http\\Middleware\\CheckForMaintenanceMode->handle(Object(Illuminate\\Http\\Request), Object(Closure))
#56 C:\\xampp\\htdocs\\Laravel Projects\\GSF\\vendor\\laravel\\framework\\src\\Illuminate\\Routing\\Pipeline.php(53): Illuminate\\Pipeline\\Pipeline->Illuminate\\Pipeline\\{closure}(Object(Illuminate\\Http\\Request))
#57 C:\\xampp\\htdocs\\Laravel Projects\\GSF\\vendor\\laravel\\framework\\src\\Illuminate\\Pipeline\\Pipeline.php(104): Illuminate\\Routing\\Pipeline->Illuminate\\Routing\\{closure}(Object(Illuminate\\Http\\Request))
#58 C:\\xampp\\htdocs\\Laravel Projects\\GSF\\vendor\\laravel\\framework\\src\\Illuminate\\Foundation\\Http\\Kernel.php(151): Illuminate\\Pipeline\\Pipeline->then(Object(Closure))
#59 C:\\xampp\\htdocs\\Laravel Projects\\GSF\\vendor\\laravel\\framework\\src\\Illuminate\\Foundation\\Http\\Kernel.php(116): Illuminate\\Foundation\\Http\\Kernel->sendRequestThroughRouter(Object(Illuminate\\Http\\Request))
#60 C:\\xampp\\htdocs\\Laravel Projects\\GSF\\public\\index.php(55): Illuminate\\Foundation\\Http\\Kernel->handle(Object(Illuminate\\Http\\Request))
#61 C:\\xampp\\htdocs\\Laravel Projects\\GSF\\server.php(21): require_once('C:\\\\xampp\\\\htdocs...')
#62 {main}
"} 
[2021-01-25 21:31:38] local.ERROR: Undefined index: slot_filled {"userId":15,"exception":"[object] (ErrorException(code: 0): Undefined index: slot_filled at C:\\xampp\\htdocs\\Laravel Projects\\GSF\\app\\Http\\Controllers\\PaymentController.php:117)
[stacktrace]
#0 C:\\xampp\\htdocs\\Laravel Projects\\GSF\\app\\Http\\Controllers\\PaymentController.php(117): Illuminate\\Foundation\\Bootstrap\\HandleExceptions->handleError(8, 'Undefined index...', 'C:\\\\xampp\\\\htdocs...', 117, Array)
#1 [internal function]: App\\Http\\Controllers\\PaymentController->handleGatewayCallback()
#2 C:\\xampp\\htdocs\\Laravel Projects\\GSF\\vendor\\laravel\\framework\\src\\Illuminate\\Routing\\Controller.php(54): call_user_func_array(Array, Array)
#3 C:\\xampp\\htdocs\\Laravel Projects\\GSF\\vendor\\laravel\\framework\\src\\Illuminate\\Routing\\ControllerDispatcher.php(45): Illuminate\\Routing\\Controller->callAction('handleGatewayCa...', Array)
#4 C:\\xampp\\htdocs\\Laravel Projects\\GSF\\vendor\\laravel\\framework\\src\\Illuminate\\Routing\\Route.php(219): Illuminate\\Routing\\ControllerDispatcher->dispatch(Object(Illuminate\\Routing\\Route), Object(App\\Http\\Controllers\\PaymentController), 'handleGatewayCa...')
#5 C:\\xampp\\htdocs\\Laravel Projects\\GSF\\vendor\\laravel\\framework\\src\\Illuminate\\Routing\\Route.php(176): Illuminate\\Routing\\Route->runController()
#6 C:\\xampp\\htdocs\\Laravel Projects\\GSF\\vendor\\laravel\\framework\\src\\Illuminate\\Routing\\Router.php(680): Illuminate\\Routing\\Route->run()
#7 C:\\xampp\\htdocs\\Laravel Projects\\GSF\\vendor\\laravel\\framework\\src\\Illuminate\\Routing\\Pipeline.php(30): Illuminate\\Routing\\Router->Illuminate\\Routing\\{closure}(Object(Illuminate\\Http\\Request))
#8 C:\\xampp\\htdocs\\Laravel Projects\\GSF\\vendor\\laravel\\framework\\src\\Illuminate\\Routing\\Middleware\\SubstituteBindings.php(41): Illuminate\\Routing\\Pipeline->Illuminate\\Routing\\{closure}(Object(Illuminate\\Http\\Request))
#9 C:\\xampp\\htdocs\\Laravel Projects\\GSF\\vendor\\laravel\\framework\\src\\Illuminate\\Pipeline\\Pipeline.php(163): Illuminate\\Routing\\Middleware\\SubstituteBindings->handle(Object(Illuminate\\Http\\Request), Object(Closure))
#10 C:\\xampp\\htdocs\\Laravel Projects\\GSF\\vendor\\laravel\\framework\\src\\Illuminate\\Routing\\Pipeline.php(53): Illuminate\\Pipeline\\Pipeline->Illuminate\\Pipeline\\{closure}(Object(Illuminate\\Http\\Request))
#11 C:\\xampp\\htdocs\\Laravel Projects\\GSF\\vendor\\laravel\\framework\\src\\Illuminate\\Foundation\\Http\\Middleware\\VerifyCsrfToken.php(75): Illuminate\\Routing\\Pipeline->Illuminate\\Routing\\{closure}(Object(Illuminate\\Http\\Request))
#12 C:\\xampp\\htdocs\\Laravel Projects\\GSF\\vendor\\laravel\\framework\\src\\Illuminate\\Pipeline\\Pipeline.php(163): Illuminate\\Foundation\\Http\\Middleware\\VerifyCsrfToken->handle(Object(Illuminate\\Http\\Request), Object(Closure))
#13 C:\\xampp\\htdocs\\Laravel Projects\\GSF\\vendor\\laravel\\framework\\src\\Illuminate\\Routing\\Pipeline.php(53): Illuminate\\Pipeline\\Pipeline->Illuminate\\Pipeline\\{closure}(Object(Illuminate\\Http\\Request))
#14 C:\\xampp\\htdocs\\Laravel Projects\\GSF\\vendor\\laravel\\framework\\src\\Illuminate\\View\\Middleware\\ShareErrorsFromSession.php(49): Illuminate\\Routing\\Pipeline->Illuminate\\Routing\\{closure}(Object(Illuminate\\Http\\Request))
#15 C:\\xampp\\htdocs\\Laravel Projects\\GSF\\vendor\\laravel\\framework\\src\\Illuminate\\Pipeline\\Pipeline.php(163): Illuminate\\View\\Middleware\\ShareErrorsFromSession->handle(Object(Illuminate\\Http\\Request), Object(Closure))
#16 C:\\xampp\\htdocs\\Laravel Projects\\GSF\\vendor\\laravel\\framework\\src\\Illuminate\\Routing\\Pipeline.php(53): Illuminate\\Pipeline\\Pipeline->Illuminate\\Pipeline\\{closure}(Object(Illuminate\\Http\\Request))
#17 C:\\xampp\\htdocs\\Laravel Projects\\GSF\\vendor\\laravel\\framework\\src\\Illuminate\\Session\\Middleware\\StartSession.php(56): Illuminate\\Routing\\Pipeline->Illuminate\\Routing\\{closure}(Object(Illuminate\\Http\\Request))
#18 C:\\xampp\\htdocs\\Laravel Projects\\GSF\\vendor\\laravel\\framework\\src\\Illuminate\\Pipeline\\Pipeline.php(163): Illuminate\\Session\\Middleware\\StartSession->handle(Object(Illuminate\\Http\\Request), Object(Closure))
#19 C:\\xampp\\htdocs\\Laravel Projects\\GSF\\vendor\\laravel\\framework\\src\\Illuminate\\Routing\\Pipeline.php(53): Illuminate\\Pipeline\\Pipeline->Illuminate\\Pipeline\\{closure}(Object(Illuminate\\Http\\Request))
#20 C:\\xampp\\htdocs\\Laravel Projects\\GSF\\vendor\\laravel\\framework\\src\\Illuminate\\Cookie\\Middleware\\AddQueuedCookiesToResponse.php(37): Illuminate\\Routing\\Pipeline->Illuminate\\Routing\\{closure}(Object(Illuminate\\Http\\Request))
#21 C:\\xampp\\htdocs\\Laravel Projects\\GSF\\vendor\\laravel\\framework\\src\\Illuminate\\Pipeline\\Pipeline.php(163): Illuminate\\Cookie\\Middleware\\AddQueuedCookiesToResponse->handle(Object(Illuminate\\Http\\Request), Object(Closure))
#22 C:\\xampp\\htdocs\\Laravel Projects\\GSF\\vendor\\laravel\\framework\\src\\Illuminate\\Routing\\Pipeline.php(53): Illuminate\\Pipeline\\Pipeline->Illuminate\\Pipeline\\{closure}(Object(Illuminate\\Http\\Request))
#23 C:\\xampp\\htdocs\\Laravel Projects\\GSF\\vendor\\laravel\\framework\\src\\Illuminate\\Cookie\\Middleware\\EncryptCookies.php(66): Illuminate\\Routing\\Pipeline->Illuminate\\Routing\\{closure}(Object(Illuminate\\Http\\Request))
#24 C:\\xampp\\htdocs\\Laravel Projects\\GSF\\vendor\\laravel\\framework\\src\\Illuminate\\Pipeline\\Pipeline.php(163): Illuminate\\Cookie\\Middleware\\EncryptCookies->handle(Object(Illuminate\\Http\\Request), Object(Closure))
#25 C:\\xampp\\htdocs\\Laravel Projects\\GSF\\vendor\\laravel\\framework\\src\\Illuminate\\Routing\\Pipeline.php(53): Illuminate\\Pipeline\\Pipeline->Illuminate\\Pipeline\\{closure}(Object(Illuminate\\Http\\Request))
#26 C:\\xampp\\htdocs\\Laravel Projects\\GSF\\vendor\\laravel\\framework\\src\\Illuminate\\Pipeline\\Pipeline.php(104): Illuminate\\Routing\\Pipeline->Illuminate\\Routing\\{closure}(Object(Illuminate\\Http\\Request))
#27 C:\\xampp\\htdocs\\Laravel Projects\\GSF\\vendor\\laravel\\framework\\src\\Illuminate\\Routing\\Router.php(682): Illuminate\\Pipeline\\Pipeline->then(Object(Closure))
#28 C:\\xampp\\htdocs\\Laravel Projects\\GSF\\vendor\\laravel\\framework\\src\\Illuminate\\Routing\\Router.php(657): Illuminate\\Routing\\Router->runRouteWithinStack(Object(Illuminate\\Routing\\Route), Object(Illuminate\\Http\\Request))
#29 C:\\xampp\\htdocs\\Laravel Projects\\GSF\\vendor\\laravel\\framework\\src\\Illuminate\\Routing\\Router.php(623): Illuminate\\Routing\\Router->runRoute(Object(Illuminate\\Http\\Request), Object(Illuminate\\Routing\\Route))
#30 C:\\xampp\\htdocs\\Laravel Projects\\GSF\\vendor\\laravel\\framework\\src\\Illuminate\\Routing\\Router.php(612): Illuminate\\Routing\\Router->dispatchToRoute(Object(Illuminate\\Http\\Request))
#31 C:\\xampp\\htdocs\\Laravel Projects\\GSF\\vendor\\laravel\\framework\\src\\Illuminate\\Foundation\\Http\\Kernel.php(176): Illuminate\\Routing\\Router->dispatch(Object(Illuminate\\Http\\Request))
#32 C:\\xampp\\htdocs\\Laravel Projects\\GSF\\vendor\\laravel\\framework\\src\\Illuminate\\Routing\\Pipeline.php(30): Illuminate\\Foundation\\Http\\Kernel->Illuminate\\Foundation\\Http\\{closure}(Object(Illuminate\\Http\\Request))
#33 C:\\xampp\\htdocs\\Laravel Projects\\GSF\\vendor\\fideloper\\proxy\\src\\TrustProxies.php(57): Illuminate\\Routing\\Pipeline->Illuminate\\Routing\\{closure}(Object(Illuminate\\Http\\Request))
#34 C:\\xampp\\htdocs\\Laravel Projects\\GSF\\vendor\\laravel\\framework\\src\\Illuminate\\Pipeline\\Pipeline.php(163): Fideloper\\Proxy\\TrustProxies->handle(Object(Illuminate\\Http\\Request), Object(Closure))
#35 C:\\xampp\\htdocs\\Laravel Projects\\GSF\\vendor\\laravel\\framework\\src\\Illuminate\\Routing\\Pipeline.php(53): Illuminate\\Pipeline\\Pipeline->Illuminate\\Pipeline\\{closure}(Object(Illuminate\\Http\\Request))
#36 C:\\xampp\\htdocs\\Laravel Projects\\GSF\\vendor\\laravel\\framework\\src\\Illuminate\\Foundation\\Http\\Middleware\\TransformsRequest.php(21): Illuminate\\Routing\\Pipeline->Illuminate\\Routing\\{closure}(Object(Illuminate\\Http\\Request))
#37 C:\\xampp\\htdocs\\Laravel Projects\\GSF\\vendor\\laravel\\framework\\src\\Illuminate\\Pipeline\\Pipeline.php(163): Illuminate\\Foundation\\Http\\Middleware\\TransformsRequest->handle(Object(Illuminate\\Http\\Request), Object(Closure))
#38 C:\\xampp\\htdocs\\Laravel Projects\\GSF\\vendor\\laravel\\framework\\src\\Illuminate\\Routing\\Pipeline.php(53): Illuminate\\Pipeline\\Pipeline->Illuminate\\Pipeline\\{closure}(Object(Illuminate\\Http\\Request))
#39 C:\\xampp\\htdocs\\Laravel Projects\\GSF\\vendor\\laravel\\framework\\src\\Illuminate\\Foundation\\Http\\Middleware\\TransformsRequest.php(21): Illuminate\\Routing\\Pipeline->Illuminate\\Routing\\{closure}(Object(Illuminate\\Http\\Request))
#40 C:\\xampp\\htdocs\\Laravel Projects\\GSF\\vendor\\laravel\\framework\\src\\Illuminate\\Pipeline\\Pipeline.php(163): Illuminate\\Foundation\\Http\\Middleware\\TransformsRequest->handle(Object(Illuminate\\Http\\Request), Object(Closure))
#41 C:\\xampp\\htdocs\\Laravel Projects\\GSF\\vendor\\laravel\\framework\\src\\Illuminate\\Routing\\Pipeline.php(53): Illuminate\\Pipeline\\Pipeline->Illuminate\\Pipeline\\{closure}(Object(Illuminate\\Http\\Request))
#42 C:\\xampp\\htdocs\\Laravel Projects\\GSF\\vendor\\laravel\\framework\\src\\Illuminate\\Foundation\\Http\\Middleware\\ValidatePostSize.php(27): Illuminate\\Routing\\Pipeline->Illuminate\\Routing\\{closure}(Object(Illuminate\\Http\\Request))
#43 C:\\xampp\\htdocs\\Laravel Projects\\GSF\\vendor\\laravel\\framework\\src\\Illuminate\\Pipeline\\Pipeline.php(163): Illuminate\\Foundation\\Http\\Middleware\\ValidatePostSize->handle(Object(Illuminate\\Http\\Request), Object(Closure))
#44 C:\\xampp\\htdocs\\Laravel Projects\\GSF\\vendor\\laravel\\framework\\src\\Illuminate\\Routing\\Pipeline.php(53): Illuminate\\Pipeline\\Pipeline->Illuminate\\Pipeline\\{closure}(Object(Illuminate\\Http\\Request))
#45 C:\\xampp\\htdocs\\Laravel Projects\\GSF\\vendor\\laravel\\framework\\src\\Illuminate\\Foundation\\Http\\Middleware\\CheckForMaintenanceMode.php(62): Illuminate\\Routing\\Pipeline->Illuminate\\Routing\\{closure}(Object(Illuminate\\Http\\Request))
#46 C:\\xampp\\htdocs\\Laravel Projects\\GSF\\vendor\\laravel\\framework\\src\\Illuminate\\Pipeline\\Pipeline.php(163): Illuminate\\Foundation\\Http\\Middleware\\CheckForMaintenanceMode->handle(Object(Illuminate\\Http\\Request), Object(Closure))
#47 C:\\xampp\\htdocs\\Laravel Projects\\GSF\\vendor\\laravel\\framework\\src\\Illuminate\\Routing\\Pipeline.php(53): Illuminate\\Pipeline\\Pipeline->Illuminate\\Pipeline\\{closure}(Object(Illuminate\\Http\\Request))
#48 C:\\xampp\\htdocs\\Laravel Projects\\GSF\\vendor\\laravel\\framework\\src\\Illuminate\\Pipeline\\Pipeline.php(104): Illuminate\\Routing\\Pipeline->Illuminate\\Routing\\{closure}(Object(Illuminate\\Http\\Request))
#49 C:\\xampp\\htdocs\\Laravel Projects\\GSF\\vendor\\laravel\\framework\\src\\Illuminate\\Foundation\\Http\\Kernel.php(151): Illuminate\\Pipeline\\Pipeline->then(Object(Closure))
#50 C:\\xampp\\htdocs\\Laravel Projects\\GSF\\vendor\\laravel\\framework\\src\\Illuminate\\Foundation\\Http\\Kernel.php(116): Illuminate\\Foundation\\Http\\Kernel->sendRequestThroughRouter(Object(Illuminate\\Http\\Request))
#51 C:\\xampp\\htdocs\\Laravel Projects\\GSF\\public\\index.php(55): Illuminate\\Foundation\\Http\\Kernel->handle(Object(Illuminate\\Http\\Request))
#52 C:\\xampp\\htdocs\\Laravel Projects\\GSF\\server.php(21): require_once('C:\\\\xampp\\\\htdocs...')
#53 {main}
"} 
[2021-01-25 21:37:29] local.ERROR: Serialization of 'Closure' is not allowed {"userId":15,"exception":"[object] (Exception(code: 0): Serialization of 'Closure' is not allowed at C:\\xampp\\htdocs\\Laravel Projects\\GSF\\vendor\\laravel\\framework\\src\\Illuminate\\Session\\Store.php:129)
[stacktrace]
#0 C:\\xampp\\htdocs\\Laravel Projects\\GSF\\vendor\\laravel\\framework\\src\\Illuminate\\Session\\Store.php(129): serialize(Array)
#1 C:\\xampp\\htdocs\\Laravel Projects\\GSF\\vendor\\laravel\\framework\\src\\Illuminate\\Session\\Middleware\\StartSession.php(170): Illuminate\\Session\\Store->save()
#2 C:\\xampp\\htdocs\\Laravel Projects\\GSF\\vendor\\laravel\\framework\\src\\Illuminate\\Session\\Middleware\\StartSession.php(65): Illuminate\\Session\\Middleware\\StartSession->saveSession(Object(Illuminate\\Http\\Request))
#3 C:\\xampp\\htdocs\\Laravel Projects\\GSF\\vendor\\laravel\\framework\\src\\Illuminate\\Pipeline\\Pipeline.php(163): Illuminate\\Session\\Middleware\\StartSession->handle(Object(Illuminate\\Http\\Request), Object(Closure))
#4 C:\\xampp\\htdocs\\Laravel Projects\\GSF\\vendor\\laravel\\framework\\src\\Illuminate\\Routing\\Pipeline.php(53): Illuminate\\Pipeline\\Pipeline->Illuminate\\Pipeline\\{closure}(Object(Illuminate\\Http\\Request))
#5 C:\\xampp\\htdocs\\Laravel Projects\\GSF\\vendor\\laravel\\framework\\src\\Illuminate\\Cookie\\Middleware\\AddQueuedCookiesToResponse.php(37): Illuminate\\Routing\\Pipeline->Illuminate\\Routing\\{closure}(Object(Illuminate\\Http\\Request))
#6 C:\\xampp\\htdocs\\Laravel Projects\\GSF\\vendor\\laravel\\framework\\src\\Illuminate\\Pipeline\\Pipeline.php(163): Illuminate\\Cookie\\Middleware\\AddQueuedCookiesToResponse->handle(Object(Illuminate\\Http\\Request), Object(Closure))
#7 C:\\xampp\\htdocs\\Laravel Projects\\GSF\\vendor\\laravel\\framework\\src\\Illuminate\\Routing\\Pipeline.php(53): Illuminate\\Pipeline\\Pipeline->Illuminate\\Pipeline\\{closure}(Object(Illuminate\\Http\\Request))
#8 C:\\xampp\\htdocs\\Laravel Projects\\GSF\\vendor\\laravel\\framework\\src\\Illuminate\\Cookie\\Middleware\\EncryptCookies.php(66): Illuminate\\Routing\\Pipeline->Illuminate\\Routing\\{closure}(Object(Illuminate\\Http\\Request))
#9 C:\\xampp\\htdocs\\Laravel Projects\\GSF\\vendor\\laravel\\framework\\src\\Illuminate\\Pipeline\\Pipeline.php(163): Illuminate\\Cookie\\Middleware\\EncryptCookies->handle(Object(Illuminate\\Http\\Request), Object(Closure))
#10 C:\\xampp\\htdocs\\Laravel Projects\\GSF\\vendor\\laravel\\framework\\src\\Illuminate\\Routing\\Pipeline.php(53): Illuminate\\Pipeline\\Pipeline->Illuminate\\Pipeline\\{closure}(Object(Illuminate\\Http\\Request))
#11 C:\\xampp\\htdocs\\Laravel Projects\\GSF\\vendor\\laravel\\framework\\src\\Illuminate\\Pipeline\\Pipeline.php(104): Illuminate\\Routing\\Pipeline->Illuminate\\Routing\\{closure}(Object(Illuminate\\Http\\Request))
#12 C:\\xampp\\htdocs\\Laravel Projects\\GSF\\vendor\\laravel\\framework\\src\\Illuminate\\Routing\\Router.php(682): Illuminate\\Pipeline\\Pipeline->then(Object(Closure))
#13 C:\\xampp\\htdocs\\Laravel Projects\\GSF\\vendor\\laravel\\framework\\src\\Illuminate\\Routing\\Router.php(657): Illuminate\\Routing\\Router->runRouteWithinStack(Object(Illuminate\\Routing\\Route), Object(Illuminate\\Http\\Request))
#14 C:\\xampp\\htdocs\\Laravel Projects\\GSF\\vendor\\laravel\\framework\\src\\Illuminate\\Routing\\Router.php(623): Illuminate\\Routing\\Router->runRoute(Object(Illuminate\\Http\\Request), Object(Illuminate\\Routing\\Route))
#15 C:\\xampp\\htdocs\\Laravel Projects\\GSF\\vendor\\laravel\\framework\\src\\Illuminate\\Routing\\Router.php(612): Illuminate\\Routing\\Router->dispatchToRoute(Object(Illuminate\\Http\\Request))
#16 C:\\xampp\\htdocs\\Laravel Projects\\GSF\\vendor\\laravel\\framework\\src\\Illuminate\\Foundation\\Http\\Kernel.php(176): Illuminate\\Routing\\Router->dispatch(Object(Illuminate\\Http\\Request))
#17 C:\\xampp\\htdocs\\Laravel Projects\\GSF\\vendor\\laravel\\framework\\src\\Illuminate\\Routing\\Pipeline.php(30): Illuminate\\Foundation\\Http\\Kernel->Illuminate\\Foundation\\Http\\{closure}(Object(Illuminate\\Http\\Request))
#18 C:\\xampp\\htdocs\\Laravel Projects\\GSF\\vendor\\fideloper\\proxy\\src\\TrustProxies.php(57): Illuminate\\Routing\\Pipeline->Illuminate\\Routing\\{closure}(Object(Illuminate\\Http\\Request))
#19 C:\\xampp\\htdocs\\Laravel Projects\\GSF\\vendor\\laravel\\framework\\src\\Illuminate\\Pipeline\\Pipeline.php(163): Fideloper\\Proxy\\TrustProxies->handle(Object(Illuminate\\Http\\Request), Object(Closure))
#20 C:\\xampp\\htdocs\\Laravel Projects\\GSF\\vendor\\laravel\\framework\\src\\Illuminate\\Routing\\Pipeline.php(53): Illuminate\\Pipeline\\Pipeline->Illuminate\\Pipeline\\{closure}(Object(Illuminate\\Http\\Request))
#21 C:\\xampp\\htdocs\\Laravel Projects\\GSF\\vendor\\laravel\\framework\\src\\Illuminate\\Foundation\\Http\\Middleware\\TransformsRequest.php(21): Illuminate\\Routing\\Pipeline->Illuminate\\Routing\\{closure}(Object(Illuminate\\Http\\Request))
#22 C:\\xampp\\htdocs\\Laravel Projects\\GSF\\vendor\\laravel\\framework\\src\\Illuminate\\Pipeline\\Pipeline.php(163): Illuminate\\Foundation\\Http\\Middleware\\TransformsRequest->handle(Object(Illuminate\\Http\\Request), Object(Closure))
#23 C:\\xampp\\htdocs\\Laravel Projects\\GSF\\vendor\\laravel\\framework\\src\\Illuminate\\Routing\\Pipeline.php(53): Illuminate\\Pipeline\\Pipeline->Illuminate\\Pipeline\\{closure}(Object(Illuminate\\Http\\Request))
#24 C:\\xampp\\htdocs\\Laravel Projects\\GSF\\vendor\\laravel\\framework\\src\\Illuminate\\Foundation\\Http\\Middleware\\TransformsRequest.php(21): Illuminate\\Routing\\Pipeline->Illuminate\\Routing\\{closure}(Object(Illuminate\\Http\\Request))
#25 C:\\xampp\\htdocs\\Laravel Projects\\GSF\\vendor\\laravel\\framework\\src\\Illuminate\\Pipeline\\Pipeline.php(163): Illuminate\\Foundation\\Http\\Middleware\\TransformsRequest->handle(Object(Illuminate\\Http\\Request), Object(Closure))
#26 C:\\xampp\\htdocs\\Laravel Projects\\GSF\\vendor\\laravel\\framework\\src\\Illuminate\\Routing\\Pipeline.php(53): Illuminate\\Pipeline\\Pipeline->Illuminate\\Pipeline\\{closure}(Object(Illuminate\\Http\\Request))
#27 C:\\xampp\\htdocs\\Laravel Projects\\GSF\\vendor\\laravel\\framework\\src\\Illuminate\\Foundation\\Http\\Middleware\\ValidatePostSize.php(27): Illuminate\\Routing\\Pipeline->Illuminate\\Routing\\{closure}(Object(Illuminate\\Http\\Request))
#28 C:\\xampp\\htdocs\\Laravel Projects\\GSF\\vendor\\laravel\\framework\\src\\Illuminate\\Pipeline\\Pipeline.php(163): Illuminate\\Foundation\\Http\\Middleware\\ValidatePostSize->handle(Object(Illuminate\\Http\\Request), Object(Closure))
#29 C:\\xampp\\htdocs\\Laravel Projects\\GSF\\vendor\\laravel\\framework\\src\\Illuminate\\Routing\\Pipeline.php(53): Illuminate\\Pipeline\\Pipeline->Illuminate\\Pipeline\\{closure}(Object(Illuminate\\Http\\Request))
#30 C:\\xampp\\htdocs\\Laravel Projects\\GSF\\vendor\\laravel\\framework\\src\\Illuminate\\Foundation\\Http\\Middleware\\CheckForMaintenanceMode.php(62): Illuminate\\Routing\\Pipeline->Illuminate\\Routing\\{closure}(Object(Illuminate\\Http\\Request))
#31 C:\\xampp\\htdocs\\Laravel Projects\\GSF\\vendor\\laravel\\framework\\src\\Illuminate\\Pipeline\\Pipeline.php(163): Illuminate\\Foundation\\Http\\Middleware\\CheckForMaintenanceMode->handle(Object(Illuminate\\Http\\Request), Object(Closure))
#32 C:\\xampp\\htdocs\\Laravel Projects\\GSF\\vendor\\laravel\\framework\\src\\Illuminate\\Routing\\Pipeline.php(53): Illuminate\\Pipeline\\Pipeline->Illuminate\\Pipeline\\{closure}(Object(Illuminate\\Http\\Request))
#33 C:\\xampp\\htdocs\\Laravel Projects\\GSF\\vendor\\laravel\\framework\\src\\Illuminate\\Pipeline\\Pipeline.php(104): Illuminate\\Routing\\Pipeline->Illuminate\\Routing\\{closure}(Object(Illuminate\\Http\\Request))
#34 C:\\xampp\\htdocs\\Laravel Projects\\GSF\\vendor\\laravel\\framework\\src\\Illuminate\\Foundation\\Http\\Kernel.php(151): Illuminate\\Pipeline\\Pipeline->then(Object(Closure))
#35 C:\\xampp\\htdocs\\Laravel Projects\\GSF\\vendor\\laravel\\framework\\src\\Illuminate\\Foundation\\Http\\Kernel.php(116): Illuminate\\Foundation\\Http\\Kernel->sendRequestThroughRouter(Object(Illuminate\\Http\\Request))
#36 C:\\xampp\\htdocs\\Laravel Projects\\GSF\\public\\index.php(55): Illuminate\\Foundation\\Http\\Kernel->handle(Object(Illuminate\\Http\\Request))
#37 C:\\xampp\\htdocs\\Laravel Projects\\GSF\\server.php(21): require_once('C:\\\\xampp\\\\htdocs...')
#38 {main}
"} 
[2021-01-25 21:50:43] local.ERROR: Trying to get property 'name' of non-object (View: C:\xampp\htdocs\Laravel Projects\GSF\resources\views\participant\index.blade.php) {"userId":18,"exception":"[object] (ErrorException(code: 0): Trying to get property 'name' of non-object (View: C:\\xampp\\htdocs\\Laravel Projects\\GSF\esources\\views\\participant\\index.blade.php) at C:\\xampp\\htdocs\\Laravel Projects\\GSF\\storage\\framework\\views\\9d2c3ccbb94476023244733ccdacbd1be04f4765.php:88, ErrorException(code: 0): Trying to get property 'name' of non-object at C:\\xampp\\htdocs\\Laravel Projects\\GSF\\storage\\framework\\views\\9d2c3ccbb94476023244733ccdacbd1be04f4765.php:88)
[stacktrace]
#0 C:\\xampp\\htdocs\\Laravel Projects\\GSF\\vendor\\laravel\\framework\\src\\Illuminate\\View\\Engines\\PhpEngine.php(45): Illuminate\\View\\Engines\\CompilerEngine->handleViewException(Object(ErrorException), 1)
#1 C:\\xampp\\htdocs\\Laravel Projects\\GSF\\vendor\\laravel\\framework\\src\\Illuminate\\View\\Engines\\CompilerEngine.php(59): Illuminate\\View\\Engines\\PhpEngine->evaluatePath('C:\\\\xampp\\\\htdocs...', Array)
#2 C:\\xampp\\htdocs\\Laravel Projects\\GSF\\vendor\\laravel\\framework\\src\\Illuminate\\View\\View.php(142): Illuminate\\View\\Engines\\CompilerEngine->get('C:\\\\xampp\\\\htdocs...', Array)
#3 C:\\xampp\\htdocs\\Laravel Projects\\GSF\\vendor\\laravel\\framework\\src\\Illuminate\\View\\View.php(125): Illuminate\\View\\View->getContents()
#4 C:\\xampp\\htdocs\\Laravel Projects\\GSF\\vendor\\laravel\\framework\\src\\Illuminate\\View\\View.php(90): Illuminate\\View\\View->renderContents()
#5 C:\\xampp\\htdocs\\Laravel Projects\\GSF\\vendor\\laravel\\framework\\src\\Illuminate\\Http\\Response.php(42): Illuminate\\View\\View->render()
#6 C:\\xampp\\htdocs\\Laravel Projects\\GSF\\vendor\\symfony\\http-foundation\\Response.php(205): Illuminate\\Http\\Response->setContent(Object(Illuminate\\View\\View))
#7 C:\\xampp\\htdocs\\Laravel Projects\\GSF\\vendor\\laravel\\framework\\src\\Illuminate\\Routing\\Router.php(748): Symfony\\Component\\HttpFoundation\\Response->__construct(Object(Illuminate\\View\\View))
#8 C:\\xampp\\htdocs\\Laravel Projects\\GSF\\vendor\\laravel\\framework\\src\\Illuminate\\Routing\\Router.php(720): Illuminate\\Routing\\Router::toResponse(Object(Illuminate\\Http\\Request), Object(Illuminate\\View\\View))
#9 C:\\xampp\\htdocs\\Laravel Projects\\GSF\\vendor\\laravel\\framework\\src\\Illuminate\\Routing\\Router.php(680): Illuminate\\Routing\\Router->prepareResponse(Object(Illuminate\\Http\\Request), Object(Illuminate\\View\\View))
#10 C:\\xampp\\htdocs\\Laravel Projects\\GSF\\vendor\\laravel\\framework\\src\\Illuminate\\Routing\\Pipeline.php(30): Illuminate\\Routing\\Router->Illuminate\\Routing\\{closure}(Object(Illuminate\\Http\\Request))
#11 C:\\xampp\\htdocs\\Laravel Projects\\GSF\\app\\Http\\Middleware\\SwitchUser.php(22): Illuminate\\Routing\\Pipeline->Illuminate\\Routing\\{closure}(Object(Illuminate\\Http\\Request))
#12 C:\\xampp\\htdocs\\Laravel Projects\\GSF\\vendor\\laravel\\framework\\src\\Illuminate\\Pipeline\\Pipeline.php(163): App\\Http\\Middleware\\SwitchUser->handle(Object(Illuminate\\Http\\Request), Object(Closure))
#13 C:\\xampp\\htdocs\\Laravel Projects\\GSF\\vendor\\laravel\\framework\\src\\Illuminate\\Routing\\Pipeline.php(53): Illuminate\\Pipeline\\Pipeline->Illuminate\\Pipeline\\{closure}(Object(Illuminate\\Http\\Request))
#14 C:\\xampp\\htdocs\\Laravel Projects\\GSF\\vendor\\laravel\\framework\\src\\Illuminate\\Routing\\Middleware\\SubstituteBindings.php(41): Illuminate\\Routing\\Pipeline->Illuminate\\Routing\\{closure}(Object(Illuminate\\Http\\Request))
#15 C:\\xampp\\htdocs\\Laravel Projects\\GSF\\vendor\\laravel\\framework\\src\\Illuminate\\Pipeline\\Pipeline.php(163): Illuminate\\Routing\\Middleware\\SubstituteBindings->handle(Object(Illuminate\\Http\\Request), Object(Closure))
#16 C:\\xampp\\htdocs\\Laravel Projects\\GSF\\vendor\\laravel\\framework\\src\\Illuminate\\Routing\\Pipeline.php(53): Illuminate\\Pipeline\\Pipeline->Illuminate\\Pipeline\\{closure}(Object(Illuminate\\Http\\Request))
#17 C:\\xampp\\htdocs\\Laravel Projects\\GSF\\vendor\\laravel\\framework\\src\\Illuminate\\Auth\\Middleware\\Authenticate.php(43): Illuminate\\Routing\\Pipeline->Illuminate\\Routing\\{closure}(Object(Illuminate\\Http\\Request))
#18 C:\\xampp\\htdocs\\Laravel Projects\\GSF\\vendor\\laravel\\framework\\src\\Illuminate\\Pipeline\\Pipeline.php(163): Illuminate\\Auth\\Middleware\\Authenticate->handle(Object(Illuminate\\Http\\Request), Object(Closure))
#19 C:\\xampp\\htdocs\\Laravel Projects\\GSF\\vendor\\laravel\\framework\\src\\Illuminate\\Routing\\Pipeline.php(53): Illuminate\\Pipeline\\Pipeline->Illuminate\\Pipeline\\{closure}(Object(Illuminate\\Http\\Request))
#20 C:\\xampp\\htdocs\\Laravel Projects\\GSF\\vendor\\laravel\\framework\\src\\Illuminate\\Foundation\\Http\\Middleware\\VerifyCsrfToken.php(75): Illuminate\\Routing\\Pipeline->Illuminate\\Routing\\{closure}(Object(Illuminate\\Http\\Request))
#21 C:\\xampp\\htdocs\\Laravel Projects\\GSF\\vendor\\laravel\\framework\\src\\Illuminate\\Pipeline\\Pipeline.php(163): Illuminate\\Foundation\\Http\\Middleware\\VerifyCsrfToken->handle(Object(Illuminate\\Http\\Request), Object(Closure))
#22 C:\\xampp\\htdocs\\Laravel Projects\\GSF\\vendor\\laravel\\framework\\src\\Illuminate\\Routing\\Pipeline.php(53): Illuminate\\Pipeline\\Pipeline->Illuminate\\Pipeline\\{closure}(Object(Illuminate\\Http\\Request))
#23 C:\\xampp\\htdocs\\Laravel Projects\\GSF\\vendor\\laravel\\framework\\src\\Illuminate\\View\\Middleware\\ShareErrorsFromSession.php(49): Illuminate\\Routing\\Pipeline->Illuminate\\Routing\\{closure}(Object(Illuminate\\Http\\Request))
#24 C:\\xampp\\htdocs\\Laravel Projects\\GSF\\vendor\\laravel\\framework\\src\\Illuminate\\Pipeline\\Pipeline.php(163): Illuminate\\View\\Middleware\\ShareErrorsFromSession->handle(Object(Illuminate\\Http\\Request), Object(Closure))
#25 C:\\xampp\\htdocs\\Laravel Projects\\GSF\\vendor\\laravel\\framework\\src\\Illuminate\\Routing\\Pipeline.php(53): Illuminate\\Pipeline\\Pipeline->Illuminate\\Pipeline\\{closure}(Object(Illuminate\\Http\\Request))
#26 C:\\xampp\\htdocs\\Laravel Projects\\GSF\\vendor\\laravel\\framework\\src\\Illuminate\\Session\\Middleware\\StartSession.php(56): Illuminate\\Routing\\Pipeline->Illuminate\\Routing\\{closure}(Object(Illuminate\\Http\\Request))
#27 C:\\xampp\\htdocs\\Laravel Projects\\GSF\\vendor\\laravel\\framework\\src\\Illuminate\\Pipeline\\Pipeline.php(163): Illuminate\\Session\\Middleware\\StartSession->handle(Object(Illuminate\\Http\\Request), Object(Closure))
#28 C:\\xampp\\htdocs\\Laravel Projects\\GSF\\vendor\\laravel\\framework\\src\\Illuminate\\Routing\\Pipeline.php(53): Illuminate\\Pipeline\\Pipeline->Illuminate\\Pipeline\\{closure}(Object(Illuminate\\Http\\Request))
#29 C:\\xampp\\htdocs\\Laravel Projects\\GSF\\vendor\\laravel\\framework\\src\\Illuminate\\Cookie\\Middleware\\AddQueuedCookiesToResponse.php(37): Illuminate\\Routing\\Pipeline->Illuminate\\Routing\\{closure}(Object(Illuminate\\Http\\Request))
#30 C:\\xampp\\htdocs\\Laravel Projects\\GSF\\vendor\\laravel\\framework\\src\\Illuminate\\Pipeline\\Pipeline.php(163): Illuminate\\Cookie\\Middleware\\AddQueuedCookiesToResponse->handle(Object(Illuminate\\Http\\Request), Object(Closure))
#31 C:\\xampp\\htdocs\\Laravel Projects\\GSF\\vendor\\laravel\\framework\\src\\Illuminate\\Routing\\Pipeline.php(53): Illuminate\\Pipeline\\Pipeline->Illuminate\\Pipeline\\{closure}(Object(Illuminate\\Http\\Request))
#32 C:\\xampp\\htdocs\\Laravel Projects\\GSF\\vendor\\laravel\\framework\\src\\Illuminate\\Cookie\\Middleware\\EncryptCookies.php(66): Illuminate\\Routing\\Pipeline->Illuminate\\Routing\\{closure}(Object(Illuminate\\Http\\Request))
#33 C:\\xampp\\htdocs\\Laravel Projects\\GSF\\vendor\\laravel\\framework\\src\\Illuminate\\Pipeline\\Pipeline.php(163): Illuminate\\Cookie\\Middleware\\EncryptCookies->handle(Object(Illuminate\\Http\\Request), Object(Closure))
#34 C:\\xampp\\htdocs\\Laravel Projects\\GSF\\vendor\\laravel\\framework\\src\\Illuminate\\Routing\\Pipeline.php(53): Illuminate\\Pipeline\\Pipeline->Illuminate\\Pipeline\\{closure}(Object(Illuminate\\Http\\Request))
#35 C:\\xampp\\htdocs\\Laravel Projects\\GSF\\vendor\\laravel\\framework\\src\\Illuminate\\Pipeline\\Pipeline.php(104): Illuminate\\Routing\\Pipeline->Illuminate\\Routing\\{closure}(Object(Illuminate\\Http\\Request))
#36 C:\\xampp\\htdocs\\Laravel Projects\\GSF\\vendor\\laravel\\framework\\src\\Illuminate\\Routing\\Router.php(682): Illuminate\\Pipeline\\Pipeline->then(Object(Closure))
#37 C:\\xampp\\htdocs\\Laravel Projects\\GSF\\vendor\\laravel\\framework\\src\\Illuminate\\Routing\\Router.php(657): Illuminate\\Routing\\Router->runRouteWithinStack(Object(Illuminate\\Routing\\Route), Object(Illuminate\\Http\\Request))
#38 C:\\xampp\\htdocs\\Laravel Projects\\GSF\\vendor\\laravel\\framework\\src\\Illuminate\\Routing\\Router.php(623): Illuminate\\Routing\\Router->runRoute(Object(Illuminate\\Http\\Request), Object(Illuminate\\Routing\\Route))
#39 C:\\xampp\\htdocs\\Laravel Projects\\GSF\\vendor\\laravel\\framework\\src\\Illuminate\\Routing\\Router.php(612): Illuminate\\Routing\\Router->dispatchToRoute(Object(Illuminate\\Http\\Request))
#40 C:\\xampp\\htdocs\\Laravel Projects\\GSF\\vendor\\laravel\\framework\\src\\Illuminate\\Foundation\\Http\\Kernel.php(176): Illuminate\\Routing\\Router->dispatch(Object(Illuminate\\Http\\Request))
#41 C:\\xampp\\htdocs\\Laravel Projects\\GSF\\vendor\\laravel\\framework\\src\\Illuminate\\Routing\\Pipeline.php(30): Illuminate\\Foundation\\Http\\Kernel->Illuminate\\Foundation\\Http\\{closure}(Object(Illuminate\\Http\\Request))
#42 C:\\xampp\\htdocs\\Laravel Projects\\GSF\\vendor\\fideloper\\proxy\\src\\TrustProxies.php(57): Illuminate\\Routing\\Pipeline->Illuminate\\Routing\\{closure}(Object(Illuminate\\Http\\Request))
#43 C:\\xampp\\htdocs\\Laravel Projects\\GSF\\vendor\\laravel\\framework\\src\\Illuminate\\Pipeline\\Pipeline.php(163): Fideloper\\Proxy\\TrustProxies->handle(Object(Illuminate\\Http\\Request), Object(Closure))
#44 C:\\xampp\\htdocs\\Laravel Projects\\GSF\\vendor\\laravel\\framework\\src\\Illuminate\\Routing\\Pipeline.php(53): Illuminate\\Pipeline\\Pipeline->Illuminate\\Pipeline\\{closure}(Object(Illuminate\\Http\\Request))
#45 C:\\xampp\\htdocs\\Laravel Projects\\GSF\\vendor\\laravel\\framework\\src\\Illuminate\\Foundation\\Http\\Middleware\\TransformsRequest.php(21): Illuminate\\Routing\\Pipeline->Illuminate\\Routing\\{closure}(Object(Illuminate\\Http\\Request))
#46 C:\\xampp\\htdocs\\Laravel Projects\\GSF\\vendor\\laravel\\framework\\src\\Illuminate\\Pipeline\\Pipeline.php(163): Illuminate\\Foundation\\Http\\Middleware\\TransformsRequest->handle(Object(Illuminate\\Http\\Request), Object(Closure))
#47 C:\\xampp\\htdocs\\Laravel Projects\\GSF\\vendor\\laravel\\framework\\src\\Illuminate\\Routing\\Pipeline.php(53): Illuminate\\Pipeline\\Pipeline->Illuminate\\Pipeline\\{closure}(Object(Illuminate\\Http\\Request))
#48 C:\\xampp\\htdocs\\Laravel Projects\\GSF\\vendor\\laravel\\framework\\src\\Illuminate\\Foundation\\Http\\Middleware\\TransformsRequest.php(21): Illuminate\\Routing\\Pipeline->Illuminate\\Routing\\{closure}(Object(Illuminate\\Http\\Request))
#49 C:\\xampp\\htdocs\\Laravel Projects\\GSF\\vendor\\laravel\\framework\\src\\Illuminate\\Pipeline\\Pipeline.php(163): Illuminate\\Foundation\\Http\\Middleware\\TransformsRequest->handle(Object(Illuminate\\Http\\Request), Object(Closure))
#50 C:\\xampp\\htdocs\\Laravel Projects\\GSF\\vendor\\laravel\\framework\\src\\Illuminate\\Routing\\Pipeline.php(53): Illuminate\\Pipeline\\Pipeline->Illuminate\\Pipeline\\{closure}(Object(Illuminate\\Http\\Request))
#51 C:\\xampp\\htdocs\\Laravel Projects\\GSF\\vendor\\laravel\\framework\\src\\Illuminate\\Foundation\\Http\\Middleware\\ValidatePostSize.php(27): Illuminate\\Routing\\Pipeline->Illuminate\\Routing\\{closure}(Object(Illuminate\\Http\\Request))
#52 C:\\xampp\\htdocs\\Laravel Projects\\GSF\\vendor\\laravel\\framework\\src\\Illuminate\\Pipeline\\Pipeline.php(163): Illuminate\\Foundation\\Http\\Middleware\\ValidatePostSize->handle(Object(Illuminate\\Http\\Request), Object(Closure))
#53 C:\\xampp\\htdocs\\Laravel Projects\\GSF\\vendor\\laravel\\framework\\src\\Illuminate\\Routing\\Pipeline.php(53): Illuminate\\Pipeline\\Pipeline->Illuminate\\Pipeline\\{closure}(Object(Illuminate\\Http\\Request))
#54 C:\\xampp\\htdocs\\Laravel Projects\\GSF\\vendor\\laravel\\framework\\src\\Illuminate\\Foundation\\Http\\Middleware\\CheckForMaintenanceMode.php(62): Illuminate\\Routing\\Pipeline->Illuminate\\Routing\\{closure}(Object(Illuminate\\Http\\Request))
#55 C:\\xampp\\htdocs\\Laravel Projects\\GSF\\vendor\\laravel\\framework\\src\\Illuminate\\Pipeline\\Pipeline.php(163): Illuminate\\Foundation\\Http\\Middleware\\CheckForMaintenanceMode->handle(Object(Illuminate\\Http\\Request), Object(Closure))
#56 C:\\xampp\\htdocs\\Laravel Projects\\GSF\\vendor\\laravel\\framework\\src\\Illuminate\\Routing\\Pipeline.php(53): Illuminate\\Pipeline\\Pipeline->Illuminate\\Pipeline\\{closure}(Object(Illuminate\\Http\\Request))
#57 C:\\xampp\\htdocs\\Laravel Projects\\GSF\\vendor\\laravel\\framework\\src\\Illuminate\\Pipeline\\Pipeline.php(104): Illuminate\\Routing\\Pipeline->Illuminate\\Routing\\{closure}(Object(Illuminate\\Http\\Request))
#58 C:\\xampp\\htdocs\\Laravel Projects\\GSF\\vendor\\laravel\\framework\\src\\Illuminate\\Foundation\\Http\\Kernel.php(151): Illuminate\\Pipeline\\Pipeline->then(Object(Closure))
#59 C:\\xampp\\htdocs\\Laravel Projects\\GSF\\vendor\\laravel\\framework\\src\\Illuminate\\Foundation\\Http\\Kernel.php(116): Illuminate\\Foundation\\Http\\Kernel->sendRequestThroughRouter(Object(Illuminate\\Http\\Request))
#60 C:\\xampp\\htdocs\\Laravel Projects\\GSF\\public\\index.php(55): Illuminate\\Foundation\\Http\\Kernel->handle(Object(Illuminate\\Http\\Request))
#61 C:\\xampp\\htdocs\\Laravel Projects\\GSF\\server.php(21): require_once('C:\\\\xampp\\\\htdocs...')
#62 {main}
"} 
[2021-01-25 21:51:11] local.ERROR: Undefined variable: foods (View: C:\xampp\htdocs\Laravel Projects\GSF\resources\views\participant\index.blade.php) {"userId":18,"exception":"[object] (ErrorException(code: 0): Undefined variable: foods (View: C:\\xampp\\htdocs\\Laravel Projects\\GSF\esources\\views\\participant\\index.blade.php) at C:\\xampp\\htdocs\\Laravel Projects\\GSF\\storage\\framework\\views\\9d2c3ccbb94476023244733ccdacbd1be04f4765.php:94, ErrorException(code: 0): Undefined variable: foods at C:\\xampp\\htdocs\\Laravel Projects\\GSF\\storage\\framework\\views\\9d2c3ccbb94476023244733ccdacbd1be04f4765.php:94)
[stacktrace]
#0 C:\\xampp\\htdocs\\Laravel Projects\\GSF\\vendor\\laravel\\framework\\src\\Illuminate\\View\\Engines\\PhpEngine.php(45): Illuminate\\View\\Engines\\CompilerEngine->handleViewException(Object(ErrorException), 1)
#1 C:\\xampp\\htdocs\\Laravel Projects\\GSF\\vendor\\laravel\\framework\\src\\Illuminate\\View\\Engines\\CompilerEngine.php(59): Illuminate\\View\\Engines\\PhpEngine->evaluatePath('C:\\\\xampp\\\\htdocs...', Array)
#2 C:\\xampp\\htdocs\\Laravel Projects\\GSF\\vendor\\laravel\\framework\\src\\Illuminate\\View\\View.php(142): Illuminate\\View\\Engines\\CompilerEngine->get('C:\\\\xampp\\\\htdocs...', Array)
#3 C:\\xampp\\htdocs\\Laravel Projects\\GSF\\vendor\\laravel\\framework\\src\\Illuminate\\View\\View.php(125): Illuminate\\View\\View->getContents()
#4 C:\\xampp\\htdocs\\Laravel Projects\\GSF\\vendor\\laravel\\framework\\src\\Illuminate\\View\\View.php(90): Illuminate\\View\\View->renderContents()
#5 C:\\xampp\\htdocs\\Laravel Projects\\GSF\\vendor\\laravel\\framework\\src\\Illuminate\\Http\\Response.php(42): Illuminate\\View\\View->render()
#6 C:\\xampp\\htdocs\\Laravel Projects\\GSF\\vendor\\symfony\\http-foundation\\Response.php(205): Illuminate\\Http\\Response->setContent(Object(Illuminate\\View\\View))
#7 C:\\xampp\\htdocs\\Laravel Projects\\GSF\\vendor\\laravel\\framework\\src\\Illuminate\\Routing\\Router.php(748): Symfony\\Component\\HttpFoundation\\Response->__construct(Object(Illuminate\\View\\View))
#8 C:\\xampp\\htdocs\\Laravel Projects\\GSF\\vendor\\laravel\\framework\\src\\Illuminate\\Routing\\Router.php(720): Illuminate\\Routing\\Router::toResponse(Object(Illuminate\\Http\\Request), Object(Illuminate\\View\\View))
#9 C:\\xampp\\htdocs\\Laravel Projects\\GSF\\vendor\\laravel\\framework\\src\\Illuminate\\Routing\\Router.php(680): Illuminate\\Routing\\Router->prepareResponse(Object(Illuminate\\Http\\Request), Object(Illuminate\\View\\View))
#10 C:\\xampp\\htdocs\\Laravel Projects\\GSF\\vendor\\laravel\\framework\\src\\Illuminate\\Routing\\Pipeline.php(30): Illuminate\\Routing\\Router->Illuminate\\Routing\\{closure}(Object(Illuminate\\Http\\Request))
#11 C:\\xampp\\htdocs\\Laravel Projects\\GSF\\app\\Http\\Middleware\\SwitchUser.php(22): Illuminate\\Routing\\Pipeline->Illuminate\\Routing\\{closure}(Object(Illuminate\\Http\\Request))
#12 C:\\xampp\\htdocs\\Laravel Projects\\GSF\\vendor\\laravel\\framework\\src\\Illuminate\\Pipeline\\Pipeline.php(163): App\\Http\\Middleware\\SwitchUser->handle(Object(Illuminate\\Http\\Request), Object(Closure))
#13 C:\\xampp\\htdocs\\Laravel Projects\\GSF\\vendor\\laravel\\framework\\src\\Illuminate\\Routing\\Pipeline.php(53): Illuminate\\Pipeline\\Pipeline->Illuminate\\Pipeline\\{closure}(Object(Illuminate\\Http\\Request))
#14 C:\\xampp\\htdocs\\Laravel Projects\\GSF\\vendor\\laravel\\framework\\src\\Illuminate\\Routing\\Middleware\\SubstituteBindings.php(41): Illuminate\\Routing\\Pipeline->Illuminate\\Routing\\{closure}(Object(Illuminate\\Http\\Request))
#15 C:\\xampp\\htdocs\\Laravel Projects\\GSF\\vendor\\laravel\\framework\\src\\Illuminate\\Pipeline\\Pipeline.php(163): Illuminate\\Routing\\Middleware\\SubstituteBindings->handle(Object(Illuminate\\Http\\Request), Object(Closure))
#16 C:\\xampp\\htdocs\\Laravel Projects\\GSF\\vendor\\laravel\\framework\\src\\Illuminate\\Routing\\Pipeline.php(53): Illuminate\\Pipeline\\Pipeline->Illuminate\\Pipeline\\{closure}(Object(Illuminate\\Http\\Request))
#17 C:\\xampp\\htdocs\\Laravel Projects\\GSF\\vendor\\laravel\\framework\\src\\Illuminate\\Auth\\Middleware\\Authenticate.php(43): Illuminate\\Routing\\Pipeline->Illuminate\\Routing\\{closure}(Object(Illuminate\\Http\\Request))
#18 C:\\xampp\\htdocs\\Laravel Projects\\GSF\\vendor\\laravel\\framework\\src\\Illuminate\\Pipeline\\Pipeline.php(163): Illuminate\\Auth\\Middleware\\Authenticate->handle(Object(Illuminate\\Http\\Request), Object(Closure))
#19 C:\\xampp\\htdocs\\Laravel Projects\\GSF\\vendor\\laravel\\framework\\src\\Illuminate\\Routing\\Pipeline.php(53): Illuminate\\Pipeline\\Pipeline->Illuminate\\Pipeline\\{closure}(Object(Illuminate\\Http\\Request))
#20 C:\\xampp\\htdocs\\Laravel Projects\\GSF\\vendor\\laravel\\framework\\src\\Illuminate\\Foundation\\Http\\Middleware\\VerifyCsrfToken.php(75): Illuminate\\Routing\\Pipeline->Illuminate\\Routing\\{closure}(Object(Illuminate\\Http\\Request))
#21 C:\\xampp\\htdocs\\Laravel Projects\\GSF\\vendor\\laravel\\framework\\src\\Illuminate\\Pipeline\\Pipeline.php(163): Illuminate\\Foundation\\Http\\Middleware\\VerifyCsrfToken->handle(Object(Illuminate\\Http\\Request), Object(Closure))
#22 C:\\xampp\\htdocs\\Laravel Projects\\GSF\\vendor\\laravel\\framework\\src\\Illuminate\\Routing\\Pipeline.php(53): Illuminate\\Pipeline\\Pipeline->Illuminate\\Pipeline\\{closure}(Object(Illuminate\\Http\\Request))
#23 C:\\xampp\\htdocs\\Laravel Projects\\GSF\\vendor\\laravel\\framework\\src\\Illuminate\\View\\Middleware\\ShareErrorsFromSession.php(49): Illuminate\\Routing\\Pipeline->Illuminate\\Routing\\{closure}(Object(Illuminate\\Http\\Request))
#24 C:\\xampp\\htdocs\\Laravel Projects\\GSF\\vendor\\laravel\\framework\\src\\Illuminate\\Pipeline\\Pipeline.php(163): Illuminate\\View\\Middleware\\ShareErrorsFromSession->handle(Object(Illuminate\\Http\\Request), Object(Closure))
#25 C:\\xampp\\htdocs\\Laravel Projects\\GSF\\vendor\\laravel\\framework\\src\\Illuminate\\Routing\\Pipeline.php(53): Illuminate\\Pipeline\\Pipeline->Illuminate\\Pipeline\\{closure}(Object(Illuminate\\Http\\Request))
#26 C:\\xampp\\htdocs\\Laravel Projects\\GSF\\vendor\\laravel\\framework\\src\\Illuminate\\Session\\Middleware\\StartSession.php(56): Illuminate\\Routing\\Pipeline->Illuminate\\Routing\\{closure}(Object(Illuminate\\Http\\Request))
#27 C:\\xampp\\htdocs\\Laravel Projects\\GSF\\vendor\\laravel\\framework\\src\\Illuminate\\Pipeline\\Pipeline.php(163): Illuminate\\Session\\Middleware\\StartSession->handle(Object(Illuminate\\Http\\Request), Object(Closure))
#28 C:\\xampp\\htdocs\\Laravel Projects\\GSF\\vendor\\laravel\\framework\\src\\Illuminate\\Routing\\Pipeline.php(53): Illuminate\\Pipeline\\Pipeline->Illuminate\\Pipeline\\{closure}(Object(Illuminate\\Http\\Request))
#29 C:\\xampp\\htdocs\\Laravel Projects\\GSF\\vendor\\laravel\\framework\\src\\Illuminate\\Cookie\\Middleware\\AddQueuedCookiesToResponse.php(37): Illuminate\\Routing\\Pipeline->Illuminate\\Routing\\{closure}(Object(Illuminate\\Http\\Request))
#30 C:\\xampp\\htdocs\\Laravel Projects\\GSF\\vendor\\laravel\\framework\\src\\Illuminate\\Pipeline\\Pipeline.php(163): Illuminate\\Cookie\\Middleware\\AddQueuedCookiesToResponse->handle(Object(Illuminate\\Http\\Request), Object(Closure))
#31 C:\\xampp\\htdocs\\Laravel Projects\\GSF\\vendor\\laravel\\framework\\src\\Illuminate\\Routing\\Pipeline.php(53): Illuminate\\Pipeline\\Pipeline->Illuminate\\Pipeline\\{closure}(Object(Illuminate\\Http\\Request))
#32 C:\\xampp\\htdocs\\Laravel Projects\\GSF\\vendor\\laravel\\framework\\src\\Illuminate\\Cookie\\Middleware\\EncryptCookies.php(66): Illuminate\\Routing\\Pipeline->Illuminate\\Routing\\{closure}(Object(Illuminate\\Http\\Request))
#33 C:\\xampp\\htdocs\\Laravel Projects\\GSF\\vendor\\laravel\\framework\\src\\Illuminate\\Pipeline\\Pipeline.php(163): Illuminate\\Cookie\\Middleware\\EncryptCookies->handle(Object(Illuminate\\Http\\Request), Object(Closure))
#34 C:\\xampp\\htdocs\\Laravel Projects\\GSF\\vendor\\laravel\\framework\\src\\Illuminate\\Routing\\Pipeline.php(53): Illuminate\\Pipeline\\Pipeline->Illuminate\\Pipeline\\{closure}(Object(Illuminate\\Http\\Request))
#35 C:\\xampp\\htdocs\\Laravel Projects\\GSF\\vendor\\laravel\\framework\\src\\Illuminate\\Pipeline\\Pipeline.php(104): Illuminate\\Routing\\Pipeline->Illuminate\\Routing\\{closure}(Object(Illuminate\\Http\\Request))
#36 C:\\xampp\\htdocs\\Laravel Projects\\GSF\\vendor\\laravel\\framework\\src\\Illuminate\\Routing\\Router.php(682): Illuminate\\Pipeline\\Pipeline->then(Object(Closure))
#37 C:\\xampp\\htdocs\\Laravel Projects\\GSF\\vendor\\laravel\\framework\\src\\Illuminate\\Routing\\Router.php(657): Illuminate\\Routing\\Router->runRouteWithinStack(Object(Illuminate\\Routing\\Route), Object(Illuminate\\Http\\Request))
#38 C:\\xampp\\htdocs\\Laravel Projects\\GSF\\vendor\\laravel\\framework\\src\\Illuminate\\Routing\\Router.php(623): Illuminate\\Routing\\Router->runRoute(Object(Illuminate\\Http\\Request), Object(Illuminate\\Routing\\Route))
#39 C:\\xampp\\htdocs\\Laravel Projects\\GSF\\vendor\\laravel\\framework\\src\\Illuminate\\Routing\\Router.php(612): Illuminate\\Routing\\Router->dispatchToRoute(Object(Illuminate\\Http\\Request))
#40 C:\\xampp\\htdocs\\Laravel Projects\\GSF\\vendor\\laravel\\framework\\src\\Illuminate\\Foundation\\Http\\Kernel.php(176): Illuminate\\Routing\\Router->dispatch(Object(Illuminate\\Http\\Request))
#41 C:\\xampp\\htdocs\\Laravel Projects\\GSF\\vendor\\laravel\\framework\\src\\Illuminate\\Routing\\Pipeline.php(30): Illuminate\\Foundation\\Http\\Kernel->Illuminate\\Foundation\\Http\\{closure}(Object(Illuminate\\Http\\Request))
#42 C:\\xampp\\htdocs\\Laravel Projects\\GSF\\vendor\\fideloper\\proxy\\src\\TrustProxies.php(57): Illuminate\\Routing\\Pipeline->Illuminate\\Routing\\{closure}(Object(Illuminate\\Http\\Request))
#43 C:\\xampp\\htdocs\\Laravel Projects\\GSF\\vendor\\laravel\\framework\\src\\Illuminate\\Pipeline\\Pipeline.php(163): Fideloper\\Proxy\\TrustProxies->handle(Object(Illuminate\\Http\\Request), Object(Closure))
#44 C:\\xampp\\htdocs\\Laravel Projects\\GSF\\vendor\\laravel\\framework\\src\\Illuminate\\Routing\\Pipeline.php(53): Illuminate\\Pipeline\\Pipeline->Illuminate\\Pipeline\\{closure}(Object(Illuminate\\Http\\Request))
#45 C:\\xampp\\htdocs\\Laravel Projects\\GSF\\vendor\\laravel\\framework\\src\\Illuminate\\Foundation\\Http\\Middleware\\TransformsRequest.php(21): Illuminate\\Routing\\Pipeline->Illuminate\\Routing\\{closure}(Object(Illuminate\\Http\\Request))
#46 C:\\xampp\\htdocs\\Laravel Projects\\GSF\\vendor\\laravel\\framework\\src\\Illuminate\\Pipeline\\Pipeline.php(163): Illuminate\\Foundation\\Http\\Middleware\\TransformsRequest->handle(Object(Illuminate\\Http\\Request), Object(Closure))
#47 C:\\xampp\\htdocs\\Laravel Projects\\GSF\\vendor\\laravel\\framework\\src\\Illuminate\\Routing\\Pipeline.php(53): Illuminate\\Pipeline\\Pipeline->Illuminate\\Pipeline\\{closure}(Object(Illuminate\\Http\\Request))
#48 C:\\xampp\\htdocs\\Laravel Projects\\GSF\\vendor\\laravel\\framework\\src\\Illuminate\\Foundation\\Http\\Middleware\\TransformsRequest.php(21): Illuminate\\Routing\\Pipeline->Illuminate\\Routing\\{closure}(Object(Illuminate\\Http\\Request))
#49 C:\\xampp\\htdocs\\Laravel Projects\\GSF\\vendor\\laravel\\framework\\src\\Illuminate\\Pipeline\\Pipeline.php(163): Illuminate\\Foundation\\Http\\Middleware\\TransformsRequest->handle(Object(Illuminate\\Http\\Request), Object(Closure))
#50 C:\\xampp\\htdocs\\Laravel Projects\\GSF\\vendor\\laravel\\framework\\src\\Illuminate\\Routing\\Pipeline.php(53): Illuminate\\Pipeline\\Pipeline->Illuminate\\Pipeline\\{closure}(Object(Illuminate\\Http\\Request))
#51 C:\\xampp\\htdocs\\Laravel Projects\\GSF\\vendor\\laravel\\framework\\src\\Illuminate\\Foundation\\Http\\Middleware\\ValidatePostSize.php(27): Illuminate\\Routing\\Pipeline->Illuminate\\Routing\\{closure}(Object(Illuminate\\Http\\Request))
#52 C:\\xampp\\htdocs\\Laravel Projects\\GSF\\vendor\\laravel\\framework\\src\\Illuminate\\Pipeline\\Pipeline.php(163): Illuminate\\Foundation\\Http\\Middleware\\ValidatePostSize->handle(Object(Illuminate\\Http\\Request), Object(Closure))
#53 C:\\xampp\\htdocs\\Laravel Projects\\GSF\\vendor\\laravel\\framework\\src\\Illuminate\\Routing\\Pipeline.php(53): Illuminate\\Pipeline\\Pipeline->Illuminate\\Pipeline\\{closure}(Object(Illuminate\\Http\\Request))
#54 C:\\xampp\\htdocs\\Laravel Projects\\GSF\\vendor\\laravel\\framework\\src\\Illuminate\\Foundation\\Http\\Middleware\\CheckForMaintenanceMode.php(62): Illuminate\\Routing\\Pipeline->Illuminate\\Routing\\{closure}(Object(Illuminate\\Http\\Request))
#55 C:\\xampp\\htdocs\\Laravel Projects\\GSF\\vendor\\laravel\\framework\\src\\Illuminate\\Pipeline\\Pipeline.php(163): Illuminate\\Foundation\\Http\\Middleware\\CheckForMaintenanceMode->handle(Object(Illuminate\\Http\\Request), Object(Closure))
#56 C:\\xampp\\htdocs\\Laravel Projects\\GSF\\vendor\\laravel\\framework\\src\\Illuminate\\Routing\\Pipeline.php(53): Illuminate\\Pipeline\\Pipeline->Illuminate\\Pipeline\\{closure}(Object(Illuminate\\Http\\Request))
#57 C:\\xampp\\htdocs\\Laravel Projects\\GSF\\vendor\\laravel\\framework\\src\\Illuminate\\Pipeline\\Pipeline.php(104): Illuminate\\Routing\\Pipeline->Illuminate\\Routing\\{closure}(Object(Illuminate\\Http\\Request))
#58 C:\\xampp\\htdocs\\Laravel Projects\\GSF\\vendor\\laravel\\framework\\src\\Illuminate\\Foundation\\Http\\Kernel.php(151): Illuminate\\Pipeline\\Pipeline->then(Object(Closure))
#59 C:\\xampp\\htdocs\\Laravel Projects\\GSF\\vendor\\laravel\\framework\\src\\Illuminate\\Foundation\\Http\\Kernel.php(116): Illuminate\\Foundation\\Http\\Kernel->sendRequestThroughRouter(Object(Illuminate\\Http\\Request))
#60 C:\\xampp\\htdocs\\Laravel Projects\\GSF\\public\\index.php(55): Illuminate\\Foundation\\Http\\Kernel->handle(Object(Illuminate\\Http\\Request))
#61 C:\\xampp\\htdocs\\Laravel Projects\\GSF\\server.php(21): require_once('C:\\\\xampp\\\\htdocs...')
#62 {main}
"} 
[2021-01-25 22:11:04] local.ERROR: Class 'App\Http\Controllers\Auth' not found {"userId":18,"exception":"[object] (Symfony\\Component\\Debug\\Exception\\FatalThrowableError(code: 0): Class 'App\\Http\\Controllers\\Auth' not found at C:\\xampp\\htdocs\\Laravel Projects\\GSF\\app\\Http\\Controllers\\AccountController.php:21)
[stacktrace]
#0 [internal function]: App\\Http\\Controllers\\AccountController->update('18')
#1 C:\\xampp\\htdocs\\Laravel Projects\\GSF\\vendor\\laravel\\framework\\src\\Illuminate\\Routing\\Controller.php(54): call_user_func_array(Array, Array)
#2 C:\\xampp\\htdocs\\Laravel Projects\\GSF\\vendor\\laravel\\framework\\src\\Illuminate\\Routing\\ControllerDispatcher.php(45): Illuminate\\Routing\\Controller->callAction('update', Array)
#3 C:\\xampp\\htdocs\\Laravel Projects\\GSF\\vendor\\laravel\\framework\\src\\Illuminate\\Routing\\Route.php(219): Illuminate\\Routing\\ControllerDispatcher->dispatch(Object(Illuminate\\Routing\\Route), Object(App\\Http\\Controllers\\AccountController), 'update')
#4 C:\\xampp\\htdocs\\Laravel Projects\\GSF\\vendor\\laravel\\framework\\src\\Illuminate\\Routing\\Route.php(176): Illuminate\\Routing\\Route->runController()
#5 C:\\xampp\\htdocs\\Laravel Projects\\GSF\\vendor\\laravel\\framework\\src\\Illuminate\\Routing\\Router.php(680): Illuminate\\Routing\\Route->run()
#6 C:\\xampp\\htdocs\\Laravel Projects\\GSF\\vendor\\laravel\\framework\\src\\Illuminate\\Routing\\Pipeline.php(30): Illuminate\\Routing\\Router->Illuminate\\Routing\\{closure}(Object(Illuminate\\Http\\Request))
#7 C:\\xampp\\htdocs\\Laravel Projects\\GSF\\app\\Http\\Middleware\\SwitchUser.php(22): Illuminate\\Routing\\Pipeline->Illuminate\\Routing\\{closure}(Object(Illuminate\\Http\\Request))
#8 C:\\xampp\\htdocs\\Laravel Projects\\GSF\\vendor\\laravel\\framework\\src\\Illuminate\\Pipeline\\Pipeline.php(163): App\\Http\\Middleware\\SwitchUser->handle(Object(Illuminate\\Http\\Request), Object(Closure))
#9 C:\\xampp\\htdocs\\Laravel Projects\\GSF\\vendor\\laravel\\framework\\src\\Illuminate\\Routing\\Pipeline.php(53): Illuminate\\Pipeline\\Pipeline->Illuminate\\Pipeline\\{closure}(Object(Illuminate\\Http\\Request))
#10 C:\\xampp\\htdocs\\Laravel Projects\\GSF\\vendor\\laravel\\framework\\src\\Illuminate\\Routing\\Middleware\\SubstituteBindings.php(41): Illuminate\\Routing\\Pipeline->Illuminate\\Routing\\{closure}(Object(Illuminate\\Http\\Request))
#11 C:\\xampp\\htdocs\\Laravel Projects\\GSF\\vendor\\laravel\\framework\\src\\Illuminate\\Pipeline\\Pipeline.php(163): Illuminate\\Routing\\Middleware\\SubstituteBindings->handle(Object(Illuminate\\Http\\Request), Object(Closure))
#12 C:\\xampp\\htdocs\\Laravel Projects\\GSF\\vendor\\laravel\\framework\\src\\Illuminate\\Routing\\Pipeline.php(53): Illuminate\\Pipeline\\Pipeline->Illuminate\\Pipeline\\{closure}(Object(Illuminate\\Http\\Request))
#13 C:\\xampp\\htdocs\\Laravel Projects\\GSF\\vendor\\laravel\\framework\\src\\Illuminate\\Auth\\Middleware\\Authenticate.php(43): Illuminate\\Routing\\Pipeline->Illuminate\\Routing\\{closure}(Object(Illuminate\\Http\\Request))
#14 C:\\xampp\\htdocs\\Laravel Projects\\GSF\\vendor\\laravel\\framework\\src\\Illuminate\\Pipeline\\Pipeline.php(163): Illuminate\\Auth\\Middleware\\Authenticate->handle(Object(Illuminate\\Http\\Request), Object(Closure))
#15 C:\\xampp\\htdocs\\Laravel Projects\\GSF\\vendor\\laravel\\framework\\src\\Illuminate\\Routing\\Pipeline.php(53): Illuminate\\Pipeline\\Pipeline->Illuminate\\Pipeline\\{closure}(Object(Illuminate\\Http\\Request))
#16 C:\\xampp\\htdocs\\Laravel Projects\\GSF\\vendor\\laravel\\framework\\src\\Illuminate\\Foundation\\Http\\Middleware\\VerifyCsrfToken.php(75): Illuminate\\Routing\\Pipeline->Illuminate\\Routing\\{closure}(Object(Illuminate\\Http\\Request))
#17 C:\\xampp\\htdocs\\Laravel Projects\\GSF\\vendor\\laravel\\framework\\src\\Illuminate\\Pipeline\\Pipeline.php(163): Illuminate\\Foundation\\Http\\Middleware\\VerifyCsrfToken->handle(Object(Illuminate\\Http\\Request), Object(Closure))
#18 C:\\xampp\\htdocs\\Laravel Projects\\GSF\\vendor\\laravel\\framework\\src\\Illuminate\\Routing\\Pipeline.php(53): Illuminate\\Pipeline\\Pipeline->Illuminate\\Pipeline\\{closure}(Object(Illuminate\\Http\\Request))
#19 C:\\xampp\\htdocs\\Laravel Projects\\GSF\\vendor\\laravel\\framework\\src\\Illuminate\\View\\Middleware\\ShareErrorsFromSession.php(49): Illuminate\\Routing\\Pipeline->Illuminate\\Routing\\{closure}(Object(Illuminate\\Http\\Request))
#20 C:\\xampp\\htdocs\\Laravel Projects\\GSF\\vendor\\laravel\\framework\\src\\Illuminate\\Pipeline\\Pipeline.php(163): Illuminate\\View\\Middleware\\ShareErrorsFromSession->handle(Object(Illuminate\\Http\\Request), Object(Closure))
#21 C:\\xampp\\htdocs\\Laravel Projects\\GSF\\vendor\\laravel\\framework\\src\\Illuminate\\Routing\\Pipeline.php(53): Illuminate\\Pipeline\\Pipeline->Illuminate\\Pipeline\\{closure}(Object(Illuminate\\Http\\Request))
#22 C:\\xampp\\htdocs\\Laravel Projects\\GSF\\vendor\\laravel\\framework\\src\\Illuminate\\Session\\Middleware\\StartSession.php(56): Illuminate\\Routing\\Pipeline->Illuminate\\Routing\\{closure}(Object(Illuminate\\Http\\Request))
#23 C:\\xampp\\htdocs\\Laravel Projects\\GSF\\vendor\\laravel\\framework\\src\\Illuminate\\Pipeline\\Pipeline.php(163): Illuminate\\Session\\Middleware\\StartSession->handle(Object(Illuminate\\Http\\Request), Object(Closure))
#24 C:\\xampp\\htdocs\\Laravel Projects\\GSF\\vendor\\laravel\\framework\\src\\Illuminate\\Routing\\Pipeline.php(53): Illuminate\\Pipeline\\Pipeline->Illuminate\\Pipeline\\{closure}(Object(Illuminate\\Http\\Request))
#25 C:\\xampp\\htdocs\\Laravel Projects\\GSF\\vendor\\laravel\\framework\\src\\Illuminate\\Cookie\\Middleware\\AddQueuedCookiesToResponse.php(37): Illuminate\\Routing\\Pipeline->Illuminate\\Routing\\{closure}(Object(Illuminate\\Http\\Request))
#26 C:\\xampp\\htdocs\\Laravel Projects\\GSF\\vendor\\laravel\\framework\\src\\Illuminate\\Pipeline\\Pipeline.php(163): Illuminate\\Cookie\\Middleware\\AddQueuedCookiesToResponse->handle(Object(Illuminate\\Http\\Request), Object(Closure))
#27 C:\\xampp\\htdocs\\Laravel Projects\\GSF\\vendor\\laravel\\framework\\src\\Illuminate\\Routing\\Pipeline.php(53): Illuminate\\Pipeline\\Pipeline->Illuminate\\Pipeline\\{closure}(Object(Illuminate\\Http\\Request))
#28 C:\\xampp\\htdocs\\Laravel Projects\\GSF\\vendor\\laravel\\framework\\src\\Illuminate\\Cookie\\Middleware\\EncryptCookies.php(66): Illuminate\\Routing\\Pipeline->Illuminate\\Routing\\{closure}(Object(Illuminate\\Http\\Request))
#29 C:\\xampp\\htdocs\\Laravel Projects\\GSF\\vendor\\laravel\\framework\\src\\Illuminate\\Pipeline\\Pipeline.php(163): Illuminate\\Cookie\\Middleware\\EncryptCookies->handle(Object(Illuminate\\Http\\Request), Object(Closure))
#30 C:\\xampp\\htdocs\\Laravel Projects\\GSF\\vendor\\laravel\\framework\\src\\Illuminate\\Routing\\Pipeline.php(53): Illuminate\\Pipeline\\Pipeline->Illuminate\\Pipeline\\{closure}(Object(Illuminate\\Http\\Request))
#31 C:\\xampp\\htdocs\\Laravel Projects\\GSF\\vendor\\laravel\\framework\\src\\Illuminate\\Pipeline\\Pipeline.php(104): Illuminate\\Routing\\Pipeline->Illuminate\\Routing\\{closure}(Object(Illuminate\\Http\\Request))
#32 C:\\xampp\\htdocs\\Laravel Projects\\GSF\\vendor\\laravel\\framework\\src\\Illuminate\\Routing\\Router.php(682): Illuminate\\Pipeline\\Pipeline->then(Object(Closure))
#33 C:\\xampp\\htdocs\\Laravel Projects\\GSF\\vendor\\laravel\\framework\\src\\Illuminate\\Routing\\Router.php(657): Illuminate\\Routing\\Router->runRouteWithinStack(Object(Illuminate\\Routing\\Route), Object(Illuminate\\Http\\Request))
#34 C:\\xampp\\htdocs\\Laravel Projects\\GSF\\vendor\\laravel\\framework\\src\\Illuminate\\Routing\\Router.php(623): Illuminate\\Routing\\Router->runRoute(Object(Illuminate\\Http\\Request), Object(Illuminate\\Routing\\Route))
#35 C:\\xampp\\htdocs\\Laravel Projects\\GSF\\vendor\\laravel\\framework\\src\\Illuminate\\Routing\\Router.php(612): Illuminate\\Routing\\Router->dispatchToRoute(Object(Illuminate\\Http\\Request))
#36 C:\\xampp\\htdocs\\Laravel Projects\\GSF\\vendor\\laravel\\framework\\src\\Illuminate\\Foundation\\Http\\Kernel.php(176): Illuminate\\Routing\\Router->dispatch(Object(Illuminate\\Http\\Request))
#37 C:\\xampp\\htdocs\\Laravel Projects\\GSF\\vendor\\laravel\\framework\\src\\Illuminate\\Routing\\Pipeline.php(30): Illuminate\\Foundation\\Http\\Kernel->Illuminate\\Foundation\\Http\\{closure}(Object(Illuminate\\Http\\Request))
#38 C:\\xampp\\htdocs\\Laravel Projects\\GSF\\vendor\\fideloper\\proxy\\src\\TrustProxies.php(57): Illuminate\\Routing\\Pipeline->Illuminate\\Routing\\{closure}(Object(Illuminate\\Http\\Request))
#39 C:\\xampp\\htdocs\\Laravel Projects\\GSF\\vendor\\laravel\\framework\\src\\Illuminate\\Pipeline\\Pipeline.php(163): Fideloper\\Proxy\\TrustProxies->handle(Object(Illuminate\\Http\\Request), Object(Closure))
#40 C:\\xampp\\htdocs\\Laravel Projects\\GSF\\vendor\\laravel\\framework\\src\\Illuminate\\Routing\\Pipeline.php(53): Illuminate\\Pipeline\\Pipeline->Illuminate\\Pipeline\\{closure}(Object(Illuminate\\Http\\Request))
#41 C:\\xampp\\htdocs\\Laravel Projects\\GSF\\vendor\\laravel\\framework\\src\\Illuminate\\Foundation\\Http\\Middleware\\TransformsRequest.php(21): Illuminate\\Routing\\Pipeline->Illuminate\\Routing\\{closure}(Object(Illuminate\\Http\\Request))
#42 C:\\xampp\\htdocs\\Laravel Projects\\GSF\\vendor\\laravel\\framework\\src\\Illuminate\\Pipeline\\Pipeline.php(163): Illuminate\\Foundation\\Http\\Middleware\\TransformsRequest->handle(Object(Illuminate\\Http\\Request), Object(Closure))
#43 C:\\xampp\\htdocs\\Laravel Projects\\GSF\\vendor\\laravel\\framework\\src\\Illuminate\\Routing\\Pipeline.php(53): Illuminate\\Pipeline\\Pipeline->Illuminate\\Pipeline\\{closure}(Object(Illuminate\\Http\\Request))
#44 C:\\xampp\\htdocs\\Laravel Projects\\GSF\\vendor\\laravel\\framework\\src\\Illuminate\\Foundation\\Http\\Middleware\\TransformsRequest.php(21): Illuminate\\Routing\\Pipeline->Illuminate\\Routing\\{closure}(Object(Illuminate\\Http\\Request))
#45 C:\\xampp\\htdocs\\Laravel Projects\\GSF\\vendor\\laravel\\framework\\src\\Illuminate\\Pipeline\\Pipeline.php(163): Illuminate\\Foundation\\Http\\Middleware\\TransformsRequest->handle(Object(Illuminate\\Http\\Request), Object(Closure))
#46 C:\\xampp\\htdocs\\Laravel Projects\\GSF\\vendor\\laravel\\framework\\src\\Illuminate\\Routing\\Pipeline.php(53): Illuminate\\Pipeline\\Pipeline->Illuminate\\Pipeline\\{closure}(Object(Illuminate\\Http\\Request))
#47 C:\\xampp\\htdocs\\Laravel Projects\\GSF\\vendor\\laravel\\framework\\src\\Illuminate\\Foundation\\Http\\Middleware\\ValidatePostSize.php(27): Illuminate\\Routing\\Pipeline->Illuminate\\Routing\\{closure}(Object(Illuminate\\Http\\Request))
#48 C:\\xampp\\htdocs\\Laravel Projects\\GSF\\vendor\\laravel\\framework\\src\\Illuminate\\Pipeline\\Pipeline.php(163): Illuminate\\Foundation\\Http\\Middleware\\ValidatePostSize->handle(Object(Illuminate\\Http\\Request), Object(Closure))
#49 C:\\xampp\\htdocs\\Laravel Projects\\GSF\\vendor\\laravel\\framework\\src\\Illuminate\\Routing\\Pipeline.php(53): Illuminate\\Pipeline\\Pipeline->Illuminate\\Pipeline\\{closure}(Object(Illuminate\\Http\\Request))
#50 C:\\xampp\\htdocs\\Laravel Projects\\GSF\\vendor\\laravel\\framework\\src\\Illuminate\\Foundation\\Http\\Middleware\\CheckForMaintenanceMode.php(62): Illuminate\\Routing\\Pipeline->Illuminate\\Routing\\{closure}(Object(Illuminate\\Http\\Request))
#51 C:\\xampp\\htdocs\\Laravel Projects\\GSF\\vendor\\laravel\\framework\\src\\Illuminate\\Pipeline\\Pipeline.php(163): Illuminate\\Foundation\\Http\\Middleware\\CheckForMaintenanceMode->handle(Object(Illuminate\\Http\\Request), Object(Closure))
#52 C:\\xampp\\htdocs\\Laravel Projects\\GSF\\vendor\\laravel\\framework\\src\\Illuminate\\Routing\\Pipeline.php(53): Illuminate\\Pipeline\\Pipeline->Illuminate\\Pipeline\\{closure}(Object(Illuminate\\Http\\Request))
#53 C:\\xampp\\htdocs\\Laravel Projects\\GSF\\vendor\\laravel\\framework\\src\\Illuminate\\Pipeline\\Pipeline.php(104): Illuminate\\Routing\\Pipeline->Illuminate\\Routing\\{closure}(Object(Illuminate\\Http\\Request))
#54 C:\\xampp\\htdocs\\Laravel Projects\\GSF\\vendor\\laravel\\framework\\src\\Illuminate\\Foundation\\Http\\Kernel.php(151): Illuminate\\Pipeline\\Pipeline->then(Object(Closure))
#55 C:\\xampp\\htdocs\\Laravel Projects\\GSF\\vendor\\laravel\\framework\\src\\Illuminate\\Foundation\\Http\\Kernel.php(116): Illuminate\\Foundation\\Http\\Kernel->sendRequestThroughRouter(Object(Illuminate\\Http\\Request))
#56 C:\\xampp\\htdocs\\Laravel Projects\\GSF\\public\\index.php(55): Illuminate\\Foundation\\Http\\Kernel->handle(Object(Illuminate\\Http\\Request))
#57 C:\\xampp\\htdocs\\Laravel Projects\\GSF\\server.php(21): require_once('C:\\\\xampp\\\\htdocs...')
#58 {main}
"} 
[2021-01-25 22:45:01] local.ERROR: array_merge(): Expected parameter 2 to be an array, string given {"userId":18,"exception":"[object] (ErrorException(code: 0): array_merge(): Expected parameter 2 to be an array, string given at C:\\xampp\\htdocs\\Laravel Projects\\GSF\\vendor\\laravel\\framework\\src\\Illuminate\\View\\Factory.php:137)
[stacktrace]
#0 [internal function]: Illuminate\\Foundation\\Bootstrap\\HandleExceptions->handleError(2, 'array_merge(): ...', 'C:\\\\xampp\\\\htdocs...', 137, Array)
#1 C:\\xampp\\htdocs\\Laravel Projects\\GSF\\vendor\\laravel\\framework\\src\\Illuminate\\View\\Factory.php(137): array_merge(Array, 'chapters')
#2 C:\\xampp\\htdocs\\Laravel Projects\\GSF\\vendor\\laravel\\framework\\src\\Illuminate\\Foundation\\helpers.php(971): Illuminate\\View\\Factory->make('welcome', 'chapters', Array)
#3 C:\\xampp\\htdocs\\Laravel Projects\\GSF\\app\\Http\\Controllers\\HomeController.php(18): view('welcome', 'chapters')
#4 [internal function]: App\\Http\\Controllers\\HomeController->index()
#5 C:\\xampp\\htdocs\\Laravel Projects\\GSF\\vendor\\laravel\\framework\\src\\Illuminate\\Routing\\Controller.php(54): call_user_func_array(Array, Array)
#6 C:\\xampp\\htdocs\\Laravel Projects\\GSF\\vendor\\laravel\\framework\\src\\Illuminate\\Routing\\ControllerDispatcher.php(45): Illuminate\\Routing\\Controller->callAction('index', Array)
#7 C:\\xampp\\htdocs\\Laravel Projects\\GSF\\vendor\\laravel\\framework\\src\\Illuminate\\Routing\\Route.php(219): Illuminate\\Routing\\ControllerDispatcher->dispatch(Object(Illuminate\\Routing\\Route), Object(App\\Http\\Controllers\\HomeController), 'index')
#8 C:\\xampp\\htdocs\\Laravel Projects\\GSF\\vendor\\laravel\\framework\\src\\Illuminate\\Routing\\Route.php(176): Illuminate\\Routing\\Route->runController()
#9 C:\\xampp\\htdocs\\Laravel Projects\\GSF\\vendor\\laravel\\framework\\src\\Illuminate\\Routing\\Router.php(680): Illuminate\\Routing\\Route->run()
#10 C:\\xampp\\htdocs\\Laravel Projects\\GSF\\vendor\\laravel\\framework\\src\\Illuminate\\Routing\\Pipeline.php(30): Illuminate\\Routing\\Router->Illuminate\\Routing\\{closure}(Object(Illuminate\\Http\\Request))
#11 C:\\xampp\\htdocs\\Laravel Projects\\GSF\\vendor\\laravel\\framework\\src\\Illuminate\\Routing\\Middleware\\SubstituteBindings.php(41): Illuminate\\Routing\\Pipeline->Illuminate\\Routing\\{closure}(Object(Illuminate\\Http\\Request))
#12 C:\\xampp\\htdocs\\Laravel Projects\\GSF\\vendor\\laravel\\framework\\src\\Illuminate\\Pipeline\\Pipeline.php(163): Illuminate\\Routing\\Middleware\\SubstituteBindings->handle(Object(Illuminate\\Http\\Request), Object(Closure))
#13 C:\\xampp\\htdocs\\Laravel Projects\\GSF\\vendor\\laravel\\framework\\src\\Illuminate\\Routing\\Pipeline.php(53): Illuminate\\Pipeline\\Pipeline->Illuminate\\Pipeline\\{closure}(Object(Illuminate\\Http\\Request))
#14 C:\\xampp\\htdocs\\Laravel Projects\\GSF\\vendor\\laravel\\framework\\src\\Illuminate\\Foundation\\Http\\Middleware\\VerifyCsrfToken.php(75): Illuminate\\Routing\\Pipeline->Illuminate\\Routing\\{closure}(Object(Illuminate\\Http\\Request))
#15 C:\\xampp\\htdocs\\Laravel Projects\\GSF\\vendor\\laravel\\framework\\src\\Illuminate\\Pipeline\\Pipeline.php(163): Illuminate\\Foundation\\Http\\Middleware\\VerifyCsrfToken->handle(Object(Illuminate\\Http\\Request), Object(Closure))
#16 C:\\xampp\\htdocs\\Laravel Projects\\GSF\\vendor\\laravel\\framework\\src\\Illuminate\\Routing\\Pipeline.php(53): Illuminate\\Pipeline\\Pipeline->Illuminate\\Pipeline\\{closure}(Object(Illuminate\\Http\\Request))
#17 C:\\xampp\\htdocs\\Laravel Projects\\GSF\\vendor\\laravel\\framework\\src\\Illuminate\\View\\Middleware\\ShareErrorsFromSession.php(49): Illuminate\\Routing\\Pipeline->Illuminate\\Routing\\{closure}(Object(Illuminate\\Http\\Request))
#18 C:\\xampp\\htdocs\\Laravel Projects\\GSF\\vendor\\laravel\\framework\\src\\Illuminate\\Pipeline\\Pipeline.php(163): Illuminate\\View\\Middleware\\ShareErrorsFromSession->handle(Object(Illuminate\\Http\\Request), Object(Closure))
#19 C:\\xampp\\htdocs\\Laravel Projects\\GSF\\vendor\\laravel\\framework\\src\\Illuminate\\Routing\\Pipeline.php(53): Illuminate\\Pipeline\\Pipeline->Illuminate\\Pipeline\\{closure}(Object(Illuminate\\Http\\Request))
#20 C:\\xampp\\htdocs\\Laravel Projects\\GSF\\vendor\\laravel\\framework\\src\\Illuminate\\Session\\Middleware\\StartSession.php(56): Illuminate\\Routing\\Pipeline->Illuminate\\Routing\\{closure}(Object(Illuminate\\Http\\Request))
#21 C:\\xampp\\htdocs\\Laravel Projects\\GSF\\vendor\\laravel\\framework\\src\\Illuminate\\Pipeline\\Pipeline.php(163): Illuminate\\Session\\Middleware\\StartSession->handle(Object(Illuminate\\Http\\Request), Object(Closure))
#22 C:\\xampp\\htdocs\\Laravel Projects\\GSF\\vendor\\laravel\\framework\\src\\Illuminate\\Routing\\Pipeline.php(53): Illuminate\\Pipeline\\Pipeline->Illuminate\\Pipeline\\{closure}(Object(Illuminate\\Http\\Request))
#23 C:\\xampp\\htdocs\\Laravel Projects\\GSF\\vendor\\laravel\\framework\\src\\Illuminate\\Cookie\\Middleware\\AddQueuedCookiesToResponse.php(37): Illuminate\\Routing\\Pipeline->Illuminate\\Routing\\{closure}(Object(Illuminate\\Http\\Request))
#24 C:\\xampp\\htdocs\\Laravel Projects\\GSF\\vendor\\laravel\\framework\\src\\Illuminate\\Pipeline\\Pipeline.php(163): Illuminate\\Cookie\\Middleware\\AddQueuedCookiesToResponse->handle(Object(Illuminate\\Http\\Request), Object(Closure))
#25 C:\\xampp\\htdocs\\Laravel Projects\\GSF\\vendor\\laravel\\framework\\src\\Illuminate\\Routing\\Pipeline.php(53): Illuminate\\Pipeline\\Pipeline->Illuminate\\Pipeline\\{closure}(Object(Illuminate\\Http\\Request))
#26 C:\\xampp\\htdocs\\Laravel Projects\\GSF\\vendor\\laravel\\framework\\src\\Illuminate\\Cookie\\Middleware\\EncryptCookies.php(66): Illuminate\\Routing\\Pipeline->Illuminate\\Routing\\{closure}(Object(Illuminate\\Http\\Request))
#27 C:\\xampp\\htdocs\\Laravel Projects\\GSF\\vendor\\laravel\\framework\\src\\Illuminate\\Pipeline\\Pipeline.php(163): Illuminate\\Cookie\\Middleware\\EncryptCookies->handle(Object(Illuminate\\Http\\Request), Object(Closure))
#28 C:\\xampp\\htdocs\\Laravel Projects\\GSF\\vendor\\laravel\\framework\\src\\Illuminate\\Routing\\Pipeline.php(53): Illuminate\\Pipeline\\Pipeline->Illuminate\\Pipeline\\{closure}(Object(Illuminate\\Http\\Request))
#29 C:\\xampp\\htdocs\\Laravel Projects\\GSF\\vendor\\laravel\\framework\\src\\Illuminate\\Pipeline\\Pipeline.php(104): Illuminate\\Routing\\Pipeline->Illuminate\\Routing\\{closure}(Object(Illuminate\\Http\\Request))
#30 C:\\xampp\\htdocs\\Laravel Projects\\GSF\\vendor\\laravel\\framework\\src\\Illuminate\\Routing\\Router.php(682): Illuminate\\Pipeline\\Pipeline->then(Object(Closure))
#31 C:\\xampp\\htdocs\\Laravel Projects\\GSF\\vendor\\laravel\\framework\\src\\Illuminate\\Routing\\Router.php(657): Illuminate\\Routing\\Router->runRouteWithinStack(Object(Illuminate\\Routing\\Route), Object(Illuminate\\Http\\Request))
#32 C:\\xampp\\htdocs\\Laravel Projects\\GSF\\vendor\\laravel\\framework\\src\\Illuminate\\Routing\\Router.php(623): Illuminate\\Routing\\Router->runRoute(Object(Illuminate\\Http\\Request), Object(Illuminate\\Routing\\Route))
#33 C:\\xampp\\htdocs\\Laravel Projects\\GSF\\vendor\\laravel\\framework\\src\\Illuminate\\Routing\\Router.php(612): Illuminate\\Routing\\Router->dispatchToRoute(Object(Illuminate\\Http\\Request))
#34 C:\\xampp\\htdocs\\Laravel Projects\\GSF\\vendor\\laravel\\framework\\src\\Illuminate\\Foundation\\Http\\Kernel.php(176): Illuminate\\Routing\\Router->dispatch(Object(Illuminate\\Http\\Request))
#35 C:\\xampp\\htdocs\\Laravel Projects\\GSF\\vendor\\laravel\\framework\\src\\Illuminate\\Routing\\Pipeline.php(30): Illuminate\\Foundation\\Http\\Kernel->Illuminate\\Foundation\\Http\\{closure}(Object(Illuminate\\Http\\Request))
#36 C:\\xampp\\htdocs\\Laravel Projects\\GSF\\vendor\\fideloper\\proxy\\src\\TrustProxies.php(57): Illuminate\\Routing\\Pipeline->Illuminate\\Routing\\{closure}(Object(Illuminate\\Http\\Request))
#37 C:\\xampp\\htdocs\\Laravel Projects\\GSF\\vendor\\laravel\\framework\\src\\Illuminate\\Pipeline\\Pipeline.php(163): Fideloper\\Proxy\\TrustProxies->handle(Object(Illuminate\\Http\\Request), Object(Closure))
#38 C:\\xampp\\htdocs\\Laravel Projects\\GSF\\vendor\\laravel\\framework\\src\\Illuminate\\Routing\\Pipeline.php(53): Illuminate\\Pipeline\\Pipeline->Illuminate\\Pipeline\\{closure}(Object(Illuminate\\Http\\Request))
#39 C:\\xampp\\htdocs\\Laravel Projects\\GSF\\vendor\\laravel\\framework\\src\\Illuminate\\Foundation\\Http\\Middleware\\TransformsRequest.php(21): Illuminate\\Routing\\Pipeline->Illuminate\\Routing\\{closure}(Object(Illuminate\\Http\\Request))
#40 C:\\xampp\\htdocs\\Laravel Projects\\GSF\\vendor\\laravel\\framework\\src\\Illuminate\\Pipeline\\Pipeline.php(163): Illuminate\\Foundation\\Http\\Middleware\\TransformsRequest->handle(Object(Illuminate\\Http\\Request), Object(Closure))
#41 C:\\xampp\\htdocs\\Laravel Projects\\GSF\\vendor\\laravel\\framework\\src\\Illuminate\\Routing\\Pipeline.php(53): Illuminate\\Pipeline\\Pipeline->Illuminate\\Pipeline\\{closure}(Object(Illuminate\\Http\\Request))
#42 C:\\xampp\\htdocs\\Laravel Projects\\GSF\\vendor\\laravel\\framework\\src\\Illuminate\\Foundation\\Http\\Middleware\\TransformsRequest.php(21): Illuminate\\Routing\\Pipeline->Illuminate\\Routing\\{closure}(Object(Illuminate\\Http\\Request))
#43 C:\\xampp\\htdocs\\Laravel Projects\\GSF\\vendor\\laravel\\framework\\src\\Illuminate\\Pipeline\\Pipeline.php(163): Illuminate\\Foundation\\Http\\Middleware\\TransformsRequest->handle(Object(Illuminate\\Http\\Request), Object(Closure))
#44 C:\\xampp\\htdocs\\Laravel Projects\\GSF\\vendor\\laravel\\framework\\src\\Illuminate\\Routing\\Pipeline.php(53): Illuminate\\Pipeline\\Pipeline->Illuminate\\Pipeline\\{closure}(Object(Illuminate\\Http\\Request))
#45 C:\\xampp\\htdocs\\Laravel Projects\\GSF\\vendor\\laravel\\framework\\src\\Illuminate\\Foundation\\Http\\Middleware\\ValidatePostSize.php(27): Illuminate\\Routing\\Pipeline->Illuminate\\Routing\\{closure}(Object(Illuminate\\Http\\Request))
#46 C:\\xampp\\htdocs\\Laravel Projects\\GSF\\vendor\\laravel\\framework\\src\\Illuminate\\Pipeline\\Pipeline.php(163): Illuminate\\Foundation\\Http\\Middleware\\ValidatePostSize->handle(Object(Illuminate\\Http\\Request), Object(Closure))
#47 C:\\xampp\\htdocs\\Laravel Projects\\GSF\\vendor\\laravel\\framework\\src\\Illuminate\\Routing\\Pipeline.php(53): Illuminate\\Pipeline\\Pipeline->Illuminate\\Pipeline\\{closure}(Object(Illuminate\\Http\\Request))
#48 C:\\xampp\\htdocs\\Laravel Projects\\GSF\\vendor\\laravel\\framework\\src\\Illuminate\\Foundation\\Http\\Middleware\\CheckForMaintenanceMode.php(62): Illuminate\\Routing\\Pipeline->Illuminate\\Routing\\{closure}(Object(Illuminate\\Http\\Request))
#49 C:\\xampp\\htdocs\\Laravel Projects\\GSF\\vendor\\laravel\\framework\\src\\Illuminate\\Pipeline\\Pipeline.php(163): Illuminate\\Foundation\\Http\\Middleware\\CheckForMaintenanceMode->handle(Object(Illuminate\\Http\\Request), Object(Closure))
#50 C:\\xampp\\htdocs\\Laravel Projects\\GSF\\vendor\\laravel\\framework\\src\\Illuminate\\Routing\\Pipeline.php(53): Illuminate\\Pipeline\\Pipeline->Illuminate\\Pipeline\\{closure}(Object(Illuminate\\Http\\Request))
#51 C:\\xampp\\htdocs\\Laravel Projects\\GSF\\vendor\\laravel\\framework\\src\\Illuminate\\Pipeline\\Pipeline.php(104): Illuminate\\Routing\\Pipeline->Illuminate\\Routing\\{closure}(Object(Illuminate\\Http\\Request))
#52 C:\\xampp\\htdocs\\Laravel Projects\\GSF\\vendor\\laravel\\framework\\src\\Illuminate\\Foundation\\Http\\Kernel.php(151): Illuminate\\Pipeline\\Pipeline->then(Object(Closure))
#53 C:\\xampp\\htdocs\\Laravel Projects\\GSF\\vendor\\laravel\\framework\\src\\Illuminate\\Foundation\\Http\\Kernel.php(116): Illuminate\\Foundation\\Http\\Kernel->sendRequestThroughRouter(Object(Illuminate\\Http\\Request))
#54 C:\\xampp\\htdocs\\Laravel Projects\\GSF\\public\\index.php(55): Illuminate\\Foundation\\Http\\Kernel->handle(Object(Illuminate\\Http\\Request))
#55 C:\\xampp\\htdocs\\Laravel Projects\\GSF\\server.php(21): require_once('C:\\\\xampp\\\\htdocs...')
#56 {main}
"} 
[2021-01-25 22:45:57] local.ERROR: array_merge(): Expected parameter 2 to be an array, string given {"userId":18,"exception":"[object] (ErrorException(code: 0): array_merge(): Expected parameter 2 to be an array, string given at C:\\xampp\\htdocs\\Laravel Projects\\GSF\\vendor\\laravel\\framework\\src\\Illuminate\\View\\Factory.php:137)
[stacktrace]
#0 [internal function]: Illuminate\\Foundation\\Bootstrap\\HandleExceptions->handleError(2, 'array_merge(): ...', 'C:\\\\xampp\\\\htdocs...', 137, Array)
#1 C:\\xampp\\htdocs\\Laravel Projects\\GSF\\vendor\\laravel\\framework\\src\\Illuminate\\View\\Factory.php(137): array_merge(Array, 'chapters')
#2 C:\\xampp\\htdocs\\Laravel Projects\\GSF\\vendor\\laravel\\framework\\src\\Illuminate\\Foundation\\helpers.php(971): Illuminate\\View\\Factory->make('welcome', 'chapters', Array)
#3 C:\\xampp\\htdocs\\Laravel Projects\\GSF\\app\\Http\\Controllers\\HomeController.php(18): view('welcome', 'chapters')
#4 [internal function]: App\\Http\\Controllers\\HomeController->index()
#5 C:\\xampp\\htdocs\\Laravel Projects\\GSF\\vendor\\laravel\\framework\\src\\Illuminate\\Routing\\Controller.php(54): call_user_func_array(Array, Array)
#6 C:\\xampp\\htdocs\\Laravel Projects\\GSF\\vendor\\laravel\\framework\\src\\Illuminate\\Routing\\ControllerDispatcher.php(45): Illuminate\\Routing\\Controller->callAction('index', Array)
#7 C:\\xampp\\htdocs\\Laravel Projects\\GSF\\vendor\\laravel\\framework\\src\\Illuminate\\Routing\\Route.php(219): Illuminate\\Routing\\ControllerDispatcher->dispatch(Object(Illuminate\\Routing\\Route), Object(App\\Http\\Controllers\\HomeController), 'index')
#8 C:\\xampp\\htdocs\\Laravel Projects\\GSF\\vendor\\laravel\\framework\\src\\Illuminate\\Routing\\Route.php(176): Illuminate\\Routing\\Route->runController()
#9 C:\\xampp\\htdocs\\Laravel Projects\\GSF\\vendor\\laravel\\framework\\src\\Illuminate\\Routing\\Router.php(680): Illuminate\\Routing\\Route->run()
#10 C:\\xampp\\htdocs\\Laravel Projects\\GSF\\vendor\\laravel\\framework\\src\\Illuminate\\Routing\\Pipeline.php(30): Illuminate\\Routing\\Router->Illuminate\\Routing\\{closure}(Object(Illuminate\\Http\\Request))
#11 C:\\xampp\\htdocs\\Laravel Projects\\GSF\\vendor\\laravel\\framework\\src\\Illuminate\\Routing\\Middleware\\SubstituteBindings.php(41): Illuminate\\Routing\\Pipeline->Illuminate\\Routing\\{closure}(Object(Illuminate\\Http\\Request))
#12 C:\\xampp\\htdocs\\Laravel Projects\\GSF\\vendor\\laravel\\framework\\src\\Illuminate\\Pipeline\\Pipeline.php(163): Illuminate\\Routing\\Middleware\\SubstituteBindings->handle(Object(Illuminate\\Http\\Request), Object(Closure))
#13 C:\\xampp\\htdocs\\Laravel Projects\\GSF\\vendor\\laravel\\framework\\src\\Illuminate\\Routing\\Pipeline.php(53): Illuminate\\Pipeline\\Pipeline->Illuminate\\Pipeline\\{closure}(Object(Illuminate\\Http\\Request))
#14 C:\\xampp\\htdocs\\Laravel Projects\\GSF\\vendor\\laravel\\framework\\src\\Illuminate\\Foundation\\Http\\Middleware\\VerifyCsrfToken.php(75): Illuminate\\Routing\\Pipeline->Illuminate\\Routing\\{closure}(Object(Illuminate\\Http\\Request))
#15 C:\\xampp\\htdocs\\Laravel Projects\\GSF\\vendor\\laravel\\framework\\src\\Illuminate\\Pipeline\\Pipeline.php(163): Illuminate\\Foundation\\Http\\Middleware\\VerifyCsrfToken->handle(Object(Illuminate\\Http\\Request), Object(Closure))
#16 C:\\xampp\\htdocs\\Laravel Projects\\GSF\\vendor\\laravel\\framework\\src\\Illuminate\\Routing\\Pipeline.php(53): Illuminate\\Pipeline\\Pipeline->Illuminate\\Pipeline\\{closure}(Object(Illuminate\\Http\\Request))
#17 C:\\xampp\\htdocs\\Laravel Projects\\GSF\\vendor\\laravel\\framework\\src\\Illuminate\\View\\Middleware\\ShareErrorsFromSession.php(49): Illuminate\\Routing\\Pipeline->Illuminate\\Routing\\{closure}(Object(Illuminate\\Http\\Request))
#18 C:\\xampp\\htdocs\\Laravel Projects\\GSF\\vendor\\laravel\\framework\\src\\Illuminate\\Pipeline\\Pipeline.php(163): Illuminate\\View\\Middleware\\ShareErrorsFromSession->handle(Object(Illuminate\\Http\\Request), Object(Closure))
#19 C:\\xampp\\htdocs\\Laravel Projects\\GSF\\vendor\\laravel\\framework\\src\\Illuminate\\Routing\\Pipeline.php(53): Illuminate\\Pipeline\\Pipeline->Illuminate\\Pipeline\\{closure}(Object(Illuminate\\Http\\Request))
#20 C:\\xampp\\htdocs\\Laravel Projects\\GSF\\vendor\\laravel\\framework\\src\\Illuminate\\Session\\Middleware\\StartSession.php(56): Illuminate\\Routing\\Pipeline->Illuminate\\Routing\\{closure}(Object(Illuminate\\Http\\Request))
#21 C:\\xampp\\htdocs\\Laravel Projects\\GSF\\vendor\\laravel\\framework\\src\\Illuminate\\Pipeline\\Pipeline.php(163): Illuminate\\Session\\Middleware\\StartSession->handle(Object(Illuminate\\Http\\Request), Object(Closure))
#22 C:\\xampp\\htdocs\\Laravel Projects\\GSF\\vendor\\laravel\\framework\\src\\Illuminate\\Routing\\Pipeline.php(53): Illuminate\\Pipeline\\Pipeline->Illuminate\\Pipeline\\{closure}(Object(Illuminate\\Http\\Request))
#23 C:\\xampp\\htdocs\\Laravel Projects\\GSF\\vendor\\laravel\\framework\\src\\Illuminate\\Cookie\\Middleware\\AddQueuedCookiesToResponse.php(37): Illuminate\\Routing\\Pipeline->Illuminate\\Routing\\{closure}(Object(Illuminate\\Http\\Request))
#24 C:\\xampp\\htdocs\\Laravel Projects\\GSF\\vendor\\laravel\\framework\\src\\Illuminate\\Pipeline\\Pipeline.php(163): Illuminate\\Cookie\\Middleware\\AddQueuedCookiesToResponse->handle(Object(Illuminate\\Http\\Request), Object(Closure))
#25 C:\\xampp\\htdocs\\Laravel Projects\\GSF\\vendor\\laravel\\framework\\src\\Illuminate\\Routing\\Pipeline.php(53): Illuminate\\Pipeline\\Pipeline->Illuminate\\Pipeline\\{closure}(Object(Illuminate\\Http\\Request))
#26 C:\\xampp\\htdocs\\Laravel Projects\\GSF\\vendor\\laravel\\framework\\src\\Illuminate\\Cookie\\Middleware\\EncryptCookies.php(66): Illuminate\\Routing\\Pipeline->Illuminate\\Routing\\{closure}(Object(Illuminate\\Http\\Request))
#27 C:\\xampp\\htdocs\\Laravel Projects\\GSF\\vendor\\laravel\\framework\\src\\Illuminate\\Pipeline\\Pipeline.php(163): Illuminate\\Cookie\\Middleware\\EncryptCookies->handle(Object(Illuminate\\Http\\Request), Object(Closure))
#28 C:\\xampp\\htdocs\\Laravel Projects\\GSF\\vendor\\laravel\\framework\\src\\Illuminate\\Routing\\Pipeline.php(53): Illuminate\\Pipeline\\Pipeline->Illuminate\\Pipeline\\{closure}(Object(Illuminate\\Http\\Request))
#29 C:\\xampp\\htdocs\\Laravel Projects\\GSF\\vendor\\laravel\\framework\\src\\Illuminate\\Pipeline\\Pipeline.php(104): Illuminate\\Routing\\Pipeline->Illuminate\\Routing\\{closure}(Object(Illuminate\\Http\\Request))
#30 C:\\xampp\\htdocs\\Laravel Projects\\GSF\\vendor\\laravel\\framework\\src\\Illuminate\\Routing\\Router.php(682): Illuminate\\Pipeline\\Pipeline->then(Object(Closure))
#31 C:\\xampp\\htdocs\\Laravel Projects\\GSF\\vendor\\laravel\\framework\\src\\Illuminate\\Routing\\Router.php(657): Illuminate\\Routing\\Router->runRouteWithinStack(Object(Illuminate\\Routing\\Route), Object(Illuminate\\Http\\Request))
#32 C:\\xampp\\htdocs\\Laravel Projects\\GSF\\vendor\\laravel\\framework\\src\\Illuminate\\Routing\\Router.php(623): Illuminate\\Routing\\Router->runRoute(Object(Illuminate\\Http\\Request), Object(Illuminate\\Routing\\Route))
#33 C:\\xampp\\htdocs\\Laravel Projects\\GSF\\vendor\\laravel\\framework\\src\\Illuminate\\Routing\\Router.php(612): Illuminate\\Routing\\Router->dispatchToRoute(Object(Illuminate\\Http\\Request))
#34 C:\\xampp\\htdocs\\Laravel Projects\\GSF\\vendor\\laravel\\framework\\src\\Illuminate\\Foundation\\Http\\Kernel.php(176): Illuminate\\Routing\\Router->dispatch(Object(Illuminate\\Http\\Request))
#35 C:\\xampp\\htdocs\\Laravel Projects\\GSF\\vendor\\laravel\\framework\\src\\Illuminate\\Routing\\Pipeline.php(30): Illuminate\\Foundation\\Http\\Kernel->Illuminate\\Foundation\\Http\\{closure}(Object(Illuminate\\Http\\Request))
#36 C:\\xampp\\htdocs\\Laravel Projects\\GSF\\vendor\\fideloper\\proxy\\src\\TrustProxies.php(57): Illuminate\\Routing\\Pipeline->Illuminate\\Routing\\{closure}(Object(Illuminate\\Http\\Request))
#37 C:\\xampp\\htdocs\\Laravel Projects\\GSF\\vendor\\laravel\\framework\\src\\Illuminate\\Pipeline\\Pipeline.php(163): Fideloper\\Proxy\\TrustProxies->handle(Object(Illuminate\\Http\\Request), Object(Closure))
#38 C:\\xampp\\htdocs\\Laravel Projects\\GSF\\vendor\\laravel\\framework\\src\\Illuminate\\Routing\\Pipeline.php(53): Illuminate\\Pipeline\\Pipeline->Illuminate\\Pipeline\\{closure}(Object(Illuminate\\Http\\Request))
#39 C:\\xampp\\htdocs\\Laravel Projects\\GSF\\vendor\\laravel\\framework\\src\\Illuminate\\Foundation\\Http\\Middleware\\TransformsRequest.php(21): Illuminate\\Routing\\Pipeline->Illuminate\\Routing\\{closure}(Object(Illuminate\\Http\\Request))
#40 C:\\xampp\\htdocs\\Laravel Projects\\GSF\\vendor\\laravel\\framework\\src\\Illuminate\\Pipeline\\Pipeline.php(163): Illuminate\\Foundation\\Http\\Middleware\\TransformsRequest->handle(Object(Illuminate\\Http\\Request), Object(Closure))
#41 C:\\xampp\\htdocs\\Laravel Projects\\GSF\\vendor\\laravel\\framework\\src\\Illuminate\\Routing\\Pipeline.php(53): Illuminate\\Pipeline\\Pipeline->Illuminate\\Pipeline\\{closure}(Object(Illuminate\\Http\\Request))
#42 C:\\xampp\\htdocs\\Laravel Projects\\GSF\\vendor\\laravel\\framework\\src\\Illuminate\\Foundation\\Http\\Middleware\\TransformsRequest.php(21): Illuminate\\Routing\\Pipeline->Illuminate\\Routing\\{closure}(Object(Illuminate\\Http\\Request))
#43 C:\\xampp\\htdocs\\Laravel Projects\\GSF\\vendor\\laravel\\framework\\src\\Illuminate\\Pipeline\\Pipeline.php(163): Illuminate\\Foundation\\Http\\Middleware\\TransformsRequest->handle(Object(Illuminate\\Http\\Request), Object(Closure))
#44 C:\\xampp\\htdocs\\Laravel Projects\\GSF\\vendor\\laravel\\framework\\src\\Illuminate\\Routing\\Pipeline.php(53): Illuminate\\Pipeline\\Pipeline->Illuminate\\Pipeline\\{closure}(Object(Illuminate\\Http\\Request))
#45 C:\\xampp\\htdocs\\Laravel Projects\\GSF\\vendor\\laravel\\framework\\src\\Illuminate\\Foundation\\Http\\Middleware\\ValidatePostSize.php(27): Illuminate\\Routing\\Pipeline->Illuminate\\Routing\\{closure}(Object(Illuminate\\Http\\Request))
#46 C:\\xampp\\htdocs\\Laravel Projects\\GSF\\vendor\\laravel\\framework\\src\\Illuminate\\Pipeline\\Pipeline.php(163): Illuminate\\Foundation\\Http\\Middleware\\ValidatePostSize->handle(Object(Illuminate\\Http\\Request), Object(Closure))
#47 C:\\xampp\\htdocs\\Laravel Projects\\GSF\\vendor\\laravel\\framework\\src\\Illuminate\\Routing\\Pipeline.php(53): Illuminate\\Pipeline\\Pipeline->Illuminate\\Pipeline\\{closure}(Object(Illuminate\\Http\\Request))
#48 C:\\xampp\\htdocs\\Laravel Projects\\GSF\\vendor\\laravel\\framework\\src\\Illuminate\\Foundation\\Http\\Middleware\\CheckForMaintenanceMode.php(62): Illuminate\\Routing\\Pipeline->Illuminate\\Routing\\{closure}(Object(Illuminate\\Http\\Request))
#49 C:\\xampp\\htdocs\\Laravel Projects\\GSF\\vendor\\laravel\\framework\\src\\Illuminate\\Pipeline\\Pipeline.php(163): Illuminate\\Foundation\\Http\\Middleware\\CheckForMaintenanceMode->handle(Object(Illuminate\\Http\\Request), Object(Closure))
#50 C:\\xampp\\htdocs\\Laravel Projects\\GSF\\vendor\\laravel\\framework\\src\\Illuminate\\Routing\\Pipeline.php(53): Illuminate\\Pipeline\\Pipeline->Illuminate\\Pipeline\\{closure}(Object(Illuminate\\Http\\Request))
#51 C:\\xampp\\htdocs\\Laravel Projects\\GSF\\vendor\\laravel\\framework\\src\\Illuminate\\Pipeline\\Pipeline.php(104): Illuminate\\Routing\\Pipeline->Illuminate\\Routing\\{closure}(Object(Illuminate\\Http\\Request))
#52 C:\\xampp\\htdocs\\Laravel Projects\\GSF\\vendor\\laravel\\framework\\src\\Illuminate\\Foundation\\Http\\Kernel.php(151): Illuminate\\Pipeline\\Pipeline->then(Object(Closure))
#53 C:\\xampp\\htdocs\\Laravel Projects\\GSF\\vendor\\laravel\\framework\\src\\Illuminate\\Foundation\\Http\\Kernel.php(116): Illuminate\\Foundation\\Http\\Kernel->sendRequestThroughRouter(Object(Illuminate\\Http\\Request))
#54 C:\\xampp\\htdocs\\Laravel Projects\\GSF\\public\\index.php(55): Illuminate\\Foundation\\Http\\Kernel->handle(Object(Illuminate\\Http\\Request))
#55 C:\\xampp\\htdocs\\Laravel Projects\\GSF\\server.php(21): require_once('C:\\\\xampp\\\\htdocs...')
#56 {main}
"} 
[2021-01-25 22:46:31] local.ERROR: Undefined variable: chapter {"userId":18,"exception":"[object] (ErrorException(code: 0): Undefined variable: chapter at C:\\xampp\\htdocs\\Laravel Projects\\GSF\\app\\Http\\Controllers\\HomeController.php:18)
[stacktrace]
#0 C:\\xampp\\htdocs\\Laravel Projects\\GSF\\app\\Http\\Controllers\\HomeController.php(18): Illuminate\\Foundation\\Bootstrap\\HandleExceptions->handleError(8, 'Undefined varia...', 'C:\\\\xampp\\\\htdocs...', 18, Array)
#1 [internal function]: App\\Http\\Controllers\\HomeController->index()
#2 C:\\xampp\\htdocs\\Laravel Projects\\GSF\\vendor\\laravel\\framework\\src\\Illuminate\\Routing\\Controller.php(54): call_user_func_array(Array, Array)
#3 C:\\xampp\\htdocs\\Laravel Projects\\GSF\\vendor\\laravel\\framework\\src\\Illuminate\\Routing\\ControllerDispatcher.php(45): Illuminate\\Routing\\Controller->callAction('index', Array)
#4 C:\\xampp\\htdocs\\Laravel Projects\\GSF\\vendor\\laravel\\framework\\src\\Illuminate\\Routing\\Route.php(219): Illuminate\\Routing\\ControllerDispatcher->dispatch(Object(Illuminate\\Routing\\Route), Object(App\\Http\\Controllers\\HomeController), 'index')
#5 C:\\xampp\\htdocs\\Laravel Projects\\GSF\\vendor\\laravel\\framework\\src\\Illuminate\\Routing\\Route.php(176): Illuminate\\Routing\\Route->runController()
#6 C:\\xampp\\htdocs\\Laravel Projects\\GSF\\vendor\\laravel\\framework\\src\\Illuminate\\Routing\\Router.php(680): Illuminate\\Routing\\Route->run()
#7 C:\\xampp\\htdocs\\Laravel Projects\\GSF\\vendor\\laravel\\framework\\src\\Illuminate\\Routing\\Pipeline.php(30): Illuminate\\Routing\\Router->Illuminate\\Routing\\{closure}(Object(Illuminate\\Http\\Request))
#8 C:\\xampp\\htdocs\\Laravel Projects\\GSF\\vendor\\laravel\\framework\\src\\Illuminate\\Routing\\Middleware\\SubstituteBindings.php(41): Illuminate\\Routing\\Pipeline->Illuminate\\Routing\\{closure}(Object(Illuminate\\Http\\Request))
#9 C:\\xampp\\htdocs\\Laravel Projects\\GSF\\vendor\\laravel\\framework\\src\\Illuminate\\Pipeline\\Pipeline.php(163): Illuminate\\Routing\\Middleware\\SubstituteBindings->handle(Object(Illuminate\\Http\\Request), Object(Closure))
#10 C:\\xampp\\htdocs\\Laravel Projects\\GSF\\vendor\\laravel\\framework\\src\\Illuminate\\Routing\\Pipeline.php(53): Illuminate\\Pipeline\\Pipeline->Illuminate\\Pipeline\\{closure}(Object(Illuminate\\Http\\Request))
#11 C:\\xampp\\htdocs\\Laravel Projects\\GSF\\vendor\\laravel\\framework\\src\\Illuminate\\Foundation\\Http\\Middleware\\VerifyCsrfToken.php(75): Illuminate\\Routing\\Pipeline->Illuminate\\Routing\\{closure}(Object(Illuminate\\Http\\Request))
#12 C:\\xampp\\htdocs\\Laravel Projects\\GSF\\vendor\\laravel\\framework\\src\\Illuminate\\Pipeline\\Pipeline.php(163): Illuminate\\Foundation\\Http\\Middleware\\VerifyCsrfToken->handle(Object(Illuminate\\Http\\Request), Object(Closure))
#13 C:\\xampp\\htdocs\\Laravel Projects\\GSF\\vendor\\laravel\\framework\\src\\Illuminate\\Routing\\Pipeline.php(53): Illuminate\\Pipeline\\Pipeline->Illuminate\\Pipeline\\{closure}(Object(Illuminate\\Http\\Request))
#14 C:\\xampp\\htdocs\\Laravel Projects\\GSF\\vendor\\laravel\\framework\\src\\Illuminate\\View\\Middleware\\ShareErrorsFromSession.php(49): Illuminate\\Routing\\Pipeline->Illuminate\\Routing\\{closure}(Object(Illuminate\\Http\\Request))
#15 C:\\xampp\\htdocs\\Laravel Projects\\GSF\\vendor\\laravel\\framework\\src\\Illuminate\\Pipeline\\Pipeline.php(163): Illuminate\\View\\Middleware\\ShareErrorsFromSession->handle(Object(Illuminate\\Http\\Request), Object(Closure))
#16 C:\\xampp\\htdocs\\Laravel Projects\\GSF\\vendor\\laravel\\framework\\src\\Illuminate\\Routing\\Pipeline.php(53): Illuminate\\Pipeline\\Pipeline->Illuminate\\Pipeline\\{closure}(Object(Illuminate\\Http\\Request))
#17 C:\\xampp\\htdocs\\Laravel Projects\\GSF\\vendor\\laravel\\framework\\src\\Illuminate\\Session\\Middleware\\StartSession.php(56): Illuminate\\Routing\\Pipeline->Illuminate\\Routing\\{closure}(Object(Illuminate\\Http\\Request))
#18 C:\\xampp\\htdocs\\Laravel Projects\\GSF\\vendor\\laravel\\framework\\src\\Illuminate\\Pipeline\\Pipeline.php(163): Illuminate\\Session\\Middleware\\StartSession->handle(Object(Illuminate\\Http\\Request), Object(Closure))
#19 C:\\xampp\\htdocs\\Laravel Projects\\GSF\\vendor\\laravel\\framework\\src\\Illuminate\\Routing\\Pipeline.php(53): Illuminate\\Pipeline\\Pipeline->Illuminate\\Pipeline\\{closure}(Object(Illuminate\\Http\\Request))
#20 C:\\xampp\\htdocs\\Laravel Projects\\GSF\\vendor\\laravel\\framework\\src\\Illuminate\\Cookie\\Middleware\\AddQueuedCookiesToResponse.php(37): Illuminate\\Routing\\Pipeline->Illuminate\\Routing\\{closure}(Object(Illuminate\\Http\\Request))
#21 C:\\xampp\\htdocs\\Laravel Projects\\GSF\\vendor\\laravel\\framework\\src\\Illuminate\\Pipeline\\Pipeline.php(163): Illuminate\\Cookie\\Middleware\\AddQueuedCookiesToResponse->handle(Object(Illuminate\\Http\\Request), Object(Closure))
#22 C:\\xampp\\htdocs\\Laravel Projects\\GSF\\vendor\\laravel\\framework\\src\\Illuminate\\Routing\\Pipeline.php(53): Illuminate\\Pipeline\\Pipeline->Illuminate\\Pipeline\\{closure}(Object(Illuminate\\Http\\Request))
#23 C:\\xampp\\htdocs\\Laravel Projects\\GSF\\vendor\\laravel\\framework\\src\\Illuminate\\Cookie\\Middleware\\EncryptCookies.php(66): Illuminate\\Routing\\Pipeline->Illuminate\\Routing\\{closure}(Object(Illuminate\\Http\\Request))
#24 C:\\xampp\\htdocs\\Laravel Projects\\GSF\\vendor\\laravel\\framework\\src\\Illuminate\\Pipeline\\Pipeline.php(163): Illuminate\\Cookie\\Middleware\\EncryptCookies->handle(Object(Illuminate\\Http\\Request), Object(Closure))
#25 C:\\xampp\\htdocs\\Laravel Projects\\GSF\\vendor\\laravel\\framework\\src\\Illuminate\\Routing\\Pipeline.php(53): Illuminate\\Pipeline\\Pipeline->Illuminate\\Pipeline\\{closure}(Object(Illuminate\\Http\\Request))
#26 C:\\xampp\\htdocs\\Laravel Projects\\GSF\\vendor\\laravel\\framework\\src\\Illuminate\\Pipeline\\Pipeline.php(104): Illuminate\\Routing\\Pipeline->Illuminate\\Routing\\{closure}(Object(Illuminate\\Http\\Request))
#27 C:\\xampp\\htdocs\\Laravel Projects\\GSF\\vendor\\laravel\\framework\\src\\Illuminate\\Routing\\Router.php(682): Illuminate\\Pipeline\\Pipeline->then(Object(Closure))
#28 C:\\xampp\\htdocs\\Laravel Projects\\GSF\\vendor\\laravel\\framework\\src\\Illuminate\\Routing\\Router.php(657): Illuminate\\Routing\\Router->runRouteWithinStack(Object(Illuminate\\Routing\\Route), Object(Illuminate\\Http\\Request))
#29 C:\\xampp\\htdocs\\Laravel Projects\\GSF\\vendor\\laravel\\framework\\src\\Illuminate\\Routing\\Router.php(623): Illuminate\\Routing\\Router->runRoute(Object(Illuminate\\Http\\Request), Object(Illuminate\\Routing\\Route))
#30 C:\\xampp\\htdocs\\Laravel Projects\\GSF\\vendor\\laravel\\framework\\src\\Illuminate\\Routing\\Router.php(612): Illuminate\\Routing\\Router->dispatchToRoute(Object(Illuminate\\Http\\Request))
#31 C:\\xampp\\htdocs\\Laravel Projects\\GSF\\vendor\\laravel\\framework\\src\\Illuminate\\Foundation\\Http\\Kernel.php(176): Illuminate\\Routing\\Router->dispatch(Object(Illuminate\\Http\\Request))
#32 C:\\xampp\\htdocs\\Laravel Projects\\GSF\\vendor\\laravel\\framework\\src\\Illuminate\\Routing\\Pipeline.php(30): Illuminate\\Foundation\\Http\\Kernel->Illuminate\\Foundation\\Http\\{closure}(Object(Illuminate\\Http\\Request))
#33 C:\\xampp\\htdocs\\Laravel Projects\\GSF\\vendor\\fideloper\\proxy\\src\\TrustProxies.php(57): Illuminate\\Routing\\Pipeline->Illuminate\\Routing\\{closure}(Object(Illuminate\\Http\\Request))
#34 C:\\xampp\\htdocs\\Laravel Projects\\GSF\\vendor\\laravel\\framework\\src\\Illuminate\\Pipeline\\Pipeline.php(163): Fideloper\\Proxy\\TrustProxies->handle(Object(Illuminate\\Http\\Request), Object(Closure))
#35 C:\\xampp\\htdocs\\Laravel Projects\\GSF\\vendor\\laravel\\framework\\src\\Illuminate\\Routing\\Pipeline.php(53): Illuminate\\Pipeline\\Pipeline->Illuminate\\Pipeline\\{closure}(Object(Illuminate\\Http\\Request))
#36 C:\\xampp\\htdocs\\Laravel Projects\\GSF\\vendor\\laravel\\framework\\src\\Illuminate\\Foundation\\Http\\Middleware\\TransformsRequest.php(21): Illuminate\\Routing\\Pipeline->Illuminate\\Routing\\{closure}(Object(Illuminate\\Http\\Request))
#37 C:\\xampp\\htdocs\\Laravel Projects\\GSF\\vendor\\laravel\\framework\\src\\Illuminate\\Pipeline\\Pipeline.php(163): Illuminate\\Foundation\\Http\\Middleware\\TransformsRequest->handle(Object(Illuminate\\Http\\Request), Object(Closure))
#38 C:\\xampp\\htdocs\\Laravel Projects\\GSF\\vendor\\laravel\\framework\\src\\Illuminate\\Routing\\Pipeline.php(53): Illuminate\\Pipeline\\Pipeline->Illuminate\\Pipeline\\{closure}(Object(Illuminate\\Http\\Request))
#39 C:\\xampp\\htdocs\\Laravel Projects\\GSF\\vendor\\laravel\\framework\\src\\Illuminate\\Foundation\\Http\\Middleware\\TransformsRequest.php(21): Illuminate\\Routing\\Pipeline->Illuminate\\Routing\\{closure}(Object(Illuminate\\Http\\Request))
#40 C:\\xampp\\htdocs\\Laravel Projects\\GSF\\vendor\\laravel\\framework\\src\\Illuminate\\Pipeline\\Pipeline.php(163): Illuminate\\Foundation\\Http\\Middleware\\TransformsRequest->handle(Object(Illuminate\\Http\\Request), Object(Closure))
#41 C:\\xampp\\htdocs\\Laravel Projects\\GSF\\vendor\\laravel\\framework\\src\\Illuminate\\Routing\\Pipeline.php(53): Illuminate\\Pipeline\\Pipeline->Illuminate\\Pipeline\\{closure}(Object(Illuminate\\Http\\Request))
#42 C:\\xampp\\htdocs\\Laravel Projects\\GSF\\vendor\\laravel\\framework\\src\\Illuminate\\Foundation\\Http\\Middleware\\ValidatePostSize.php(27): Illuminate\\Routing\\Pipeline->Illuminate\\Routing\\{closure}(Object(Illuminate\\Http\\Request))
#43 C:\\xampp\\htdocs\\Laravel Projects\\GSF\\vendor\\laravel\\framework\\src\\Illuminate\\Pipeline\\Pipeline.php(163): Illuminate\\Foundation\\Http\\Middleware\\ValidatePostSize->handle(Object(Illuminate\\Http\\Request), Object(Closure))
#44 C:\\xampp\\htdocs\\Laravel Projects\\GSF\\vendor\\laravel\\framework\\src\\Illuminate\\Routing\\Pipeline.php(53): Illuminate\\Pipeline\\Pipeline->Illuminate\\Pipeline\\{closure}(Object(Illuminate\\Http\\Request))
#45 C:\\xampp\\htdocs\\Laravel Projects\\GSF\\vendor\\laravel\\framework\\src\\Illuminate\\Foundation\\Http\\Middleware\\CheckForMaintenanceMode.php(62): Illuminate\\Routing\\Pipeline->Illuminate\\Routing\\{closure}(Object(Illuminate\\Http\\Request))
#46 C:\\xampp\\htdocs\\Laravel Projects\\GSF\\vendor\\laravel\\framework\\src\\Illuminate\\Pipeline\\Pipeline.php(163): Illuminate\\Foundation\\Http\\Middleware\\CheckForMaintenanceMode->handle(Object(Illuminate\\Http\\Request), Object(Closure))
#47 C:\\xampp\\htdocs\\Laravel Projects\\GSF\\vendor\\laravel\\framework\\src\\Illuminate\\Routing\\Pipeline.php(53): Illuminate\\Pipeline\\Pipeline->Illuminate\\Pipeline\\{closure}(Object(Illuminate\\Http\\Request))
#48 C:\\xampp\\htdocs\\Laravel Projects\\GSF\\vendor\\laravel\\framework\\src\\Illuminate\\Pipeline\\Pipeline.php(104): Illuminate\\Routing\\Pipeline->Illuminate\\Routing\\{closure}(Object(Illuminate\\Http\\Request))
#49 C:\\xampp\\htdocs\\Laravel Projects\\GSF\\vendor\\laravel\\framework\\src\\Illuminate\\Foundation\\Http\\Kernel.php(151): Illuminate\\Pipeline\\Pipeline->then(Object(Closure))
#50 C:\\xampp\\htdocs\\Laravel Projects\\GSF\\vendor\\laravel\\framework\\src\\Illuminate\\Foundation\\Http\\Kernel.php(116): Illuminate\\Foundation\\Http\\Kernel->sendRequestThroughRouter(Object(Illuminate\\Http\\Request))
#51 C:\\xampp\\htdocs\\Laravel Projects\\GSF\\public\\index.php(55): Illuminate\\Foundation\\Http\\Kernel->handle(Object(Illuminate\\Http\\Request))
#52 C:\\xampp\\htdocs\\Laravel Projects\\GSF\\server.php(21): require_once('C:\\\\xampp\\\\htdocs...')
#53 {main}
"} 
[2021-01-25 22:46:57] local.ERROR: Invalid argument supplied for foreach() (View: C:\xampp\htdocs\Laravel Projects\GSF\resources\views\includes\individualform.blade.php) (View: C:\xampp\htdocs\Laravel Projects\GSF\resources\views\includes\individualform.blade.php) {"userId":18,"exception":"[object] (ErrorException(code: 0): Invalid argument supplied for foreach() (View: C:\\xampp\\htdocs\\Laravel Projects\\GSF\esources\\views\\includes\\individualform.blade.php) (View: C:\\xampp\\htdocs\\Laravel Projects\\GSF\esources\\views\\includes\\individualform.blade.php) at C:\\xampp\\htdocs\\Laravel Projects\\GSF\\storage\\framework\\views\\341de49bf7bf13dad0f7f87b2aa3b2935819c44f.php:27, ErrorException(code: 0): Invalid argument supplied for foreach() (View: C:\\xampp\\htdocs\\Laravel Projects\\GSF\esources\\views\\includes\\individualform.blade.php) at C:\\xampp\\htdocs\\Laravel Projects\\GSF\\storage\\framework\\views\\341de49bf7bf13dad0f7f87b2aa3b2935819c44f.php:27, ErrorException(code: 0): Invalid argument supplied for foreach() at C:\\xampp\\htdocs\\Laravel Projects\\GSF\\storage\\framework\\views\\341de49bf7bf13dad0f7f87b2aa3b2935819c44f.php:27)
[stacktrace]
#0 C:\\xampp\\htdocs\\Laravel Projects\\GSF\\vendor\\laravel\\framework\\src\\Illuminate\\View\\Engines\\PhpEngine.php(45): Illuminate\\View\\Engines\\CompilerEngine->handleViewException(Object(ErrorException), 1)
#1 C:\\xampp\\htdocs\\Laravel Projects\\GSF\\vendor\\laravel\\framework\\src\\Illuminate\\View\\Engines\\CompilerEngine.php(59): Illuminate\\View\\Engines\\PhpEngine->evaluatePath('C:\\\\xampp\\\\htdocs...', Array)
#2 C:\\xampp\\htdocs\\Laravel Projects\\GSF\\vendor\\laravel\\framework\\src\\Illuminate\\View\\View.php(142): Illuminate\\View\\Engines\\CompilerEngine->get('C:\\\\xampp\\\\htdocs...', Array)
#3 C:\\xampp\\htdocs\\Laravel Projects\\GSF\\vendor\\laravel\\framework\\src\\Illuminate\\View\\View.php(125): Illuminate\\View\\View->getContents()
#4 C:\\xampp\\htdocs\\Laravel Projects\\GSF\\vendor\\laravel\\framework\\src\\Illuminate\\View\\View.php(90): Illuminate\\View\\View->renderContents()
#5 C:\\xampp\\htdocs\\Laravel Projects\\GSF\\vendor\\laravel\\framework\\src\\Illuminate\\Http\\Response.php(42): Illuminate\\View\\View->render()
#6 C:\\xampp\\htdocs\\Laravel Projects\\GSF\\vendor\\symfony\\http-foundation\\Response.php(205): Illuminate\\Http\\Response->setContent(Object(Illuminate\\View\\View))
#7 C:\\xampp\\htdocs\\Laravel Projects\\GSF\\vendor\\laravel\\framework\\src\\Illuminate\\Routing\\Router.php(748): Symfony\\Component\\HttpFoundation\\Response->__construct(Object(Illuminate\\View\\View))
#8 C:\\xampp\\htdocs\\Laravel Projects\\GSF\\vendor\\laravel\\framework\\src\\Illuminate\\Routing\\Router.php(720): Illuminate\\Routing\\Router::toResponse(Object(Illuminate\\Http\\Request), Object(Illuminate\\View\\View))
#9 C:\\xampp\\htdocs\\Laravel Projects\\GSF\\vendor\\laravel\\framework\\src\\Illuminate\\Routing\\Router.php(680): Illuminate\\Routing\\Router->prepareResponse(Object(Illuminate\\Http\\Request), Object(Illuminate\\View\\View))
#10 C:\\xampp\\htdocs\\Laravel Projects\\GSF\\vendor\\laravel\\framework\\src\\Illuminate\\Routing\\Pipeline.php(30): Illuminate\\Routing\\Router->Illuminate\\Routing\\{closure}(Object(Illuminate\\Http\\Request))
#11 C:\\xampp\\htdocs\\Laravel Projects\\GSF\\vendor\\laravel\\framework\\src\\Illuminate\\Routing\\Middleware\\SubstituteBindings.php(41): Illuminate\\Routing\\Pipeline->Illuminate\\Routing\\{closure}(Object(Illuminate\\Http\\Request))
#12 C:\\xampp\\htdocs\\Laravel Projects\\GSF\\vendor\\laravel\\framework\\src\\Illuminate\\Pipeline\\Pipeline.php(163): Illuminate\\Routing\\Middleware\\SubstituteBindings->handle(Object(Illuminate\\Http\\Request), Object(Closure))
#13 C:\\xampp\\htdocs\\Laravel Projects\\GSF\\vendor\\laravel\\framework\\src\\Illuminate\\Routing\\Pipeline.php(53): Illuminate\\Pipeline\\Pipeline->Illuminate\\Pipeline\\{closure}(Object(Illuminate\\Http\\Request))
#14 C:\\xampp\\htdocs\\Laravel Projects\\GSF\\vendor\\laravel\\framework\\src\\Illuminate\\Foundation\\Http\\Middleware\\VerifyCsrfToken.php(75): Illuminate\\Routing\\Pipeline->Illuminate\\Routing\\{closure}(Object(Illuminate\\Http\\Request))
#15 C:\\xampp\\htdocs\\Laravel Projects\\GSF\\vendor\\laravel\\framework\\src\\Illuminate\\Pipeline\\Pipeline.php(163): Illuminate\\Foundation\\Http\\Middleware\\VerifyCsrfToken->handle(Object(Illuminate\\Http\\Request), Object(Closure))
#16 C:\\xampp\\htdocs\\Laravel Projects\\GSF\\vendor\\laravel\\framework\\src\\Illuminate\\Routing\\Pipeline.php(53): Illuminate\\Pipeline\\Pipeline->Illuminate\\Pipeline\\{closure}(Object(Illuminate\\Http\\Request))
#17 C:\\xampp\\htdocs\\Laravel Projects\\GSF\\vendor\\laravel\\framework\\src\\Illuminate\\View\\Middleware\\ShareErrorsFromSession.php(49): Illuminate\\Routing\\Pipeline->Illuminate\\Routing\\{closure}(Object(Illuminate\\Http\\Request))
#18 C:\\xampp\\htdocs\\Laravel Projects\\GSF\\vendor\\laravel\\framework\\src\\Illuminate\\Pipeline\\Pipeline.php(163): Illuminate\\View\\Middleware\\ShareErrorsFromSession->handle(Object(Illuminate\\Http\\Request), Object(Closure))
#19 C:\\xampp\\htdocs\\Laravel Projects\\GSF\\vendor\\laravel\\framework\\src\\Illuminate\\Routing\\Pipeline.php(53): Illuminate\\Pipeline\\Pipeline->Illuminate\\Pipeline\\{closure}(Object(Illuminate\\Http\\Request))
#20 C:\\xampp\\htdocs\\Laravel Projects\\GSF\\vendor\\laravel\\framework\\src\\Illuminate\\Session\\Middleware\\StartSession.php(56): Illuminate\\Routing\\Pipeline->Illuminate\\Routing\\{closure}(Object(Illuminate\\Http\\Request))
#21 C:\\xampp\\htdocs\\Laravel Projects\\GSF\\vendor\\laravel\\framework\\src\\Illuminate\\Pipeline\\Pipeline.php(163): Illuminate\\Session\\Middleware\\StartSession->handle(Object(Illuminate\\Http\\Request), Object(Closure))
#22 C:\\xampp\\htdocs\\Laravel Projects\\GSF\\vendor\\laravel\\framework\\src\\Illuminate\\Routing\\Pipeline.php(53): Illuminate\\Pipeline\\Pipeline->Illuminate\\Pipeline\\{closure}(Object(Illuminate\\Http\\Request))
#23 C:\\xampp\\htdocs\\Laravel Projects\\GSF\\vendor\\laravel\\framework\\src\\Illuminate\\Cookie\\Middleware\\AddQueuedCookiesToResponse.php(37): Illuminate\\Routing\\Pipeline->Illuminate\\Routing\\{closure}(Object(Illuminate\\Http\\Request))
#24 C:\\xampp\\htdocs\\Laravel Projects\\GSF\\vendor\\laravel\\framework\\src\\Illuminate\\Pipeline\\Pipeline.php(163): Illuminate\\Cookie\\Middleware\\AddQueuedCookiesToResponse->handle(Object(Illuminate\\Http\\Request), Object(Closure))
#25 C:\\xampp\\htdocs\\Laravel Projects\\GSF\\vendor\\laravel\\framework\\src\\Illuminate\\Routing\\Pipeline.php(53): Illuminate\\Pipeline\\Pipeline->Illuminate\\Pipeline\\{closure}(Object(Illuminate\\Http\\Request))
#26 C:\\xampp\\htdocs\\Laravel Projects\\GSF\\vendor\\laravel\\framework\\src\\Illuminate\\Cookie\\Middleware\\EncryptCookies.php(66): Illuminate\\Routing\\Pipeline->Illuminate\\Routing\\{closure}(Object(Illuminate\\Http\\Request))
#27 C:\\xampp\\htdocs\\Laravel Projects\\GSF\\vendor\\laravel\\framework\\src\\Illuminate\\Pipeline\\Pipeline.php(163): Illuminate\\Cookie\\Middleware\\EncryptCookies->handle(Object(Illuminate\\Http\\Request), Object(Closure))
#28 C:\\xampp\\htdocs\\Laravel Projects\\GSF\\vendor\\laravel\\framework\\src\\Illuminate\\Routing\\Pipeline.php(53): Illuminate\\Pipeline\\Pipeline->Illuminate\\Pipeline\\{closure}(Object(Illuminate\\Http\\Request))
#29 C:\\xampp\\htdocs\\Laravel Projects\\GSF\\vendor\\laravel\\framework\\src\\Illuminate\\Pipeline\\Pipeline.php(104): Illuminate\\Routing\\Pipeline->Illuminate\\Routing\\{closure}(Object(Illuminate\\Http\\Request))
#30 C:\\xampp\\htdocs\\Laravel Projects\\GSF\\vendor\\laravel\\framework\\src\\Illuminate\\Routing\\Router.php(682): Illuminate\\Pipeline\\Pipeline->then(Object(Closure))
#31 C:\\xampp\\htdocs\\Laravel Projects\\GSF\\vendor\\laravel\\framework\\src\\Illuminate\\Routing\\Router.php(657): Illuminate\\Routing\\Router->runRouteWithinStack(Object(Illuminate\\Routing\\Route), Object(Illuminate\\Http\\Request))
#32 C:\\xampp\\htdocs\\Laravel Projects\\GSF\\vendor\\laravel\\framework\\src\\Illuminate\\Routing\\Router.php(623): Illuminate\\Routing\\Router->runRoute(Object(Illuminate\\Http\\Request), Object(Illuminate\\Routing\\Route))
#33 C:\\xampp\\htdocs\\Laravel Projects\\GSF\\vendor\\laravel\\framework\\src\\Illuminate\\Routing\\Router.php(612): Illuminate\\Routing\\Router->dispatchToRoute(Object(Illuminate\\Http\\Request))
#34 C:\\xampp\\htdocs\\Laravel Projects\\GSF\\vendor\\laravel\\framework\\src\\Illuminate\\Foundation\\Http\\Kernel.php(176): Illuminate\\Routing\\Router->dispatch(Object(Illuminate\\Http\\Request))
#35 C:\\xampp\\htdocs\\Laravel Projects\\GSF\\vendor\\laravel\\framework\\src\\Illuminate\\Routing\\Pipeline.php(30): Illuminate\\Foundation\\Http\\Kernel->Illuminate\\Foundation\\Http\\{closure}(Object(Illuminate\\Http\\Request))
#36 C:\\xampp\\htdocs\\Laravel Projects\\GSF\\vendor\\fideloper\\proxy\\src\\TrustProxies.php(57): Illuminate\\Routing\\Pipeline->Illuminate\\Routing\\{closure}(Object(Illuminate\\Http\\Request))
#37 C:\\xampp\\htdocs\\Laravel Projects\\GSF\\vendor\\laravel\\framework\\src\\Illuminate\\Pipeline\\Pipeline.php(163): Fideloper\\Proxy\\TrustProxies->handle(Object(Illuminate\\Http\\Request), Object(Closure))
#38 C:\\xampp\\htdocs\\Laravel Projects\\GSF\\vendor\\laravel\\framework\\src\\Illuminate\\Routing\\Pipeline.php(53): Illuminate\\Pipeline\\Pipeline->Illuminate\\Pipeline\\{closure}(Object(Illuminate\\Http\\Request))
#39 C:\\xampp\\htdocs\\Laravel Projects\\GSF\\vendor\\laravel\\framework\\src\\Illuminate\\Foundation\\Http\\Middleware\\TransformsRequest.php(21): Illuminate\\Routing\\Pipeline->Illuminate\\Routing\\{closure}(Object(Illuminate\\Http\\Request))
#40 C:\\xampp\\htdocs\\Laravel Projects\\GSF\\vendor\\laravel\\framework\\src\\Illuminate\\Pipeline\\Pipeline.php(163): Illuminate\\Foundation\\Http\\Middleware\\TransformsRequest->handle(Object(Illuminate\\Http\\Request), Object(Closure))
#41 C:\\xampp\\htdocs\\Laravel Projects\\GSF\\vendor\\laravel\\framework\\src\\Illuminate\\Routing\\Pipeline.php(53): Illuminate\\Pipeline\\Pipeline->Illuminate\\Pipeline\\{closure}(Object(Illuminate\\Http\\Request))
#42 C:\\xampp\\htdocs\\Laravel Projects\\GSF\\vendor\\laravel\\framework\\src\\Illuminate\\Foundation\\Http\\Middleware\\TransformsRequest.php(21): Illuminate\\Routing\\Pipeline->Illuminate\\Routing\\{closure}(Object(Illuminate\\Http\\Request))
#43 C:\\xampp\\htdocs\\Laravel Projects\\GSF\\vendor\\laravel\\framework\\src\\Illuminate\\Pipeline\\Pipeline.php(163): Illuminate\\Foundation\\Http\\Middleware\\TransformsRequest->handle(Object(Illuminate\\Http\\Request), Object(Closure))
#44 C:\\xampp\\htdocs\\Laravel Projects\\GSF\\vendor\\laravel\\framework\\src\\Illuminate\\Routing\\Pipeline.php(53): Illuminate\\Pipeline\\Pipeline->Illuminate\\Pipeline\\{closure}(Object(Illuminate\\Http\\Request))
#45 C:\\xampp\\htdocs\\Laravel Projects\\GSF\\vendor\\laravel\\framework\\src\\Illuminate\\Foundation\\Http\\Middleware\\ValidatePostSize.php(27): Illuminate\\Routing\\Pipeline->Illuminate\\Routing\\{closure}(Object(Illuminate\\Http\\Request))
#46 C:\\xampp\\htdocs\\Laravel Projects\\GSF\\vendor\\laravel\\framework\\src\\Illuminate\\Pipeline\\Pipeline.php(163): Illuminate\\Foundation\\Http\\Middleware\\ValidatePostSize->handle(Object(Illuminate\\Http\\Request), Object(Closure))
#47 C:\\xampp\\htdocs\\Laravel Projects\\GSF\\vendor\\laravel\\framework\\src\\Illuminate\\Routing\\Pipeline.php(53): Illuminate\\Pipeline\\Pipeline->Illuminate\\Pipeline\\{closure}(Object(Illuminate\\Http\\Request))
#48 C:\\xampp\\htdocs\\Laravel Projects\\GSF\\vendor\\laravel\\framework\\src\\Illuminate\\Foundation\\Http\\Middleware\\CheckForMaintenanceMode.php(62): Illuminate\\Routing\\Pipeline->Illuminate\\Routing\\{closure}(Object(Illuminate\\Http\\Request))
#49 C:\\xampp\\htdocs\\Laravel Projects\\GSF\\vendor\\laravel\\framework\\src\\Illuminate\\Pipeline\\Pipeline.php(163): Illuminate\\Foundation\\Http\\Middleware\\CheckForMaintenanceMode->handle(Object(Illuminate\\Http\\Request), Object(Closure))
#50 C:\\xampp\\htdocs\\Laravel Projects\\GSF\\vendor\\laravel\\framework\\src\\Illuminate\\Routing\\Pipeline.php(53): Illuminate\\Pipeline\\Pipeline->Illuminate\\Pipeline\\{closure}(Object(Illuminate\\Http\\Request))
#51 C:\\xampp\\htdocs\\Laravel Projects\\GSF\\vendor\\laravel\\framework\\src\\Illuminate\\Pipeline\\Pipeline.php(104): Illuminate\\Routing\\Pipeline->Illuminate\\Routing\\{closure}(Object(Illuminate\\Http\\Request))
#52 C:\\xampp\\htdocs\\Laravel Projects\\GSF\\vendor\\laravel\\framework\\src\\Illuminate\\Foundation\\Http\\Kernel.php(151): Illuminate\\Pipeline\\Pipeline->then(Object(Closure))
#53 C:\\xampp\\htdocs\\Laravel Projects\\GSF\\vendor\\laravel\\framework\\src\\Illuminate\\Foundation\\Http\\Kernel.php(116): Illuminate\\Foundation\\Http\\Kernel->sendRequestThroughRouter(Object(Illuminate\\Http\\Request))
#54 C:\\xampp\\htdocs\\Laravel Projects\\GSF\\public\\index.php(55): Illuminate\\Foundation\\Http\\Kernel->handle(Object(Illuminate\\Http\\Request))
#55 C:\\xampp\\htdocs\\Laravel Projects\\GSF\\server.php(21): require_once('C:\\\\xampp\\\\htdocs...')
#56 {main}
"} 
[2021-01-25 22:54:27] local.ERROR: Undefined variable: chapters (View: C:\xampp\htdocs\Laravel Projects\GSF\resources\views\participant\index.blade.php) {"userId":18,"exception":"[object] (ErrorException(code: 0): Undefined variable: chapters (View: C:\\xampp\\htdocs\\Laravel Projects\\GSF\esources\\views\\participant\\index.blade.php) at C:\\xampp\\htdocs\\Laravel Projects\\GSF\\storage\\framework\\views\\9d2c3ccbb94476023244733ccdacbd1be04f4765.php:130, ErrorException(code: 0): Undefined variable: chapters at C:\\xampp\\htdocs\\Laravel Projects\\GSF\\storage\\framework\\views\\9d2c3ccbb94476023244733ccdacbd1be04f4765.php:130)
[stacktrace]
#0 C:\\xampp\\htdocs\\Laravel Projects\\GSF\\vendor\\laravel\\framework\\src\\Illuminate\\View\\Engines\\PhpEngine.php(45): Illuminate\\View\\Engines\\CompilerEngine->handleViewException(Object(ErrorException), 1)
#1 C:\\xampp\\htdocs\\Laravel Projects\\GSF\\vendor\\laravel\\framework\\src\\Illuminate\\View\\Engines\\CompilerEngine.php(59): Illuminate\\View\\Engines\\PhpEngine->evaluatePath('C:\\\\xampp\\\\htdocs...', Array)
#2 C:\\xampp\\htdocs\\Laravel Projects\\GSF\\vendor\\laravel\\framework\\src\\Illuminate\\View\\View.php(142): Illuminate\\View\\Engines\\CompilerEngine->get('C:\\\\xampp\\\\htdocs...', Array)
#3 C:\\xampp\\htdocs\\Laravel Projects\\GSF\\vendor\\laravel\\framework\\src\\Illuminate\\View\\View.php(125): Illuminate\\View\\View->getContents()
#4 C:\\xampp\\htdocs\\Laravel Projects\\GSF\\vendor\\laravel\\framework\\src\\Illuminate\\View\\View.php(90): Illuminate\\View\\View->renderContents()
#5 C:\\xampp\\htdocs\\Laravel Projects\\GSF\\vendor\\laravel\\framework\\src\\Illuminate\\Http\\Response.php(42): Illuminate\\View\\View->render()
#6 C:\\xampp\\htdocs\\Laravel Projects\\GSF\\vendor\\symfony\\http-foundation\\Response.php(205): Illuminate\\Http\\Response->setContent(Object(Illuminate\\View\\View))
#7 C:\\xampp\\htdocs\\Laravel Projects\\GSF\\vendor\\laravel\\framework\\src\\Illuminate\\Routing\\Router.php(748): Symfony\\Component\\HttpFoundation\\Response->__construct(Object(Illuminate\\View\\View))
#8 C:\\xampp\\htdocs\\Laravel Projects\\GSF\\vendor\\laravel\\framework\\src\\Illuminate\\Routing\\Router.php(720): Illuminate\\Routing\\Router::toResponse(Object(Illuminate\\Http\\Request), Object(Illuminate\\View\\View))
#9 C:\\xampp\\htdocs\\Laravel Projects\\GSF\\vendor\\laravel\\framework\\src\\Illuminate\\Routing\\Router.php(680): Illuminate\\Routing\\Router->prepareResponse(Object(Illuminate\\Http\\Request), Object(Illuminate\\View\\View))
#10 C:\\xampp\\htdocs\\Laravel Projects\\GSF\\vendor\\laravel\\framework\\src\\Illuminate\\Routing\\Pipeline.php(30): Illuminate\\Routing\\Router->Illuminate\\Routing\\{closure}(Object(Illuminate\\Http\\Request))
#11 C:\\xampp\\htdocs\\Laravel Projects\\GSF\\app\\Http\\Middleware\\SwitchUser.php(22): Illuminate\\Routing\\Pipeline->Illuminate\\Routing\\{closure}(Object(Illuminate\\Http\\Request))
#12 C:\\xampp\\htdocs\\Laravel Projects\\GSF\\vendor\\laravel\\framework\\src\\Illuminate\\Pipeline\\Pipeline.php(163): App\\Http\\Middleware\\SwitchUser->handle(Object(Illuminate\\Http\\Request), Object(Closure))
#13 C:\\xampp\\htdocs\\Laravel Projects\\GSF\\vendor\\laravel\\framework\\src\\Illuminate\\Routing\\Pipeline.php(53): Illuminate\\Pipeline\\Pipeline->Illuminate\\Pipeline\\{closure}(Object(Illuminate\\Http\\Request))
#14 C:\\xampp\\htdocs\\Laravel Projects\\GSF\\vendor\\laravel\\framework\\src\\Illuminate\\Routing\\Middleware\\SubstituteBindings.php(41): Illuminate\\Routing\\Pipeline->Illuminate\\Routing\\{closure}(Object(Illuminate\\Http\\Request))
#15 C:\\xampp\\htdocs\\Laravel Projects\\GSF\\vendor\\laravel\\framework\\src\\Illuminate\\Pipeline\\Pipeline.php(163): Illuminate\\Routing\\Middleware\\SubstituteBindings->handle(Object(Illuminate\\Http\\Request), Object(Closure))
#16 C:\\xampp\\htdocs\\Laravel Projects\\GSF\\vendor\\laravel\\framework\\src\\Illuminate\\Routing\\Pipeline.php(53): Illuminate\\Pipeline\\Pipeline->Illuminate\\Pipeline\\{closure}(Object(Illuminate\\Http\\Request))
#17 C:\\xampp\\htdocs\\Laravel Projects\\GSF\\vendor\\laravel\\framework\\src\\Illuminate\\Auth\\Middleware\\Authenticate.php(43): Illuminate\\Routing\\Pipeline->Illuminate\\Routing\\{closure}(Object(Illuminate\\Http\\Request))
#18 C:\\xampp\\htdocs\\Laravel Projects\\GSF\\vendor\\laravel\\framework\\src\\Illuminate\\Pipeline\\Pipeline.php(163): Illuminate\\Auth\\Middleware\\Authenticate->handle(Object(Illuminate\\Http\\Request), Object(Closure))
#19 C:\\xampp\\htdocs\\Laravel Projects\\GSF\\vendor\\laravel\\framework\\src\\Illuminate\\Routing\\Pipeline.php(53): Illuminate\\Pipeline\\Pipeline->Illuminate\\Pipeline\\{closure}(Object(Illuminate\\Http\\Request))
#20 C:\\xampp\\htdocs\\Laravel Projects\\GSF\\vendor\\laravel\\framework\\src\\Illuminate\\Foundation\\Http\\Middleware\\VerifyCsrfToken.php(75): Illuminate\\Routing\\Pipeline->Illuminate\\Routing\\{closure}(Object(Illuminate\\Http\\Request))
#21 C:\\xampp\\htdocs\\Laravel Projects\\GSF\\vendor\\laravel\\framework\\src\\Illuminate\\Pipeline\\Pipeline.php(163): Illuminate\\Foundation\\Http\\Middleware\\VerifyCsrfToken->handle(Object(Illuminate\\Http\\Request), Object(Closure))
#22 C:\\xampp\\htdocs\\Laravel Projects\\GSF\\vendor\\laravel\\framework\\src\\Illuminate\\Routing\\Pipeline.php(53): Illuminate\\Pipeline\\Pipeline->Illuminate\\Pipeline\\{closure}(Object(Illuminate\\Http\\Request))
#23 C:\\xampp\\htdocs\\Laravel Projects\\GSF\\vendor\\laravel\\framework\\src\\Illuminate\\View\\Middleware\\ShareErrorsFromSession.php(49): Illuminate\\Routing\\Pipeline->Illuminate\\Routing\\{closure}(Object(Illuminate\\Http\\Request))
#24 C:\\xampp\\htdocs\\Laravel Projects\\GSF\\vendor\\laravel\\framework\\src\\Illuminate\\Pipeline\\Pipeline.php(163): Illuminate\\View\\Middleware\\ShareErrorsFromSession->handle(Object(Illuminate\\Http\\Request), Object(Closure))
#25 C:\\xampp\\htdocs\\Laravel Projects\\GSF\\vendor\\laravel\\framework\\src\\Illuminate\\Routing\\Pipeline.php(53): Illuminate\\Pipeline\\Pipeline->Illuminate\\Pipeline\\{closure}(Object(Illuminate\\Http\\Request))
#26 C:\\xampp\\htdocs\\Laravel Projects\\GSF\\vendor\\laravel\\framework\\src\\Illuminate\\Session\\Middleware\\StartSession.php(56): Illuminate\\Routing\\Pipeline->Illuminate\\Routing\\{closure}(Object(Illuminate\\Http\\Request))
#27 C:\\xampp\\htdocs\\Laravel Projects\\GSF\\vendor\\laravel\\framework\\src\\Illuminate\\Pipeline\\Pipeline.php(163): Illuminate\\Session\\Middleware\\StartSession->handle(Object(Illuminate\\Http\\Request), Object(Closure))
#28 C:\\xampp\\htdocs\\Laravel Projects\\GSF\\vendor\\laravel\\framework\\src\\Illuminate\\Routing\\Pipeline.php(53): Illuminate\\Pipeline\\Pipeline->Illuminate\\Pipeline\\{closure}(Object(Illuminate\\Http\\Request))
#29 C:\\xampp\\htdocs\\Laravel Projects\\GSF\\vendor\\laravel\\framework\\src\\Illuminate\\Cookie\\Middleware\\AddQueuedCookiesToResponse.php(37): Illuminate\\Routing\\Pipeline->Illuminate\\Routing\\{closure}(Object(Illuminate\\Http\\Request))
#30 C:\\xampp\\htdocs\\Laravel Projects\\GSF\\vendor\\laravel\\framework\\src\\Illuminate\\Pipeline\\Pipeline.php(163): Illuminate\\Cookie\\Middleware\\AddQueuedCookiesToResponse->handle(Object(Illuminate\\Http\\Request), Object(Closure))
#31 C:\\xampp\\htdocs\\Laravel Projects\\GSF\\vendor\\laravel\\framework\\src\\Illuminate\\Routing\\Pipeline.php(53): Illuminate\\Pipeline\\Pipeline->Illuminate\\Pipeline\\{closure}(Object(Illuminate\\Http\\Request))
#32 C:\\xampp\\htdocs\\Laravel Projects\\GSF\\vendor\\laravel\\framework\\src\\Illuminate\\Cookie\\Middleware\\EncryptCookies.php(66): Illuminate\\Routing\\Pipeline->Illuminate\\Routing\\{closure}(Object(Illuminate\\Http\\Request))
#33 C:\\xampp\\htdocs\\Laravel Projects\\GSF\\vendor\\laravel\\framework\\src\\Illuminate\\Pipeline\\Pipeline.php(163): Illuminate\\Cookie\\Middleware\\EncryptCookies->handle(Object(Illuminate\\Http\\Request), Object(Closure))
#34 C:\\xampp\\htdocs\\Laravel Projects\\GSF\\vendor\\laravel\\framework\\src\\Illuminate\\Routing\\Pipeline.php(53): Illuminate\\Pipeline\\Pipeline->Illuminate\\Pipeline\\{closure}(Object(Illuminate\\Http\\Request))
#35 C:\\xampp\\htdocs\\Laravel Projects\\GSF\\vendor\\laravel\\framework\\src\\Illuminate\\Pipeline\\Pipeline.php(104): Illuminate\\Routing\\Pipeline->Illuminate\\Routing\\{closure}(Object(Illuminate\\Http\\Request))
#36 C:\\xampp\\htdocs\\Laravel Projects\\GSF\\vendor\\laravel\\framework\\src\\Illuminate\\Routing\\Router.php(682): Illuminate\\Pipeline\\Pipeline->then(Object(Closure))
#37 C:\\xampp\\htdocs\\Laravel Projects\\GSF\\vendor\\laravel\\framework\\src\\Illuminate\\Routing\\Router.php(657): Illuminate\\Routing\\Router->runRouteWithinStack(Object(Illuminate\\Routing\\Route), Object(Illuminate\\Http\\Request))
#38 C:\\xampp\\htdocs\\Laravel Projects\\GSF\\vendor\\laravel\\framework\\src\\Illuminate\\Routing\\Router.php(623): Illuminate\\Routing\\Router->runRoute(Object(Illuminate\\Http\\Request), Object(Illuminate\\Routing\\Route))
#39 C:\\xampp\\htdocs\\Laravel Projects\\GSF\\vendor\\laravel\\framework\\src\\Illuminate\\Routing\\Router.php(612): Illuminate\\Routing\\Router->dispatchToRoute(Object(Illuminate\\Http\\Request))
#40 C:\\xampp\\htdocs\\Laravel Projects\\GSF\\vendor\\laravel\\framework\\src\\Illuminate\\Foundation\\Http\\Kernel.php(176): Illuminate\\Routing\\Router->dispatch(Object(Illuminate\\Http\\Request))
#41 C:\\xampp\\htdocs\\Laravel Projects\\GSF\\vendor\\laravel\\framework\\src\\Illuminate\\Routing\\Pipeline.php(30): Illuminate\\Foundation\\Http\\Kernel->Illuminate\\Foundation\\Http\\{closure}(Object(Illuminate\\Http\\Request))
#42 C:\\xampp\\htdocs\\Laravel Projects\\GSF\\vendor\\fideloper\\proxy\\src\\TrustProxies.php(57): Illuminate\\Routing\\Pipeline->Illuminate\\Routing\\{closure}(Object(Illuminate\\Http\\Request))
#43 C:\\xampp\\htdocs\\Laravel Projects\\GSF\\vendor\\laravel\\framework\\src\\Illuminate\\Pipeline\\Pipeline.php(163): Fideloper\\Proxy\\TrustProxies->handle(Object(Illuminate\\Http\\Request), Object(Closure))
#44 C:\\xampp\\htdocs\\Laravel Projects\\GSF\\vendor\\laravel\\framework\\src\\Illuminate\\Routing\\Pipeline.php(53): Illuminate\\Pipeline\\Pipeline->Illuminate\\Pipeline\\{closure}(Object(Illuminate\\Http\\Request))
#45 C:\\xampp\\htdocs\\Laravel Projects\\GSF\\vendor\\laravel\\framework\\src\\Illuminate\\Foundation\\Http\\Middleware\\TransformsRequest.php(21): Illuminate\\Routing\\Pipeline->Illuminate\\Routing\\{closure}(Object(Illuminate\\Http\\Request))
#46 C:\\xampp\\htdocs\\Laravel Projects\\GSF\\vendor\\laravel\\framework\\src\\Illuminate\\Pipeline\\Pipeline.php(163): Illuminate\\Foundation\\Http\\Middleware\\TransformsRequest->handle(Object(Illuminate\\Http\\Request), Object(Closure))
#47 C:\\xampp\\htdocs\\Laravel Projects\\GSF\\vendor\\laravel\\framework\\src\\Illuminate\\Routing\\Pipeline.php(53): Illuminate\\Pipeline\\Pipeline->Illuminate\\Pipeline\\{closure}(Object(Illuminate\\Http\\Request))
#48 C:\\xampp\\htdocs\\Laravel Projects\\GSF\\vendor\\laravel\\framework\\src\\Illuminate\\Foundation\\Http\\Middleware\\TransformsRequest.php(21): Illuminate\\Routing\\Pipeline->Illuminate\\Routing\\{closure}(Object(Illuminate\\Http\\Request))
#49 C:\\xampp\\htdocs\\Laravel Projects\\GSF\\vendor\\laravel\\framework\\src\\Illuminate\\Pipeline\\Pipeline.php(163): Illuminate\\Foundation\\Http\\Middleware\\TransformsRequest->handle(Object(Illuminate\\Http\\Request), Object(Closure))
#50 C:\\xampp\\htdocs\\Laravel Projects\\GSF\\vendor\\laravel\\framework\\src\\Illuminate\\Routing\\Pipeline.php(53): Illuminate\\Pipeline\\Pipeline->Illuminate\\Pipeline\\{closure}(Object(Illuminate\\Http\\Request))
#51 C:\\xampp\\htdocs\\Laravel Projects\\GSF\\vendor\\laravel\\framework\\src\\Illuminate\\Foundation\\Http\\Middleware\\ValidatePostSize.php(27): Illuminate\\Routing\\Pipeline->Illuminate\\Routing\\{closure}(Object(Illuminate\\Http\\Request))
#52 C:\\xampp\\htdocs\\Laravel Projects\\GSF\\vendor\\laravel\\framework\\src\\Illuminate\\Pipeline\\Pipeline.php(163): Illuminate\\Foundation\\Http\\Middleware\\ValidatePostSize->handle(Object(Illuminate\\Http\\Request), Object(Closure))
#53 C:\\xampp\\htdocs\\Laravel Projects\\GSF\\vendor\\laravel\\framework\\src\\Illuminate\\Routing\\Pipeline.php(53): Illuminate\\Pipeline\\Pipeline->Illuminate\\Pipeline\\{closure}(Object(Illuminate\\Http\\Request))
#54 C:\\xampp\\htdocs\\Laravel Projects\\GSF\\vendor\\laravel\\framework\\src\\Illuminate\\Foundation\\Http\\Middleware\\CheckForMaintenanceMode.php(62): Illuminate\\Routing\\Pipeline->Illuminate\\Routing\\{closure}(Object(Illuminate\\Http\\Request))
#55 C:\\xampp\\htdocs\\Laravel Projects\\GSF\\vendor\\laravel\\framework\\src\\Illuminate\\Pipeline\\Pipeline.php(163): Illuminate\\Foundation\\Http\\Middleware\\CheckForMaintenanceMode->handle(Object(Illuminate\\Http\\Request), Object(Closure))
#56 C:\\xampp\\htdocs\\Laravel Projects\\GSF\\vendor\\laravel\\framework\\src\\Illuminate\\Routing\\Pipeline.php(53): Illuminate\\Pipeline\\Pipeline->Illuminate\\Pipeline\\{closure}(Object(Illuminate\\Http\\Request))
#57 C:\\xampp\\htdocs\\Laravel Projects\\GSF\\vendor\\laravel\\framework\\src\\Illuminate\\Pipeline\\Pipeline.php(104): Illuminate\\Routing\\Pipeline->Illuminate\\Routing\\{closure}(Object(Illuminate\\Http\\Request))
#58 C:\\xampp\\htdocs\\Laravel Projects\\GSF\\vendor\\laravel\\framework\\src\\Illuminate\\Foundation\\Http\\Kernel.php(151): Illuminate\\Pipeline\\Pipeline->then(Object(Closure))
#59 C:\\xampp\\htdocs\\Laravel Projects\\GSF\\vendor\\laravel\\framework\\src\\Illuminate\\Foundation\\Http\\Kernel.php(116): Illuminate\\Foundation\\Http\\Kernel->sendRequestThroughRouter(Object(Illuminate\\Http\\Request))
#60 C:\\xampp\\htdocs\\Laravel Projects\\GSF\\public\\index.php(55): Illuminate\\Foundation\\Http\\Kernel->handle(Object(Illuminate\\Http\\Request))
#61 C:\\xampp\\htdocs\\Laravel Projects\\GSF\\server.php(21): require_once('C:\\\\xampp\\\\htdocs...')
#62 {main}
"} 
[2021-01-25 23:08:52] local.ERROR: Serialization of 'Closure' is not allowed {"userId":18,"exception":"[object] (Exception(code: 0): Serialization of 'Closure' is not allowed at C:\\xampp\\htdocs\\Laravel Projects\\GSF\\vendor\\laravel\\framework\\src\\Illuminate\\Session\\Store.php:129)
[stacktrace]
#0 C:\\xampp\\htdocs\\Laravel Projects\\GSF\\vendor\\laravel\\framework\\src\\Illuminate\\Session\\Store.php(129): serialize(Array)
#1 C:\\xampp\\htdocs\\Laravel Projects\\GSF\\vendor\\laravel\\framework\\src\\Illuminate\\Session\\Middleware\\StartSession.php(170): Illuminate\\Session\\Store->save()
#2 C:\\xampp\\htdocs\\Laravel Projects\\GSF\\vendor\\laravel\\framework\\src\\Illuminate\\Session\\Middleware\\StartSession.php(65): Illuminate\\Session\\Middleware\\StartSession->saveSession(Object(Illuminate\\Http\\Request))
#3 C:\\xampp\\htdocs\\Laravel Projects\\GSF\\vendor\\laravel\\framework\\src\\Illuminate\\Pipeline\\Pipeline.php(163): Illuminate\\Session\\Middleware\\StartSession->handle(Object(Illuminate\\Http\\Request), Object(Closure))
#4 C:\\xampp\\htdocs\\Laravel Projects\\GSF\\vendor\\laravel\\framework\\src\\Illuminate\\Routing\\Pipeline.php(53): Illuminate\\Pipeline\\Pipeline->Illuminate\\Pipeline\\{closure}(Object(Illuminate\\Http\\Request))
#5 C:\\xampp\\htdocs\\Laravel Projects\\GSF\\vendor\\laravel\\framework\\src\\Illuminate\\Cookie\\Middleware\\AddQueuedCookiesToResponse.php(37): Illuminate\\Routing\\Pipeline->Illuminate\\Routing\\{closure}(Object(Illuminate\\Http\\Request))
#6 C:\\xampp\\htdocs\\Laravel Projects\\GSF\\vendor\\laravel\\framework\\src\\Illuminate\\Pipeline\\Pipeline.php(163): Illuminate\\Cookie\\Middleware\\AddQueuedCookiesToResponse->handle(Object(Illuminate\\Http\\Request), Object(Closure))
#7 C:\\xampp\\htdocs\\Laravel Projects\\GSF\\vendor\\laravel\\framework\\src\\Illuminate\\Routing\\Pipeline.php(53): Illuminate\\Pipeline\\Pipeline->Illuminate\\Pipeline\\{closure}(Object(Illuminate\\Http\\Request))
#8 C:\\xampp\\htdocs\\Laravel Projects\\GSF\\vendor\\laravel\\framework\\src\\Illuminate\\Cookie\\Middleware\\EncryptCookies.php(66): Illuminate\\Routing\\Pipeline->Illuminate\\Routing\\{closure}(Object(Illuminate\\Http\\Request))
#9 C:\\xampp\\htdocs\\Laravel Projects\\GSF\\vendor\\laravel\\framework\\src\\Illuminate\\Pipeline\\Pipeline.php(163): Illuminate\\Cookie\\Middleware\\EncryptCookies->handle(Object(Illuminate\\Http\\Request), Object(Closure))
#10 C:\\xampp\\htdocs\\Laravel Projects\\GSF\\vendor\\laravel\\framework\\src\\Illuminate\\Routing\\Pipeline.php(53): Illuminate\\Pipeline\\Pipeline->Illuminate\\Pipeline\\{closure}(Object(Illuminate\\Http\\Request))
#11 C:\\xampp\\htdocs\\Laravel Projects\\GSF\\vendor\\laravel\\framework\\src\\Illuminate\\Pipeline\\Pipeline.php(104): Illuminate\\Routing\\Pipeline->Illuminate\\Routing\\{closure}(Object(Illuminate\\Http\\Request))
#12 C:\\xampp\\htdocs\\Laravel Projects\\GSF\\vendor\\laravel\\framework\\src\\Illuminate\\Routing\\Router.php(682): Illuminate\\Pipeline\\Pipeline->then(Object(Closure))
#13 C:\\xampp\\htdocs\\Laravel Projects\\GSF\\vendor\\laravel\\framework\\src\\Illuminate\\Routing\\Router.php(657): Illuminate\\Routing\\Router->runRouteWithinStack(Object(Illuminate\\Routing\\Route), Object(Illuminate\\Http\\Request))
#14 C:\\xampp\\htdocs\\Laravel Projects\\GSF\\vendor\\laravel\\framework\\src\\Illuminate\\Routing\\Router.php(623): Illuminate\\Routing\\Router->runRoute(Object(Illuminate\\Http\\Request), Object(Illuminate\\Routing\\Route))
#15 C:\\xampp\\htdocs\\Laravel Projects\\GSF\\vendor\\laravel\\framework\\src\\Illuminate\\Routing\\Router.php(612): Illuminate\\Routing\\Router->dispatchToRoute(Object(Illuminate\\Http\\Request))
#16 C:\\xampp\\htdocs\\Laravel Projects\\GSF\\vendor\\laravel\\framework\\src\\Illuminate\\Foundation\\Http\\Kernel.php(176): Illuminate\\Routing\\Router->dispatch(Object(Illuminate\\Http\\Request))
#17 C:\\xampp\\htdocs\\Laravel Projects\\GSF\\vendor\\laravel\\framework\\src\\Illuminate\\Routing\\Pipeline.php(30): Illuminate\\Foundation\\Http\\Kernel->Illuminate\\Foundation\\Http\\{closure}(Object(Illuminate\\Http\\Request))
#18 C:\\xampp\\htdocs\\Laravel Projects\\GSF\\vendor\\fideloper\\proxy\\src\\TrustProxies.php(57): Illuminate\\Routing\\Pipeline->Illuminate\\Routing\\{closure}(Object(Illuminate\\Http\\Request))
#19 C:\\xampp\\htdocs\\Laravel Projects\\GSF\\vendor\\laravel\\framework\\src\\Illuminate\\Pipeline\\Pipeline.php(163): Fideloper\\Proxy\\TrustProxies->handle(Object(Illuminate\\Http\\Request), Object(Closure))
#20 C:\\xampp\\htdocs\\Laravel Projects\\GSF\\vendor\\laravel\\framework\\src\\Illuminate\\Routing\\Pipeline.php(53): Illuminate\\Pipeline\\Pipeline->Illuminate\\Pipeline\\{closure}(Object(Illuminate\\Http\\Request))
#21 C:\\xampp\\htdocs\\Laravel Projects\\GSF\\vendor\\laravel\\framework\\src\\Illuminate\\Foundation\\Http\\Middleware\\TransformsRequest.php(21): Illuminate\\Routing\\Pipeline->Illuminate\\Routing\\{closure}(Object(Illuminate\\Http\\Request))
#22 C:\\xampp\\htdocs\\Laravel Projects\\GSF\\vendor\\laravel\\framework\\src\\Illuminate\\Pipeline\\Pipeline.php(163): Illuminate\\Foundation\\Http\\Middleware\\TransformsRequest->handle(Object(Illuminate\\Http\\Request), Object(Closure))
#23 C:\\xampp\\htdocs\\Laravel Projects\\GSF\\vendor\\laravel\\framework\\src\\Illuminate\\Routing\\Pipeline.php(53): Illuminate\\Pipeline\\Pipeline->Illuminate\\Pipeline\\{closure}(Object(Illuminate\\Http\\Request))
#24 C:\\xampp\\htdocs\\Laravel Projects\\GSF\\vendor\\laravel\\framework\\src\\Illuminate\\Foundation\\Http\\Middleware\\TransformsRequest.php(21): Illuminate\\Routing\\Pipeline->Illuminate\\Routing\\{closure}(Object(Illuminate\\Http\\Request))
#25 C:\\xampp\\htdocs\\Laravel Projects\\GSF\\vendor\\laravel\\framework\\src\\Illuminate\\Pipeline\\Pipeline.php(163): Illuminate\\Foundation\\Http\\Middleware\\TransformsRequest->handle(Object(Illuminate\\Http\\Request), Object(Closure))
#26 C:\\xampp\\htdocs\\Laravel Projects\\GSF\\vendor\\laravel\\framework\\src\\Illuminate\\Routing\\Pipeline.php(53): Illuminate\\Pipeline\\Pipeline->Illuminate\\Pipeline\\{closure}(Object(Illuminate\\Http\\Request))
#27 C:\\xampp\\htdocs\\Laravel Projects\\GSF\\vendor\\laravel\\framework\\src\\Illuminate\\Foundation\\Http\\Middleware\\ValidatePostSize.php(27): Illuminate\\Routing\\Pipeline->Illuminate\\Routing\\{closure}(Object(Illuminate\\Http\\Request))
#28 C:\\xampp\\htdocs\\Laravel Projects\\GSF\\vendor\\laravel\\framework\\src\\Illuminate\\Pipeline\\Pipeline.php(163): Illuminate\\Foundation\\Http\\Middleware\\ValidatePostSize->handle(Object(Illuminate\\Http\\Request), Object(Closure))
#29 C:\\xampp\\htdocs\\Laravel Projects\\GSF\\vendor\\laravel\\framework\\src\\Illuminate\\Routing\\Pipeline.php(53): Illuminate\\Pipeline\\Pipeline->Illuminate\\Pipeline\\{closure}(Object(Illuminate\\Http\\Request))
#30 C:\\xampp\\htdocs\\Laravel Projects\\GSF\\vendor\\laravel\\framework\\src\\Illuminate\\Foundation\\Http\\Middleware\\CheckForMaintenanceMode.php(62): Illuminate\\Routing\\Pipeline->Illuminate\\Routing\\{closure}(Object(Illuminate\\Http\\Request))
#31 C:\\xampp\\htdocs\\Laravel Projects\\GSF\\vendor\\laravel\\framework\\src\\Illuminate\\Pipeline\\Pipeline.php(163): Illuminate\\Foundation\\Http\\Middleware\\CheckForMaintenanceMode->handle(Object(Illuminate\\Http\\Request), Object(Closure))
#32 C:\\xampp\\htdocs\\Laravel Projects\\GSF\\vendor\\laravel\\framework\\src\\Illuminate\\Routing\\Pipeline.php(53): Illuminate\\Pipeline\\Pipeline->Illuminate\\Pipeline\\{closure}(Object(Illuminate\\Http\\Request))
#33 C:\\xampp\\htdocs\\Laravel Projects\\GSF\\vendor\\laravel\\framework\\src\\Illuminate\\Pipeline\\Pipeline.php(104): Illuminate\\Routing\\Pipeline->Illuminate\\Routing\\{closure}(Object(Illuminate\\Http\\Request))
#34 C:\\xampp\\htdocs\\Laravel Projects\\GSF\\vendor\\laravel\\framework\\src\\Illuminate\\Foundation\\Http\\Kernel.php(151): Illuminate\\Pipeline\\Pipeline->then(Object(Closure))
#35 C:\\xampp\\htdocs\\Laravel Projects\\GSF\\vendor\\laravel\\framework\\src\\Illuminate\\Foundation\\Http\\Kernel.php(116): Illuminate\\Foundation\\Http\\Kernel->sendRequestThroughRouter(Object(Illuminate\\Http\\Request))
#36 C:\\xampp\\htdocs\\Laravel Projects\\GSF\\public\\index.php(55): Illuminate\\Foundation\\Http\\Kernel->handle(Object(Illuminate\\Http\\Request))
#37 C:\\xampp\\htdocs\\Laravel Projects\\GSF\\server.php(21): require_once('C:\\\\xampp\\\\htdocs...')
#38 {main}
"} 
[2021-01-25 23:09:17] local.ERROR: Serialization of 'Closure' is not allowed {"userId":18,"exception":"[object] (Exception(code: 0): Serialization of 'Closure' is not allowed at C:\\xampp\\htdocs\\Laravel Projects\\GSF\\vendor\\laravel\\framework\\src\\Illuminate\\Session\\Store.php:129)
[stacktrace]
#0 C:\\xampp\\htdocs\\Laravel Projects\\GSF\\vendor\\laravel\\framework\\src\\Illuminate\\Session\\Store.php(129): serialize(Array)
#1 C:\\xampp\\htdocs\\Laravel Projects\\GSF\\vendor\\laravel\\framework\\src\\Illuminate\\Session\\Middleware\\StartSession.php(170): Illuminate\\Session\\Store->save()
#2 C:\\xampp\\htdocs\\Laravel Projects\\GSF\\vendor\\laravel\\framework\\src\\Illuminate\\Session\\Middleware\\StartSession.php(65): Illuminate\\Session\\Middleware\\StartSession->saveSession(Object(Illuminate\\Http\\Request))
#3 C:\\xampp\\htdocs\\Laravel Projects\\GSF\\vendor\\laravel\\framework\\src\\Illuminate\\Pipeline\\Pipeline.php(163): Illuminate\\Session\\Middleware\\StartSession->handle(Object(Illuminate\\Http\\Request), Object(Closure))
#4 C:\\xampp\\htdocs\\Laravel Projects\\GSF\\vendor\\laravel\\framework\\src\\Illuminate\\Routing\\Pipeline.php(53): Illuminate\\Pipeline\\Pipeline->Illuminate\\Pipeline\\{closure}(Object(Illuminate\\Http\\Request))
#5 C:\\xampp\\htdocs\\Laravel Projects\\GSF\\vendor\\laravel\\framework\\src\\Illuminate\\Cookie\\Middleware\\AddQueuedCookiesToResponse.php(37): Illuminate\\Routing\\Pipeline->Illuminate\\Routing\\{closure}(Object(Illuminate\\Http\\Request))
#6 C:\\xampp\\htdocs\\Laravel Projects\\GSF\\vendor\\laravel\\framework\\src\\Illuminate\\Pipeline\\Pipeline.php(163): Illuminate\\Cookie\\Middleware\\AddQueuedCookiesToResponse->handle(Object(Illuminate\\Http\\Request), Object(Closure))
#7 C:\\xampp\\htdocs\\Laravel Projects\\GSF\\vendor\\laravel\\framework\\src\\Illuminate\\Routing\\Pipeline.php(53): Illuminate\\Pipeline\\Pipeline->Illuminate\\Pipeline\\{closure}(Object(Illuminate\\Http\\Request))
#8 C:\\xampp\\htdocs\\Laravel Projects\\GSF\\vendor\\laravel\\framework\\src\\Illuminate\\Cookie\\Middleware\\EncryptCookies.php(66): Illuminate\\Routing\\Pipeline->Illuminate\\Routing\\{closure}(Object(Illuminate\\Http\\Request))
#9 C:\\xampp\\htdocs\\Laravel Projects\\GSF\\vendor\\laravel\\framework\\src\\Illuminate\\Pipeline\\Pipeline.php(163): Illuminate\\Cookie\\Middleware\\EncryptCookies->handle(Object(Illuminate\\Http\\Request), Object(Closure))
#10 C:\\xampp\\htdocs\\Laravel Projects\\GSF\\vendor\\laravel\\framework\\src\\Illuminate\\Routing\\Pipeline.php(53): Illuminate\\Pipeline\\Pipeline->Illuminate\\Pipeline\\{closure}(Object(Illuminate\\Http\\Request))
#11 C:\\xampp\\htdocs\\Laravel Projects\\GSF\\vendor\\laravel\\framework\\src\\Illuminate\\Pipeline\\Pipeline.php(104): Illuminate\\Routing\\Pipeline->Illuminate\\Routing\\{closure}(Object(Illuminate\\Http\\Request))
#12 C:\\xampp\\htdocs\\Laravel Projects\\GSF\\vendor\\laravel\\framework\\src\\Illuminate\\Routing\\Router.php(682): Illuminate\\Pipeline\\Pipeline->then(Object(Closure))
#13 C:\\xampp\\htdocs\\Laravel Projects\\GSF\\vendor\\laravel\\framework\\src\\Illuminate\\Routing\\Router.php(657): Illuminate\\Routing\\Router->runRouteWithinStack(Object(Illuminate\\Routing\\Route), Object(Illuminate\\Http\\Request))
#14 C:\\xampp\\htdocs\\Laravel Projects\\GSF\\vendor\\laravel\\framework\\src\\Illuminate\\Routing\\Router.php(623): Illuminate\\Routing\\Router->runRoute(Object(Illuminate\\Http\\Request), Object(Illuminate\\Routing\\Route))
#15 C:\\xampp\\htdocs\\Laravel Projects\\GSF\\vendor\\laravel\\framework\\src\\Illuminate\\Routing\\Router.php(612): Illuminate\\Routing\\Router->dispatchToRoute(Object(Illuminate\\Http\\Request))
#16 C:\\xampp\\htdocs\\Laravel Projects\\GSF\\vendor\\laravel\\framework\\src\\Illuminate\\Foundation\\Http\\Kernel.php(176): Illuminate\\Routing\\Router->dispatch(Object(Illuminate\\Http\\Request))
#17 C:\\xampp\\htdocs\\Laravel Projects\\GSF\\vendor\\laravel\\framework\\src\\Illuminate\\Routing\\Pipeline.php(30): Illuminate\\Foundation\\Http\\Kernel->Illuminate\\Foundation\\Http\\{closure}(Object(Illuminate\\Http\\Request))
#18 C:\\xampp\\htdocs\\Laravel Projects\\GSF\\vendor\\fideloper\\proxy\\src\\TrustProxies.php(57): Illuminate\\Routing\\Pipeline->Illuminate\\Routing\\{closure}(Object(Illuminate\\Http\\Request))
#19 C:\\xampp\\htdocs\\Laravel Projects\\GSF\\vendor\\laravel\\framework\\src\\Illuminate\\Pipeline\\Pipeline.php(163): Fideloper\\Proxy\\TrustProxies->handle(Object(Illuminate\\Http\\Request), Object(Closure))
#20 C:\\xampp\\htdocs\\Laravel Projects\\GSF\\vendor\\laravel\\framework\\src\\Illuminate\\Routing\\Pipeline.php(53): Illuminate\\Pipeline\\Pipeline->Illuminate\\Pipeline\\{closure}(Object(Illuminate\\Http\\Request))
#21 C:\\xampp\\htdocs\\Laravel Projects\\GSF\\vendor\\laravel\\framework\\src\\Illuminate\\Foundation\\Http\\Middleware\\TransformsRequest.php(21): Illuminate\\Routing\\Pipeline->Illuminate\\Routing\\{closure}(Object(Illuminate\\Http\\Request))
#22 C:\\xampp\\htdocs\\Laravel Projects\\GSF\\vendor\\laravel\\framework\\src\\Illuminate\\Pipeline\\Pipeline.php(163): Illuminate\\Foundation\\Http\\Middleware\\TransformsRequest->handle(Object(Illuminate\\Http\\Request), Object(Closure))
#23 C:\\xampp\\htdocs\\Laravel Projects\\GSF\\vendor\\laravel\\framework\\src\\Illuminate\\Routing\\Pipeline.php(53): Illuminate\\Pipeline\\Pipeline->Illuminate\\Pipeline\\{closure}(Object(Illuminate\\Http\\Request))
#24 C:\\xampp\\htdocs\\Laravel Projects\\GSF\\vendor\\laravel\\framework\\src\\Illuminate\\Foundation\\Http\\Middleware\\TransformsRequest.php(21): Illuminate\\Routing\\Pipeline->Illuminate\\Routing\\{closure}(Object(Illuminate\\Http\\Request))
#25 C:\\xampp\\htdocs\\Laravel Projects\\GSF\\vendor\\laravel\\framework\\src\\Illuminate\\Pipeline\\Pipeline.php(163): Illuminate\\Foundation\\Http\\Middleware\\TransformsRequest->handle(Object(Illuminate\\Http\\Request), Object(Closure))
#26 C:\\xampp\\htdocs\\Laravel Projects\\GSF\\vendor\\laravel\\framework\\src\\Illuminate\\Routing\\Pipeline.php(53): Illuminate\\Pipeline\\Pipeline->Illuminate\\Pipeline\\{closure}(Object(Illuminate\\Http\\Request))
#27 C:\\xampp\\htdocs\\Laravel Projects\\GSF\\vendor\\laravel\\framework\\src\\Illuminate\\Foundation\\Http\\Middleware\\ValidatePostSize.php(27): Illuminate\\Routing\\Pipeline->Illuminate\\Routing\\{closure}(Object(Illuminate\\Http\\Request))
#28 C:\\xampp\\htdocs\\Laravel Projects\\GSF\\vendor\\laravel\\framework\\src\\Illuminate\\Pipeline\\Pipeline.php(163): Illuminate\\Foundation\\Http\\Middleware\\ValidatePostSize->handle(Object(Illuminate\\Http\\Request), Object(Closure))
#29 C:\\xampp\\htdocs\\Laravel Projects\\GSF\\vendor\\laravel\\framework\\src\\Illuminate\\Routing\\Pipeline.php(53): Illuminate\\Pipeline\\Pipeline->Illuminate\\Pipeline\\{closure}(Object(Illuminate\\Http\\Request))
#30 C:\\xampp\\htdocs\\Laravel Projects\\GSF\\vendor\\laravel\\framework\\src\\Illuminate\\Foundation\\Http\\Middleware\\CheckForMaintenanceMode.php(62): Illuminate\\Routing\\Pipeline->Illuminate\\Routing\\{closure}(Object(Illuminate\\Http\\Request))
#31 C:\\xampp\\htdocs\\Laravel Projects\\GSF\\vendor\\laravel\\framework\\src\\Illuminate\\Pipeline\\Pipeline.php(163): Illuminate\\Foundation\\Http\\Middleware\\CheckForMaintenanceMode->handle(Object(Illuminate\\Http\\Request), Object(Closure))
#32 C:\\xampp\\htdocs\\Laravel Projects\\GSF\\vendor\\laravel\\framework\\src\\Illuminate\\Routing\\Pipeline.php(53): Illuminate\\Pipeline\\Pipeline->Illuminate\\Pipeline\\{closure}(Object(Illuminate\\Http\\Request))
#33 C:\\xampp\\htdocs\\Laravel Projects\\GSF\\vendor\\laravel\\framework\\src\\Illuminate\\Pipeline\\Pipeline.php(104): Illuminate\\Routing\\Pipeline->Illuminate\\Routing\\{closure}(Object(Illuminate\\Http\\Request))
#34 C:\\xampp\\htdocs\\Laravel Projects\\GSF\\vendor\\laravel\\framework\\src\\Illuminate\\Foundation\\Http\\Kernel.php(151): Illuminate\\Pipeline\\Pipeline->then(Object(Closure))
#35 C:\\xampp\\htdocs\\Laravel Projects\\GSF\\vendor\\laravel\\framework\\src\\Illuminate\\Foundation\\Http\\Kernel.php(116): Illuminate\\Foundation\\Http\\Kernel->sendRequestThroughRouter(Object(Illuminate\\Http\\Request))
#36 C:\\xampp\\htdocs\\Laravel Projects\\GSF\\public\\index.php(55): Illuminate\\Foundation\\Http\\Kernel->handle(Object(Illuminate\\Http\\Request))
#37 C:\\xampp\\htdocs\\Laravel Projects\\GSF\\server.php(21): require_once('C:\\\\xampp\\\\htdocs...')
#38 {main}
"} 
[2021-01-25 23:09:21] local.ERROR: Serialization of 'Closure' is not allowed {"userId":18,"exception":"[object] (Exception(code: 0): Serialization of 'Closure' is not allowed at C:\\xampp\\htdocs\\Laravel Projects\\GSF\\vendor\\laravel\\framework\\src\\Illuminate\\Session\\Store.php:129)
[stacktrace]
#0 C:\\xampp\\htdocs\\Laravel Projects\\GSF\\vendor\\laravel\\framework\\src\\Illuminate\\Session\\Store.php(129): serialize(Array)
#1 C:\\xampp\\htdocs\\Laravel Projects\\GSF\\vendor\\laravel\\framework\\src\\Illuminate\\Session\\Middleware\\StartSession.php(170): Illuminate\\Session\\Store->save()
#2 C:\\xampp\\htdocs\\Laravel Projects\\GSF\\vendor\\laravel\\framework\\src\\Illuminate\\Session\\Middleware\\StartSession.php(65): Illuminate\\Session\\Middleware\\StartSession->saveSession(Object(Illuminate\\Http\\Request))
#3 C:\\xampp\\htdocs\\Laravel Projects\\GSF\\vendor\\laravel\\framework\\src\\Illuminate\\Pipeline\\Pipeline.php(163): Illuminate\\Session\\Middleware\\StartSession->handle(Object(Illuminate\\Http\\Request), Object(Closure))
#4 C:\\xampp\\htdocs\\Laravel Projects\\GSF\\vendor\\laravel\\framework\\src\\Illuminate\\Routing\\Pipeline.php(53): Illuminate\\Pipeline\\Pipeline->Illuminate\\Pipeline\\{closure}(Object(Illuminate\\Http\\Request))
#5 C:\\xampp\\htdocs\\Laravel Projects\\GSF\\vendor\\laravel\\framework\\src\\Illuminate\\Cookie\\Middleware\\AddQueuedCookiesToResponse.php(37): Illuminate\\Routing\\Pipeline->Illuminate\\Routing\\{closure}(Object(Illuminate\\Http\\Request))
#6 C:\\xampp\\htdocs\\Laravel Projects\\GSF\\vendor\\laravel\\framework\\src\\Illuminate\\Pipeline\\Pipeline.php(163): Illuminate\\Cookie\\Middleware\\AddQueuedCookiesToResponse->handle(Object(Illuminate\\Http\\Request), Object(Closure))
#7 C:\\xampp\\htdocs\\Laravel Projects\\GSF\\vendor\\laravel\\framework\\src\\Illuminate\\Routing\\Pipeline.php(53): Illuminate\\Pipeline\\Pipeline->Illuminate\\Pipeline\\{closure}(Object(Illuminate\\Http\\Request))
#8 C:\\xampp\\htdocs\\Laravel Projects\\GSF\\vendor\\laravel\\framework\\src\\Illuminate\\Cookie\\Middleware\\EncryptCookies.php(66): Illuminate\\Routing\\Pipeline->Illuminate\\Routing\\{closure}(Object(Illuminate\\Http\\Request))
#9 C:\\xampp\\htdocs\\Laravel Projects\\GSF\\vendor\\laravel\\framework\\src\\Illuminate\\Pipeline\\Pipeline.php(163): Illuminate\\Cookie\\Middleware\\EncryptCookies->handle(Object(Illuminate\\Http\\Request), Object(Closure))
#10 C:\\xampp\\htdocs\\Laravel Projects\\GSF\\vendor\\laravel\\framework\\src\\Illuminate\\Routing\\Pipeline.php(53): Illuminate\\Pipeline\\Pipeline->Illuminate\\Pipeline\\{closure}(Object(Illuminate\\Http\\Request))
#11 C:\\xampp\\htdocs\\Laravel Projects\\GSF\\vendor\\laravel\\framework\\src\\Illuminate\\Pipeline\\Pipeline.php(104): Illuminate\\Routing\\Pipeline->Illuminate\\Routing\\{closure}(Object(Illuminate\\Http\\Request))
#12 C:\\xampp\\htdocs\\Laravel Projects\\GSF\\vendor\\laravel\\framework\\src\\Illuminate\\Routing\\Router.php(682): Illuminate\\Pipeline\\Pipeline->then(Object(Closure))
#13 C:\\xampp\\htdocs\\Laravel Projects\\GSF\\vendor\\laravel\\framework\\src\\Illuminate\\Routing\\Router.php(657): Illuminate\\Routing\\Router->runRouteWithinStack(Object(Illuminate\\Routing\\Route), Object(Illuminate\\Http\\Request))
#14 C:\\xampp\\htdocs\\Laravel Projects\\GSF\\vendor\\laravel\\framework\\src\\Illuminate\\Routing\\Router.php(623): Illuminate\\Routing\\Router->runRoute(Object(Illuminate\\Http\\Request), Object(Illuminate\\Routing\\Route))
#15 C:\\xampp\\htdocs\\Laravel Projects\\GSF\\vendor\\laravel\\framework\\src\\Illuminate\\Routing\\Router.php(612): Illuminate\\Routing\\Router->dispatchToRoute(Object(Illuminate\\Http\\Request))
#16 C:\\xampp\\htdocs\\Laravel Projects\\GSF\\vendor\\laravel\\framework\\src\\Illuminate\\Foundation\\Http\\Kernel.php(176): Illuminate\\Routing\\Router->dispatch(Object(Illuminate\\Http\\Request))
#17 C:\\xampp\\htdocs\\Laravel Projects\\GSF\\vendor\\laravel\\framework\\src\\Illuminate\\Routing\\Pipeline.php(30): Illuminate\\Foundation\\Http\\Kernel->Illuminate\\Foundation\\Http\\{closure}(Object(Illuminate\\Http\\Request))
#18 C:\\xampp\\htdocs\\Laravel Projects\\GSF\\vendor\\fideloper\\proxy\\src\\TrustProxies.php(57): Illuminate\\Routing\\Pipeline->Illuminate\\Routing\\{closure}(Object(Illuminate\\Http\\Request))
#19 C:\\xampp\\htdocs\\Laravel Projects\\GSF\\vendor\\laravel\\framework\\src\\Illuminate\\Pipeline\\Pipeline.php(163): Fideloper\\Proxy\\TrustProxies->handle(Object(Illuminate\\Http\\Request), Object(Closure))
#20 C:\\xampp\\htdocs\\Laravel Projects\\GSF\\vendor\\laravel\\framework\\src\\Illuminate\\Routing\\Pipeline.php(53): Illuminate\\Pipeline\\Pipeline->Illuminate\\Pipeline\\{closure}(Object(Illuminate\\Http\\Request))
#21 C:\\xampp\\htdocs\\Laravel Projects\\GSF\\vendor\\laravel\\framework\\src\\Illuminate\\Foundation\\Http\\Middleware\\TransformsRequest.php(21): Illuminate\\Routing\\Pipeline->Illuminate\\Routing\\{closure}(Object(Illuminate\\Http\\Request))
#22 C:\\xampp\\htdocs\\Laravel Projects\\GSF\\vendor\\laravel\\framework\\src\\Illuminate\\Pipeline\\Pipeline.php(163): Illuminate\\Foundation\\Http\\Middleware\\TransformsRequest->handle(Object(Illuminate\\Http\\Request), Object(Closure))
#23 C:\\xampp\\htdocs\\Laravel Projects\\GSF\\vendor\\laravel\\framework\\src\\Illuminate\\Routing\\Pipeline.php(53): Illuminate\\Pipeline\\Pipeline->Illuminate\\Pipeline\\{closure}(Object(Illuminate\\Http\\Request))
#24 C:\\xampp\\htdocs\\Laravel Projects\\GSF\\vendor\\laravel\\framework\\src\\Illuminate\\Foundation\\Http\\Middleware\\TransformsRequest.php(21): Illuminate\\Routing\\Pipeline->Illuminate\\Routing\\{closure}(Object(Illuminate\\Http\\Request))
#25 C:\\xampp\\htdocs\\Laravel Projects\\GSF\\vendor\\laravel\\framework\\src\\Illuminate\\Pipeline\\Pipeline.php(163): Illuminate\\Foundation\\Http\\Middleware\\TransformsRequest->handle(Object(Illuminate\\Http\\Request), Object(Closure))
#26 C:\\xampp\\htdocs\\Laravel Projects\\GSF\\vendor\\laravel\\framework\\src\\Illuminate\\Routing\\Pipeline.php(53): Illuminate\\Pipeline\\Pipeline->Illuminate\\Pipeline\\{closure}(Object(Illuminate\\Http\\Request))
#27 C:\\xampp\\htdocs\\Laravel Projects\\GSF\\vendor\\laravel\\framework\\src\\Illuminate\\Foundation\\Http\\Middleware\\ValidatePostSize.php(27): Illuminate\\Routing\\Pipeline->Illuminate\\Routing\\{closure}(Object(Illuminate\\Http\\Request))
#28 C:\\xampp\\htdocs\\Laravel Projects\\GSF\\vendor\\laravel\\framework\\src\\Illuminate\\Pipeline\\Pipeline.php(163): Illuminate\\Foundation\\Http\\Middleware\\ValidatePostSize->handle(Object(Illuminate\\Http\\Request), Object(Closure))
#29 C:\\xampp\\htdocs\\Laravel Projects\\GSF\\vendor\\laravel\\framework\\src\\Illuminate\\Routing\\Pipeline.php(53): Illuminate\\Pipeline\\Pipeline->Illuminate\\Pipeline\\{closure}(Object(Illuminate\\Http\\Request))
#30 C:\\xampp\\htdocs\\Laravel Projects\\GSF\\vendor\\laravel\\framework\\src\\Illuminate\\Foundation\\Http\\Middleware\\CheckForMaintenanceMode.php(62): Illuminate\\Routing\\Pipeline->Illuminate\\Routing\\{closure}(Object(Illuminate\\Http\\Request))
#31 C:\\xampp\\htdocs\\Laravel Projects\\GSF\\vendor\\laravel\\framework\\src\\Illuminate\\Pipeline\\Pipeline.php(163): Illuminate\\Foundation\\Http\\Middleware\\CheckForMaintenanceMode->handle(Object(Illuminate\\Http\\Request), Object(Closure))
#32 C:\\xampp\\htdocs\\Laravel Projects\\GSF\\vendor\\laravel\\framework\\src\\Illuminate\\Routing\\Pipeline.php(53): Illuminate\\Pipeline\\Pipeline->Illuminate\\Pipeline\\{closure}(Object(Illuminate\\Http\\Request))
#33 C:\\xampp\\htdocs\\Laravel Projects\\GSF\\vendor\\laravel\\framework\\src\\Illuminate\\Pipeline\\Pipeline.php(104): Illuminate\\Routing\\Pipeline->Illuminate\\Routing\\{closure}(Object(Illuminate\\Http\\Request))
#34 C:\\xampp\\htdocs\\Laravel Projects\\GSF\\vendor\\laravel\\framework\\src\\Illuminate\\Foundation\\Http\\Kernel.php(151): Illuminate\\Pipeline\\Pipeline->then(Object(Closure))
#35 C:\\xampp\\htdocs\\Laravel Projects\\GSF\\vendor\\laravel\\framework\\src\\Illuminate\\Foundation\\Http\\Kernel.php(116): Illuminate\\Foundation\\Http\\Kernel->sendRequestThroughRouter(Object(Illuminate\\Http\\Request))
#36 C:\\xampp\\htdocs\\Laravel Projects\\GSF\\public\\index.php(55): Illuminate\\Foundation\\Http\\Kernel->handle(Object(Illuminate\\Http\\Request))
#37 C:\\xampp\\htdocs\\Laravel Projects\\GSF\\server.php(21): require_once('C:\\\\xampp\\\\htdocs...')
#38 {main}
"} 
[2021-01-25 23:09:46] local.ERROR: Serialization of 'Closure' is not allowed {"userId":18,"exception":"[object] (Exception(code: 0): Serialization of 'Closure' is not allowed at C:\\xampp\\htdocs\\Laravel Projects\\GSF\\vendor\\laravel\\framework\\src\\Illuminate\\Session\\Store.php:129)
[stacktrace]
#0 C:\\xampp\\htdocs\\Laravel Projects\\GSF\\vendor\\laravel\\framework\\src\\Illuminate\\Session\\Store.php(129): serialize(Array)
#1 C:\\xampp\\htdocs\\Laravel Projects\\GSF\\vendor\\laravel\\framework\\src\\Illuminate\\Session\\Middleware\\StartSession.php(170): Illuminate\\Session\\Store->save()
#2 C:\\xampp\\htdocs\\Laravel Projects\\GSF\\vendor\\laravel\\framework\\src\\Illuminate\\Session\\Middleware\\StartSession.php(65): Illuminate\\Session\\Middleware\\StartSession->saveSession(Object(Illuminate\\Http\\Request))
#3 C:\\xampp\\htdocs\\Laravel Projects\\GSF\\vendor\\laravel\\framework\\src\\Illuminate\\Pipeline\\Pipeline.php(163): Illuminate\\Session\\Middleware\\StartSession->handle(Object(Illuminate\\Http\\Request), Object(Closure))
#4 C:\\xampp\\htdocs\\Laravel Projects\\GSF\\vendor\\laravel\\framework\\src\\Illuminate\\Routing\\Pipeline.php(53): Illuminate\\Pipeline\\Pipeline->Illuminate\\Pipeline\\{closure}(Object(Illuminate\\Http\\Request))
#5 C:\\xampp\\htdocs\\Laravel Projects\\GSF\\vendor\\laravel\\framework\\src\\Illuminate\\Cookie\\Middleware\\AddQueuedCookiesToResponse.php(37): Illuminate\\Routing\\Pipeline->Illuminate\\Routing\\{closure}(Object(Illuminate\\Http\\Request))
#6 C:\\xampp\\htdocs\\Laravel Projects\\GSF\\vendor\\laravel\\framework\\src\\Illuminate\\Pipeline\\Pipeline.php(163): Illuminate\\Cookie\\Middleware\\AddQueuedCookiesToResponse->handle(Object(Illuminate\\Http\\Request), Object(Closure))
#7 C:\\xampp\\htdocs\\Laravel Projects\\GSF\\vendor\\laravel\\framework\\src\\Illuminate\\Routing\\Pipeline.php(53): Illuminate\\Pipeline\\Pipeline->Illuminate\\Pipeline\\{closure}(Object(Illuminate\\Http\\Request))
#8 C:\\xampp\\htdocs\\Laravel Projects\\GSF\\vendor\\laravel\\framework\\src\\Illuminate\\Cookie\\Middleware\\EncryptCookies.php(66): Illuminate\\Routing\\Pipeline->Illuminate\\Routing\\{closure}(Object(Illuminate\\Http\\Request))
#9 C:\\xampp\\htdocs\\Laravel Projects\\GSF\\vendor\\laravel\\framework\\src\\Illuminate\\Pipeline\\Pipeline.php(163): Illuminate\\Cookie\\Middleware\\EncryptCookies->handle(Object(Illuminate\\Http\\Request), Object(Closure))
#10 C:\\xampp\\htdocs\\Laravel Projects\\GSF\\vendor\\laravel\\framework\\src\\Illuminate\\Routing\\Pipeline.php(53): Illuminate\\Pipeline\\Pipeline->Illuminate\\Pipeline\\{closure}(Object(Illuminate\\Http\\Request))
#11 C:\\xampp\\htdocs\\Laravel Projects\\GSF\\vendor\\laravel\\framework\\src\\Illuminate\\Pipeline\\Pipeline.php(104): Illuminate\\Routing\\Pipeline->Illuminate\\Routing\\{closure}(Object(Illuminate\\Http\\Request))
#12 C:\\xampp\\htdocs\\Laravel Projects\\GSF\\vendor\\laravel\\framework\\src\\Illuminate\\Routing\\Router.php(682): Illuminate\\Pipeline\\Pipeline->then(Object(Closure))
#13 C:\\xampp\\htdocs\\Laravel Projects\\GSF\\vendor\\laravel\\framework\\src\\Illuminate\\Routing\\Router.php(657): Illuminate\\Routing\\Router->runRouteWithinStack(Object(Illuminate\\Routing\\Route), Object(Illuminate\\Http\\Request))
#14 C:\\xampp\\htdocs\\Laravel Projects\\GSF\\vendor\\laravel\\framework\\src\\Illuminate\\Routing\\Router.php(623): Illuminate\\Routing\\Router->runRoute(Object(Illuminate\\Http\\Request), Object(Illuminate\\Routing\\Route))
#15 C:\\xampp\\htdocs\\Laravel Projects\\GSF\\vendor\\laravel\\framework\\src\\Illuminate\\Routing\\Router.php(612): Illuminate\\Routing\\Router->dispatchToRoute(Object(Illuminate\\Http\\Request))
#16 C:\\xampp\\htdocs\\Laravel Projects\\GSF\\vendor\\laravel\\framework\\src\\Illuminate\\Foundation\\Http\\Kernel.php(176): Illuminate\\Routing\\Router->dispatch(Object(Illuminate\\Http\\Request))
#17 C:\\xampp\\htdocs\\Laravel Projects\\GSF\\vendor\\laravel\\framework\\src\\Illuminate\\Routing\\Pipeline.php(30): Illuminate\\Foundation\\Http\\Kernel->Illuminate\\Foundation\\Http\\{closure}(Object(Illuminate\\Http\\Request))
#18 C:\\xampp\\htdocs\\Laravel Projects\\GSF\\vendor\\fideloper\\proxy\\src\\TrustProxies.php(57): Illuminate\\Routing\\Pipeline->Illuminate\\Routing\\{closure}(Object(Illuminate\\Http\\Request))
#19 C:\\xampp\\htdocs\\Laravel Projects\\GSF\\vendor\\laravel\\framework\\src\\Illuminate\\Pipeline\\Pipeline.php(163): Fideloper\\Proxy\\TrustProxies->handle(Object(Illuminate\\Http\\Request), Object(Closure))
#20 C:\\xampp\\htdocs\\Laravel Projects\\GSF\\vendor\\laravel\\framework\\src\\Illuminate\\Routing\\Pipeline.php(53): Illuminate\\Pipeline\\Pipeline->Illuminate\\Pipeline\\{closure}(Object(Illuminate\\Http\\Request))
#21 C:\\xampp\\htdocs\\Laravel Projects\\GSF\\vendor\\laravel\\framework\\src\\Illuminate\\Foundation\\Http\\Middleware\\TransformsRequest.php(21): Illuminate\\Routing\\Pipeline->Illuminate\\Routing\\{closure}(Object(Illuminate\\Http\\Request))
#22 C:\\xampp\\htdocs\\Laravel Projects\\GSF\\vendor\\laravel\\framework\\src\\Illuminate\\Pipeline\\Pipeline.php(163): Illuminate\\Foundation\\Http\\Middleware\\TransformsRequest->handle(Object(Illuminate\\Http\\Request), Object(Closure))
#23 C:\\xampp\\htdocs\\Laravel Projects\\GSF\\vendor\\laravel\\framework\\src\\Illuminate\\Routing\\Pipeline.php(53): Illuminate\\Pipeline\\Pipeline->Illuminate\\Pipeline\\{closure}(Object(Illuminate\\Http\\Request))
#24 C:\\xampp\\htdocs\\Laravel Projects\\GSF\\vendor\\laravel\\framework\\src\\Illuminate\\Foundation\\Http\\Middleware\\TransformsRequest.php(21): Illuminate\\Routing\\Pipeline->Illuminate\\Routing\\{closure}(Object(Illuminate\\Http\\Request))
#25 C:\\xampp\\htdocs\\Laravel Projects\\GSF\\vendor\\laravel\\framework\\src\\Illuminate\\Pipeline\\Pipeline.php(163): Illuminate\\Foundation\\Http\\Middleware\\TransformsRequest->handle(Object(Illuminate\\Http\\Request), Object(Closure))
#26 C:\\xampp\\htdocs\\Laravel Projects\\GSF\\vendor\\laravel\\framework\\src\\Illuminate\\Routing\\Pipeline.php(53): Illuminate\\Pipeline\\Pipeline->Illuminate\\Pipeline\\{closure}(Object(Illuminate\\Http\\Request))
#27 C:\\xampp\\htdocs\\Laravel Projects\\GSF\\vendor\\laravel\\framework\\src\\Illuminate\\Foundation\\Http\\Middleware\\ValidatePostSize.php(27): Illuminate\\Routing\\Pipeline->Illuminate\\Routing\\{closure}(Object(Illuminate\\Http\\Request))
#28 C:\\xampp\\htdocs\\Laravel Projects\\GSF\\vendor\\laravel\\framework\\src\\Illuminate\\Pipeline\\Pipeline.php(163): Illuminate\\Foundation\\Http\\Middleware\\ValidatePostSize->handle(Object(Illuminate\\Http\\Request), Object(Closure))
#29 C:\\xampp\\htdocs\\Laravel Projects\\GSF\\vendor\\laravel\\framework\\src\\Illuminate\\Routing\\Pipeline.php(53): Illuminate\\Pipeline\\Pipeline->Illuminate\\Pipeline\\{closure}(Object(Illuminate\\Http\\Request))
#30 C:\\xampp\\htdocs\\Laravel Projects\\GSF\\vendor\\laravel\\framework\\src\\Illuminate\\Foundation\\Http\\Middleware\\CheckForMaintenanceMode.php(62): Illuminate\\Routing\\Pipeline->Illuminate\\Routing\\{closure}(Object(Illuminate\\Http\\Request))
#31 C:\\xampp\\htdocs\\Laravel Projects\\GSF\\vendor\\laravel\\framework\\src\\Illuminate\\Pipeline\\Pipeline.php(163): Illuminate\\Foundation\\Http\\Middleware\\CheckForMaintenanceMode->handle(Object(Illuminate\\Http\\Request), Object(Closure))
#32 C:\\xampp\\htdocs\\Laravel Projects\\GSF\\vendor\\laravel\\framework\\src\\Illuminate\\Routing\\Pipeline.php(53): Illuminate\\Pipeline\\Pipeline->Illuminate\\Pipeline\\{closure}(Object(Illuminate\\Http\\Request))
#33 C:\\xampp\\htdocs\\Laravel Projects\\GSF\\vendor\\laravel\\framework\\src\\Illuminate\\Pipeline\\Pipeline.php(104): Illuminate\\Routing\\Pipeline->Illuminate\\Routing\\{closure}(Object(Illuminate\\Http\\Request))
#34 C:\\xampp\\htdocs\\Laravel Projects\\GSF\\vendor\\laravel\\framework\\src\\Illuminate\\Foundation\\Http\\Kernel.php(151): Illuminate\\Pipeline\\Pipeline->then(Object(Closure))
#35 C:\\xampp\\htdocs\\Laravel Projects\\GSF\\vendor\\laravel\\framework\\src\\Illuminate\\Foundation\\Http\\Kernel.php(116): Illuminate\\Foundation\\Http\\Kernel->sendRequestThroughRouter(Object(Illuminate\\Http\\Request))
#36 C:\\xampp\\htdocs\\Laravel Projects\\GSF\\public\\index.php(55): Illuminate\\Foundation\\Http\\Kernel->handle(Object(Illuminate\\Http\\Request))
#37 C:\\xampp\\htdocs\\Laravel Projects\\GSF\\server.php(21): require_once('C:\\\\xampp\\\\htdocs...')
#38 {main}
"} 
[2021-01-25 23:11:31] local.ERROR: Undefined index: reference {"userId":18,"exception":"[object] (ErrorException(code: 0): Undefined index: reference at C:\\xampp\\htdocs\\Laravel Projects\\GSF\\app\\Http\\Controllers\\PaymentController.php:124)
[stacktrace]
#0 C:\\xampp\\htdocs\\Laravel Projects\\GSF\\app\\Http\\Controllers\\PaymentController.php(124): Illuminate\\Foundation\\Bootstrap\\HandleExceptions->handleError(8, 'Undefined index...', 'C:\\\\xampp\\\\htdocs...', 124, Array)
#1 [internal function]: App\\Http\\Controllers\\PaymentController->handleGatewayCallback()
#2 C:\\xampp\\htdocs\\Laravel Projects\\GSF\\vendor\\laravel\\framework\\src\\Illuminate\\Routing\\Controller.php(54): call_user_func_array(Array, Array)
#3 C:\\xampp\\htdocs\\Laravel Projects\\GSF\\vendor\\laravel\\framework\\src\\Illuminate\\Routing\\ControllerDispatcher.php(45): Illuminate\\Routing\\Controller->callAction('handleGatewayCa...', Array)
#4 C:\\xampp\\htdocs\\Laravel Projects\\GSF\\vendor\\laravel\\framework\\src\\Illuminate\\Routing\\Route.php(219): Illuminate\\Routing\\ControllerDispatcher->dispatch(Object(Illuminate\\Routing\\Route), Object(App\\Http\\Controllers\\PaymentController), 'handleGatewayCa...')
#5 C:\\xampp\\htdocs\\Laravel Projects\\GSF\\vendor\\laravel\\framework\\src\\Illuminate\\Routing\\Route.php(176): Illuminate\\Routing\\Route->runController()
#6 C:\\xampp\\htdocs\\Laravel Projects\\GSF\\vendor\\laravel\\framework\\src\\Illuminate\\Routing\\Router.php(680): Illuminate\\Routing\\Route->run()
#7 C:\\xampp\\htdocs\\Laravel Projects\\GSF\\vendor\\laravel\\framework\\src\\Illuminate\\Routing\\Pipeline.php(30): Illuminate\\Routing\\Router->Illuminate\\Routing\\{closure}(Object(Illuminate\\Http\\Request))
#8 C:\\xampp\\htdocs\\Laravel Projects\\GSF\\vendor\\laravel\\framework\\src\\Illuminate\\Routing\\Middleware\\SubstituteBindings.php(41): Illuminate\\Routing\\Pipeline->Illuminate\\Routing\\{closure}(Object(Illuminate\\Http\\Request))
#9 C:\\xampp\\htdocs\\Laravel Projects\\GSF\\vendor\\laravel\\framework\\src\\Illuminate\\Pipeline\\Pipeline.php(163): Illuminate\\Routing\\Middleware\\SubstituteBindings->handle(Object(Illuminate\\Http\\Request), Object(Closure))
#10 C:\\xampp\\htdocs\\Laravel Projects\\GSF\\vendor\\laravel\\framework\\src\\Illuminate\\Routing\\Pipeline.php(53): Illuminate\\Pipeline\\Pipeline->Illuminate\\Pipeline\\{closure}(Object(Illuminate\\Http\\Request))
#11 C:\\xampp\\htdocs\\Laravel Projects\\GSF\\vendor\\laravel\\framework\\src\\Illuminate\\Foundation\\Http\\Middleware\\VerifyCsrfToken.php(75): Illuminate\\Routing\\Pipeline->Illuminate\\Routing\\{closure}(Object(Illuminate\\Http\\Request))
#12 C:\\xampp\\htdocs\\Laravel Projects\\GSF\\vendor\\laravel\\framework\\src\\Illuminate\\Pipeline\\Pipeline.php(163): Illuminate\\Foundation\\Http\\Middleware\\VerifyCsrfToken->handle(Object(Illuminate\\Http\\Request), Object(Closure))
#13 C:\\xampp\\htdocs\\Laravel Projects\\GSF\\vendor\\laravel\\framework\\src\\Illuminate\\Routing\\Pipeline.php(53): Illuminate\\Pipeline\\Pipeline->Illuminate\\Pipeline\\{closure}(Object(Illuminate\\Http\\Request))
#14 C:\\xampp\\htdocs\\Laravel Projects\\GSF\\vendor\\laravel\\framework\\src\\Illuminate\\View\\Middleware\\ShareErrorsFromSession.php(49): Illuminate\\Routing\\Pipeline->Illuminate\\Routing\\{closure}(Object(Illuminate\\Http\\Request))
#15 C:\\xampp\\htdocs\\Laravel Projects\\GSF\\vendor\\laravel\\framework\\src\\Illuminate\\Pipeline\\Pipeline.php(163): Illuminate\\View\\Middleware\\ShareErrorsFromSession->handle(Object(Illuminate\\Http\\Request), Object(Closure))
#16 C:\\xampp\\htdocs\\Laravel Projects\\GSF\\vendor\\laravel\\framework\\src\\Illuminate\\Routing\\Pipeline.php(53): Illuminate\\Pipeline\\Pipeline->Illuminate\\Pipeline\\{closure}(Object(Illuminate\\Http\\Request))
#17 C:\\xampp\\htdocs\\Laravel Projects\\GSF\\vendor\\laravel\\framework\\src\\Illuminate\\Session\\Middleware\\StartSession.php(56): Illuminate\\Routing\\Pipeline->Illuminate\\Routing\\{closure}(Object(Illuminate\\Http\\Request))
#18 C:\\xampp\\htdocs\\Laravel Projects\\GSF\\vendor\\laravel\\framework\\src\\Illuminate\\Pipeline\\Pipeline.php(163): Illuminate\\Session\\Middleware\\StartSession->handle(Object(Illuminate\\Http\\Request), Object(Closure))
#19 C:\\xampp\\htdocs\\Laravel Projects\\GSF\\vendor\\laravel\\framework\\src\\Illuminate\\Routing\\Pipeline.php(53): Illuminate\\Pipeline\\Pipeline->Illuminate\\Pipeline\\{closure}(Object(Illuminate\\Http\\Request))
#20 C:\\xampp\\htdocs\\Laravel Projects\\GSF\\vendor\\laravel\\framework\\src\\Illuminate\\Cookie\\Middleware\\AddQueuedCookiesToResponse.php(37): Illuminate\\Routing\\Pipeline->Illuminate\\Routing\\{closure}(Object(Illuminate\\Http\\Request))
#21 C:\\xampp\\htdocs\\Laravel Projects\\GSF\\vendor\\laravel\\framework\\src\\Illuminate\\Pipeline\\Pipeline.php(163): Illuminate\\Cookie\\Middleware\\AddQueuedCookiesToResponse->handle(Object(Illuminate\\Http\\Request), Object(Closure))
#22 C:\\xampp\\htdocs\\Laravel Projects\\GSF\\vendor\\laravel\\framework\\src\\Illuminate\\Routing\\Pipeline.php(53): Illuminate\\Pipeline\\Pipeline->Illuminate\\Pipeline\\{closure}(Object(Illuminate\\Http\\Request))
#23 C:\\xampp\\htdocs\\Laravel Projects\\GSF\\vendor\\laravel\\framework\\src\\Illuminate\\Cookie\\Middleware\\EncryptCookies.php(66): Illuminate\\Routing\\Pipeline->Illuminate\\Routing\\{closure}(Object(Illuminate\\Http\\Request))
#24 C:\\xampp\\htdocs\\Laravel Projects\\GSF\\vendor\\laravel\\framework\\src\\Illuminate\\Pipeline\\Pipeline.php(163): Illuminate\\Cookie\\Middleware\\EncryptCookies->handle(Object(Illuminate\\Http\\Request), Object(Closure))
#25 C:\\xampp\\htdocs\\Laravel Projects\\GSF\\vendor\\laravel\\framework\\src\\Illuminate\\Routing\\Pipeline.php(53): Illuminate\\Pipeline\\Pipeline->Illuminate\\Pipeline\\{closure}(Object(Illuminate\\Http\\Request))
#26 C:\\xampp\\htdocs\\Laravel Projects\\GSF\\vendor\\laravel\\framework\\src\\Illuminate\\Pipeline\\Pipeline.php(104): Illuminate\\Routing\\Pipeline->Illuminate\\Routing\\{closure}(Object(Illuminate\\Http\\Request))
#27 C:\\xampp\\htdocs\\Laravel Projects\\GSF\\vendor\\laravel\\framework\\src\\Illuminate\\Routing\\Router.php(682): Illuminate\\Pipeline\\Pipeline->then(Object(Closure))
#28 C:\\xampp\\htdocs\\Laravel Projects\\GSF\\vendor\\laravel\\framework\\src\\Illuminate\\Routing\\Router.php(657): Illuminate\\Routing\\Router->runRouteWithinStack(Object(Illuminate\\Routing\\Route), Object(Illuminate\\Http\\Request))
#29 C:\\xampp\\htdocs\\Laravel Projects\\GSF\\vendor\\laravel\\framework\\src\\Illuminate\\Routing\\Router.php(623): Illuminate\\Routing\\Router->runRoute(Object(Illuminate\\Http\\Request), Object(Illuminate\\Routing\\Route))
#30 C:\\xampp\\htdocs\\Laravel Projects\\GSF\\vendor\\laravel\\framework\\src\\Illuminate\\Routing\\Router.php(612): Illuminate\\Routing\\Router->dispatchToRoute(Object(Illuminate\\Http\\Request))
#31 C:\\xampp\\htdocs\\Laravel Projects\\GSF\\vendor\\laravel\\framework\\src\\Illuminate\\Foundation\\Http\\Kernel.php(176): Illuminate\\Routing\\Router->dispatch(Object(Illuminate\\Http\\Request))
#32 C:\\xampp\\htdocs\\Laravel Projects\\GSF\\vendor\\laravel\\framework\\src\\Illuminate\\Routing\\Pipeline.php(30): Illuminate\\Foundation\\Http\\Kernel->Illuminate\\Foundation\\Http\\{closure}(Object(Illuminate\\Http\\Request))
#33 C:\\xampp\\htdocs\\Laravel Projects\\GSF\\vendor\\fideloper\\proxy\\src\\TrustProxies.php(57): Illuminate\\Routing\\Pipeline->Illuminate\\Routing\\{closure}(Object(Illuminate\\Http\\Request))
#34 C:\\xampp\\htdocs\\Laravel Projects\\GSF\\vendor\\laravel\\framework\\src\\Illuminate\\Pipeline\\Pipeline.php(163): Fideloper\\Proxy\\TrustProxies->handle(Object(Illuminate\\Http\\Request), Object(Closure))
#35 C:\\xampp\\htdocs\\Laravel Projects\\GSF\\vendor\\laravel\\framework\\src\\Illuminate\\Routing\\Pipeline.php(53): Illuminate\\Pipeline\\Pipeline->Illuminate\\Pipeline\\{closure}(Object(Illuminate\\Http\\Request))
#36 C:\\xampp\\htdocs\\Laravel Projects\\GSF\\vendor\\laravel\\framework\\src\\Illuminate\\Foundation\\Http\\Middleware\\TransformsRequest.php(21): Illuminate\\Routing\\Pipeline->Illuminate\\Routing\\{closure}(Object(Illuminate\\Http\\Request))
#37 C:\\xampp\\htdocs\\Laravel Projects\\GSF\\vendor\\laravel\\framework\\src\\Illuminate\\Pipeline\\Pipeline.php(163): Illuminate\\Foundation\\Http\\Middleware\\TransformsRequest->handle(Object(Illuminate\\Http\\Request), Object(Closure))
#38 C:\\xampp\\htdocs\\Laravel Projects\\GSF\\vendor\\laravel\\framework\\src\\Illuminate\\Routing\\Pipeline.php(53): Illuminate\\Pipeline\\Pipeline->Illuminate\\Pipeline\\{closure}(Object(Illuminate\\Http\\Request))
#39 C:\\xampp\\htdocs\\Laravel Projects\\GSF\\vendor\\laravel\\framework\\src\\Illuminate\\Foundation\\Http\\Middleware\\TransformsRequest.php(21): Illuminate\\Routing\\Pipeline->Illuminate\\Routing\\{closure}(Object(Illuminate\\Http\\Request))
#40 C:\\xampp\\htdocs\\Laravel Projects\\GSF\\vendor\\laravel\\framework\\src\\Illuminate\\Pipeline\\Pipeline.php(163): Illuminate\\Foundation\\Http\\Middleware\\TransformsRequest->handle(Object(Illuminate\\Http\\Request), Object(Closure))
#41 C:\\xampp\\htdocs\\Laravel Projects\\GSF\\vendor\\laravel\\framework\\src\\Illuminate\\Routing\\Pipeline.php(53): Illuminate\\Pipeline\\Pipeline->Illuminate\\Pipeline\\{closure}(Object(Illuminate\\Http\\Request))
#42 C:\\xampp\\htdocs\\Laravel Projects\\GSF\\vendor\\laravel\\framework\\src\\Illuminate\\Foundation\\Http\\Middleware\\ValidatePostSize.php(27): Illuminate\\Routing\\Pipeline->Illuminate\\Routing\\{closure}(Object(Illuminate\\Http\\Request))
#43 C:\\xampp\\htdocs\\Laravel Projects\\GSF\\vendor\\laravel\\framework\\src\\Illuminate\\Pipeline\\Pipeline.php(163): Illuminate\\Foundation\\Http\\Middleware\\ValidatePostSize->handle(Object(Illuminate\\Http\\Request), Object(Closure))
#44 C:\\xampp\\htdocs\\Laravel Projects\\GSF\\vendor\\laravel\\framework\\src\\Illuminate\\Routing\\Pipeline.php(53): Illuminate\\Pipeline\\Pipeline->Illuminate\\Pipeline\\{closure}(Object(Illuminate\\Http\\Request))
#45 C:\\xampp\\htdocs\\Laravel Projects\\GSF\\vendor\\laravel\\framework\\src\\Illuminate\\Foundation\\Http\\Middleware\\CheckForMaintenanceMode.php(62): Illuminate\\Routing\\Pipeline->Illuminate\\Routing\\{closure}(Object(Illuminate\\Http\\Request))
#46 C:\\xampp\\htdocs\\Laravel Projects\\GSF\\vendor\\laravel\\framework\\src\\Illuminate\\Pipeline\\Pipeline.php(163): Illuminate\\Foundation\\Http\\Middleware\\CheckForMaintenanceMode->handle(Object(Illuminate\\Http\\Request), Object(Closure))
#47 C:\\xampp\\htdocs\\Laravel Projects\\GSF\\vendor\\laravel\\framework\\src\\Illuminate\\Routing\\Pipeline.php(53): Illuminate\\Pipeline\\Pipeline->Illuminate\\Pipeline\\{closure}(Object(Illuminate\\Http\\Request))
#48 C:\\xampp\\htdocs\\Laravel Projects\\GSF\\vendor\\laravel\\framework\\src\\Illuminate\\Pipeline\\Pipeline.php(104): Illuminate\\Routing\\Pipeline->Illuminate\\Routing\\{closure}(Object(Illuminate\\Http\\Request))
#49 C:\\xampp\\htdocs\\Laravel Projects\\GSF\\vendor\\laravel\\framework\\src\\Illuminate\\Foundation\\Http\\Kernel.php(151): Illuminate\\Pipeline\\Pipeline->then(Object(Closure))
#50 C:\\xampp\\htdocs\\Laravel Projects\\GSF\\vendor\\laravel\\framework\\src\\Illuminate\\Foundation\\Http\\Kernel.php(116): Illuminate\\Foundation\\Http\\Kernel->sendRequestThroughRouter(Object(Illuminate\\Http\\Request))
#51 C:\\xampp\\htdocs\\Laravel Projects\\GSF\\public\\index.php(55): Illuminate\\Foundation\\Http\\Kernel->handle(Object(Illuminate\\Http\\Request))
#52 C:\\xampp\\htdocs\\Laravel Projects\\GSF\\server.php(21): require_once('C:\\\\xampp\\\\htdocs...')
#53 {main}
"} 
[2021-01-25 23:12:15] local.ERROR: Serialization of 'Closure' is not allowed {"userId":18,"exception":"[object] (Exception(code: 0): Serialization of 'Closure' is not allowed at C:\\xampp\\htdocs\\Laravel Projects\\GSF\\vendor\\laravel\\framework\\src\\Illuminate\\Session\\Store.php:129)
[stacktrace]
#0 C:\\xampp\\htdocs\\Laravel Projects\\GSF\\vendor\\laravel\\framework\\src\\Illuminate\\Session\\Store.php(129): serialize(Array)
#1 C:\\xampp\\htdocs\\Laravel Projects\\GSF\\vendor\\laravel\\framework\\src\\Illuminate\\Session\\Middleware\\StartSession.php(170): Illuminate\\Session\\Store->save()
#2 C:\\xampp\\htdocs\\Laravel Projects\\GSF\\vendor\\laravel\\framework\\src\\Illuminate\\Session\\Middleware\\StartSession.php(65): Illuminate\\Session\\Middleware\\StartSession->saveSession(Object(Illuminate\\Http\\Request))
#3 C:\\xampp\\htdocs\\Laravel Projects\\GSF\\vendor\\laravel\\framework\\src\\Illuminate\\Pipeline\\Pipeline.php(163): Illuminate\\Session\\Middleware\\StartSession->handle(Object(Illuminate\\Http\\Request), Object(Closure))
#4 C:\\xampp\\htdocs\\Laravel Projects\\GSF\\vendor\\laravel\\framework\\src\\Illuminate\\Routing\\Pipeline.php(53): Illuminate\\Pipeline\\Pipeline->Illuminate\\Pipeline\\{closure}(Object(Illuminate\\Http\\Request))
#5 C:\\xampp\\htdocs\\Laravel Projects\\GSF\\vendor\\laravel\\framework\\src\\Illuminate\\Cookie\\Middleware\\AddQueuedCookiesToResponse.php(37): Illuminate\\Routing\\Pipeline->Illuminate\\Routing\\{closure}(Object(Illuminate\\Http\\Request))
#6 C:\\xampp\\htdocs\\Laravel Projects\\GSF\\vendor\\laravel\\framework\\src\\Illuminate\\Pipeline\\Pipeline.php(163): Illuminate\\Cookie\\Middleware\\AddQueuedCookiesToResponse->handle(Object(Illuminate\\Http\\Request), Object(Closure))
#7 C:\\xampp\\htdocs\\Laravel Projects\\GSF\\vendor\\laravel\\framework\\src\\Illuminate\\Routing\\Pipeline.php(53): Illuminate\\Pipeline\\Pipeline->Illuminate\\Pipeline\\{closure}(Object(Illuminate\\Http\\Request))
#8 C:\\xampp\\htdocs\\Laravel Projects\\GSF\\vendor\\laravel\\framework\\src\\Illuminate\\Cookie\\Middleware\\EncryptCookies.php(66): Illuminate\\Routing\\Pipeline->Illuminate\\Routing\\{closure}(Object(Illuminate\\Http\\Request))
#9 C:\\xampp\\htdocs\\Laravel Projects\\GSF\\vendor\\laravel\\framework\\src\\Illuminate\\Pipeline\\Pipeline.php(163): Illuminate\\Cookie\\Middleware\\EncryptCookies->handle(Object(Illuminate\\Http\\Request), Object(Closure))
#10 C:\\xampp\\htdocs\\Laravel Projects\\GSF\\vendor\\laravel\\framework\\src\\Illuminate\\Routing\\Pipeline.php(53): Illuminate\\Pipeline\\Pipeline->Illuminate\\Pipeline\\{closure}(Object(Illuminate\\Http\\Request))
#11 C:\\xampp\\htdocs\\Laravel Projects\\GSF\\vendor\\laravel\\framework\\src\\Illuminate\\Pipeline\\Pipeline.php(104): Illuminate\\Routing\\Pipeline->Illuminate\\Routing\\{closure}(Object(Illuminate\\Http\\Request))
#12 C:\\xampp\\htdocs\\Laravel Projects\\GSF\\vendor\\laravel\\framework\\src\\Illuminate\\Routing\\Router.php(682): Illuminate\\Pipeline\\Pipeline->then(Object(Closure))
#13 C:\\xampp\\htdocs\\Laravel Projects\\GSF\\vendor\\laravel\\framework\\src\\Illuminate\\Routing\\Router.php(657): Illuminate\\Routing\\Router->runRouteWithinStack(Object(Illuminate\\Routing\\Route), Object(Illuminate\\Http\\Request))
#14 C:\\xampp\\htdocs\\Laravel Projects\\GSF\\vendor\\laravel\\framework\\src\\Illuminate\\Routing\\Router.php(623): Illuminate\\Routing\\Router->runRoute(Object(Illuminate\\Http\\Request), Object(Illuminate\\Routing\\Route))
#15 C:\\xampp\\htdocs\\Laravel Projects\\GSF\\vendor\\laravel\\framework\\src\\Illuminate\\Routing\\Router.php(612): Illuminate\\Routing\\Router->dispatchToRoute(Object(Illuminate\\Http\\Request))
#16 C:\\xampp\\htdocs\\Laravel Projects\\GSF\\vendor\\laravel\\framework\\src\\Illuminate\\Foundation\\Http\\Kernel.php(176): Illuminate\\Routing\\Router->dispatch(Object(Illuminate\\Http\\Request))
#17 C:\\xampp\\htdocs\\Laravel Projects\\GSF\\vendor\\laravel\\framework\\src\\Illuminate\\Routing\\Pipeline.php(30): Illuminate\\Foundation\\Http\\Kernel->Illuminate\\Foundation\\Http\\{closure}(Object(Illuminate\\Http\\Request))
#18 C:\\xampp\\htdocs\\Laravel Projects\\GSF\\vendor\\fideloper\\proxy\\src\\TrustProxies.php(57): Illuminate\\Routing\\Pipeline->Illuminate\\Routing\\{closure}(Object(Illuminate\\Http\\Request))
#19 C:\\xampp\\htdocs\\Laravel Projects\\GSF\\vendor\\laravel\\framework\\src\\Illuminate\\Pipeline\\Pipeline.php(163): Fideloper\\Proxy\\TrustProxies->handle(Object(Illuminate\\Http\\Request), Object(Closure))
#20 C:\\xampp\\htdocs\\Laravel Projects\\GSF\\vendor\\laravel\\framework\\src\\Illuminate\\Routing\\Pipeline.php(53): Illuminate\\Pipeline\\Pipeline->Illuminate\\Pipeline\\{closure}(Object(Illuminate\\Http\\Request))
#21 C:\\xampp\\htdocs\\Laravel Projects\\GSF\\vendor\\laravel\\framework\\src\\Illuminate\\Foundation\\Http\\Middleware\\TransformsRequest.php(21): Illuminate\\Routing\\Pipeline->Illuminate\\Routing\\{closure}(Object(Illuminate\\Http\\Request))
#22 C:\\xampp\\htdocs\\Laravel Projects\\GSF\\vendor\\laravel\\framework\\src\\Illuminate\\Pipeline\\Pipeline.php(163): Illuminate\\Foundation\\Http\\Middleware\\TransformsRequest->handle(Object(Illuminate\\Http\\Request), Object(Closure))
#23 C:\\xampp\\htdocs\\Laravel Projects\\GSF\\vendor\\laravel\\framework\\src\\Illuminate\\Routing\\Pipeline.php(53): Illuminate\\Pipeline\\Pipeline->Illuminate\\Pipeline\\{closure}(Object(Illuminate\\Http\\Request))
#24 C:\\xampp\\htdocs\\Laravel Projects\\GSF\\vendor\\laravel\\framework\\src\\Illuminate\\Foundation\\Http\\Middleware\\TransformsRequest.php(21): Illuminate\\Routing\\Pipeline->Illuminate\\Routing\\{closure}(Object(Illuminate\\Http\\Request))
#25 C:\\xampp\\htdocs\\Laravel Projects\\GSF\\vendor\\laravel\\framework\\src\\Illuminate\\Pipeline\\Pipeline.php(163): Illuminate\\Foundation\\Http\\Middleware\\TransformsRequest->handle(Object(Illuminate\\Http\\Request), Object(Closure))
#26 C:\\xampp\\htdocs\\Laravel Projects\\GSF\\vendor\\laravel\\framework\\src\\Illuminate\\Routing\\Pipeline.php(53): Illuminate\\Pipeline\\Pipeline->Illuminate\\Pipeline\\{closure}(Object(Illuminate\\Http\\Request))
#27 C:\\xampp\\htdocs\\Laravel Projects\\GSF\\vendor\\laravel\\framework\\src\\Illuminate\\Foundation\\Http\\Middleware\\ValidatePostSize.php(27): Illuminate\\Routing\\Pipeline->Illuminate\\Routing\\{closure}(Object(Illuminate\\Http\\Request))
#28 C:\\xampp\\htdocs\\Laravel Projects\\GSF\\vendor\\laravel\\framework\\src\\Illuminate\\Pipeline\\Pipeline.php(163): Illuminate\\Foundation\\Http\\Middleware\\ValidatePostSize->handle(Object(Illuminate\\Http\\Request), Object(Closure))
#29 C:\\xampp\\htdocs\\Laravel Projects\\GSF\\vendor\\laravel\\framework\\src\\Illuminate\\Routing\\Pipeline.php(53): Illuminate\\Pipeline\\Pipeline->Illuminate\\Pipeline\\{closure}(Object(Illuminate\\Http\\Request))
#30 C:\\xampp\\htdocs\\Laravel Projects\\GSF\\vendor\\laravel\\framework\\src\\Illuminate\\Foundation\\Http\\Middleware\\CheckForMaintenanceMode.php(62): Illuminate\\Routing\\Pipeline->Illuminate\\Routing\\{closure}(Object(Illuminate\\Http\\Request))
#31 C:\\xampp\\htdocs\\Laravel Projects\\GSF\\vendor\\laravel\\framework\\src\\Illuminate\\Pipeline\\Pipeline.php(163): Illuminate\\Foundation\\Http\\Middleware\\CheckForMaintenanceMode->handle(Object(Illuminate\\Http\\Request), Object(Closure))
#32 C:\\xampp\\htdocs\\Laravel Projects\\GSF\\vendor\\laravel\\framework\\src\\Illuminate\\Routing\\Pipeline.php(53): Illuminate\\Pipeline\\Pipeline->Illuminate\\Pipeline\\{closure}(Object(Illuminate\\Http\\Request))
#33 C:\\xampp\\htdocs\\Laravel Projects\\GSF\\vendor\\laravel\\framework\\src\\Illuminate\\Pipeline\\Pipeline.php(104): Illuminate\\Routing\\Pipeline->Illuminate\\Routing\\{closure}(Object(Illuminate\\Http\\Request))
#34 C:\\xampp\\htdocs\\Laravel Projects\\GSF\\vendor\\laravel\\framework\\src\\Illuminate\\Foundation\\Http\\Kernel.php(151): Illuminate\\Pipeline\\Pipeline->then(Object(Closure))
#35 C:\\xampp\\htdocs\\Laravel Projects\\GSF\\vendor\\laravel\\framework\\src\\Illuminate\\Foundation\\Http\\Kernel.php(116): Illuminate\\Foundation\\Http\\Kernel->sendRequestThroughRouter(Object(Illuminate\\Http\\Request))
#36 C:\\xampp\\htdocs\\Laravel Projects\\GSF\\public\\index.php(55): Illuminate\\Foundation\\Http\\Kernel->handle(Object(Illuminate\\Http\\Request))
#37 C:\\xampp\\htdocs\\Laravel Projects\\GSF\\server.php(21): require_once('C:\\\\xampp\\\\htdocs...')
#38 {main}
"} 
[2021-01-25 23:13:09] local.ERROR: Array to string conversion {"userId":18,"exception":"[object] (ErrorException(code: 0): Array to string conversion at C:\\xampp\\htdocs\\Laravel Projects\\GSF\\app\\Http\\Controllers\\PaymentController.php:110)
[stacktrace]
#0 C:\\xampp\\htdocs\\Laravel Projects\\GSF\\app\\Http\\Controllers\\PaymentController.php(110): Illuminate\\Foundation\\Bootstrap\\HandleExceptions->handleError(8, 'Array to string...', 'C:\\\\xampp\\\\htdocs...', 110, Array)
#1 [internal function]: App\\Http\\Controllers\\PaymentController->handleGatewayCallback()
#2 C:\\xampp\\htdocs\\Laravel Projects\\GSF\\vendor\\laravel\\framework\\src\\Illuminate\\Routing\\Controller.php(54): call_user_func_array(Array, Array)
#3 C:\\xampp\\htdocs\\Laravel Projects\\GSF\\vendor\\laravel\\framework\\src\\Illuminate\\Routing\\ControllerDispatcher.php(45): Illuminate\\Routing\\Controller->callAction('handleGatewayCa...', Array)
#4 C:\\xampp\\htdocs\\Laravel Projects\\GSF\\vendor\\laravel\\framework\\src\\Illuminate\\Routing\\Route.php(219): Illuminate\\Routing\\ControllerDispatcher->dispatch(Object(Illuminate\\Routing\\Route), Object(App\\Http\\Controllers\\PaymentController), 'handleGatewayCa...')
#5 C:\\xampp\\htdocs\\Laravel Projects\\GSF\\vendor\\laravel\\framework\\src\\Illuminate\\Routing\\Route.php(176): Illuminate\\Routing\\Route->runController()
#6 C:\\xampp\\htdocs\\Laravel Projects\\GSF\\vendor\\laravel\\framework\\src\\Illuminate\\Routing\\Router.php(680): Illuminate\\Routing\\Route->run()
#7 C:\\xampp\\htdocs\\Laravel Projects\\GSF\\vendor\\laravel\\framework\\src\\Illuminate\\Routing\\Pipeline.php(30): Illuminate\\Routing\\Router->Illuminate\\Routing\\{closure}(Object(Illuminate\\Http\\Request))
#8 C:\\xampp\\htdocs\\Laravel Projects\\GSF\\vendor\\laravel\\framework\\src\\Illuminate\\Routing\\Middleware\\SubstituteBindings.php(41): Illuminate\\Routing\\Pipeline->Illuminate\\Routing\\{closure}(Object(Illuminate\\Http\\Request))
#9 C:\\xampp\\htdocs\\Laravel Projects\\GSF\\vendor\\laravel\\framework\\src\\Illuminate\\Pipeline\\Pipeline.php(163): Illuminate\\Routing\\Middleware\\SubstituteBindings->handle(Object(Illuminate\\Http\\Request), Object(Closure))
#10 C:\\xampp\\htdocs\\Laravel Projects\\GSF\\vendor\\laravel\\framework\\src\\Illuminate\\Routing\\Pipeline.php(53): Illuminate\\Pipeline\\Pipeline->Illuminate\\Pipeline\\{closure}(Object(Illuminate\\Http\\Request))
#11 C:\\xampp\\htdocs\\Laravel Projects\\GSF\\vendor\\laravel\\framework\\src\\Illuminate\\Foundation\\Http\\Middleware\\VerifyCsrfToken.php(75): Illuminate\\Routing\\Pipeline->Illuminate\\Routing\\{closure}(Object(Illuminate\\Http\\Request))
#12 C:\\xampp\\htdocs\\Laravel Projects\\GSF\\vendor\\laravel\\framework\\src\\Illuminate\\Pipeline\\Pipeline.php(163): Illuminate\\Foundation\\Http\\Middleware\\VerifyCsrfToken->handle(Object(Illuminate\\Http\\Request), Object(Closure))
#13 C:\\xampp\\htdocs\\Laravel Projects\\GSF\\vendor\\laravel\\framework\\src\\Illuminate\\Routing\\Pipeline.php(53): Illuminate\\Pipeline\\Pipeline->Illuminate\\Pipeline\\{closure}(Object(Illuminate\\Http\\Request))
#14 C:\\xampp\\htdocs\\Laravel Projects\\GSF\\vendor\\laravel\\framework\\src\\Illuminate\\View\\Middleware\\ShareErrorsFromSession.php(49): Illuminate\\Routing\\Pipeline->Illuminate\\Routing\\{closure}(Object(Illuminate\\Http\\Request))
#15 C:\\xampp\\htdocs\\Laravel Projects\\GSF\\vendor\\laravel\\framework\\src\\Illuminate\\Pipeline\\Pipeline.php(163): Illuminate\\View\\Middleware\\ShareErrorsFromSession->handle(Object(Illuminate\\Http\\Request), Object(Closure))
#16 C:\\xampp\\htdocs\\Laravel Projects\\GSF\\vendor\\laravel\\framework\\src\\Illuminate\\Routing\\Pipeline.php(53): Illuminate\\Pipeline\\Pipeline->Illuminate\\Pipeline\\{closure}(Object(Illuminate\\Http\\Request))
#17 C:\\xampp\\htdocs\\Laravel Projects\\GSF\\vendor\\laravel\\framework\\src\\Illuminate\\Session\\Middleware\\StartSession.php(56): Illuminate\\Routing\\Pipeline->Illuminate\\Routing\\{closure}(Object(Illuminate\\Http\\Request))
#18 C:\\xampp\\htdocs\\Laravel Projects\\GSF\\vendor\\laravel\\framework\\src\\Illuminate\\Pipeline\\Pipeline.php(163): Illuminate\\Session\\Middleware\\StartSession->handle(Object(Illuminate\\Http\\Request), Object(Closure))
#19 C:\\xampp\\htdocs\\Laravel Projects\\GSF\\vendor\\laravel\\framework\\src\\Illuminate\\Routing\\Pipeline.php(53): Illuminate\\Pipeline\\Pipeline->Illuminate\\Pipeline\\{closure}(Object(Illuminate\\Http\\Request))
#20 C:\\xampp\\htdocs\\Laravel Projects\\GSF\\vendor\\laravel\\framework\\src\\Illuminate\\Cookie\\Middleware\\AddQueuedCookiesToResponse.php(37): Illuminate\\Routing\\Pipeline->Illuminate\\Routing\\{closure}(Object(Illuminate\\Http\\Request))
#21 C:\\xampp\\htdocs\\Laravel Projects\\GSF\\vendor\\laravel\\framework\\src\\Illuminate\\Pipeline\\Pipeline.php(163): Illuminate\\Cookie\\Middleware\\AddQueuedCookiesToResponse->handle(Object(Illuminate\\Http\\Request), Object(Closure))
#22 C:\\xampp\\htdocs\\Laravel Projects\\GSF\\vendor\\laravel\\framework\\src\\Illuminate\\Routing\\Pipeline.php(53): Illuminate\\Pipeline\\Pipeline->Illuminate\\Pipeline\\{closure}(Object(Illuminate\\Http\\Request))
#23 C:\\xampp\\htdocs\\Laravel Projects\\GSF\\vendor\\laravel\\framework\\src\\Illuminate\\Cookie\\Middleware\\EncryptCookies.php(66): Illuminate\\Routing\\Pipeline->Illuminate\\Routing\\{closure}(Object(Illuminate\\Http\\Request))
#24 C:\\xampp\\htdocs\\Laravel Projects\\GSF\\vendor\\laravel\\framework\\src\\Illuminate\\Pipeline\\Pipeline.php(163): Illuminate\\Cookie\\Middleware\\EncryptCookies->handle(Object(Illuminate\\Http\\Request), Object(Closure))
#25 C:\\xampp\\htdocs\\Laravel Projects\\GSF\\vendor\\laravel\\framework\\src\\Illuminate\\Routing\\Pipeline.php(53): Illuminate\\Pipeline\\Pipeline->Illuminate\\Pipeline\\{closure}(Object(Illuminate\\Http\\Request))
#26 C:\\xampp\\htdocs\\Laravel Projects\\GSF\\vendor\\laravel\\framework\\src\\Illuminate\\Pipeline\\Pipeline.php(104): Illuminate\\Routing\\Pipeline->Illuminate\\Routing\\{closure}(Object(Illuminate\\Http\\Request))
#27 C:\\xampp\\htdocs\\Laravel Projects\\GSF\\vendor\\laravel\\framework\\src\\Illuminate\\Routing\\Router.php(682): Illuminate\\Pipeline\\Pipeline->then(Object(Closure))
#28 C:\\xampp\\htdocs\\Laravel Projects\\GSF\\vendor\\laravel\\framework\\src\\Illuminate\\Routing\\Router.php(657): Illuminate\\Routing\\Router->runRouteWithinStack(Object(Illuminate\\Routing\\Route), Object(Illuminate\\Http\\Request))
#29 C:\\xampp\\htdocs\\Laravel Projects\\GSF\\vendor\\laravel\\framework\\src\\Illuminate\\Routing\\Router.php(623): Illuminate\\Routing\\Router->runRoute(Object(Illuminate\\Http\\Request), Object(Illuminate\\Routing\\Route))
#30 C:\\xampp\\htdocs\\Laravel Projects\\GSF\\vendor\\laravel\\framework\\src\\Illuminate\\Routing\\Router.php(612): Illuminate\\Routing\\Router->dispatchToRoute(Object(Illuminate\\Http\\Request))
#31 C:\\xampp\\htdocs\\Laravel Projects\\GSF\\vendor\\laravel\\framework\\src\\Illuminate\\Foundation\\Http\\Kernel.php(176): Illuminate\\Routing\\Router->dispatch(Object(Illuminate\\Http\\Request))
#32 C:\\xampp\\htdocs\\Laravel Projects\\GSF\\vendor\\laravel\\framework\\src\\Illuminate\\Routing\\Pipeline.php(30): Illuminate\\Foundation\\Http\\Kernel->Illuminate\\Foundation\\Http\\{closure}(Object(Illuminate\\Http\\Request))
#33 C:\\xampp\\htdocs\\Laravel Projects\\GSF\\vendor\\fideloper\\proxy\\src\\TrustProxies.php(57): Illuminate\\Routing\\Pipeline->Illuminate\\Routing\\{closure}(Object(Illuminate\\Http\\Request))
#34 C:\\xampp\\htdocs\\Laravel Projects\\GSF\\vendor\\laravel\\framework\\src\\Illuminate\\Pipeline\\Pipeline.php(163): Fideloper\\Proxy\\TrustProxies->handle(Object(Illuminate\\Http\\Request), Object(Closure))
#35 C:\\xampp\\htdocs\\Laravel Projects\\GSF\\vendor\\laravel\\framework\\src\\Illuminate\\Routing\\Pipeline.php(53): Illuminate\\Pipeline\\Pipeline->Illuminate\\Pipeline\\{closure}(Object(Illuminate\\Http\\Request))
#36 C:\\xampp\\htdocs\\Laravel Projects\\GSF\\vendor\\laravel\\framework\\src\\Illuminate\\Foundation\\Http\\Middleware\\TransformsRequest.php(21): Illuminate\\Routing\\Pipeline->Illuminate\\Routing\\{closure}(Object(Illuminate\\Http\\Request))
#37 C:\\xampp\\htdocs\\Laravel Projects\\GSF\\vendor\\laravel\\framework\\src\\Illuminate\\Pipeline\\Pipeline.php(163): Illuminate\\Foundation\\Http\\Middleware\\TransformsRequest->handle(Object(Illuminate\\Http\\Request), Object(Closure))
#38 C:\\xampp\\htdocs\\Laravel Projects\\GSF\\vendor\\laravel\\framework\\src\\Illuminate\\Routing\\Pipeline.php(53): Illuminate\\Pipeline\\Pipeline->Illuminate\\Pipeline\\{closure}(Object(Illuminate\\Http\\Request))
#39 C:\\xampp\\htdocs\\Laravel Projects\\GSF\\vendor\\laravel\\framework\\src\\Illuminate\\Foundation\\Http\\Middleware\\TransformsRequest.php(21): Illuminate\\Routing\\Pipeline->Illuminate\\Routing\\{closure}(Object(Illuminate\\Http\\Request))
#40 C:\\xampp\\htdocs\\Laravel Projects\\GSF\\vendor\\laravel\\framework\\src\\Illuminate\\Pipeline\\Pipeline.php(163): Illuminate\\Foundation\\Http\\Middleware\\TransformsRequest->handle(Object(Illuminate\\Http\\Request), Object(Closure))
#41 C:\\xampp\\htdocs\\Laravel Projects\\GSF\\vendor\\laravel\\framework\\src\\Illuminate\\Routing\\Pipeline.php(53): Illuminate\\Pipeline\\Pipeline->Illuminate\\Pipeline\\{closure}(Object(Illuminate\\Http\\Request))
#42 C:\\xampp\\htdocs\\Laravel Projects\\GSF\\vendor\\laravel\\framework\\src\\Illuminate\\Foundation\\Http\\Middleware\\ValidatePostSize.php(27): Illuminate\\Routing\\Pipeline->Illuminate\\Routing\\{closure}(Object(Illuminate\\Http\\Request))
#43 C:\\xampp\\htdocs\\Laravel Projects\\GSF\\vendor\\laravel\\framework\\src\\Illuminate\\Pipeline\\Pipeline.php(163): Illuminate\\Foundation\\Http\\Middleware\\ValidatePostSize->handle(Object(Illuminate\\Http\\Request), Object(Closure))
#44 C:\\xampp\\htdocs\\Laravel Projects\\GSF\\vendor\\laravel\\framework\\src\\Illuminate\\Routing\\Pipeline.php(53): Illuminate\\Pipeline\\Pipeline->Illuminate\\Pipeline\\{closure}(Object(Illuminate\\Http\\Request))
#45 C:\\xampp\\htdocs\\Laravel Projects\\GSF\\vendor\\laravel\\framework\\src\\Illuminate\\Foundation\\Http\\Middleware\\CheckForMaintenanceMode.php(62): Illuminate\\Routing\\Pipeline->Illuminate\\Routing\\{closure}(Object(Illuminate\\Http\\Request))
#46 C:\\xampp\\htdocs\\Laravel Projects\\GSF\\vendor\\laravel\\framework\\src\\Illuminate\\Pipeline\\Pipeline.php(163): Illuminate\\Foundation\\Http\\Middleware\\CheckForMaintenanceMode->handle(Object(Illuminate\\Http\\Request), Object(Closure))
#47 C:\\xampp\\htdocs\\Laravel Projects\\GSF\\vendor\\laravel\\framework\\src\\Illuminate\\Routing\\Pipeline.php(53): Illuminate\\Pipeline\\Pipeline->Illuminate\\Pipeline\\{closure}(Object(Illuminate\\Http\\Request))
#48 C:\\xampp\\htdocs\\Laravel Projects\\GSF\\vendor\\laravel\\framework\\src\\Illuminate\\Pipeline\\Pipeline.php(104): Illuminate\\Routing\\Pipeline->Illuminate\\Routing\\{closure}(Object(Illuminate\\Http\\Request))
#49 C:\\xampp\\htdocs\\Laravel Projects\\GSF\\vendor\\laravel\\framework\\src\\Illuminate\\Foundation\\Http\\Kernel.php(151): Illuminate\\Pipeline\\Pipeline->then(Object(Closure))
#50 C:\\xampp\\htdocs\\Laravel Projects\\GSF\\vendor\\laravel\\framework\\src\\Illuminate\\Foundation\\Http\\Kernel.php(116): Illuminate\\Foundation\\Http\\Kernel->sendRequestThroughRouter(Object(Illuminate\\Http\\Request))
#51 C:\\xampp\\htdocs\\Laravel Projects\\GSF\\public\\index.php(55): Illuminate\\Foundation\\Http\\Kernel->handle(Object(Illuminate\\Http\\Request))
#52 C:\\xampp\\htdocs\\Laravel Projects\\GSF\\server.php(21): require_once('C:\\\\xampp\\\\htdocs...')
#53 {main}
"} 
[2021-01-25 23:13:48] local.ERROR: Serialization of 'Closure' is not allowed {"userId":18,"exception":"[object] (Exception(code: 0): Serialization of 'Closure' is not allowed at C:\\xampp\\htdocs\\Laravel Projects\\GSF\\vendor\\laravel\\framework\\src\\Illuminate\\Session\\Store.php:129)
[stacktrace]
#0 C:\\xampp\\htdocs\\Laravel Projects\\GSF\\vendor\\laravel\\framework\\src\\Illuminate\\Session\\Store.php(129): serialize(Array)
#1 C:\\xampp\\htdocs\\Laravel Projects\\GSF\\vendor\\laravel\\framework\\src\\Illuminate\\Session\\Middleware\\StartSession.php(170): Illuminate\\Session\\Store->save()
#2 C:\\xampp\\htdocs\\Laravel Projects\\GSF\\vendor\\laravel\\framework\\src\\Illuminate\\Session\\Middleware\\StartSession.php(65): Illuminate\\Session\\Middleware\\StartSession->saveSession(Object(Illuminate\\Http\\Request))
#3 C:\\xampp\\htdocs\\Laravel Projects\\GSF\\vendor\\laravel\\framework\\src\\Illuminate\\Pipeline\\Pipeline.php(163): Illuminate\\Session\\Middleware\\StartSession->handle(Object(Illuminate\\Http\\Request), Object(Closure))
#4 C:\\xampp\\htdocs\\Laravel Projects\\GSF\\vendor\\laravel\\framework\\src\\Illuminate\\Routing\\Pipeline.php(53): Illuminate\\Pipeline\\Pipeline->Illuminate\\Pipeline\\{closure}(Object(Illuminate\\Http\\Request))
#5 C:\\xampp\\htdocs\\Laravel Projects\\GSF\\vendor\\laravel\\framework\\src\\Illuminate\\Cookie\\Middleware\\AddQueuedCookiesToResponse.php(37): Illuminate\\Routing\\Pipeline->Illuminate\\Routing\\{closure}(Object(Illuminate\\Http\\Request))
#6 C:\\xampp\\htdocs\\Laravel Projects\\GSF\\vendor\\laravel\\framework\\src\\Illuminate\\Pipeline\\Pipeline.php(163): Illuminate\\Cookie\\Middleware\\AddQueuedCookiesToResponse->handle(Object(Illuminate\\Http\\Request), Object(Closure))
#7 C:\\xampp\\htdocs\\Laravel Projects\\GSF\\vendor\\laravel\\framework\\src\\Illuminate\\Routing\\Pipeline.php(53): Illuminate\\Pipeline\\Pipeline->Illuminate\\Pipeline\\{closure}(Object(Illuminate\\Http\\Request))
#8 C:\\xampp\\htdocs\\Laravel Projects\\GSF\\vendor\\laravel\\framework\\src\\Illuminate\\Cookie\\Middleware\\EncryptCookies.php(66): Illuminate\\Routing\\Pipeline->Illuminate\\Routing\\{closure}(Object(Illuminate\\Http\\Request))
#9 C:\\xampp\\htdocs\\Laravel Projects\\GSF\\vendor\\laravel\\framework\\src\\Illuminate\\Pipeline\\Pipeline.php(163): Illuminate\\Cookie\\Middleware\\EncryptCookies->handle(Object(Illuminate\\Http\\Request), Object(Closure))
#10 C:\\xampp\\htdocs\\Laravel Projects\\GSF\\vendor\\laravel\\framework\\src\\Illuminate\\Routing\\Pipeline.php(53): Illuminate\\Pipeline\\Pipeline->Illuminate\\Pipeline\\{closure}(Object(Illuminate\\Http\\Request))
#11 C:\\xampp\\htdocs\\Laravel Projects\\GSF\\vendor\\laravel\\framework\\src\\Illuminate\\Pipeline\\Pipeline.php(104): Illuminate\\Routing\\Pipeline->Illuminate\\Routing\\{closure}(Object(Illuminate\\Http\\Request))
#12 C:\\xampp\\htdocs\\Laravel Projects\\GSF\\vendor\\laravel\\framework\\src\\Illuminate\\Routing\\Router.php(682): Illuminate\\Pipeline\\Pipeline->then(Object(Closure))
#13 C:\\xampp\\htdocs\\Laravel Projects\\GSF\\vendor\\laravel\\framework\\src\\Illuminate\\Routing\\Router.php(657): Illuminate\\Routing\\Router->runRouteWithinStack(Object(Illuminate\\Routing\\Route), Object(Illuminate\\Http\\Request))
#14 C:\\xampp\\htdocs\\Laravel Projects\\GSF\\vendor\\laravel\\framework\\src\\Illuminate\\Routing\\Router.php(623): Illuminate\\Routing\\Router->runRoute(Object(Illuminate\\Http\\Request), Object(Illuminate\\Routing\\Route))
#15 C:\\xampp\\htdocs\\Laravel Projects\\GSF\\vendor\\laravel\\framework\\src\\Illuminate\\Routing\\Router.php(612): Illuminate\\Routing\\Router->dispatchToRoute(Object(Illuminate\\Http\\Request))
#16 C:\\xampp\\htdocs\\Laravel Projects\\GSF\\vendor\\laravel\\framework\\src\\Illuminate\\Foundation\\Http\\Kernel.php(176): Illuminate\\Routing\\Router->dispatch(Object(Illuminate\\Http\\Request))
#17 C:\\xampp\\htdocs\\Laravel Projects\\GSF\\vendor\\laravel\\framework\\src\\Illuminate\\Routing\\Pipeline.php(30): Illuminate\\Foundation\\Http\\Kernel->Illuminate\\Foundation\\Http\\{closure}(Object(Illuminate\\Http\\Request))
#18 C:\\xampp\\htdocs\\Laravel Projects\\GSF\\vendor\\fideloper\\proxy\\src\\TrustProxies.php(57): Illuminate\\Routing\\Pipeline->Illuminate\\Routing\\{closure}(Object(Illuminate\\Http\\Request))
#19 C:\\xampp\\htdocs\\Laravel Projects\\GSF\\vendor\\laravel\\framework\\src\\Illuminate\\Pipeline\\Pipeline.php(163): Fideloper\\Proxy\\TrustProxies->handle(Object(Illuminate\\Http\\Request), Object(Closure))
#20 C:\\xampp\\htdocs\\Laravel Projects\\GSF\\vendor\\laravel\\framework\\src\\Illuminate\\Routing\\Pipeline.php(53): Illuminate\\Pipeline\\Pipeline->Illuminate\\Pipeline\\{closure}(Object(Illuminate\\Http\\Request))
#21 C:\\xampp\\htdocs\\Laravel Projects\\GSF\\vendor\\laravel\\framework\\src\\Illuminate\\Foundation\\Http\\Middleware\\TransformsRequest.php(21): Illuminate\\Routing\\Pipeline->Illuminate\\Routing\\{closure}(Object(Illuminate\\Http\\Request))
#22 C:\\xampp\\htdocs\\Laravel Projects\\GSF\\vendor\\laravel\\framework\\src\\Illuminate\\Pipeline\\Pipeline.php(163): Illuminate\\Foundation\\Http\\Middleware\\TransformsRequest->handle(Object(Illuminate\\Http\\Request), Object(Closure))
#23 C:\\xampp\\htdocs\\Laravel Projects\\GSF\\vendor\\laravel\\framework\\src\\Illuminate\\Routing\\Pipeline.php(53): Illuminate\\Pipeline\\Pipeline->Illuminate\\Pipeline\\{closure}(Object(Illuminate\\Http\\Request))
#24 C:\\xampp\\htdocs\\Laravel Projects\\GSF\\vendor\\laravel\\framework\\src\\Illuminate\\Foundation\\Http\\Middleware\\TransformsRequest.php(21): Illuminate\\Routing\\Pipeline->Illuminate\\Routing\\{closure}(Object(Illuminate\\Http\\Request))
#25 C:\\xampp\\htdocs\\Laravel Projects\\GSF\\vendor\\laravel\\framework\\src\\Illuminate\\Pipeline\\Pipeline.php(163): Illuminate\\Foundation\\Http\\Middleware\\TransformsRequest->handle(Object(Illuminate\\Http\\Request), Object(Closure))
#26 C:\\xampp\\htdocs\\Laravel Projects\\GSF\\vendor\\laravel\\framework\\src\\Illuminate\\Routing\\Pipeline.php(53): Illuminate\\Pipeline\\Pipeline->Illuminate\\Pipeline\\{closure}(Object(Illuminate\\Http\\Request))
#27 C:\\xampp\\htdocs\\Laravel Projects\\GSF\\vendor\\laravel\\framework\\src\\Illuminate\\Foundation\\Http\\Middleware\\ValidatePostSize.php(27): Illuminate\\Routing\\Pipeline->Illuminate\\Routing\\{closure}(Object(Illuminate\\Http\\Request))
#28 C:\\xampp\\htdocs\\Laravel Projects\\GSF\\vendor\\laravel\\framework\\src\\Illuminate\\Pipeline\\Pipeline.php(163): Illuminate\\Foundation\\Http\\Middleware\\ValidatePostSize->handle(Object(Illuminate\\Http\\Request), Object(Closure))
#29 C:\\xampp\\htdocs\\Laravel Projects\\GSF\\vendor\\laravel\\framework\\src\\Illuminate\\Routing\\Pipeline.php(53): Illuminate\\Pipeline\\Pipeline->Illuminate\\Pipeline\\{closure}(Object(Illuminate\\Http\\Request))
#30 C:\\xampp\\htdocs\\Laravel Projects\\GSF\\vendor\\laravel\\framework\\src\\Illuminate\\Foundation\\Http\\Middleware\\CheckForMaintenanceMode.php(62): Illuminate\\Routing\\Pipeline->Illuminate\\Routing\\{closure}(Object(Illuminate\\Http\\Request))
#31 C:\\xampp\\htdocs\\Laravel Projects\\GSF\\vendor\\laravel\\framework\\src\\Illuminate\\Pipeline\\Pipeline.php(163): Illuminate\\Foundation\\Http\\Middleware\\CheckForMaintenanceMode->handle(Object(Illuminate\\Http\\Request), Object(Closure))
#32 C:\\xampp\\htdocs\\Laravel Projects\\GSF\\vendor\\laravel\\framework\\src\\Illuminate\\Routing\\Pipeline.php(53): Illuminate\\Pipeline\\Pipeline->Illuminate\\Pipeline\\{closure}(Object(Illuminate\\Http\\Request))
#33 C:\\xampp\\htdocs\\Laravel Projects\\GSF\\vendor\\laravel\\framework\\src\\Illuminate\\Pipeline\\Pipeline.php(104): Illuminate\\Routing\\Pipeline->Illuminate\\Routing\\{closure}(Object(Illuminate\\Http\\Request))
#34 C:\\xampp\\htdocs\\Laravel Projects\\GSF\\vendor\\laravel\\framework\\src\\Illuminate\\Foundation\\Http\\Kernel.php(151): Illuminate\\Pipeline\\Pipeline->then(Object(Closure))
#35 C:\\xampp\\htdocs\\Laravel Projects\\GSF\\vendor\\laravel\\framework\\src\\Illuminate\\Foundation\\Http\\Kernel.php(116): Illuminate\\Foundation\\Http\\Kernel->sendRequestThroughRouter(Object(Illuminate\\Http\\Request))
#36 C:\\xampp\\htdocs\\Laravel Projects\\GSF\\public\\index.php(55): Illuminate\\Foundation\\Http\\Kernel->handle(Object(Illuminate\\Http\\Request))
#37 C:\\xampp\\htdocs\\Laravel Projects\\GSF\\server.php(21): require_once('C:\\\\xampp\\\\htdocs...')
#38 {main}
"} 
[2021-01-25 23:14:05] local.ERROR: Serialization of 'Closure' is not allowed {"userId":18,"exception":"[object] (Exception(code: 0): Serialization of 'Closure' is not allowed at C:\\xampp\\htdocs\\Laravel Projects\\GSF\\vendor\\laravel\\framework\\src\\Illuminate\\Session\\Store.php:129)
[stacktrace]
#0 C:\\xampp\\htdocs\\Laravel Projects\\GSF\\vendor\\laravel\\framework\\src\\Illuminate\\Session\\Store.php(129): serialize(Array)
#1 C:\\xampp\\htdocs\\Laravel Projects\\GSF\\vendor\\laravel\\framework\\src\\Illuminate\\Session\\Middleware\\StartSession.php(170): Illuminate\\Session\\Store->save()
#2 C:\\xampp\\htdocs\\Laravel Projects\\GSF\\vendor\\laravel\\framework\\src\\Illuminate\\Session\\Middleware\\StartSession.php(65): Illuminate\\Session\\Middleware\\StartSession->saveSession(Object(Illuminate\\Http\\Request))
#3 C:\\xampp\\htdocs\\Laravel Projects\\GSF\\vendor\\laravel\\framework\\src\\Illuminate\\Pipeline\\Pipeline.php(163): Illuminate\\Session\\Middleware\\StartSession->handle(Object(Illuminate\\Http\\Request), Object(Closure))
#4 C:\\xampp\\htdocs\\Laravel Projects\\GSF\\vendor\\laravel\\framework\\src\\Illuminate\\Routing\\Pipeline.php(53): Illuminate\\Pipeline\\Pipeline->Illuminate\\Pipeline\\{closure}(Object(Illuminate\\Http\\Request))
#5 C:\\xampp\\htdocs\\Laravel Projects\\GSF\\vendor\\laravel\\framework\\src\\Illuminate\\Cookie\\Middleware\\AddQueuedCookiesToResponse.php(37): Illuminate\\Routing\\Pipeline->Illuminate\\Routing\\{closure}(Object(Illuminate\\Http\\Request))
#6 C:\\xampp\\htdocs\\Laravel Projects\\GSF\\vendor\\laravel\\framework\\src\\Illuminate\\Pipeline\\Pipeline.php(163): Illuminate\\Cookie\\Middleware\\AddQueuedCookiesToResponse->handle(Object(Illuminate\\Http\\Request), Object(Closure))
#7 C:\\xampp\\htdocs\\Laravel Projects\\GSF\\vendor\\laravel\\framework\\src\\Illuminate\\Routing\\Pipeline.php(53): Illuminate\\Pipeline\\Pipeline->Illuminate\\Pipeline\\{closure}(Object(Illuminate\\Http\\Request))
#8 C:\\xampp\\htdocs\\Laravel Projects\\GSF\\vendor\\laravel\\framework\\src\\Illuminate\\Cookie\\Middleware\\EncryptCookies.php(66): Illuminate\\Routing\\Pipeline->Illuminate\\Routing\\{closure}(Object(Illuminate\\Http\\Request))
#9 C:\\xampp\\htdocs\\Laravel Projects\\GSF\\vendor\\laravel\\framework\\src\\Illuminate\\Pipeline\\Pipeline.php(163): Illuminate\\Cookie\\Middleware\\EncryptCookies->handle(Object(Illuminate\\Http\\Request), Object(Closure))
#10 C:\\xampp\\htdocs\\Laravel Projects\\GSF\\vendor\\laravel\\framework\\src\\Illuminate\\Routing\\Pipeline.php(53): Illuminate\\Pipeline\\Pipeline->Illuminate\\Pipeline\\{closure}(Object(Illuminate\\Http\\Request))
#11 C:\\xampp\\htdocs\\Laravel Projects\\GSF\\vendor\\laravel\\framework\\src\\Illuminate\\Pipeline\\Pipeline.php(104): Illuminate\\Routing\\Pipeline->Illuminate\\Routing\\{closure}(Object(Illuminate\\Http\\Request))
#12 C:\\xampp\\htdocs\\Laravel Projects\\GSF\\vendor\\laravel\\framework\\src\\Illuminate\\Routing\\Router.php(682): Illuminate\\Pipeline\\Pipeline->then(Object(Closure))
#13 C:\\xampp\\htdocs\\Laravel Projects\\GSF\\vendor\\laravel\\framework\\src\\Illuminate\\Routing\\Router.php(657): Illuminate\\Routing\\Router->runRouteWithinStack(Object(Illuminate\\Routing\\Route), Object(Illuminate\\Http\\Request))
#14 C:\\xampp\\htdocs\\Laravel Projects\\GSF\\vendor\\laravel\\framework\\src\\Illuminate\\Routing\\Router.php(623): Illuminate\\Routing\\Router->runRoute(Object(Illuminate\\Http\\Request), Object(Illuminate\\Routing\\Route))
#15 C:\\xampp\\htdocs\\Laravel Projects\\GSF\\vendor\\laravel\\framework\\src\\Illuminate\\Routing\\Router.php(612): Illuminate\\Routing\\Router->dispatchToRoute(Object(Illuminate\\Http\\Request))
#16 C:\\xampp\\htdocs\\Laravel Projects\\GSF\\vendor\\laravel\\framework\\src\\Illuminate\\Foundation\\Http\\Kernel.php(176): Illuminate\\Routing\\Router->dispatch(Object(Illuminate\\Http\\Request))
#17 C:\\xampp\\htdocs\\Laravel Projects\\GSF\\vendor\\laravel\\framework\\src\\Illuminate\\Routing\\Pipeline.php(30): Illuminate\\Foundation\\Http\\Kernel->Illuminate\\Foundation\\Http\\{closure}(Object(Illuminate\\Http\\Request))
#18 C:\\xampp\\htdocs\\Laravel Projects\\GSF\\vendor\\fideloper\\proxy\\src\\TrustProxies.php(57): Illuminate\\Routing\\Pipeline->Illuminate\\Routing\\{closure}(Object(Illuminate\\Http\\Request))
#19 C:\\xampp\\htdocs\\Laravel Projects\\GSF\\vendor\\laravel\\framework\\src\\Illuminate\\Pipeline\\Pipeline.php(163): Fideloper\\Proxy\\TrustProxies->handle(Object(Illuminate\\Http\\Request), Object(Closure))
#20 C:\\xampp\\htdocs\\Laravel Projects\\GSF\\vendor\\laravel\\framework\\src\\Illuminate\\Routing\\Pipeline.php(53): Illuminate\\Pipeline\\Pipeline->Illuminate\\Pipeline\\{closure}(Object(Illuminate\\Http\\Request))
#21 C:\\xampp\\htdocs\\Laravel Projects\\GSF\\vendor\\laravel\\framework\\src\\Illuminate\\Foundation\\Http\\Middleware\\TransformsRequest.php(21): Illuminate\\Routing\\Pipeline->Illuminate\\Routing\\{closure}(Object(Illuminate\\Http\\Request))
#22 C:\\xampp\\htdocs\\Laravel Projects\\GSF\\vendor\\laravel\\framework\\src\\Illuminate\\Pipeline\\Pipeline.php(163): Illuminate\\Foundation\\Http\\Middleware\\TransformsRequest->handle(Object(Illuminate\\Http\\Request), Object(Closure))
#23 C:\\xampp\\htdocs\\Laravel Projects\\GSF\\vendor\\laravel\\framework\\src\\Illuminate\\Routing\\Pipeline.php(53): Illuminate\\Pipeline\\Pipeline->Illuminate\\Pipeline\\{closure}(Object(Illuminate\\Http\\Request))
#24 C:\\xampp\\htdocs\\Laravel Projects\\GSF\\vendor\\laravel\\framework\\src\\Illuminate\\Foundation\\Http\\Middleware\\TransformsRequest.php(21): Illuminate\\Routing\\Pipeline->Illuminate\\Routing\\{closure}(Object(Illuminate\\Http\\Request))
#25 C:\\xampp\\htdocs\\Laravel Projects\\GSF\\vendor\\laravel\\framework\\src\\Illuminate\\Pipeline\\Pipeline.php(163): Illuminate\\Foundation\\Http\\Middleware\\TransformsRequest->handle(Object(Illuminate\\Http\\Request), Object(Closure))
#26 C:\\xampp\\htdocs\\Laravel Projects\\GSF\\vendor\\laravel\\framework\\src\\Illuminate\\Routing\\Pipeline.php(53): Illuminate\\Pipeline\\Pipeline->Illuminate\\Pipeline\\{closure}(Object(Illuminate\\Http\\Request))
#27 C:\\xampp\\htdocs\\Laravel Projects\\GSF\\vendor\\laravel\\framework\\src\\Illuminate\\Foundation\\Http\\Middleware\\ValidatePostSize.php(27): Illuminate\\Routing\\Pipeline->Illuminate\\Routing\\{closure}(Object(Illuminate\\Http\\Request))
#28 C:\\xampp\\htdocs\\Laravel Projects\\GSF\\vendor\\laravel\\framework\\src\\Illuminate\\Pipeline\\Pipeline.php(163): Illuminate\\Foundation\\Http\\Middleware\\ValidatePostSize->handle(Object(Illuminate\\Http\\Request), Object(Closure))
#29 C:\\xampp\\htdocs\\Laravel Projects\\GSF\\vendor\\laravel\\framework\\src\\Illuminate\\Routing\\Pipeline.php(53): Illuminate\\Pipeline\\Pipeline->Illuminate\\Pipeline\\{closure}(Object(Illuminate\\Http\\Request))
#30 C:\\xampp\\htdocs\\Laravel Projects\\GSF\\vendor\\laravel\\framework\\src\\Illuminate\\Foundation\\Http\\Middleware\\CheckForMaintenanceMode.php(62): Illuminate\\Routing\\Pipeline->Illuminate\\Routing\\{closure}(Object(Illuminate\\Http\\Request))
#31 C:\\xampp\\htdocs\\Laravel Projects\\GSF\\vendor\\laravel\\framework\\src\\Illuminate\\Pipeline\\Pipeline.php(163): Illuminate\\Foundation\\Http\\Middleware\\CheckForMaintenanceMode->handle(Object(Illuminate\\Http\\Request), Object(Closure))
#32 C:\\xampp\\htdocs\\Laravel Projects\\GSF\\vendor\\laravel\\framework\\src\\Illuminate\\Routing\\Pipeline.php(53): Illuminate\\Pipeline\\Pipeline->Illuminate\\Pipeline\\{closure}(Object(Illuminate\\Http\\Request))
#33 C:\\xampp\\htdocs\\Laravel Projects\\GSF\\vendor\\laravel\\framework\\src\\Illuminate\\Pipeline\\Pipeline.php(104): Illuminate\\Routing\\Pipeline->Illuminate\\Routing\\{closure}(Object(Illuminate\\Http\\Request))
#34 C:\\xampp\\htdocs\\Laravel Projects\\GSF\\vendor\\laravel\\framework\\src\\Illuminate\\Foundation\\Http\\Kernel.php(151): Illuminate\\Pipeline\\Pipeline->then(Object(Closure))
#35 C:\\xampp\\htdocs\\Laravel Projects\\GSF\\vendor\\laravel\\framework\\src\\Illuminate\\Foundation\\Http\\Kernel.php(116): Illuminate\\Foundation\\Http\\Kernel->sendRequestThroughRouter(Object(Illuminate\\Http\\Request))
#36 C:\\xampp\\htdocs\\Laravel Projects\\GSF\\public\\index.php(55): Illuminate\\Foundation\\Http\\Kernel->handle(Object(Illuminate\\Http\\Request))
#37 C:\\xampp\\htdocs\\Laravel Projects\\GSF\\server.php(21): require_once('C:\\\\xampp\\\\htdocs...')
#38 {main}
"} 
[2021-01-25 23:14:08] local.ERROR: Serialization of 'Closure' is not allowed {"userId":18,"exception":"[object] (Exception(code: 0): Serialization of 'Closure' is not allowed at C:\\xampp\\htdocs\\Laravel Projects\\GSF\\vendor\\laravel\\framework\\src\\Illuminate\\Session\\Store.php:129)
[stacktrace]
#0 C:\\xampp\\htdocs\\Laravel Projects\\GSF\\vendor\\laravel\\framework\\src\\Illuminate\\Session\\Store.php(129): serialize(Array)
#1 C:\\xampp\\htdocs\\Laravel Projects\\GSF\\vendor\\laravel\\framework\\src\\Illuminate\\Session\\Middleware\\StartSession.php(170): Illuminate\\Session\\Store->save()
#2 C:\\xampp\\htdocs\\Laravel Projects\\GSF\\vendor\\laravel\\framework\\src\\Illuminate\\Session\\Middleware\\StartSession.php(65): Illuminate\\Session\\Middleware\\StartSession->saveSession(Object(Illuminate\\Http\\Request))
#3 C:\\xampp\\htdocs\\Laravel Projects\\GSF\\vendor\\laravel\\framework\\src\\Illuminate\\Pipeline\\Pipeline.php(163): Illuminate\\Session\\Middleware\\StartSession->handle(Object(Illuminate\\Http\\Request), Object(Closure))
#4 C:\\xampp\\htdocs\\Laravel Projects\\GSF\\vendor\\laravel\\framework\\src\\Illuminate\\Routing\\Pipeline.php(53): Illuminate\\Pipeline\\Pipeline->Illuminate\\Pipeline\\{closure}(Object(Illuminate\\Http\\Request))
#5 C:\\xampp\\htdocs\\Laravel Projects\\GSF\\vendor\\laravel\\framework\\src\\Illuminate\\Cookie\\Middleware\\AddQueuedCookiesToResponse.php(37): Illuminate\\Routing\\Pipeline->Illuminate\\Routing\\{closure}(Object(Illuminate\\Http\\Request))
#6 C:\\xampp\\htdocs\\Laravel Projects\\GSF\\vendor\\laravel\\framework\\src\\Illuminate\\Pipeline\\Pipeline.php(163): Illuminate\\Cookie\\Middleware\\AddQueuedCookiesToResponse->handle(Object(Illuminate\\Http\\Request), Object(Closure))
#7 C:\\xampp\\htdocs\\Laravel Projects\\GSF\\vendor\\laravel\\framework\\src\\Illuminate\\Routing\\Pipeline.php(53): Illuminate\\Pipeline\\Pipeline->Illuminate\\Pipeline\\{closure}(Object(Illuminate\\Http\\Request))
#8 C:\\xampp\\htdocs\\Laravel Projects\\GSF\\vendor\\laravel\\framework\\src\\Illuminate\\Cookie\\Middleware\\EncryptCookies.php(66): Illuminate\\Routing\\Pipeline->Illuminate\\Routing\\{closure}(Object(Illuminate\\Http\\Request))
#9 C:\\xampp\\htdocs\\Laravel Projects\\GSF\\vendor\\laravel\\framework\\src\\Illuminate\\Pipeline\\Pipeline.php(163): Illuminate\\Cookie\\Middleware\\EncryptCookies->handle(Object(Illuminate\\Http\\Request), Object(Closure))
#10 C:\\xampp\\htdocs\\Laravel Projects\\GSF\\vendor\\laravel\\framework\\src\\Illuminate\\Routing\\Pipeline.php(53): Illuminate\\Pipeline\\Pipeline->Illuminate\\Pipeline\\{closure}(Object(Illuminate\\Http\\Request))
#11 C:\\xampp\\htdocs\\Laravel Projects\\GSF\\vendor\\laravel\\framework\\src\\Illuminate\\Pipeline\\Pipeline.php(104): Illuminate\\Routing\\Pipeline->Illuminate\\Routing\\{closure}(Object(Illuminate\\Http\\Request))
#12 C:\\xampp\\htdocs\\Laravel Projects\\GSF\\vendor\\laravel\\framework\\src\\Illuminate\\Routing\\Router.php(682): Illuminate\\Pipeline\\Pipeline->then(Object(Closure))
#13 C:\\xampp\\htdocs\\Laravel Projects\\GSF\\vendor\\laravel\\framework\\src\\Illuminate\\Routing\\Router.php(657): Illuminate\\Routing\\Router->runRouteWithinStack(Object(Illuminate\\Routing\\Route), Object(Illuminate\\Http\\Request))
#14 C:\\xampp\\htdocs\\Laravel Projects\\GSF\\vendor\\laravel\\framework\\src\\Illuminate\\Routing\\Router.php(623): Illuminate\\Routing\\Router->runRoute(Object(Illuminate\\Http\\Request), Object(Illuminate\\Routing\\Route))
#15 C:\\xampp\\htdocs\\Laravel Projects\\GSF\\vendor\\laravel\\framework\\src\\Illuminate\\Routing\\Router.php(612): Illuminate\\Routing\\Router->dispatchToRoute(Object(Illuminate\\Http\\Request))
#16 C:\\xampp\\htdocs\\Laravel Projects\\GSF\\vendor\\laravel\\framework\\src\\Illuminate\\Foundation\\Http\\Kernel.php(176): Illuminate\\Routing\\Router->dispatch(Object(Illuminate\\Http\\Request))
#17 C:\\xampp\\htdocs\\Laravel Projects\\GSF\\vendor\\laravel\\framework\\src\\Illuminate\\Routing\\Pipeline.php(30): Illuminate\\Foundation\\Http\\Kernel->Illuminate\\Foundation\\Http\\{closure}(Object(Illuminate\\Http\\Request))
#18 C:\\xampp\\htdocs\\Laravel Projects\\GSF\\vendor\\fideloper\\proxy\\src\\TrustProxies.php(57): Illuminate\\Routing\\Pipeline->Illuminate\\Routing\\{closure}(Object(Illuminate\\Http\\Request))
#19 C:\\xampp\\htdocs\\Laravel Projects\\GSF\\vendor\\laravel\\framework\\src\\Illuminate\\Pipeline\\Pipeline.php(163): Fideloper\\Proxy\\TrustProxies->handle(Object(Illuminate\\Http\\Request), Object(Closure))
#20 C:\\xampp\\htdocs\\Laravel Projects\\GSF\\vendor\\laravel\\framework\\src\\Illuminate\\Routing\\Pipeline.php(53): Illuminate\\Pipeline\\Pipeline->Illuminate\\Pipeline\\{closure}(Object(Illuminate\\Http\\Request))
#21 C:\\xampp\\htdocs\\Laravel Projects\\GSF\\vendor\\laravel\\framework\\src\\Illuminate\\Foundation\\Http\\Middleware\\TransformsRequest.php(21): Illuminate\\Routing\\Pipeline->Illuminate\\Routing\\{closure}(Object(Illuminate\\Http\\Request))
#22 C:\\xampp\\htdocs\\Laravel Projects\\GSF\\vendor\\laravel\\framework\\src\\Illuminate\\Pipeline\\Pipeline.php(163): Illuminate\\Foundation\\Http\\Middleware\\TransformsRequest->handle(Object(Illuminate\\Http\\Request), Object(Closure))
#23 C:\\xampp\\htdocs\\Laravel Projects\\GSF\\vendor\\laravel\\framework\\src\\Illuminate\\Routing\\Pipeline.php(53): Illuminate\\Pipeline\\Pipeline->Illuminate\\Pipeline\\{closure}(Object(Illuminate\\Http\\Request))
#24 C:\\xampp\\htdocs\\Laravel Projects\\GSF\\vendor\\laravel\\framework\\src\\Illuminate\\Foundation\\Http\\Middleware\\TransformsRequest.php(21): Illuminate\\Routing\\Pipeline->Illuminate\\Routing\\{closure}(Object(Illuminate\\Http\\Request))
#25 C:\\xampp\\htdocs\\Laravel Projects\\GSF\\vendor\\laravel\\framework\\src\\Illuminate\\Pipeline\\Pipeline.php(163): Illuminate\\Foundation\\Http\\Middleware\\TransformsRequest->handle(Object(Illuminate\\Http\\Request), Object(Closure))
#26 C:\\xampp\\htdocs\\Laravel Projects\\GSF\\vendor\\laravel\\framework\\src\\Illuminate\\Routing\\Pipeline.php(53): Illuminate\\Pipeline\\Pipeline->Illuminate\\Pipeline\\{closure}(Object(Illuminate\\Http\\Request))
#27 C:\\xampp\\htdocs\\Laravel Projects\\GSF\\vendor\\laravel\\framework\\src\\Illuminate\\Foundation\\Http\\Middleware\\ValidatePostSize.php(27): Illuminate\\Routing\\Pipeline->Illuminate\\Routing\\{closure}(Object(Illuminate\\Http\\Request))
#28 C:\\xampp\\htdocs\\Laravel Projects\\GSF\\vendor\\laravel\\framework\\src\\Illuminate\\Pipeline\\Pipeline.php(163): Illuminate\\Foundation\\Http\\Middleware\\ValidatePostSize->handle(Object(Illuminate\\Http\\Request), Object(Closure))
#29 C:\\xampp\\htdocs\\Laravel Projects\\GSF\\vendor\\laravel\\framework\\src\\Illuminate\\Routing\\Pipeline.php(53): Illuminate\\Pipeline\\Pipeline->Illuminate\\Pipeline\\{closure}(Object(Illuminate\\Http\\Request))
#30 C:\\xampp\\htdocs\\Laravel Projects\\GSF\\vendor\\laravel\\framework\\src\\Illuminate\\Foundation\\Http\\Middleware\\CheckForMaintenanceMode.php(62): Illuminate\\Routing\\Pipeline->Illuminate\\Routing\\{closure}(Object(Illuminate\\Http\\Request))
#31 C:\\xampp\\htdocs\\Laravel Projects\\GSF\\vendor\\laravel\\framework\\src\\Illuminate\\Pipeline\\Pipeline.php(163): Illuminate\\Foundation\\Http\\Middleware\\CheckForMaintenanceMode->handle(Object(Illuminate\\Http\\Request), Object(Closure))
#32 C:\\xampp\\htdocs\\Laravel Projects\\GSF\\vendor\\laravel\\framework\\src\\Illuminate\\Routing\\Pipeline.php(53): Illuminate\\Pipeline\\Pipeline->Illuminate\\Pipeline\\{closure}(Object(Illuminate\\Http\\Request))
#33 C:\\xampp\\htdocs\\Laravel Projects\\GSF\\vendor\\laravel\\framework\\src\\Illuminate\\Pipeline\\Pipeline.php(104): Illuminate\\Routing\\Pipeline->Illuminate\\Routing\\{closure}(Object(Illuminate\\Http\\Request))
#34 C:\\xampp\\htdocs\\Laravel Projects\\GSF\\vendor\\laravel\\framework\\src\\Illuminate\\Foundation\\Http\\Kernel.php(151): Illuminate\\Pipeline\\Pipeline->then(Object(Closure))
#35 C:\\xampp\\htdocs\\Laravel Projects\\GSF\\vendor\\laravel\\framework\\src\\Illuminate\\Foundation\\Http\\Kernel.php(116): Illuminate\\Foundation\\Http\\Kernel->sendRequestThroughRouter(Object(Illuminate\\Http\\Request))
#36 C:\\xampp\\htdocs\\Laravel Projects\\GSF\\public\\index.php(55): Illuminate\\Foundation\\Http\\Kernel->handle(Object(Illuminate\\Http\\Request))
#37 C:\\xampp\\htdocs\\Laravel Projects\\GSF\\server.php(21): require_once('C:\\\\xampp\\\\htdocs...')
#38 {main}
"} 
[2021-01-25 23:15:26] local.ERROR: Serialization of 'Closure' is not allowed {"userId":18,"exception":"[object] (Exception(code: 0): Serialization of 'Closure' is not allowed at C:\\xampp\\htdocs\\Laravel Projects\\GSF\\vendor\\laravel\\framework\\src\\Illuminate\\Session\\Store.php:129)
[stacktrace]
#0 C:\\xampp\\htdocs\\Laravel Projects\\GSF\\vendor\\laravel\\framework\\src\\Illuminate\\Session\\Store.php(129): serialize(Array)
#1 C:\\xampp\\htdocs\\Laravel Projects\\GSF\\vendor\\laravel\\framework\\src\\Illuminate\\Session\\Middleware\\StartSession.php(170): Illuminate\\Session\\Store->save()
#2 C:\\xampp\\htdocs\\Laravel Projects\\GSF\\vendor\\laravel\\framework\\src\\Illuminate\\Session\\Middleware\\StartSession.php(65): Illuminate\\Session\\Middleware\\StartSession->saveSession(Object(Illuminate\\Http\\Request))
#3 C:\\xampp\\htdocs\\Laravel Projects\\GSF\\vendor\\laravel\\framework\\src\\Illuminate\\Pipeline\\Pipeline.php(163): Illuminate\\Session\\Middleware\\StartSession->handle(Object(Illuminate\\Http\\Request), Object(Closure))
#4 C:\\xampp\\htdocs\\Laravel Projects\\GSF\\vendor\\laravel\\framework\\src\\Illuminate\\Routing\\Pipeline.php(53): Illuminate\\Pipeline\\Pipeline->Illuminate\\Pipeline\\{closure}(Object(Illuminate\\Http\\Request))
#5 C:\\xampp\\htdocs\\Laravel Projects\\GSF\\vendor\\laravel\\framework\\src\\Illuminate\\Cookie\\Middleware\\AddQueuedCookiesToResponse.php(37): Illuminate\\Routing\\Pipeline->Illuminate\\Routing\\{closure}(Object(Illuminate\\Http\\Request))
#6 C:\\xampp\\htdocs\\Laravel Projects\\GSF\\vendor\\laravel\\framework\\src\\Illuminate\\Pipeline\\Pipeline.php(163): Illuminate\\Cookie\\Middleware\\AddQueuedCookiesToResponse->handle(Object(Illuminate\\Http\\Request), Object(Closure))
#7 C:\\xampp\\htdocs\\Laravel Projects\\GSF\\vendor\\laravel\\framework\\src\\Illuminate\\Routing\\Pipeline.php(53): Illuminate\\Pipeline\\Pipeline->Illuminate\\Pipeline\\{closure}(Object(Illuminate\\Http\\Request))
#8 C:\\xampp\\htdocs\\Laravel Projects\\GSF\\vendor\\laravel\\framework\\src\\Illuminate\\Cookie\\Middleware\\EncryptCookies.php(66): Illuminate\\Routing\\Pipeline->Illuminate\\Routing\\{closure}(Object(Illuminate\\Http\\Request))
#9 C:\\xampp\\htdocs\\Laravel Projects\\GSF\\vendor\\laravel\\framework\\src\\Illuminate\\Pipeline\\Pipeline.php(163): Illuminate\\Cookie\\Middleware\\EncryptCookies->handle(Object(Illuminate\\Http\\Request), Object(Closure))
#10 C:\\xampp\\htdocs\\Laravel Projects\\GSF\\vendor\\laravel\\framework\\src\\Illuminate\\Routing\\Pipeline.php(53): Illuminate\\Pipeline\\Pipeline->Illuminate\\Pipeline\\{closure}(Object(Illuminate\\Http\\Request))
#11 C:\\xampp\\htdocs\\Laravel Projects\\GSF\\vendor\\laravel\\framework\\src\\Illuminate\\Pipeline\\Pipeline.php(104): Illuminate\\Routing\\Pipeline->Illuminate\\Routing\\{closure}(Object(Illuminate\\Http\\Request))
#12 C:\\xampp\\htdocs\\Laravel Projects\\GSF\\vendor\\laravel\\framework\\src\\Illuminate\\Routing\\Router.php(682): Illuminate\\Pipeline\\Pipeline->then(Object(Closure))
#13 C:\\xampp\\htdocs\\Laravel Projects\\GSF\\vendor\\laravel\\framework\\src\\Illuminate\\Routing\\Router.php(657): Illuminate\\Routing\\Router->runRouteWithinStack(Object(Illuminate\\Routing\\Route), Object(Illuminate\\Http\\Request))
#14 C:\\xampp\\htdocs\\Laravel Projects\\GSF\\vendor\\laravel\\framework\\src\\Illuminate\\Routing\\Router.php(623): Illuminate\\Routing\\Router->runRoute(Object(Illuminate\\Http\\Request), Object(Illuminate\\Routing\\Route))
#15 C:\\xampp\\htdocs\\Laravel Projects\\GSF\\vendor\\laravel\\framework\\src\\Illuminate\\Routing\\Router.php(612): Illuminate\\Routing\\Router->dispatchToRoute(Object(Illuminate\\Http\\Request))
#16 C:\\xampp\\htdocs\\Laravel Projects\\GSF\\vendor\\laravel\\framework\\src\\Illuminate\\Foundation\\Http\\Kernel.php(176): Illuminate\\Routing\\Router->dispatch(Object(Illuminate\\Http\\Request))
#17 C:\\xampp\\htdocs\\Laravel Projects\\GSF\\vendor\\laravel\\framework\\src\\Illuminate\\Routing\\Pipeline.php(30): Illuminate\\Foundation\\Http\\Kernel->Illuminate\\Foundation\\Http\\{closure}(Object(Illuminate\\Http\\Request))
#18 C:\\xampp\\htdocs\\Laravel Projects\\GSF\\vendor\\fideloper\\proxy\\src\\TrustProxies.php(57): Illuminate\\Routing\\Pipeline->Illuminate\\Routing\\{closure}(Object(Illuminate\\Http\\Request))
#19 C:\\xampp\\htdocs\\Laravel Projects\\GSF\\vendor\\laravel\\framework\\src\\Illuminate\\Pipeline\\Pipeline.php(163): Fideloper\\Proxy\\TrustProxies->handle(Object(Illuminate\\Http\\Request), Object(Closure))
#20 C:\\xampp\\htdocs\\Laravel Projects\\GSF\\vendor\\laravel\\framework\\src\\Illuminate\\Routing\\Pipeline.php(53): Illuminate\\Pipeline\\Pipeline->Illuminate\\Pipeline\\{closure}(Object(Illuminate\\Http\\Request))
#21 C:\\xampp\\htdocs\\Laravel Projects\\GSF\\vendor\\laravel\\framework\\src\\Illuminate\\Foundation\\Http\\Middleware\\TransformsRequest.php(21): Illuminate\\Routing\\Pipeline->Illuminate\\Routing\\{closure}(Object(Illuminate\\Http\\Request))
#22 C:\\xampp\\htdocs\\Laravel Projects\\GSF\\vendor\\laravel\\framework\\src\\Illuminate\\Pipeline\\Pipeline.php(163): Illuminate\\Foundation\\Http\\Middleware\\TransformsRequest->handle(Object(Illuminate\\Http\\Request), Object(Closure))
#23 C:\\xampp\\htdocs\\Laravel Projects\\GSF\\vendor\\laravel\\framework\\src\\Illuminate\\Routing\\Pipeline.php(53): Illuminate\\Pipeline\\Pipeline->Illuminate\\Pipeline\\{closure}(Object(Illuminate\\Http\\Request))
#24 C:\\xampp\\htdocs\\Laravel Projects\\GSF\\vendor\\laravel\\framework\\src\\Illuminate\\Foundation\\Http\\Middleware\\TransformsRequest.php(21): Illuminate\\Routing\\Pipeline->Illuminate\\Routing\\{closure}(Object(Illuminate\\Http\\Request))
#25 C:\\xampp\\htdocs\\Laravel Projects\\GSF\\vendor\\laravel\\framework\\src\\Illuminate\\Pipeline\\Pipeline.php(163): Illuminate\\Foundation\\Http\\Middleware\\TransformsRequest->handle(Object(Illuminate\\Http\\Request), Object(Closure))
#26 C:\\xampp\\htdocs\\Laravel Projects\\GSF\\vendor\\laravel\\framework\\src\\Illuminate\\Routing\\Pipeline.php(53): Illuminate\\Pipeline\\Pipeline->Illuminate\\Pipeline\\{closure}(Object(Illuminate\\Http\\Request))
#27 C:\\xampp\\htdocs\\Laravel Projects\\GSF\\vendor\\laravel\\framework\\src\\Illuminate\\Foundation\\Http\\Middleware\\ValidatePostSize.php(27): Illuminate\\Routing\\Pipeline->Illuminate\\Routing\\{closure}(Object(Illuminate\\Http\\Request))
#28 C:\\xampp\\htdocs\\Laravel Projects\\GSF\\vendor\\laravel\\framework\\src\\Illuminate\\Pipeline\\Pipeline.php(163): Illuminate\\Foundation\\Http\\Middleware\\ValidatePostSize->handle(Object(Illuminate\\Http\\Request), Object(Closure))
#29 C:\\xampp\\htdocs\\Laravel Projects\\GSF\\vendor\\laravel\\framework\\src\\Illuminate\\Routing\\Pipeline.php(53): Illuminate\\Pipeline\\Pipeline->Illuminate\\Pipeline\\{closure}(Object(Illuminate\\Http\\Request))
#30 C:\\xampp\\htdocs\\Laravel Projects\\GSF\\vendor\\laravel\\framework\\src\\Illuminate\\Foundation\\Http\\Middleware\\CheckForMaintenanceMode.php(62): Illuminate\\Routing\\Pipeline->Illuminate\\Routing\\{closure}(Object(Illuminate\\Http\\Request))
#31 C:\\xampp\\htdocs\\Laravel Projects\\GSF\\vendor\\laravel\\framework\\src\\Illuminate\\Pipeline\\Pipeline.php(163): Illuminate\\Foundation\\Http\\Middleware\\CheckForMaintenanceMode->handle(Object(Illuminate\\Http\\Request), Object(Closure))
#32 C:\\xampp\\htdocs\\Laravel Projects\\GSF\\vendor\\laravel\\framework\\src\\Illuminate\\Routing\\Pipeline.php(53): Illuminate\\Pipeline\\Pipeline->Illuminate\\Pipeline\\{closure}(Object(Illuminate\\Http\\Request))
#33 C:\\xampp\\htdocs\\Laravel Projects\\GSF\\vendor\\laravel\\framework\\src\\Illuminate\\Pipeline\\Pipeline.php(104): Illuminate\\Routing\\Pipeline->Illuminate\\Routing\\{closure}(Object(Illuminate\\Http\\Request))
#34 C:\\xampp\\htdocs\\Laravel Projects\\GSF\\vendor\\laravel\\framework\\src\\Illuminate\\Foundation\\Http\\Kernel.php(151): Illuminate\\Pipeline\\Pipeline->then(Object(Closure))
#35 C:\\xampp\\htdocs\\Laravel Projects\\GSF\\vendor\\laravel\\framework\\src\\Illuminate\\Foundation\\Http\\Kernel.php(116): Illuminate\\Foundation\\Http\\Kernel->sendRequestThroughRouter(Object(Illuminate\\Http\\Request))
#36 C:\\xampp\\htdocs\\Laravel Projects\\GSF\\public\\index.php(55): Illuminate\\Foundation\\Http\\Kernel->handle(Object(Illuminate\\Http\\Request))
#37 C:\\xampp\\htdocs\\Laravel Projects\\GSF\\server.php(21): require_once('C:\\\\xampp\\\\htdocs...')
#38 {main}
"} 
[2021-01-25 23:15:35] local.ERROR: Serialization of 'Closure' is not allowed {"userId":18,"exception":"[object] (Exception(code: 0): Serialization of 'Closure' is not allowed at C:\\xampp\\htdocs\\Laravel Projects\\GSF\\vendor\\laravel\\framework\\src\\Illuminate\\Session\\Store.php:129)
[stacktrace]
#0 C:\\xampp\\htdocs\\Laravel Projects\\GSF\\vendor\\laravel\\framework\\src\\Illuminate\\Session\\Store.php(129): serialize(Array)
#1 C:\\xampp\\htdocs\\Laravel Projects\\GSF\\vendor\\laravel\\framework\\src\\Illuminate\\Session\\Middleware\\StartSession.php(170): Illuminate\\Session\\Store->save()
#2 C:\\xampp\\htdocs\\Laravel Projects\\GSF\\vendor\\laravel\\framework\\src\\Illuminate\\Session\\Middleware\\StartSession.php(65): Illuminate\\Session\\Middleware\\StartSession->saveSession(Object(Illuminate\\Http\\Request))
#3 C:\\xampp\\htdocs\\Laravel Projects\\GSF\\vendor\\laravel\\framework\\src\\Illuminate\\Pipeline\\Pipeline.php(163): Illuminate\\Session\\Middleware\\StartSession->handle(Object(Illuminate\\Http\\Request), Object(Closure))
#4 C:\\xampp\\htdocs\\Laravel Projects\\GSF\\vendor\\laravel\\framework\\src\\Illuminate\\Routing\\Pipeline.php(53): Illuminate\\Pipeline\\Pipeline->Illuminate\\Pipeline\\{closure}(Object(Illuminate\\Http\\Request))
#5 C:\\xampp\\htdocs\\Laravel Projects\\GSF\\vendor\\laravel\\framework\\src\\Illuminate\\Cookie\\Middleware\\AddQueuedCookiesToResponse.php(37): Illuminate\\Routing\\Pipeline->Illuminate\\Routing\\{closure}(Object(Illuminate\\Http\\Request))
#6 C:\\xampp\\htdocs\\Laravel Projects\\GSF\\vendor\\laravel\\framework\\src\\Illuminate\\Pipeline\\Pipeline.php(163): Illuminate\\Cookie\\Middleware\\AddQueuedCookiesToResponse->handle(Object(Illuminate\\Http\\Request), Object(Closure))
#7 C:\\xampp\\htdocs\\Laravel Projects\\GSF\\vendor\\laravel\\framework\\src\\Illuminate\\Routing\\Pipeline.php(53): Illuminate\\Pipeline\\Pipeline->Illuminate\\Pipeline\\{closure}(Object(Illuminate\\Http\\Request))
#8 C:\\xampp\\htdocs\\Laravel Projects\\GSF\\vendor\\laravel\\framework\\src\\Illuminate\\Cookie\\Middleware\\EncryptCookies.php(66): Illuminate\\Routing\\Pipeline->Illuminate\\Routing\\{closure}(Object(Illuminate\\Http\\Request))
#9 C:\\xampp\\htdocs\\Laravel Projects\\GSF\\vendor\\laravel\\framework\\src\\Illuminate\\Pipeline\\Pipeline.php(163): Illuminate\\Cookie\\Middleware\\EncryptCookies->handle(Object(Illuminate\\Http\\Request), Object(Closure))
#10 C:\\xampp\\htdocs\\Laravel Projects\\GSF\\vendor\\laravel\\framework\\src\\Illuminate\\Routing\\Pipeline.php(53): Illuminate\\Pipeline\\Pipeline->Illuminate\\Pipeline\\{closure}(Object(Illuminate\\Http\\Request))
#11 C:\\xampp\\htdocs\\Laravel Projects\\GSF\\vendor\\laravel\\framework\\src\\Illuminate\\Pipeline\\Pipeline.php(104): Illuminate\\Routing\\Pipeline->Illuminate\\Routing\\{closure}(Object(Illuminate\\Http\\Request))
#12 C:\\xampp\\htdocs\\Laravel Projects\\GSF\\vendor\\laravel\\framework\\src\\Illuminate\\Routing\\Router.php(682): Illuminate\\Pipeline\\Pipeline->then(Object(Closure))
#13 C:\\xampp\\htdocs\\Laravel Projects\\GSF\\vendor\\laravel\\framework\\src\\Illuminate\\Routing\\Router.php(657): Illuminate\\Routing\\Router->runRouteWithinStack(Object(Illuminate\\Routing\\Route), Object(Illuminate\\Http\\Request))
#14 C:\\xampp\\htdocs\\Laravel Projects\\GSF\\vendor\\laravel\\framework\\src\\Illuminate\\Routing\\Router.php(623): Illuminate\\Routing\\Router->runRoute(Object(Illuminate\\Http\\Request), Object(Illuminate\\Routing\\Route))
#15 C:\\xampp\\htdocs\\Laravel Projects\\GSF\\vendor\\laravel\\framework\\src\\Illuminate\\Routing\\Router.php(612): Illuminate\\Routing\\Router->dispatchToRoute(Object(Illuminate\\Http\\Request))
#16 C:\\xampp\\htdocs\\Laravel Projects\\GSF\\vendor\\laravel\\framework\\src\\Illuminate\\Foundation\\Http\\Kernel.php(176): Illuminate\\Routing\\Router->dispatch(Object(Illuminate\\Http\\Request))
#17 C:\\xampp\\htdocs\\Laravel Projects\\GSF\\vendor\\laravel\\framework\\src\\Illuminate\\Routing\\Pipeline.php(30): Illuminate\\Foundation\\Http\\Kernel->Illuminate\\Foundation\\Http\\{closure}(Object(Illuminate\\Http\\Request))
#18 C:\\xampp\\htdocs\\Laravel Projects\\GSF\\vendor\\fideloper\\proxy\\src\\TrustProxies.php(57): Illuminate\\Routing\\Pipeline->Illuminate\\Routing\\{closure}(Object(Illuminate\\Http\\Request))
#19 C:\\xampp\\htdocs\\Laravel Projects\\GSF\\vendor\\laravel\\framework\\src\\Illuminate\\Pipeline\\Pipeline.php(163): Fideloper\\Proxy\\TrustProxies->handle(Object(Illuminate\\Http\\Request), Object(Closure))
#20 C:\\xampp\\htdocs\\Laravel Projects\\GSF\\vendor\\laravel\\framework\\src\\Illuminate\\Routing\\Pipeline.php(53): Illuminate\\Pipeline\\Pipeline->Illuminate\\Pipeline\\{closure}(Object(Illuminate\\Http\\Request))
#21 C:\\xampp\\htdocs\\Laravel Projects\\GSF\\vendor\\laravel\\framework\\src\\Illuminate\\Foundation\\Http\\Middleware\\TransformsRequest.php(21): Illuminate\\Routing\\Pipeline->Illuminate\\Routing\\{closure}(Object(Illuminate\\Http\\Request))
#22 C:\\xampp\\htdocs\\Laravel Projects\\GSF\\vendor\\laravel\\framework\\src\\Illuminate\\Pipeline\\Pipeline.php(163): Illuminate\\Foundation\\Http\\Middleware\\TransformsRequest->handle(Object(Illuminate\\Http\\Request), Object(Closure))
#23 C:\\xampp\\htdocs\\Laravel Projects\\GSF\\vendor\\laravel\\framework\\src\\Illuminate\\Routing\\Pipeline.php(53): Illuminate\\Pipeline\\Pipeline->Illuminate\\Pipeline\\{closure}(Object(Illuminate\\Http\\Request))
#24 C:\\xampp\\htdocs\\Laravel Projects\\GSF\\vendor\\laravel\\framework\\src\\Illuminate\\Foundation\\Http\\Middleware\\TransformsRequest.php(21): Illuminate\\Routing\\Pipeline->Illuminate\\Routing\\{closure}(Object(Illuminate\\Http\\Request))
#25 C:\\xampp\\htdocs\\Laravel Projects\\GSF\\vendor\\laravel\\framework\\src\\Illuminate\\Pipeline\\Pipeline.php(163): Illuminate\\Foundation\\Http\\Middleware\\TransformsRequest->handle(Object(Illuminate\\Http\\Request), Object(Closure))
#26 C:\\xampp\\htdocs\\Laravel Projects\\GSF\\vendor\\laravel\\framework\\src\\Illuminate\\Routing\\Pipeline.php(53): Illuminate\\Pipeline\\Pipeline->Illuminate\\Pipeline\\{closure}(Object(Illuminate\\Http\\Request))
#27 C:\\xampp\\htdocs\\Laravel Projects\\GSF\\vendor\\laravel\\framework\\src\\Illuminate\\Foundation\\Http\\Middleware\\ValidatePostSize.php(27): Illuminate\\Routing\\Pipeline->Illuminate\\Routing\\{closure}(Object(Illuminate\\Http\\Request))
#28 C:\\xampp\\htdocs\\Laravel Projects\\GSF\\vendor\\laravel\\framework\\src\\Illuminate\\Pipeline\\Pipeline.php(163): Illuminate\\Foundation\\Http\\Middleware\\ValidatePostSize->handle(Object(Illuminate\\Http\\Request), Object(Closure))
#29 C:\\xampp\\htdocs\\Laravel Projects\\GSF\\vendor\\laravel\\framework\\src\\Illuminate\\Routing\\Pipeline.php(53): Illuminate\\Pipeline\\Pipeline->Illuminate\\Pipeline\\{closure}(Object(Illuminate\\Http\\Request))
#30 C:\\xampp\\htdocs\\Laravel Projects\\GSF\\vendor\\laravel\\framework\\src\\Illuminate\\Foundation\\Http\\Middleware\\CheckForMaintenanceMode.php(62): Illuminate\\Routing\\Pipeline->Illuminate\\Routing\\{closure}(Object(Illuminate\\Http\\Request))
#31 C:\\xampp\\htdocs\\Laravel Projects\\GSF\\vendor\\laravel\\framework\\src\\Illuminate\\Pipeline\\Pipeline.php(163): Illuminate\\Foundation\\Http\\Middleware\\CheckForMaintenanceMode->handle(Object(Illuminate\\Http\\Request), Object(Closure))
#32 C:\\xampp\\htdocs\\Laravel Projects\\GSF\\vendor\\laravel\\framework\\src\\Illuminate\\Routing\\Pipeline.php(53): Illuminate\\Pipeline\\Pipeline->Illuminate\\Pipeline\\{closure}(Object(Illuminate\\Http\\Request))
#33 C:\\xampp\\htdocs\\Laravel Projects\\GSF\\vendor\\laravel\\framework\\src\\Illuminate\\Pipeline\\Pipeline.php(104): Illuminate\\Routing\\Pipeline->Illuminate\\Routing\\{closure}(Object(Illuminate\\Http\\Request))
#34 C:\\xampp\\htdocs\\Laravel Projects\\GSF\\vendor\\laravel\\framework\\src\\Illuminate\\Foundation\\Http\\Kernel.php(151): Illuminate\\Pipeline\\Pipeline->then(Object(Closure))
#35 C:\\xampp\\htdocs\\Laravel Projects\\GSF\\vendor\\laravel\\framework\\src\\Illuminate\\Foundation\\Http\\Kernel.php(116): Illuminate\\Foundation\\Http\\Kernel->sendRequestThroughRouter(Object(Illuminate\\Http\\Request))
#36 C:\\xampp\\htdocs\\Laravel Projects\\GSF\\public\\index.php(55): Illuminate\\Foundation\\Http\\Kernel->handle(Object(Illuminate\\Http\\Request))
#37 C:\\xampp\\htdocs\\Laravel Projects\\GSF\\server.php(21): require_once('C:\\\\xampp\\\\htdocs...')
#38 {main}
"} 
[2021-01-25 23:15:42] local.ERROR: Serialization of 'Closure' is not allowed {"userId":18,"exception":"[object] (Exception(code: 0): Serialization of 'Closure' is not allowed at C:\\xampp\\htdocs\\Laravel Projects\\GSF\\vendor\\laravel\\framework\\src\\Illuminate\\Session\\Store.php:129)
[stacktrace]
#0 C:\\xampp\\htdocs\\Laravel Projects\\GSF\\vendor\\laravel\\framework\\src\\Illuminate\\Session\\Store.php(129): serialize(Array)
#1 C:\\xampp\\htdocs\\Laravel Projects\\GSF\\vendor\\laravel\\framework\\src\\Illuminate\\Session\\Middleware\\StartSession.php(170): Illuminate\\Session\\Store->save()
#2 C:\\xampp\\htdocs\\Laravel Projects\\GSF\\vendor\\laravel\\framework\\src\\Illuminate\\Session\\Middleware\\StartSession.php(65): Illuminate\\Session\\Middleware\\StartSession->saveSession(Object(Illuminate\\Http\\Request))
#3 C:\\xampp\\htdocs\\Laravel Projects\\GSF\\vendor\\laravel\\framework\\src\\Illuminate\\Pipeline\\Pipeline.php(163): Illuminate\\Session\\Middleware\\StartSession->handle(Object(Illuminate\\Http\\Request), Object(Closure))
#4 C:\\xampp\\htdocs\\Laravel Projects\\GSF\\vendor\\laravel\\framework\\src\\Illuminate\\Routing\\Pipeline.php(53): Illuminate\\Pipeline\\Pipeline->Illuminate\\Pipeline\\{closure}(Object(Illuminate\\Http\\Request))
#5 C:\\xampp\\htdocs\\Laravel Projects\\GSF\\vendor\\laravel\\framework\\src\\Illuminate\\Cookie\\Middleware\\AddQueuedCookiesToResponse.php(37): Illuminate\\Routing\\Pipeline->Illuminate\\Routing\\{closure}(Object(Illuminate\\Http\\Request))
#6 C:\\xampp\\htdocs\\Laravel Projects\\GSF\\vendor\\laravel\\framework\\src\\Illuminate\\Pipeline\\Pipeline.php(163): Illuminate\\Cookie\\Middleware\\AddQueuedCookiesToResponse->handle(Object(Illuminate\\Http\\Request), Object(Closure))
#7 C:\\xampp\\htdocs\\Laravel Projects\\GSF\\vendor\\laravel\\framework\\src\\Illuminate\\Routing\\Pipeline.php(53): Illuminate\\Pipeline\\Pipeline->Illuminate\\Pipeline\\{closure}(Object(Illuminate\\Http\\Request))
#8 C:\\xampp\\htdocs\\Laravel Projects\\GSF\\vendor\\laravel\\framework\\src\\Illuminate\\Cookie\\Middleware\\EncryptCookies.php(66): Illuminate\\Routing\\Pipeline->Illuminate\\Routing\\{closure}(Object(Illuminate\\Http\\Request))
#9 C:\\xampp\\htdocs\\Laravel Projects\\GSF\\vendor\\laravel\\framework\\src\\Illuminate\\Pipeline\\Pipeline.php(163): Illuminate\\Cookie\\Middleware\\EncryptCookies->handle(Object(Illuminate\\Http\\Request), Object(Closure))
#10 C:\\xampp\\htdocs\\Laravel Projects\\GSF\\vendor\\laravel\\framework\\src\\Illuminate\\Routing\\Pipeline.php(53): Illuminate\\Pipeline\\Pipeline->Illuminate\\Pipeline\\{closure}(Object(Illuminate\\Http\\Request))
#11 C:\\xampp\\htdocs\\Laravel Projects\\GSF\\vendor\\laravel\\framework\\src\\Illuminate\\Pipeline\\Pipeline.php(104): Illuminate\\Routing\\Pipeline->Illuminate\\Routing\\{closure}(Object(Illuminate\\Http\\Request))
#12 C:\\xampp\\htdocs\\Laravel Projects\\GSF\\vendor\\laravel\\framework\\src\\Illuminate\\Routing\\Router.php(682): Illuminate\\Pipeline\\Pipeline->then(Object(Closure))
#13 C:\\xampp\\htdocs\\Laravel Projects\\GSF\\vendor\\laravel\\framework\\src\\Illuminate\\Routing\\Router.php(657): Illuminate\\Routing\\Router->runRouteWithinStack(Object(Illuminate\\Routing\\Route), Object(Illuminate\\Http\\Request))
#14 C:\\xampp\\htdocs\\Laravel Projects\\GSF\\vendor\\laravel\\framework\\src\\Illuminate\\Routing\\Router.php(623): Illuminate\\Routing\\Router->runRoute(Object(Illuminate\\Http\\Request), Object(Illuminate\\Routing\\Route))
#15 C:\\xampp\\htdocs\\Laravel Projects\\GSF\\vendor\\laravel\\framework\\src\\Illuminate\\Routing\\Router.php(612): Illuminate\\Routing\\Router->dispatchToRoute(Object(Illuminate\\Http\\Request))
#16 C:\\xampp\\htdocs\\Laravel Projects\\GSF\\vendor\\laravel\\framework\\src\\Illuminate\\Foundation\\Http\\Kernel.php(176): Illuminate\\Routing\\Router->dispatch(Object(Illuminate\\Http\\Request))
#17 C:\\xampp\\htdocs\\Laravel Projects\\GSF\\vendor\\laravel\\framework\\src\\Illuminate\\Routing\\Pipeline.php(30): Illuminate\\Foundation\\Http\\Kernel->Illuminate\\Foundation\\Http\\{closure}(Object(Illuminate\\Http\\Request))
#18 C:\\xampp\\htdocs\\Laravel Projects\\GSF\\vendor\\fideloper\\proxy\\src\\TrustProxies.php(57): Illuminate\\Routing\\Pipeline->Illuminate\\Routing\\{closure}(Object(Illuminate\\Http\\Request))
#19 C:\\xampp\\htdocs\\Laravel Projects\\GSF\\vendor\\laravel\\framework\\src\\Illuminate\\Pipeline\\Pipeline.php(163): Fideloper\\Proxy\\TrustProxies->handle(Object(Illuminate\\Http\\Request), Object(Closure))
#20 C:\\xampp\\htdocs\\Laravel Projects\\GSF\\vendor\\laravel\\framework\\src\\Illuminate\\Routing\\Pipeline.php(53): Illuminate\\Pipeline\\Pipeline->Illuminate\\Pipeline\\{closure}(Object(Illuminate\\Http\\Request))
#21 C:\\xampp\\htdocs\\Laravel Projects\\GSF\\vendor\\laravel\\framework\\src\\Illuminate\\Foundation\\Http\\Middleware\\TransformsRequest.php(21): Illuminate\\Routing\\Pipeline->Illuminate\\Routing\\{closure}(Object(Illuminate\\Http\\Request))
#22 C:\\xampp\\htdocs\\Laravel Projects\\GSF\\vendor\\laravel\\framework\\src\\Illuminate\\Pipeline\\Pipeline.php(163): Illuminate\\Foundation\\Http\\Middleware\\TransformsRequest->handle(Object(Illuminate\\Http\\Request), Object(Closure))
#23 C:\\xampp\\htdocs\\Laravel Projects\\GSF\\vendor\\laravel\\framework\\src\\Illuminate\\Routing\\Pipeline.php(53): Illuminate\\Pipeline\\Pipeline->Illuminate\\Pipeline\\{closure}(Object(Illuminate\\Http\\Request))
#24 C:\\xampp\\htdocs\\Laravel Projects\\GSF\\vendor\\laravel\\framework\\src\\Illuminate\\Foundation\\Http\\Middleware\\TransformsRequest.php(21): Illuminate\\Routing\\Pipeline->Illuminate\\Routing\\{closure}(Object(Illuminate\\Http\\Request))
#25 C:\\xampp\\htdocs\\Laravel Projects\\GSF\\vendor\\laravel\\framework\\src\\Illuminate\\Pipeline\\Pipeline.php(163): Illuminate\\Foundation\\Http\\Middleware\\TransformsRequest->handle(Object(Illuminate\\Http\\Request), Object(Closure))
#26 C:\\xampp\\htdocs\\Laravel Projects\\GSF\\vendor\\laravel\\framework\\src\\Illuminate\\Routing\\Pipeline.php(53): Illuminate\\Pipeline\\Pipeline->Illuminate\\Pipeline\\{closure}(Object(Illuminate\\Http\\Request))
#27 C:\\xampp\\htdocs\\Laravel Projects\\GSF\\vendor\\laravel\\framework\\src\\Illuminate\\Foundation\\Http\\Middleware\\ValidatePostSize.php(27): Illuminate\\Routing\\Pipeline->Illuminate\\Routing\\{closure}(Object(Illuminate\\Http\\Request))
#28 C:\\xampp\\htdocs\\Laravel Projects\\GSF\\vendor\\laravel\\framework\\src\\Illuminate\\Pipeline\\Pipeline.php(163): Illuminate\\Foundation\\Http\\Middleware\\ValidatePostSize->handle(Object(Illuminate\\Http\\Request), Object(Closure))
#29 C:\\xampp\\htdocs\\Laravel Projects\\GSF\\vendor\\laravel\\framework\\src\\Illuminate\\Routing\\Pipeline.php(53): Illuminate\\Pipeline\\Pipeline->Illuminate\\Pipeline\\{closure}(Object(Illuminate\\Http\\Request))
#30 C:\\xampp\\htdocs\\Laravel Projects\\GSF\\vendor\\laravel\\framework\\src\\Illuminate\\Foundation\\Http\\Middleware\\CheckForMaintenanceMode.php(62): Illuminate\\Routing\\Pipeline->Illuminate\\Routing\\{closure}(Object(Illuminate\\Http\\Request))
#31 C:\\xampp\\htdocs\\Laravel Projects\\GSF\\vendor\\laravel\\framework\\src\\Illuminate\\Pipeline\\Pipeline.php(163): Illuminate\\Foundation\\Http\\Middleware\\CheckForMaintenanceMode->handle(Object(Illuminate\\Http\\Request), Object(Closure))
#32 C:\\xampp\\htdocs\\Laravel Projects\\GSF\\vendor\\laravel\\framework\\src\\Illuminate\\Routing\\Pipeline.php(53): Illuminate\\Pipeline\\Pipeline->Illuminate\\Pipeline\\{closure}(Object(Illuminate\\Http\\Request))
#33 C:\\xampp\\htdocs\\Laravel Projects\\GSF\\vendor\\laravel\\framework\\src\\Illuminate\\Pipeline\\Pipeline.php(104): Illuminate\\Routing\\Pipeline->Illuminate\\Routing\\{closure}(Object(Illuminate\\Http\\Request))
#34 C:\\xampp\\htdocs\\Laravel Projects\\GSF\\vendor\\laravel\\framework\\src\\Illuminate\\Foundation\\Http\\Kernel.php(151): Illuminate\\Pipeline\\Pipeline->then(Object(Closure))
#35 C:\\xampp\\htdocs\\Laravel Projects\\GSF\\vendor\\laravel\\framework\\src\\Illuminate\\Foundation\\Http\\Kernel.php(116): Illuminate\\Foundation\\Http\\Kernel->sendRequestThroughRouter(Object(Illuminate\\Http\\Request))
#36 C:\\xampp\\htdocs\\Laravel Projects\\GSF\\public\\index.php(55): Illuminate\\Foundation\\Http\\Kernel->handle(Object(Illuminate\\Http\\Request))
#37 C:\\xampp\\htdocs\\Laravel Projects\\GSF\\server.php(21): require_once('C:\\\\xampp\\\\htdocs...')
#38 {main}
"} 
[2021-01-25 23:15:52] local.ERROR: Serialization of 'Closure' is not allowed {"userId":18,"exception":"[object] (Exception(code: 0): Serialization of 'Closure' is not allowed at C:\\xampp\\htdocs\\Laravel Projects\\GSF\\vendor\\laravel\\framework\\src\\Illuminate\\Session\\Store.php:129)
[stacktrace]
#0 C:\\xampp\\htdocs\\Laravel Projects\\GSF\\vendor\\laravel\\framework\\src\\Illuminate\\Session\\Store.php(129): serialize(Array)
#1 C:\\xampp\\htdocs\\Laravel Projects\\GSF\\vendor\\laravel\\framework\\src\\Illuminate\\Session\\Middleware\\StartSession.php(170): Illuminate\\Session\\Store->save()
#2 C:\\xampp\\htdocs\\Laravel Projects\\GSF\\vendor\\laravel\\framework\\src\\Illuminate\\Session\\Middleware\\StartSession.php(65): Illuminate\\Session\\Middleware\\StartSession->saveSession(Object(Illuminate\\Http\\Request))
#3 C:\\xampp\\htdocs\\Laravel Projects\\GSF\\vendor\\laravel\\framework\\src\\Illuminate\\Pipeline\\Pipeline.php(163): Illuminate\\Session\\Middleware\\StartSession->handle(Object(Illuminate\\Http\\Request), Object(Closure))
#4 C:\\xampp\\htdocs\\Laravel Projects\\GSF\\vendor\\laravel\\framework\\src\\Illuminate\\Routing\\Pipeline.php(53): Illuminate\\Pipeline\\Pipeline->Illuminate\\Pipeline\\{closure}(Object(Illuminate\\Http\\Request))
#5 C:\\xampp\\htdocs\\Laravel Projects\\GSF\\vendor\\laravel\\framework\\src\\Illuminate\\Cookie\\Middleware\\AddQueuedCookiesToResponse.php(37): Illuminate\\Routing\\Pipeline->Illuminate\\Routing\\{closure}(Object(Illuminate\\Http\\Request))
#6 C:\\xampp\\htdocs\\Laravel Projects\\GSF\\vendor\\laravel\\framework\\src\\Illuminate\\Pipeline\\Pipeline.php(163): Illuminate\\Cookie\\Middleware\\AddQueuedCookiesToResponse->handle(Object(Illuminate\\Http\\Request), Object(Closure))
#7 C:\\xampp\\htdocs\\Laravel Projects\\GSF\\vendor\\laravel\\framework\\src\\Illuminate\\Routing\\Pipeline.php(53): Illuminate\\Pipeline\\Pipeline->Illuminate\\Pipeline\\{closure}(Object(Illuminate\\Http\\Request))
#8 C:\\xampp\\htdocs\\Laravel Projects\\GSF\\vendor\\laravel\\framework\\src\\Illuminate\\Cookie\\Middleware\\EncryptCookies.php(66): Illuminate\\Routing\\Pipeline->Illuminate\\Routing\\{closure}(Object(Illuminate\\Http\\Request))
#9 C:\\xampp\\htdocs\\Laravel Projects\\GSF\\vendor\\laravel\\framework\\src\\Illuminate\\Pipeline\\Pipeline.php(163): Illuminate\\Cookie\\Middleware\\EncryptCookies->handle(Object(Illuminate\\Http\\Request), Object(Closure))
#10 C:\\xampp\\htdocs\\Laravel Projects\\GSF\\vendor\\laravel\\framework\\src\\Illuminate\\Routing\\Pipeline.php(53): Illuminate\\Pipeline\\Pipeline->Illuminate\\Pipeline\\{closure}(Object(Illuminate\\Http\\Request))
#11 C:\\xampp\\htdocs\\Laravel Projects\\GSF\\vendor\\laravel\\framework\\src\\Illuminate\\Pipeline\\Pipeline.php(104): Illuminate\\Routing\\Pipeline->Illuminate\\Routing\\{closure}(Object(Illuminate\\Http\\Request))
#12 C:\\xampp\\htdocs\\Laravel Projects\\GSF\\vendor\\laravel\\framework\\src\\Illuminate\\Routing\\Router.php(682): Illuminate\\Pipeline\\Pipeline->then(Object(Closure))
#13 C:\\xampp\\htdocs\\Laravel Projects\\GSF\\vendor\\laravel\\framework\\src\\Illuminate\\Routing\\Router.php(657): Illuminate\\Routing\\Router->runRouteWithinStack(Object(Illuminate\\Routing\\Route), Object(Illuminate\\Http\\Request))
#14 C:\\xampp\\htdocs\\Laravel Projects\\GSF\\vendor\\laravel\\framework\\src\\Illuminate\\Routing\\Router.php(623): Illuminate\\Routing\\Router->runRoute(Object(Illuminate\\Http\\Request), Object(Illuminate\\Routing\\Route))
#15 C:\\xampp\\htdocs\\Laravel Projects\\GSF\\vendor\\laravel\\framework\\src\\Illuminate\\Routing\\Router.php(612): Illuminate\\Routing\\Router->dispatchToRoute(Object(Illuminate\\Http\\Request))
#16 C:\\xampp\\htdocs\\Laravel Projects\\GSF\\vendor\\laravel\\framework\\src\\Illuminate\\Foundation\\Http\\Kernel.php(176): Illuminate\\Routing\\Router->dispatch(Object(Illuminate\\Http\\Request))
#17 C:\\xampp\\htdocs\\Laravel Projects\\GSF\\vendor\\laravel\\framework\\src\\Illuminate\\Routing\\Pipeline.php(30): Illuminate\\Foundation\\Http\\Kernel->Illuminate\\Foundation\\Http\\{closure}(Object(Illuminate\\Http\\Request))
#18 C:\\xampp\\htdocs\\Laravel Projects\\GSF\\vendor\\fideloper\\proxy\\src\\TrustProxies.php(57): Illuminate\\Routing\\Pipeline->Illuminate\\Routing\\{closure}(Object(Illuminate\\Http\\Request))
#19 C:\\xampp\\htdocs\\Laravel Projects\\GSF\\vendor\\laravel\\framework\\src\\Illuminate\\Pipeline\\Pipeline.php(163): Fideloper\\Proxy\\TrustProxies->handle(Object(Illuminate\\Http\\Request), Object(Closure))
#20 C:\\xampp\\htdocs\\Laravel Projects\\GSF\\vendor\\laravel\\framework\\src\\Illuminate\\Routing\\Pipeline.php(53): Illuminate\\Pipeline\\Pipeline->Illuminate\\Pipeline\\{closure}(Object(Illuminate\\Http\\Request))
#21 C:\\xampp\\htdocs\\Laravel Projects\\GSF\\vendor\\laravel\\framework\\src\\Illuminate\\Foundation\\Http\\Middleware\\TransformsRequest.php(21): Illuminate\\Routing\\Pipeline->Illuminate\\Routing\\{closure}(Object(Illuminate\\Http\\Request))
#22 C:\\xampp\\htdocs\\Laravel Projects\\GSF\\vendor\\laravel\\framework\\src\\Illuminate\\Pipeline\\Pipeline.php(163): Illuminate\\Foundation\\Http\\Middleware\\TransformsRequest->handle(Object(Illuminate\\Http\\Request), Object(Closure))
#23 C:\\xampp\\htdocs\\Laravel Projects\\GSF\\vendor\\laravel\\framework\\src\\Illuminate\\Routing\\Pipeline.php(53): Illuminate\\Pipeline\\Pipeline->Illuminate\\Pipeline\\{closure}(Object(Illuminate\\Http\\Request))
#24 C:\\xampp\\htdocs\\Laravel Projects\\GSF\\vendor\\laravel\\framework\\src\\Illuminate\\Foundation\\Http\\Middleware\\TransformsRequest.php(21): Illuminate\\Routing\\Pipeline->Illuminate\\Routing\\{closure}(Object(Illuminate\\Http\\Request))
#25 C:\\xampp\\htdocs\\Laravel Projects\\GSF\\vendor\\laravel\\framework\\src\\Illuminate\\Pipeline\\Pipeline.php(163): Illuminate\\Foundation\\Http\\Middleware\\TransformsRequest->handle(Object(Illuminate\\Http\\Request), Object(Closure))
#26 C:\\xampp\\htdocs\\Laravel Projects\\GSF\\vendor\\laravel\\framework\\src\\Illuminate\\Routing\\Pipeline.php(53): Illuminate\\Pipeline\\Pipeline->Illuminate\\Pipeline\\{closure}(Object(Illuminate\\Http\\Request))
#27 C:\\xampp\\htdocs\\Laravel Projects\\GSF\\vendor\\laravel\\framework\\src\\Illuminate\\Foundation\\Http\\Middleware\\ValidatePostSize.php(27): Illuminate\\Routing\\Pipeline->Illuminate\\Routing\\{closure}(Object(Illuminate\\Http\\Request))
#28 C:\\xampp\\htdocs\\Laravel Projects\\GSF\\vendor\\laravel\\framework\\src\\Illuminate\\Pipeline\\Pipeline.php(163): Illuminate\\Foundation\\Http\\Middleware\\ValidatePostSize->handle(Object(Illuminate\\Http\\Request), Object(Closure))
#29 C:\\xampp\\htdocs\\Laravel Projects\\GSF\\vendor\\laravel\\framework\\src\\Illuminate\\Routing\\Pipeline.php(53): Illuminate\\Pipeline\\Pipeline->Illuminate\\Pipeline\\{closure}(Object(Illuminate\\Http\\Request))
#30 C:\\xampp\\htdocs\\Laravel Projects\\GSF\\vendor\\laravel\\framework\\src\\Illuminate\\Foundation\\Http\\Middleware\\CheckForMaintenanceMode.php(62): Illuminate\\Routing\\Pipeline->Illuminate\\Routing\\{closure}(Object(Illuminate\\Http\\Request))
#31 C:\\xampp\\htdocs\\Laravel Projects\\GSF\\vendor\\laravel\\framework\\src\\Illuminate\\Pipeline\\Pipeline.php(163): Illuminate\\Foundation\\Http\\Middleware\\CheckForMaintenanceMode->handle(Object(Illuminate\\Http\\Request), Object(Closure))
#32 C:\\xampp\\htdocs\\Laravel Projects\\GSF\\vendor\\laravel\\framework\\src\\Illuminate\\Routing\\Pipeline.php(53): Illuminate\\Pipeline\\Pipeline->Illuminate\\Pipeline\\{closure}(Object(Illuminate\\Http\\Request))
#33 C:\\xampp\\htdocs\\Laravel Projects\\GSF\\vendor\\laravel\\framework\\src\\Illuminate\\Pipeline\\Pipeline.php(104): Illuminate\\Routing\\Pipeline->Illuminate\\Routing\\{closure}(Object(Illuminate\\Http\\Request))
#34 C:\\xampp\\htdocs\\Laravel Projects\\GSF\\vendor\\laravel\\framework\\src\\Illuminate\\Foundation\\Http\\Kernel.php(151): Illuminate\\Pipeline\\Pipeline->then(Object(Closure))
#35 C:\\xampp\\htdocs\\Laravel Projects\\GSF\\vendor\\laravel\\framework\\src\\Illuminate\\Foundation\\Http\\Kernel.php(116): Illuminate\\Foundation\\Http\\Kernel->sendRequestThroughRouter(Object(Illuminate\\Http\\Request))
#36 C:\\xampp\\htdocs\\Laravel Projects\\GSF\\public\\index.php(55): Illuminate\\Foundation\\Http\\Kernel->handle(Object(Illuminate\\Http\\Request))
#37 C:\\xampp\\htdocs\\Laravel Projects\\GSF\\server.php(21): require_once('C:\\\\xampp\\\\htdocs...')
#38 {main}
"} 
[2021-01-25 23:16:14] local.ERROR: SQLSTATE[HY000]: General error: 1364 Field 'passport' doesn't have a default value (SQL: insert into `users` (`name`, `slot`, `email`, `phone`, `chapter`, `type`, `slot_filled`, `level`, `amount_paid`, `password`, `payment_type`, `transid`, `updated_at`, `created_at`) values (jtjrtrg, 1, sdd@kkk.bo, 7565443, 3, 1, 1, Participant, 2000, $2y$10$uZOi9uhlw29vN1g1R45ZIucdGpxOPNw5Sp5r2li5Hggu1CuElkEy2, PAYSTACK, j76kjKQbcoLPqMd1C6fW7fCOe, 2021-01-25 23:16:14, 2021-01-25 23:16:14)) {"userId":18,"exception":"[object] (Illuminate\\Database\\QueryException(code: HY000): SQLSTATE[HY000]: General error: 1364 Field 'passport' doesn't have a default value (SQL: insert into `users` (`name`, `slot`, `email`, `phone`, `chapter`, `type`, `slot_filled`, `level`, `amount_paid`, `password`, `payment_type`, `transid`, `updated_at`, `created_at`) values (jtjrtrg, 1, sdd@kkk.bo, 7565443, 3, 1, 1, Participant, 2000, $2y$10$uZOi9uhlw29vN1g1R45ZIucdGpxOPNw5Sp5r2li5Hggu1CuElkEy2, PAYSTACK, j76kjKQbcoLPqMd1C6fW7fCOe, 2021-01-25 23:16:14, 2021-01-25 23:16:14)) at C:\\xampp\\htdocs\\Laravel Projects\\GSF\\vendor\\laravel\\framework\\src\\Illuminate\\Database\\Connection.php:664, PDOException(code: HY000): SQLSTATE[HY000]: General error: 1364 Field 'passport' doesn't have a default value at C:\\xampp\\htdocs\\Laravel Projects\\GSF\\vendor\\laravel\\framework\\src\\Illuminate\\Database\\Connection.php:458)
[stacktrace]
#0 C:\\xampp\\htdocs\\Laravel Projects\\GSF\\vendor\\laravel\\framework\\src\\Illuminate\\Database\\Connection.php(624): Illuminate\\Database\\Connection->runQueryCallback('insert into `us...', Array, Object(Closure))
#1 C:\\xampp\\htdocs\\Laravel Projects\\GSF\\vendor\\laravel\\framework\\src\\Illuminate\\Database\\Connection.php(459): Illuminate\\Database\\Connection->run('insert into `us...', Array, Object(Closure))
#2 C:\\xampp\\htdocs\\Laravel Projects\\GSF\\vendor\\laravel\\framework\\src\\Illuminate\\Database\\Connection.php(411): Illuminate\\Database\\Connection->statement('insert into `us...', Array)
#3 C:\\xampp\\htdocs\\Laravel Projects\\GSF\\vendor\\laravel\\framework\\src\\Illuminate\\Database\\Query\\Processors\\Processor.php(32): Illuminate\\Database\\Connection->insert('insert into `us...', Array)
#4 C:\\xampp\\htdocs\\Laravel Projects\\GSF\\vendor\\laravel\\framework\\src\\Illuminate\\Database\\Query\\Builder.php(2690): Illuminate\\Database\\Query\\Processors\\Processor->processInsertGetId(Object(Illuminate\\Database\\Query\\Builder), 'insert into `us...', Array, 'id')
#5 C:\\xampp\\htdocs\\Laravel Projects\\GSF\\vendor\\laravel\\framework\\src\\Illuminate\\Database\\Eloquent\\Builder.php(1353): Illuminate\\Database\\Query\\Builder->insertGetId(Array, 'id')
#6 C:\\xampp\\htdocs\\Laravel Projects\\GSF\\vendor\\laravel\\framework\\src\\Illuminate\\Database\\Eloquent\\Model.php(839): Illuminate\\Database\\Eloquent\\Builder->__call('insertGetId', Array)
#7 C:\\xampp\\htdocs\\Laravel Projects\\GSF\\vendor\\laravel\\framework\\src\\Illuminate\\Database\\Eloquent\\Model.php(804): Illuminate\\Database\\Eloquent\\Model->insertAndSetId(Object(Illuminate\\Database\\Eloquent\\Builder), Array)
#8 C:\\xampp\\htdocs\\Laravel Projects\\GSF\\vendor\\laravel\\framework\\src\\Illuminate\\Database\\Eloquent\\Model.php(667): Illuminate\\Database\\Eloquent\\Model->performInsert(Object(Illuminate\\Database\\Eloquent\\Builder))
#9 C:\\xampp\\htdocs\\Laravel Projects\\GSF\\vendor\\laravel\\framework\\src\\Illuminate\\Database\\Eloquent\\Builder.php(795): Illuminate\\Database\\Eloquent\\Model->save()
#10 C:\\xampp\\htdocs\\Laravel Projects\\GSF\\vendor\\laravel\\framework\\src\\Illuminate\\Support\\helpers.php(1124): Illuminate\\Database\\Eloquent\\Builder->Illuminate\\Database\\Eloquent\\{closure}(Object(App\\User))
#11 C:\\xampp\\htdocs\\Laravel Projects\\GSF\\vendor\\laravel\\framework\\src\\Illuminate\\Database\\Eloquent\\Builder.php(796): tap(Object(App\\User), Object(Closure))
#12 C:\\xampp\\htdocs\\Laravel Projects\\GSF\\vendor\\laravel\\framework\\src\\Illuminate\\Support\\Traits\\ForwardsCalls.php(23): Illuminate\\Database\\Eloquent\\Builder->create(Array)
#13 C:\\xampp\\htdocs\\Laravel Projects\\GSF\\vendor\\laravel\\framework\\src\\Illuminate\\Database\\Eloquent\\Model.php(1618): Illuminate\\Database\\Eloquent\\Model->forwardCallTo(Object(Illuminate\\Database\\Eloquent\\Builder), 'Create', Array)
#14 C:\\xampp\\htdocs\\Laravel Projects\\GSF\\vendor\\laravel\\framework\\src\\Illuminate\\Database\\Eloquent\\Model.php(1630): Illuminate\\Database\\Eloquent\\Model->__call('Create', Array)
#15 C:\\xampp\\htdocs\\Laravel Projects\\GSF\\app\\Http\\Controllers\\PaymentController.php(125): Illuminate\\Database\\Eloquent\\Model::__callStatic('Create', Array)
#16 [internal function]: App\\Http\\Controllers\\PaymentController->handleGatewayCallback()
#17 C:\\xampp\\htdocs\\Laravel Projects\\GSF\\vendor\\laravel\\framework\\src\\Illuminate\\Routing\\Controller.php(54): call_user_func_array(Array, Array)
#18 C:\\xampp\\htdocs\\Laravel Projects\\GSF\\vendor\\laravel\\framework\\src\\Illuminate\\Routing\\ControllerDispatcher.php(45): Illuminate\\Routing\\Controller->callAction('handleGatewayCa...', Array)
#19 C:\\xampp\\htdocs\\Laravel Projects\\GSF\\vendor\\laravel\\framework\\src\\Illuminate\\Routing\\Route.php(219): Illuminate\\Routing\\ControllerDispatcher->dispatch(Object(Illuminate\\Routing\\Route), Object(App\\Http\\Controllers\\PaymentController), 'handleGatewayCa...')
#20 C:\\xampp\\htdocs\\Laravel Projects\\GSF\\vendor\\laravel\\framework\\src\\Illuminate\\Routing\\Route.php(176): Illuminate\\Routing\\Route->runController()
#21 C:\\xampp\\htdocs\\Laravel Projects\\GSF\\vendor\\laravel\\framework\\src\\Illuminate\\Routing\\Router.php(680): Illuminate\\Routing\\Route->run()
#22 C:\\xampp\\htdocs\\Laravel Projects\\GSF\\vendor\\laravel\\framework\\src\\Illuminate\\Routing\\Pipeline.php(30): Illuminate\\Routing\\Router->Illuminate\\Routing\\{closure}(Object(Illuminate\\Http\\Request))
#23 C:\\xampp\\htdocs\\Laravel Projects\\GSF\\vendor\\laravel\\framework\\src\\Illuminate\\Routing\\Middleware\\SubstituteBindings.php(41): Illuminate\\Routing\\Pipeline->Illuminate\\Routing\\{closure}(Object(Illuminate\\Http\\Request))
#24 C:\\xampp\\htdocs\\Laravel Projects\\GSF\\vendor\\laravel\\framework\\src\\Illuminate\\Pipeline\\Pipeline.php(163): Illuminate\\Routing\\Middleware\\SubstituteBindings->handle(Object(Illuminate\\Http\\Request), Object(Closure))
#25 C:\\xampp\\htdocs\\Laravel Projects\\GSF\\vendor\\laravel\\framework\\src\\Illuminate\\Routing\\Pipeline.php(53): Illuminate\\Pipeline\\Pipeline->Illuminate\\Pipeline\\{closure}(Object(Illuminate\\Http\\Request))
#26 C:\\xampp\\htdocs\\Laravel Projects\\GSF\\vendor\\laravel\\framework\\src\\Illuminate\\Foundation\\Http\\Middleware\\VerifyCsrfToken.php(75): Illuminate\\Routing\\Pipeline->Illuminate\\Routing\\{closure}(Object(Illuminate\\Http\\Request))
#27 C:\\xampp\\htdocs\\Laravel Projects\\GSF\\vendor\\laravel\\framework\\src\\Illuminate\\Pipeline\\Pipeline.php(163): Illuminate\\Foundation\\Http\\Middleware\\VerifyCsrfToken->handle(Object(Illuminate\\Http\\Request), Object(Closure))
#28 C:\\xampp\\htdocs\\Laravel Projects\\GSF\\vendor\\laravel\\framework\\src\\Illuminate\\Routing\\Pipeline.php(53): Illuminate\\Pipeline\\Pipeline->Illuminate\\Pipeline\\{closure}(Object(Illuminate\\Http\\Request))
#29 C:\\xampp\\htdocs\\Laravel Projects\\GSF\\vendor\\laravel\\framework\\src\\Illuminate\\View\\Middleware\\ShareErrorsFromSession.php(49): Illuminate\\Routing\\Pipeline->Illuminate\\Routing\\{closure}(Object(Illuminate\\Http\\Request))
#30 C:\\xampp\\htdocs\\Laravel Projects\\GSF\\vendor\\laravel\\framework\\src\\Illuminate\\Pipeline\\Pipeline.php(163): Illuminate\\View\\Middleware\\ShareErrorsFromSession->handle(Object(Illuminate\\Http\\Request), Object(Closure))
#31 C:\\xampp\\htdocs\\Laravel Projects\\GSF\\vendor\\laravel\\framework\\src\\Illuminate\\Routing\\Pipeline.php(53): Illuminate\\Pipeline\\Pipeline->Illuminate\\Pipeline\\{closure}(Object(Illuminate\\Http\\Request))
#32 C:\\xampp\\htdocs\\Laravel Projects\\GSF\\vendor\\laravel\\framework\\src\\Illuminate\\Session\\Middleware\\StartSession.php(56): Illuminate\\Routing\\Pipeline->Illuminate\\Routing\\{closure}(Object(Illuminate\\Http\\Request))
#33 C:\\xampp\\htdocs\\Laravel Projects\\GSF\\vendor\\laravel\\framework\\src\\Illuminate\\Pipeline\\Pipeline.php(163): Illuminate\\Session\\Middleware\\StartSession->handle(Object(Illuminate\\Http\\Request), Object(Closure))
#34 C:\\xampp\\htdocs\\Laravel Projects\\GSF\\vendor\\laravel\\framework\\src\\Illuminate\\Routing\\Pipeline.php(53): Illuminate\\Pipeline\\Pipeline->Illuminate\\Pipeline\\{closure}(Object(Illuminate\\Http\\Request))
#35 C:\\xampp\\htdocs\\Laravel Projects\\GSF\\vendor\\laravel\\framework\\src\\Illuminate\\Cookie\\Middleware\\AddQueuedCookiesToResponse.php(37): Illuminate\\Routing\\Pipeline->Illuminate\\Routing\\{closure}(Object(Illuminate\\Http\\Request))
#36 C:\\xampp\\htdocs\\Laravel Projects\\GSF\\vendor\\laravel\\framework\\src\\Illuminate\\Pipeline\\Pipeline.php(163): Illuminate\\Cookie\\Middleware\\AddQueuedCookiesToResponse->handle(Object(Illuminate\\Http\\Request), Object(Closure))
#37 C:\\xampp\\htdocs\\Laravel Projects\\GSF\\vendor\\laravel\\framework\\src\\Illuminate\\Routing\\Pipeline.php(53): Illuminate\\Pipeline\\Pipeline->Illuminate\\Pipeline\\{closure}(Object(Illuminate\\Http\\Request))
#38 C:\\xampp\\htdocs\\Laravel Projects\\GSF\\vendor\\laravel\\framework\\src\\Illuminate\\Cookie\\Middleware\\EncryptCookies.php(66): Illuminate\\Routing\\Pipeline->Illuminate\\Routing\\{closure}(Object(Illuminate\\Http\\Request))
#39 C:\\xampp\\htdocs\\Laravel Projects\\GSF\\vendor\\laravel\\framework\\src\\Illuminate\\Pipeline\\Pipeline.php(163): Illuminate\\Cookie\\Middleware\\EncryptCookies->handle(Object(Illuminate\\Http\\Request), Object(Closure))
#40 C:\\xampp\\htdocs\\Laravel Projects\\GSF\\vendor\\laravel\\framework\\src\\Illuminate\\Routing\\Pipeline.php(53): Illuminate\\Pipeline\\Pipeline->Illuminate\\Pipeline\\{closure}(Object(Illuminate\\Http\\Request))
#41 C:\\xampp\\htdocs\\Laravel Projects\\GSF\\vendor\\laravel\\framework\\src\\Illuminate\\Pipeline\\Pipeline.php(104): Illuminate\\Routing\\Pipeline->Illuminate\\Routing\\{closure}(Object(Illuminate\\Http\\Request))
#42 C:\\xampp\\htdocs\\Laravel Projects\\GSF\\vendor\\laravel\\framework\\src\\Illuminate\\Routing\\Router.php(682): Illuminate\\Pipeline\\Pipeline->then(Object(Closure))
#43 C:\\xampp\\htdocs\\Laravel Projects\\GSF\\vendor\\laravel\\framework\\src\\Illuminate\\Routing\\Router.php(657): Illuminate\\Routing\\Router->runRouteWithinStack(Object(Illuminate\\Routing\\Route), Object(Illuminate\\Http\\Request))
#44 C:\\xampp\\htdocs\\Laravel Projects\\GSF\\vendor\\laravel\\framework\\src\\Illuminate\\Routing\\Router.php(623): Illuminate\\Routing\\Router->runRoute(Object(Illuminate\\Http\\Request), Object(Illuminate\\Routing\\Route))
#45 C:\\xampp\\htdocs\\Laravel Projects\\GSF\\vendor\\laravel\\framework\\src\\Illuminate\\Routing\\Router.php(612): Illuminate\\Routing\\Router->dispatchToRoute(Object(Illuminate\\Http\\Request))
#46 C:\\xampp\\htdocs\\Laravel Projects\\GSF\\vendor\\laravel\\framework\\src\\Illuminate\\Foundation\\Http\\Kernel.php(176): Illuminate\\Routing\\Router->dispatch(Object(Illuminate\\Http\\Request))
#47 C:\\xampp\\htdocs\\Laravel Projects\\GSF\\vendor\\laravel\\framework\\src\\Illuminate\\Routing\\Pipeline.php(30): Illuminate\\Foundation\\Http\\Kernel->Illuminate\\Foundation\\Http\\{closure}(Object(Illuminate\\Http\\Request))
#48 C:\\xampp\\htdocs\\Laravel Projects\\GSF\\vendor\\fideloper\\proxy\\src\\TrustProxies.php(57): Illuminate\\Routing\\Pipeline->Illuminate\\Routing\\{closure}(Object(Illuminate\\Http\\Request))
#49 C:\\xampp\\htdocs\\Laravel Projects\\GSF\\vendor\\laravel\\framework\\src\\Illuminate\\Pipeline\\Pipeline.php(163): Fideloper\\Proxy\\TrustProxies->handle(Object(Illuminate\\Http\\Request), Object(Closure))
#50 C:\\xampp\\htdocs\\Laravel Projects\\GSF\\vendor\\laravel\\framework\\src\\Illuminate\\Routing\\Pipeline.php(53): Illuminate\\Pipeline\\Pipeline->Illuminate\\Pipeline\\{closure}(Object(Illuminate\\Http\\Request))
#51 C:\\xampp\\htdocs\\Laravel Projects\\GSF\\vendor\\laravel\\framework\\src\\Illuminate\\Foundation\\Http\\Middleware\\TransformsRequest.php(21): Illuminate\\Routing\\Pipeline->Illuminate\\Routing\\{closure}(Object(Illuminate\\Http\\Request))
#52 C:\\xampp\\htdocs\\Laravel Projects\\GSF\\vendor\\laravel\\framework\\src\\Illuminate\\Pipeline\\Pipeline.php(163): Illuminate\\Foundation\\Http\\Middleware\\TransformsRequest->handle(Object(Illuminate\\Http\\Request), Object(Closure))
#53 C:\\xampp\\htdocs\\Laravel Projects\\GSF\\vendor\\laravel\\framework\\src\\Illuminate\\Routing\\Pipeline.php(53): Illuminate\\Pipeline\\Pipeline->Illuminate\\Pipeline\\{closure}(Object(Illuminate\\Http\\Request))
#54 C:\\xampp\\htdocs\\Laravel Projects\\GSF\\vendor\\laravel\\framework\\src\\Illuminate\\Foundation\\Http\\Middleware\\TransformsRequest.php(21): Illuminate\\Routing\\Pipeline->Illuminate\\Routing\\{closure}(Object(Illuminate\\Http\\Request))
#55 C:\\xampp\\htdocs\\Laravel Projects\\GSF\\vendor\\laravel\\framework\\src\\Illuminate\\Pipeline\\Pipeline.php(163): Illuminate\\Foundation\\Http\\Middleware\\TransformsRequest->handle(Object(Illuminate\\Http\\Request), Object(Closure))
#56 C:\\xampp\\htdocs\\Laravel Projects\\GSF\\vendor\\laravel\\framework\\src\\Illuminate\\Routing\\Pipeline.php(53): Illuminate\\Pipeline\\Pipeline->Illuminate\\Pipeline\\{closure}(Object(Illuminate\\Http\\Request))
#57 C:\\xampp\\htdocs\\Laravel Projects\\GSF\\vendor\\laravel\\framework\\src\\Illuminate\\Foundation\\Http\\Middleware\\ValidatePostSize.php(27): Illuminate\\Routing\\Pipeline->Illuminate\\Routing\\{closure}(Object(Illuminate\\Http\\Request))
#58 C:\\xampp\\htdocs\\Laravel Projects\\GSF\\vendor\\laravel\\framework\\src\\Illuminate\\Pipeline\\Pipeline.php(163): Illuminate\\Foundation\\Http\\Middleware\\ValidatePostSize->handle(Object(Illuminate\\Http\\Request), Object(Closure))
#59 C:\\xampp\\htdocs\\Laravel Projects\\GSF\\vendor\\laravel\\framework\\src\\Illuminate\\Routing\\Pipeline.php(53): Illuminate\\Pipeline\\Pipeline->Illuminate\\Pipeline\\{closure}(Object(Illuminate\\Http\\Request))
#60 C:\\xampp\\htdocs\\Laravel Projects\\GSF\\vendor\\laravel\\framework\\src\\Illuminate\\Foundation\\Http\\Middleware\\CheckForMaintenanceMode.php(62): Illuminate\\Routing\\Pipeline->Illuminate\\Routing\\{closure}(Object(Illuminate\\Http\\Request))
#61 C:\\xampp\\htdocs\\Laravel Projects\\GSF\\vendor\\laravel\\framework\\src\\Illuminate\\Pipeline\\Pipeline.php(163): Illuminate\\Foundation\\Http\\Middleware\\CheckForMaintenanceMode->handle(Object(Illuminate\\Http\\Request), Object(Closure))
#62 C:\\xampp\\htdocs\\Laravel Projects\\GSF\\vendor\\laravel\\framework\\src\\Illuminate\\Routing\\Pipeline.php(53): Illuminate\\Pipeline\\Pipeline->Illuminate\\Pipeline\\{closure}(Object(Illuminate\\Http\\Request))
#63 C:\\xampp\\htdocs\\Laravel Projects\\GSF\\vendor\\laravel\\framework\\src\\Illuminate\\Pipeline\\Pipeline.php(104): Illuminate\\Routing\\Pipeline->Illuminate\\Routing\\{closure}(Object(Illuminate\\Http\\Request))
#64 C:\\xampp\\htdocs\\Laravel Projects\\GSF\\vendor\\laravel\\framework\\src\\Illuminate\\Foundation\\Http\\Kernel.php(151): Illuminate\\Pipeline\\Pipeline->then(Object(Closure))
#65 C:\\xampp\\htdocs\\Laravel Projects\\GSF\\vendor\\laravel\\framework\\src\\Illuminate\\Foundation\\Http\\Kernel.php(116): Illuminate\\Foundation\\Http\\Kernel->sendRequestThroughRouter(Object(Illuminate\\Http\\Request))
#66 C:\\xampp\\htdocs\\Laravel Projects\\GSF\\public\\index.php(55): Illuminate\\Foundation\\Http\\Kernel->handle(Object(Illuminate\\Http\\Request))
#67 C:\\xampp\\htdocs\\Laravel Projects\\GSF\\server.php(21): require_once('C:\\\\xampp\\\\htdocs...')
#68 {main}
"} 
[2021-01-25 23:17:53] local.ERROR: Trying to get property 'name' of non-object {"userId":18,"exception":"[object] (ErrorException(code: 0): Trying to get property 'name' of non-object at C:\\xampp\\htdocs\\Laravel Projects\\GSF\\app\\Http\\Controllers\\PaymentController.php:78)
[stacktrace]
#0 C:\\xampp\\htdocs\\Laravel Projects\\GSF\\app\\Http\\Controllers\\PaymentController.php(78): Illuminate\\Foundation\\Bootstrap\\HandleExceptions->handleError(8, 'Trying to get p...', 'C:\\\\xampp\\\\htdocs...', 78, Array)
#1 [internal function]: App\\Http\\Controllers\\PaymentController->handleGatewayCallback()
#2 C:\\xampp\\htdocs\\Laravel Projects\\GSF\\vendor\\laravel\\framework\\src\\Illuminate\\Routing\\Controller.php(54): call_user_func_array(Array, Array)
#3 C:\\xampp\\htdocs\\Laravel Projects\\GSF\\vendor\\laravel\\framework\\src\\Illuminate\\Routing\\ControllerDispatcher.php(45): Illuminate\\Routing\\Controller->callAction('handleGatewayCa...', Array)
#4 C:\\xampp\\htdocs\\Laravel Projects\\GSF\\vendor\\laravel\\framework\\src\\Illuminate\\Routing\\Route.php(219): Illuminate\\Routing\\ControllerDispatcher->dispatch(Object(Illuminate\\Routing\\Route), Object(App\\Http\\Controllers\\PaymentController), 'handleGatewayCa...')
#5 C:\\xampp\\htdocs\\Laravel Projects\\GSF\\vendor\\laravel\\framework\\src\\Illuminate\\Routing\\Route.php(176): Illuminate\\Routing\\Route->runController()
#6 C:\\xampp\\htdocs\\Laravel Projects\\GSF\\vendor\\laravel\\framework\\src\\Illuminate\\Routing\\Router.php(680): Illuminate\\Routing\\Route->run()
#7 C:\\xampp\\htdocs\\Laravel Projects\\GSF\\vendor\\laravel\\framework\\src\\Illuminate\\Routing\\Pipeline.php(30): Illuminate\\Routing\\Router->Illuminate\\Routing\\{closure}(Object(Illuminate\\Http\\Request))
#8 C:\\xampp\\htdocs\\Laravel Projects\\GSF\\vendor\\laravel\\framework\\src\\Illuminate\\Routing\\Middleware\\SubstituteBindings.php(41): Illuminate\\Routing\\Pipeline->Illuminate\\Routing\\{closure}(Object(Illuminate\\Http\\Request))
#9 C:\\xampp\\htdocs\\Laravel Projects\\GSF\\vendor\\laravel\\framework\\src\\Illuminate\\Pipeline\\Pipeline.php(163): Illuminate\\Routing\\Middleware\\SubstituteBindings->handle(Object(Illuminate\\Http\\Request), Object(Closure))
#10 C:\\xampp\\htdocs\\Laravel Projects\\GSF\\vendor\\laravel\\framework\\src\\Illuminate\\Routing\\Pipeline.php(53): Illuminate\\Pipeline\\Pipeline->Illuminate\\Pipeline\\{closure}(Object(Illuminate\\Http\\Request))
#11 C:\\xampp\\htdocs\\Laravel Projects\\GSF\\vendor\\laravel\\framework\\src\\Illuminate\\Foundation\\Http\\Middleware\\VerifyCsrfToken.php(75): Illuminate\\Routing\\Pipeline->Illuminate\\Routing\\{closure}(Object(Illuminate\\Http\\Request))
#12 C:\\xampp\\htdocs\\Laravel Projects\\GSF\\vendor\\laravel\\framework\\src\\Illuminate\\Pipeline\\Pipeline.php(163): Illuminate\\Foundation\\Http\\Middleware\\VerifyCsrfToken->handle(Object(Illuminate\\Http\\Request), Object(Closure))
#13 C:\\xampp\\htdocs\\Laravel Projects\\GSF\\vendor\\laravel\\framework\\src\\Illuminate\\Routing\\Pipeline.php(53): Illuminate\\Pipeline\\Pipeline->Illuminate\\Pipeline\\{closure}(Object(Illuminate\\Http\\Request))
#14 C:\\xampp\\htdocs\\Laravel Projects\\GSF\\vendor\\laravel\\framework\\src\\Illuminate\\View\\Middleware\\ShareErrorsFromSession.php(49): Illuminate\\Routing\\Pipeline->Illuminate\\Routing\\{closure}(Object(Illuminate\\Http\\Request))
#15 C:\\xampp\\htdocs\\Laravel Projects\\GSF\\vendor\\laravel\\framework\\src\\Illuminate\\Pipeline\\Pipeline.php(163): Illuminate\\View\\Middleware\\ShareErrorsFromSession->handle(Object(Illuminate\\Http\\Request), Object(Closure))
#16 C:\\xampp\\htdocs\\Laravel Projects\\GSF\\vendor\\laravel\\framework\\src\\Illuminate\\Routing\\Pipeline.php(53): Illuminate\\Pipeline\\Pipeline->Illuminate\\Pipeline\\{closure}(Object(Illuminate\\Http\\Request))
#17 C:\\xampp\\htdocs\\Laravel Projects\\GSF\\vendor\\laravel\\framework\\src\\Illuminate\\Session\\Middleware\\StartSession.php(56): Illuminate\\Routing\\Pipeline->Illuminate\\Routing\\{closure}(Object(Illuminate\\Http\\Request))
#18 C:\\xampp\\htdocs\\Laravel Projects\\GSF\\vendor\\laravel\\framework\\src\\Illuminate\\Pipeline\\Pipeline.php(163): Illuminate\\Session\\Middleware\\StartSession->handle(Object(Illuminate\\Http\\Request), Object(Closure))
#19 C:\\xampp\\htdocs\\Laravel Projects\\GSF\\vendor\\laravel\\framework\\src\\Illuminate\\Routing\\Pipeline.php(53): Illuminate\\Pipeline\\Pipeline->Illuminate\\Pipeline\\{closure}(Object(Illuminate\\Http\\Request))
#20 C:\\xampp\\htdocs\\Laravel Projects\\GSF\\vendor\\laravel\\framework\\src\\Illuminate\\Cookie\\Middleware\\AddQueuedCookiesToResponse.php(37): Illuminate\\Routing\\Pipeline->Illuminate\\Routing\\{closure}(Object(Illuminate\\Http\\Request))
#21 C:\\xampp\\htdocs\\Laravel Projects\\GSF\\vendor\\laravel\\framework\\src\\Illuminate\\Pipeline\\Pipeline.php(163): Illuminate\\Cookie\\Middleware\\AddQueuedCookiesToResponse->handle(Object(Illuminate\\Http\\Request), Object(Closure))
#22 C:\\xampp\\htdocs\\Laravel Projects\\GSF\\vendor\\laravel\\framework\\src\\Illuminate\\Routing\\Pipeline.php(53): Illuminate\\Pipeline\\Pipeline->Illuminate\\Pipeline\\{closure}(Object(Illuminate\\Http\\Request))
#23 C:\\xampp\\htdocs\\Laravel Projects\\GSF\\vendor\\laravel\\framework\\src\\Illuminate\\Cookie\\Middleware\\EncryptCookies.php(66): Illuminate\\Routing\\Pipeline->Illuminate\\Routing\\{closure}(Object(Illuminate\\Http\\Request))
#24 C:\\xampp\\htdocs\\Laravel Projects\\GSF\\vendor\\laravel\\framework\\src\\Illuminate\\Pipeline\\Pipeline.php(163): Illuminate\\Cookie\\Middleware\\EncryptCookies->handle(Object(Illuminate\\Http\\Request), Object(Closure))
#25 C:\\xampp\\htdocs\\Laravel Projects\\GSF\\vendor\\laravel\\framework\\src\\Illuminate\\Routing\\Pipeline.php(53): Illuminate\\Pipeline\\Pipeline->Illuminate\\Pipeline\\{closure}(Object(Illuminate\\Http\\Request))
#26 C:\\xampp\\htdocs\\Laravel Projects\\GSF\\vendor\\laravel\\framework\\src\\Illuminate\\Pipeline\\Pipeline.php(104): Illuminate\\Routing\\Pipeline->Illuminate\\Routing\\{closure}(Object(Illuminate\\Http\\Request))
#27 C:\\xampp\\htdocs\\Laravel Projects\\GSF\\vendor\\laravel\\framework\\src\\Illuminate\\Routing\\Router.php(682): Illuminate\\Pipeline\\Pipeline->then(Object(Closure))
#28 C:\\xampp\\htdocs\\Laravel Projects\\GSF\\vendor\\laravel\\framework\\src\\Illuminate\\Routing\\Router.php(657): Illuminate\\Routing\\Router->runRouteWithinStack(Object(Illuminate\\Routing\\Route), Object(Illuminate\\Http\\Request))
#29 C:\\xampp\\htdocs\\Laravel Projects\\GSF\\vendor\\laravel\\framework\\src\\Illuminate\\Routing\\Router.php(623): Illuminate\\Routing\\Router->runRoute(Object(Illuminate\\Http\\Request), Object(Illuminate\\Routing\\Route))
#30 C:\\xampp\\htdocs\\Laravel Projects\\GSF\\vendor\\laravel\\framework\\src\\Illuminate\\Routing\\Router.php(612): Illuminate\\Routing\\Router->dispatchToRoute(Object(Illuminate\\Http\\Request))
#31 C:\\xampp\\htdocs\\Laravel Projects\\GSF\\vendor\\laravel\\framework\\src\\Illuminate\\Foundation\\Http\\Kernel.php(176): Illuminate\\Routing\\Router->dispatch(Object(Illuminate\\Http\\Request))
#32 C:\\xampp\\htdocs\\Laravel Projects\\GSF\\vendor\\laravel\\framework\\src\\Illuminate\\Routing\\Pipeline.php(30): Illuminate\\Foundation\\Http\\Kernel->Illuminate\\Foundation\\Http\\{closure}(Object(Illuminate\\Http\\Request))
#33 C:\\xampp\\htdocs\\Laravel Projects\\GSF\\vendor\\fideloper\\proxy\\src\\TrustProxies.php(57): Illuminate\\Routing\\Pipeline->Illuminate\\Routing\\{closure}(Object(Illuminate\\Http\\Request))
#34 C:\\xampp\\htdocs\\Laravel Projects\\GSF\\vendor\\laravel\\framework\\src\\Illuminate\\Pipeline\\Pipeline.php(163): Fideloper\\Proxy\\TrustProxies->handle(Object(Illuminate\\Http\\Request), Object(Closure))
#35 C:\\xampp\\htdocs\\Laravel Projects\\GSF\\vendor\\laravel\\framework\\src\\Illuminate\\Routing\\Pipeline.php(53): Illuminate\\Pipeline\\Pipeline->Illuminate\\Pipeline\\{closure}(Object(Illuminate\\Http\\Request))
#36 C:\\xampp\\htdocs\\Laravel Projects\\GSF\\vendor\\laravel\\framework\\src\\Illuminate\\Foundation\\Http\\Middleware\\TransformsRequest.php(21): Illuminate\\Routing\\Pipeline->Illuminate\\Routing\\{closure}(Object(Illuminate\\Http\\Request))
#37 C:\\xampp\\htdocs\\Laravel Projects\\GSF\\vendor\\laravel\\framework\\src\\Illuminate\\Pipeline\\Pipeline.php(163): Illuminate\\Foundation\\Http\\Middleware\\TransformsRequest->handle(Object(Illuminate\\Http\\Request), Object(Closure))
#38 C:\\xampp\\htdocs\\Laravel Projects\\GSF\\vendor\\laravel\\framework\\src\\Illuminate\\Routing\\Pipeline.php(53): Illuminate\\Pipeline\\Pipeline->Illuminate\\Pipeline\\{closure}(Object(Illuminate\\Http\\Request))
#39 C:\\xampp\\htdocs\\Laravel Projects\\GSF\\vendor\\laravel\\framework\\src\\Illuminate\\Foundation\\Http\\Middleware\\TransformsRequest.php(21): Illuminate\\Routing\\Pipeline->Illuminate\\Routing\\{closure}(Object(Illuminate\\Http\\Request))
#40 C:\\xampp\\htdocs\\Laravel Projects\\GSF\\vendor\\laravel\\framework\\src\\Illuminate\\Pipeline\\Pipeline.php(163): Illuminate\\Foundation\\Http\\Middleware\\TransformsRequest->handle(Object(Illuminate\\Http\\Request), Object(Closure))
#41 C:\\xampp\\htdocs\\Laravel Projects\\GSF\\vendor\\laravel\\framework\\src\\Illuminate\\Routing\\Pipeline.php(53): Illuminate\\Pipeline\\Pipeline->Illuminate\\Pipeline\\{closure}(Object(Illuminate\\Http\\Request))
#42 C:\\xampp\\htdocs\\Laravel Projects\\GSF\\vendor\\laravel\\framework\\src\\Illuminate\\Foundation\\Http\\Middleware\\ValidatePostSize.php(27): Illuminate\\Routing\\Pipeline->Illuminate\\Routing\\{closure}(Object(Illuminate\\Http\\Request))
#43 C:\\xampp\\htdocs\\Laravel Projects\\GSF\\vendor\\laravel\\framework\\src\\Illuminate\\Pipeline\\Pipeline.php(163): Illuminate\\Foundation\\Http\\Middleware\\ValidatePostSize->handle(Object(Illuminate\\Http\\Request), Object(Closure))
#44 C:\\xampp\\htdocs\\Laravel Projects\\GSF\\vendor\\laravel\\framework\\src\\Illuminate\\Routing\\Pipeline.php(53): Illuminate\\Pipeline\\Pipeline->Illuminate\\Pipeline\\{closure}(Object(Illuminate\\Http\\Request))
#45 C:\\xampp\\htdocs\\Laravel Projects\\GSF\\vendor\\laravel\\framework\\src\\Illuminate\\Foundation\\Http\\Middleware\\CheckForMaintenanceMode.php(62): Illuminate\\Routing\\Pipeline->Illuminate\\Routing\\{closure}(Object(Illuminate\\Http\\Request))
#46 C:\\xampp\\htdocs\\Laravel Projects\\GSF\\vendor\\laravel\\framework\\src\\Illuminate\\Pipeline\\Pipeline.php(163): Illuminate\\Foundation\\Http\\Middleware\\CheckForMaintenanceMode->handle(Object(Illuminate\\Http\\Request), Object(Closure))
#47 C:\\xampp\\htdocs\\Laravel Projects\\GSF\\vendor\\laravel\\framework\\src\\Illuminate\\Routing\\Pipeline.php(53): Illuminate\\Pipeline\\Pipeline->Illuminate\\Pipeline\\{closure}(Object(Illuminate\\Http\\Request))
#48 C:\\xampp\\htdocs\\Laravel Projects\\GSF\\vendor\\laravel\\framework\\src\\Illuminate\\Pipeline\\Pipeline.php(104): Illuminate\\Routing\\Pipeline->Illuminate\\Routing\\{closure}(Object(Illuminate\\Http\\Request))
#49 C:\\xampp\\htdocs\\Laravel Projects\\GSF\\vendor\\laravel\\framework\\src\\Illuminate\\Foundation\\Http\\Kernel.php(151): Illuminate\\Pipeline\\Pipeline->then(Object(Closure))
#50 C:\\xampp\\htdocs\\Laravel Projects\\GSF\\vendor\\laravel\\framework\\src\\Illuminate\\Foundation\\Http\\Kernel.php(116): Illuminate\\Foundation\\Http\\Kernel->sendRequestThroughRouter(Object(Illuminate\\Http\\Request))
#51 C:\\xampp\\htdocs\\Laravel Projects\\GSF\\public\\index.php(55): Illuminate\\Foundation\\Http\\Kernel->handle(Object(Illuminate\\Http\\Request))
#52 C:\\xampp\\htdocs\\Laravel Projects\\GSF\\server.php(21): require_once('C:\\\\xampp\\\\htdocs...')
#53 {main}
"} 
